xr,EE Name,Laptop Description,Asset Tag,Serial Number,,Laptop Hostname,Host Name,MAC Address,Remarks,ADDRESS,Contact No.,Status,Tech POC,Updated to Master Tracker (Yes or No),,,,
EMP-0482,"TESTER, REESE",,,,,,,,Pending device allocation,"Unit 402, 67 Example Street, Example District, Example City",+63 900 482 3055,Deployed,Support Technician B,N,,,,
EMP-0382,"TESTER, PARKER","ExampleView 24"" IPS Monitor",LT-100500,SYN-G3AD1SQF,,lt-100500,lt-100500,02:00:00:91:105:52,Temporary loan for coverage period - SYN-LT-100500,"Unit 2202, 46 Example Street, Example District, Example City",+63 900 382 7949,Deployed,IT Support Queue,N,,,,
EMP-0125,"SMITH, FRANKIE","ExampleBook Air 13 (i7, 8GB, 256GB SSD)",LT-100001,SYN-K09JD05R,,lt-100001,lt-100001,02:00:00:181:221:139,Temporary loan for coverage period - SYN-LT-100001,"Unit 3202, 62 Example Street, Example District, Example City",+63 900 125 3631,Deployed,Support Technician B,N,,,,
EMP-0157,"CLARK, GRAY","ExampleStation 15 (i5, 16GB, 1TB HDD)",LT-100454,SYN-Z945C3X5,,lt-100454,lt-100454,02:00:00:27:116:68,Offboarding return and sanitization - SYN-LT-100454,"Unit 1702, 34 Example Street, Example District, Example City",+63 900 157 3722,Deployed,Support Technician A,Y,,,,
EMP-0036,"MILLER, HARPER","ExampleBook Air 13 (i7, 8GB, 256GB SSD)",LT-100500,SYN-S4RPWKCF,,lt-100500,lt-100500,02:00:00:112:96:215,Scheduled refresh of legacy device SYN-LT-100500,"Unit 2502, 89 Example Street, Example District, Example City",+63 900 036 5371,Deployed,Support Technician B,Y,,,,
EMP-0656,"SMITH, KAI","ExampleView 24"" IPS Monitor",LT-100597,SYN-RUNY6SYZ,,lt-100597,lt-100597,02:00:00:249:55:03,New starter onboarding - device SYN-LT-100597,"Unit 2902, 69 Example Street, Example District, Example City",+63 900 656 8526,For Repair,Support Technician B,N,,,,
EMP-0472,"SMITH, CASEY","ExampleView 24"" IPS Monitor",LT-100439,SYN-RWWFTKAA,,lt-100439,lt-100439,02:00:00:214:24:129,Broken screen replacement - SYN-LT-100439,"Unit 1502, 22 Example Street, Example District, Example City",+63 900 472 5619,For Repair,IT Support Queue,N,,,,
EMP-0412,"MILLER, HARPER",,,,,,,,Pending device allocation,"Unit 702, 76 Example Street, Example District, Example City",+63 900 412 0151,For Pickup,Support Technician B,N,,,,
EMP-0067,"SMITH, CASEY",,,,,,,,Pending device allocation,"Unit 1102, 73 Example Street, Example District, Example City",+63 900 067 4816,Deployed,Support Technician A,N,,,,
EMP-0104,"WILLIAMS, DANA",,,,,,,,Pending device allocation,"Unit 2902, 26 Example Street, Example District, Example City",+63 900 104 4772,Retracted,IT Support Queue,N,,,,
EMP-0456,"SMITH, SAWYER","ExampleBook Air 13 (i7, 8GB, 256GB SSD)",LT-100146,SYN-WW39L9XL,,lt-100146,lt-100146,02:00:00:212:72:174,Offboarding return and sanitization - SYN-LT-100146,"Unit 3002, 38 Example Street, Example District, Example City",+63 900 456 6481,For Pickup,Support Technician B,Y,,,,
EMP-0496,"TESTER, MORGAN","ExampleStation 15 (i5, 16GB, 1TB HDD)",LT-100355,SYN-VMYG2M95,,lt-100355,lt-100355,02:00:00:67:78:174,Laptop replacement - hardware fault on SYN-LT-100355,"Unit 1502, 76 Example Street, Example District, Example City",+63 900 496 7868,For Repair,Support Technician A,N,,,,
EMP-0211,"SAMPLE, REESE",,,,,,,,Pending device allocation,"Unit 1702, 29 Example Street, Example District, Example City",+63 900 211 9466,Retracted,IT Support Queue,N,,,,
EMP-0690,"WILLIAMS, INDIGO","ExamplePad 11 Tablet (8GB, 128GB)",LT-100047,SYN-1G1SB2B0,,lt-100047,lt-100047,02:00:00:165:232:10,Offboarding return and sanitization - SYN-LT-100047,"Unit 3002, 11 Example Street, Example District, Example City",+63 900 690 5395,Retracted,Support Technician A,Y,,,,
EMP-0493,"MILLER, BLAIR","ExampleBook Air 13 (i7, 8GB, 256GB SSD)",LT-100225,SYN-SZBHG7A5,,lt-100225,lt-100225,02:00:00:105:210:168,Laptop replacement - hardware fault on SYN-LT-100225,"Unit 1002, 25 Example Street, Example District, Example City",+63 900 493 4458,Deployed,Support Technician B,Y,,,,
EMP-0667,"SAMPLE, JAMIE","ExampleView 24"" IPS Monitor",LT-100007,SYN-TUYMD7XU,,lt-100007,lt-100007,02:00:00:56:24:115,Broken screen replacement - SYN-LT-100007,"Unit 1102, 28 Example Street, Example District, Example City",+63 900 667 3089,For Pickup,Support Technician B,N,,,,
EMP-0632,"DOE, BLAIR","ExampleBook Air 13 (i7, 8GB, 256GB SSD)",LT-100396,SYN-Z108NKVQ,,lt-100396,lt-100396,02:00:00:162:240:224,Scheduled refresh of legacy device SYN-LT-100396,"Unit 3502, 25 Example Street, Example District, Example City",+63 900 632 7679,For Repair,Support Technician B,N,,,,
EMP-0788,"TESTER, DANA","ExampleTower Mini (i7, 32GB, 1TB SSD)",LT-100327,SYN-GY4QGKG7,,lt-100327,lt-100327,02:00:00:137:185:150,Temporary loan for coverage period - SYN-LT-100327,"Unit 1202, 21 Example Street, Example District, Example City",+63 900 788 4545,For Pickup,IT Support Queue,Y,,,,
EMP-0020,"SAMPLE, INDIGO","ExampleTower Mini (i7, 32GB, 1TB SSD)",LT-100046,SYN-NCMEJAFF,,lt-100046,lt-100046,02:00:00:228:11:48,Laptop replacement - hardware fault on SYN-LT-100046,"Unit 702, 70 Example Street, Example District, Example City",+63 900 020 2753,Retracted,Support Technician B,N,,,,
EMP-0568,"DOE, GRAY","ExampleView 24"" IPS Monitor",LT-100417,SYN-AJPH3RBJ,,lt-100417,lt-100417,02:00:00:148:147:239,Scheduled refresh of legacy device SYN-LT-100417,"Unit 502, 6 Example Street, Example District, Example City",+63 900 568 3142,Deployed,Support Technician B,Y,,,,
EMP-0239,"BROWN, CASEY","ExampleBook Air 13 (i7, 8GB, 256GB SSD)",LT-100462,SYN-UMQFKEAU,,lt-100462,lt-100462,02:00:00:207:165:96,Laptop replacement - hardware fault on SYN-LT-100462,"Unit 502, 43 Example Street, Example District, Example City",+63 900 239 8314,Deployed,Support Technician B,N,,,,
EMP-0549,"MILLER, LEE","ExampleView 24"" IPS Monitor",LT-100094,SYN-STVH0HU9,,lt-100094,lt-100094,02:00:00:53:141:189,Laptop replacement - hardware fault on SYN-LT-100094,"Unit 2702, 23 Example Street, Example District, Example City",+63 900 549 0703,For Pickup,Support Technician A,N,,,,
EMP-0705,"MILLER, HARPER","ExampleStation 15 (i5, 16GB, 1TB HDD)",LT-100563,SYN-NAZUZK81,,lt-100563,lt-100563,02:00:00:142:156:102,Temporary loan for coverage period - SYN-LT-100563,"Unit 3602, 77 Example Street, Example District, Example City",+63 900 705 5532,For Pickup,Support Technician A,Y,,,,
EMP-0139,"JOHNSON, JAMIE","ExampleView 24"" IPS Monitor",LT-100058,SYN-R3LAG8X7,,lt-100058,lt-100058,02:00:00:36:72:243,Temporary loan for coverage period - SYN-LT-100058,"Unit 2402, 25 Example Street, Example District, Example City",+63 900 139 2762,For Repair,IT Support Queue,N,,,,
EMP-0643,"SAMPLE, DANA","ExampleBook Air 13 (i7, 8GB, 256GB SSD)",LT-100433,SYN-XJ0N6AW6,,lt-100433,lt-100433,02:00:00:93:26:239,Broken screen replacement - SYN-LT-100433,"Unit 202, 45 Example Street, Example District, Example City",+63 900 643 5163,Deployed,IT Support Queue,N,,,,
EMP-0036,"MILLER, HARPER","ExampleView 24"" IPS Monitor",LT-100598,SYN-0QU23DMB,,lt-100598,lt-100598,02:00:00:23:232:30,Laptop replacement - hardware fault on SYN-LT-100598,"Unit 3102, 46 Example Street, Example District, Example City",+63 900 036 5371,Deployed,Support Technician A,Y,,,,
EMP-0355,"BROWN, QUINN","ExampleTower Mini (i7, 32GB, 1TB SSD)",LT-100384,SYN-7ZU060JE,,lt-100384,lt-100384,02:00:00:126:224:24,Broken screen replacement - SYN-LT-100384,"Unit 2302, 79 Example Street, Example District, Example City",+63 900 355 2151,Retracted,Support Technician B,N,,,,
EMP-0535,"TESTER, JAMIE",,,,,,,,Pending device allocation,"Unit 2902, 9 Example Street, Example District, Example City",+63 900 535 7377,Deployed,Support Technician B,N,,,,
EMP-0217,"SMITH, TATUM",,,,,,,,Pending device allocation,"Unit 1802, 65 Example Street, Example District, Example City",+63 900 217 2003,Ready for Release,Support Technician B,N,,,,
EMP-0586,"DOE, BLAIR","ExampleBook Air 13 (i7, 8GB, 256GB SSD)",LT-100260,SYN-SXJUCWLG,,lt-100260,lt-100260,02:00:00:110:13:64,Offboarding return and sanitization - SYN-LT-100260,"Unit 2302, 49 Example Street, Example District, Example City",+63 900 586 0165,Ready for Release,IT Support Queue,Y,,,,
EMP-0214,"SAMPLE, TATUM","ExampleView 27"" QHD Monitor",LT-100423,SYN-NHK6DM56,,lt-100423,lt-100423,02:00:00:16:201:135,Laptop replacement - hardware fault on SYN-LT-100423,"Unit 3002, 32 Example Street, Example District, Example City",+63 900 214 2462,Deployed,IT Support Queue,Y,,,,
EMP-0400,"WILLIAMS, QUINN",,,,,,,,Pending device allocation,"Unit 1802, 5 Example Street, Example District, Example City",+63 900 400 6111,Deployed,Support Technician B,N,,,,
EMP-0282,"WILLIAMS, PARKER",,,,,,,,Pending device allocation,"Unit 902, 8 Example Street, Example District, Example City",+63 900 282 9758,Deployed,IT Support Queue,N,,,,
EMP-0656,"SMITH, KAI","ExampleTower Mini (i7, 32GB, 1TB SSD)",LT-100394,SYN-3MUENHMH,,lt-100394,lt-100394,02:00:00:133:107:91,Scheduled refresh of legacy device SYN-LT-100394,"Unit 3202, 62 Example Street, Example District, Example City",+63 900 656 8526,Retracted,Support Technician A,Y,,,,
EMP-0029,"TESTER, DANA","ExampleView 27"" QHD Monitor",LT-100124,SYN-EMRT29DV,,lt-100124,lt-100124,02:00:00:117:224:195,New starter onboarding - device SYN-LT-100124,"Unit 702, 39 Example Street, Example District, Example City",+63 900 029 3219,Retracted,Support Technician A,Y,,,,
EMP-0261,"CLARK, OAKLEY","ExampleView 27"" QHD Monitor",LT-100285,SYN-9X66WF2N,,lt-100285,lt-100285,02:00:00:160:40:34,New starter onboarding - device SYN-LT-100285,"Unit 3302, 42 Example Street, Example District, Example City",+63 900 261 3424,Deployed,IT Support Queue,N,,,,
EMP-0701,"DOE, HARPER","ExampleBook Air 13 (i7, 8GB, 256GB SSD)",LT-100095,SYN-AE1JJACD,,lt-100095,lt-100095,02:00:00:175:128:171,Offboarding return and sanitization - SYN-LT-100095,"Unit 2902, 73 Example Street, Example District, Example City",+63 900 701 0692,For Repair,IT Support Queue,Y,,,,
EMP-0440,"SMITH, LEE","ExampleView 27"" QHD Monitor",LT-100080,SYN-HSJ64NJG,,lt-100080,lt-100080,02:00:00:179:90:188,Offboarding return and sanitization - SYN-LT-100080,"Unit 1902, 53 Example Street, Example District, Example City",+63 900 440 3114,Deployed,IT Support Queue,Y,,,,
EMP-0490,"CLARK, INDIGO",,,,,,,,Pending device allocation,"Unit 202, 83 Example Street, Example District, Example City",+63 900 490 3961,Deployed,Support Technician B,N,,,,
EMP-0094,"BROWN, GRAY","ExampleTower Mini (i7, 32GB, 1TB SSD)",LT-100048,SYN-ENNNC3AR,,lt-100048,lt-100048,02:00:00:119:06:190,Scheduled refresh of legacy device SYN-LT-100048,"Unit 3402, 68 Example Street, Example District, Example City",+63 900 094 3853,For Repair,Support Technician B,N,,,,
EMP-0270,"CLARK, KAI","ExampleTower Mini (i7, 32GB, 1TB SSD)",LT-100177,SYN-NBXH85LW,,lt-100177,lt-100177,02:00:00:109:111:179,Offboarding return and sanitization - SYN-LT-100177,"Unit 802, 50 Example Street, Example District, Example City",+63 900 270 9773,For Repair,IT Support Queue,Y,,,,
EMP-0407,"TESTER, GRAY",,,,,,,,Pending device allocation,"Unit 1402, 46 Example Street, Example District, Example City",+63 900 407 3754,Deployed,Support Technician B,N,,,,
EMP-0262,"SAMPLE, CASEY","ExampleBook Pro 14 (i5, 16GB, 512GB SSD)",LT-100450,SYN-14000KAD,,lt-100450,lt-100450,02:00:00:61:245:65,Scheduled refresh of legacy device SYN-LT-100450,"Unit 1602, 43 Example Street, Example District, Example City",+63 900 262 5599,Deployed,IT Support Queue,Y,,,,
EMP-0603,"TESTER, ALEX","ExampleStation 15 (i5, 16GB, 1TB HDD)",LT-100105,SYN-KB9H2LUM,,lt-100105,lt-100105,02:00:00:165:54:130,Broken screen replacement - SYN-LT-100105,"Unit 902, 74 Example Street, Example District, Example City",+63 900 603 9494,For Repair,Support Technician A,Y,,,,
EMP-0441,"BROWN, KAI","ExampleView 27"" QHD Monitor",LT-100026,SYN-32MLDZ1U,,lt-100026,lt-100026,02:00:00:68:41:46,Scheduled refresh of legacy device SYN-LT-100026,"Unit 2502, 2 Example Street, Example District, Example City",+63 900 441 0296,Ready for Release,Support Technician A,N,,,,
EMP-0212,"JOHNSON, FRANKIE","ExampleTower SFF (i5, 16GB, 512GB SSD)",LT-100043,SYN-PRM34HJK,,lt-100043,lt-100043,02:00:00:17:206:43,Scheduled refresh of legacy device SYN-LT-100043,"Unit 2502, 83 Example Street, Example District, Example City",+63 900 212 6376,For Pickup,Support Technician A,N,,,,
EMP-0222,"WILLIAMS, HARPER","ExampleView 27"" QHD Monitor",LT-100484,SYN-PXB580X1,,lt-100484,lt-100484,02:00:00:12:14:189,New starter onboarding - device SYN-LT-100484,"Unit 3602, 33 Example Street, Example District, Example City",+63 900 222 2606,Deployed,Support Technician B,Y,,,,
EMP-0439,"MILLER, QUINN","ExampleTower SFF (i5, 16GB, 512GB SSD)",LT-100517,SYN-CHKENJWH,,lt-100517,lt-100517,02:00:00:27:229:45,Offboarding return and sanitization - SYN-LT-100517,"Unit 302, 84 Example Street, Example District, Example City",+63 900 439 9145,For Pickup,Support Technician B,N,,,,
EMP-0649,"CLARK, OAKLEY","ExampleView 24"" IPS Monitor",LT-100418,SYN-BUP2HFXH,,lt-100418,lt-100418,02:00:00:20:45:230,Laptop replacement - hardware fault on SYN-LT-100418,"Unit 3402, 45 Example Street, Example District, Example City",+63 900 649 8496,For Repair,Support Technician B,N,,,,
EMP-0397,"DOE, CASEY","ExampleBook Pro 14 (i5, 16GB, 512GB SSD)",LT-100177,SYN-W85E8SV3,,lt-100177,lt-100177,02:00:00:142:26:221,Laptop replacement - hardware fault on SYN-LT-100177,"Unit 1102, 52 Example Street, Example District, Example City",+63 900 397 3913,Deployed,IT Support Queue,Y,,,,
EMP-0501,"SMITH, ALEX","ExampleTower Mini (i7, 32GB, 1TB SSD)",LT-100114,SYN-415A20HM,,lt-100114,lt-100114,02:00:00:217:94:240,Scheduled refresh of legacy device SYN-LT-100114,"Unit 502, 4 Example Street, Example District, Example City",+63 900 501 8826,Deployed,Support Technician A,N,,,,
EMP-0702,"SMITH, GRAY",,,,,,,,Pending device allocation,"Unit 3202, 47 Example Street, Example District, Example City",+63 900 702 2166,Ready for Release,Support Technician B,N,,,,
EMP-0337,"SAMPLE, MORGAN","ExampleStation 15 (i5, 16GB, 1TB HDD)",LT-100366,SYN-AG3LFE4J,,lt-100366,lt-100366,02:00:00:133:172:82,Scheduled refresh of legacy device SYN-LT-100366,"Unit 2802, 83 Example Street, Example District, Example City",+63 900 337 7009,Retracted,Support Technician A,Y,,,,
EMP-0337,"SAMPLE, MORGAN","ExampleBook Pro 14 (i5, 16GB, 512GB SSD)",LT-100516,SYN-23TTQ7C0,,lt-100516,lt-100516,02:00:00:01:246:78,Temporary loan for coverage period - SYN-LT-100516,"Unit 1702, 60 Example Street, Example District, Example City",+63 900 337 7009,Deployed,Support Technician A,N,,,,
EMP-0209,"DOE, OAKLEY","ExamplePad 11 Tablet (8GB, 128GB)",LT-100174,SYN-BNGK718Y,,lt-100174,lt-100174,02:00:00:85:195:09,Broken screen replacement - SYN-LT-100174,"Unit 2302, 33 Example Street, Example District, Example City",+63 900 209 2621,Retracted,Support Technician A,Y,,,,
EMP-0594,"DOE, REESE",,,,,,,,Pending device allocation,"Unit 3602, 4 Example Street, Example District, Example City",+63 900 594 3071,For Pickup,Support Technician B,N,,,,
EMP-0752,"MILLER, GRAY",,,,,,,,Pending device allocation,"Unit 2302, 76 Example Street, Example District, Example City",+63 900 752 8158,Deployed,IT Support Queue,N,,,,
EMP-0376,"CLARK, ALEX","ExampleView 27"" QHD Monitor",LT-100279,SYN-PQKVKKQV,,lt-100279,lt-100279,02:00:00:159:05:53,Offboarding return and sanitization - SYN-LT-100279,"Unit 3102, 24 Example Street, Example District, Example City",+63 900 376 8553,For Pickup,IT Support Queue,N,,,,
EMP-0756,"PLACEHOLDER, BLAIR","ExampleBook Air 13 (i7, 8GB, 256GB SSD)",LT-100020,SYN-XT1XYF90,,lt-100020,lt-100020,02:00:00:254:38:83,New starter onboarding - device SYN-LT-100020,"Unit 3902, 76 Example Street, Example District, Example City",+63 900 756 1095,Deployed,Support Technician B,Y,,,,
EMP-0572,"MILLER, NOEL","ExamplePad 11 Tablet (8GB, 128GB)",LT-100288,SYN-JKTP92XQ,,lt-100288,lt-100288,02:00:00:206:01:185,Broken screen replacement - SYN-LT-100288,"Unit 2302, 21 Example Street, Example District, Example City",+63 900 572 0311,Ready for Release,Support Technician A,N,,,,
EMP-0149,"BROWN, QUINN","ExampleBook Air 13 (i7, 8GB, 256GB SSD)",LT-100242,SYN-M3Z0782U,,lt-100242,lt-100242,02:00:00:231:193:145,Temporary loan for coverage period - SYN-LT-100242,"Unit 1002, 56 Example Street, Example District, Example City",+63 900 149 8357,For Pickup,Support Technician B,Y,,,,
EMP-0527,"JOHNSON, INDIGO","ExampleStation 15 (i5, 16GB, 1TB HDD)",LT-100054,SYN-9Z504K89,,lt-100054,lt-100054,02:00:00:216:92:31,Scheduled refresh of legacy device SYN-LT-100054,"Unit 1402, 49 Example Street, Example District, Example City",+63 900 527 8423,For Repair,Support Technician B,N,,,,
EMP-0094,"BROWN, GRAY","ExampleView 27"" QHD Monitor",LT-100272,SYN-WUEV7EX8,,lt-100272,lt-100272,02:00:00:51:09:16,Scheduled refresh of legacy device SYN-LT-100272,"Unit 1402, 4 Example Street, Example District, Example City",+63 900 094 3853,For Pickup,IT Support Queue,N,,,,
EMP-0311,"DOE, CASEY","ExampleView 24"" IPS Monitor",LT-100473,SYN-8KHAS06V,,lt-100473,lt-100473,02:00:00:170:55:176,Laptop replacement - hardware fault on SYN-LT-100473,"Unit 1502, 84 Example Street, Example District, Example City",+63 900 311 0142,Deployed,Support Technician B,Y,,,,
EMP-0671,"SMITH, GRAY",,,,,,,,Pending device allocation,"Unit 1802, 50 Example Street, Example District, Example City",+63 900 671 3609,Retracted,Support Technician A,N,,,,
EMP-0217,"SMITH, TATUM",,,,,,,,Pending device allocation,"Unit 1702, 30 Example Street, Example District, Example City",+63 900 217 2003,Retracted,Support Technician B,N,,,,
EMP-0772,"WILLIAMS, FRANKIE","ExampleView 27"" QHD Monitor",LT-100206,SYN-8N8Y7WND,,lt-100206,lt-100206,02:00:00:219:200:72,Temporary loan for coverage period - SYN-LT-100206,"Unit 802, 70 Example Street, Example District, Example City",+63 900 772 6329,For Pickup,IT Support Queue,Y,,,,
EMP-0010,"PLACEHOLDER, CASEY","ExampleView 24"" IPS Monitor",LT-100233,SYN-5NMCJ6PX,,lt-100233,lt-100233,02:00:00:18:218:215,Temporary loan for coverage period - SYN-LT-100233,"Unit 1102, 16 Example Street, Example District, Example City",+63 900 010 1517,Deployed,Support Technician A,Y,,,,
EMP-0399,"BROWN, TATUM","ExampleStation 15 (i5, 16GB, 1TB HDD)",LT-100162,SYN-D71XT1DQ,,lt-100162,lt-100162,02:00:00:90:232:148,New starter onboarding - device SYN-LT-100162,"Unit 1402, 16 Example Street, Example District, Example City",+63 900 399 4864,Deployed,Support Technician B,N,,,,
EMP-0486,"SMITH, REESE","ExampleBook Pro 14 (i5, 16GB, 512GB SSD)",LT-100402,SYN-J2TPW80H,,lt-100402,lt-100402,02:00:00:141:101:155,Laptop replacement - hardware fault on SYN-LT-100402,"Unit 902, 71 Example Street, Example District, Example City",+63 900 486 3692,Deployed,Support Technician A,Y,,,,
EMP-0015,"JOHNSON, JAMIE","ExampleView 27"" QHD Monitor",LT-100007,SYN-B7G6XQ1Q,,lt-100007,lt-100007,02:00:00:153:208:171,Offboarding return and sanitization - SYN-LT-100007,"Unit 1502, 27 Example Street, Example District, Example City",+63 900 015 7319,For Pickup,Support Technician A,Y,,,,
EMP-0688,"DOE, CASEY","ExampleBook Pro 14 (i5, 16GB, 512GB SSD)",LT-100201,SYN-E56GUBBM,,lt-100201,lt-100201,02:00:00:109:91:177,Offboarding return and sanitization - SYN-LT-100201,"Unit 2602, 78 Example Street, Example District, Example City",+63 900 688 5151,Ready for Release,IT Support Queue,N,,,,
EMP-0373,"MILLER, INDIGO","ExampleView 27"" QHD Monitor",LT-100071,SYN-ZML9YXF8,,lt-100071,lt-100071,02:00:00:120:141:12,Laptop replacement - hardware fault on SYN-LT-100071,"Unit 1402, 19 Example Street, Example District, Example City",+63 900 373 6620,Deployed,Support Technician B,N,,,,
EMP-0624,"MILLER, QUINN","ExampleBook Air 13 (i7, 8GB, 256GB SSD)",LT-100495,SYN-8XL6FVE1,,lt-100495,lt-100495,02:00:00:05:237:224,Temporary loan for coverage period - SYN-LT-100495,"Unit 3502, 59 Example Street, Example District, Example City",+63 900 624 4183,For Pickup,IT Support Queue,N,,,,
EMP-0772,"WILLIAMS, FRANKIE","ExampleTower SFF (i5, 16GB, 512GB SSD)",LT-100405,SYN-GGSZUE2W,,lt-100405,lt-100405,02:00:00:251:151:191,Laptop replacement - hardware fault on SYN-LT-100405,"Unit 2502, 84 Example Street, Example District, Example City",+63 900 772 6329,Ready for Release,IT Support Queue,Y,,,,
EMP-0041,"SMITH, TATUM",,,,,,,,Pending device allocation,"Unit 1902, 18 Example Street, Example District, Example City",+63 900 041 2202,Ready for Release,IT Support Queue,N,,,,
EMP-0238,"SAMPLE, OAKLEY","ExampleBook Pro 14 (i5, 16GB, 512GB SSD)",LT-100072,SYN-TK7JN3QL,,lt-100072,lt-100072,02:00:00:115:231:160,New starter onboarding - device SYN-LT-100072,"Unit 2302, 72 Example Street, Example District, Example City",+63 900 238 4436,Deployed,Support Technician B,Y,,,,
EMP-0686,"MILLER, LEE","ExampleView 27"" QHD Monitor",LT-100091,SYN-K6BZV18P,,lt-100091,lt-100091,02:00:00:148:183:219,Broken screen replacement - SYN-LT-100091,"Unit 1302, 2 Example Street, Example District, Example City",+63 900 686 0245,Deployed,IT Support Queue,Y,,,,
EMP-0789,"TESTER, TATUM","ExampleView 27"" QHD Monitor",LT-100550,SYN-M19UTXAA,,lt-100550,lt-100550,02:00:00:51:30:172,Temporary loan for coverage period - SYN-LT-100550,"Unit 2702, 42 Example Street, Example District, Example City",+63 900 789 1792,For Pickup,Support Technician B,N,,,,
EMP-0238,"SAMPLE, OAKLEY",,,,,,,,Pending device allocation,"Unit 402, 90 Example Street, Example District, Example City",+63 900 238 4436,For Repair,Support Technician A,N,,,,
EMP-0055,"MILLER, FRANKIE",,,,,,,,Pending device allocation,"Unit 3102, 31 Example Street, Example District, Example City",+63 900 055 4242,Retracted,IT Support Queue,N,,,,
EMP-0224,"SMITH, INDIGO","ExampleTower SFF (i5, 16GB, 512GB SSD)",LT-100315,SYN-SSHJ42RU,,lt-100315,lt-100315,02:00:00:88:15:130,Broken screen replacement - SYN-LT-100315,"Unit 1002, 25 Example Street, Example District, Example City",+63 900 224 1966,For Pickup,IT Support Queue,Y,,,,
EMP-0030,"CLARK, GRAY","ExampleBook Pro 14 (i5, 16GB, 512GB SSD)",LT-100308,SYN-N9CFDB00,,lt-100308,lt-100308,02:00:00:23:219:34,Scheduled refresh of legacy device SYN-LT-100308,"Unit 3902, 61 Example Street, Example District, Example City",+63 900 030 9601,Retracted,IT Support Queue,Y,,,,
EMP-0454,"DOE, OAKLEY",,,,,,,,Pending device allocation,"Unit 102, 66 Example Street, Example District, Example City",+63 900 454 8610,For Pickup,Support Technician A,N,,,,
EMP-0793,"BROWN, HARPER","ExampleTower SFF (i5, 16GB, 512GB SSD)",LT-100383,SYN-CD682WU5,,lt-100383,lt-100383,02:00:00:153:239:123,Offboarding return and sanitization - SYN-LT-100383,"Unit 1002, 53 Example Street, Example District, Example City",+63 900 793 8195,Ready for Release,IT Support Queue,N,,,,
EMP-0418,"WILLIAMS, OAKLEY","ExampleTower SFF (i5, 16GB, 512GB SSD)",LT-100242,SYN-JU84VENG,,lt-100242,lt-100242,02:00:00:121:16:150,Broken screen replacement - SYN-LT-100242,"Unit 2202, 51 Example Street, Example District, Example City",+63 900 418 0523,For Repair,Support Technician A,Y,,,,
EMP-0618,"CLARK, ELLIS","ExampleStation 15 (i5, 16GB, 1TB HDD)",LT-100393,SYN-W3FXCFV9,,lt-100393,lt-100393,02:00:00:14:84:162,Temporary loan for coverage period - SYN-LT-100393,"Unit 902, 50 Example Street, Example District, Example City",+63 900 618 6257,Ready for Release,Support Technician B,N,,,,
EMP-0699,"PLACEHOLDER, BLAIR","ExampleBook Air 13 (i7, 8GB, 256GB SSD)",LT-100125,SYN-FDZAUCQ5,,lt-100125,lt-100125,02:00:00:251:102:178,Temporary loan for coverage period - SYN-LT-100125,"Unit 3202, 75 Example Street, Example District, Example City",+63 900 699 5891,For Pickup,IT Support Queue,N,,,,
EMP-0072,"WILLIAMS, MORGAN","ExampleStation 15 (i5, 16GB, 1TB HDD)",LT-100244,SYN-LDN76F78,,lt-100244,lt-100244,02:00:00:217:125:217,New starter onboarding - device SYN-LT-100244,"Unit 3802, 49 Example Street, Example District, Example City",+63 900 072 2526,Deployed,Support Technician B,Y,,,,
EMP-0138,"CLARK, INDIGO","ExamplePad 11 Tablet (8GB, 128GB)",LT-100535,SYN-WRZUZYKE,,lt-100535,lt-100535,02:00:00:188:158:90,Offboarding return and sanitization - SYN-LT-100535,"Unit 402, 18 Example Street, Example District, Example City",+63 900 138 4530,Ready for Release,Support Technician B,Y,,,,
EMP-0686,"MILLER, LEE","ExampleBook Pro 14 (i5, 16GB, 512GB SSD)",LT-100416,SYN-D5H8QXM1,,lt-100416,lt-100416,02:00:00:138:56:67,New starter onboarding - device SYN-LT-100416,"Unit 402, 87 Example Street, Example District, Example City",+63 900 686 0245,Ready for Release,IT Support Queue,N,,,,
EMP-0714,"SMITH, MORGAN","ExampleTower Mini (i7, 32GB, 1TB SSD)",LT-100291,SYN-742DMDUL,,lt-100291,lt-100291,02:00:00:26:61:138,New starter onboarding - device SYN-LT-100291,"Unit 1502, 73 Example Street, Example District, Example City",+63 900 714 4592,Deployed,IT Support Queue,Y,,,,
EMP-0367,"BROWN, FRANKIE","ExamplePad 11 Tablet (8GB, 128GB)",LT-100282,SYN-0EJZ7G1N,,lt-100282,lt-100282,02:00:00:103:189:231,New starter onboarding - device SYN-LT-100282,"Unit 3902, 89 Example Street, Example District, Example City",+63 900 367 6572,Retracted,Support Technician A,N,,,,
EMP-0445,"JOHNSON, FRANKIE","ExampleTower SFF (i5, 16GB, 512GB SSD)",LT-100533,SYN-3R31D01Y,,lt-100533,lt-100533,02:00:00:07:131:102,New starter onboarding - device SYN-LT-100533,"Unit 302, 18 Example Street, Example District, Example City",+63 900 445 6867,For Pickup,Support Technician B,N,,,,
EMP-0167,"WILLIAMS, PARKER","ExampleStation 15 (i5, 16GB, 1TB HDD)",LT-100355,SYN-36MECG3M,,lt-100355,lt-100355,02:00:00:187:168:233,Scheduled refresh of legacy device SYN-LT-100355,"Unit 3502, 2 Example Street, Example District, Example City",+63 900 167 8454,For Pickup,Support Technician A,Y,,,,
EMP-0531,"CLARK, ALEX","ExampleTower Mini (i7, 32GB, 1TB SSD)",LT-100072,SYN-GXT6SLRL,,lt-100072,lt-100072,02:00:00:69:209:234,Scheduled refresh of legacy device SYN-LT-100072,"Unit 2602, 50 Example Street, Example District, Example City",+63 900 531 6103,For Pickup,Support Technician A,Y,,,,
EMP-0355,"BROWN, QUINN","ExampleStation 15 (i5, 16GB, 1TB HDD)",LT-100490,SYN-A5ESCUYC,,lt-100490,lt-100490,02:00:00:237:04:174,Laptop replacement - hardware fault on SYN-LT-100490,"Unit 3202, 14 Example Street, Example District, Example City",+63 900 355 2151,Ready for Release,Support Technician B,N,,,,
EMP-0439,"MILLER, QUINN","ExamplePad 11 Tablet (8GB, 128GB)",LT-100056,SYN-WK9L5FLT,,lt-100056,lt-100056,02:00:00:123:91:38,Laptop replacement - hardware fault on SYN-LT-100056,"Unit 1002, 26 Example Street, Example District, Example City",+63 900 439 9145,Retracted,IT Support Queue,Y,,,,
EMP-0082,"TESTER, ELLIS","ExampleView 24"" IPS Monitor",LT-100069,SYN-Z7381A3L,,lt-100069,lt-100069,02:00:00:56:90:188,Broken screen replacement - SYN-LT-100069,"Unit 402, 17 Example Street, Example District, Example City",+63 900 082 9521,Deployed,Support Technician A,N,,,,
EMP-0687,"TESTER, GRAY","ExampleBook Air 13 (i7, 8GB, 256GB SSD)",LT-100275,SYN-87ZXNBK5,,lt-100275,lt-100275,02:00:00:223:48:14,Temporary loan for coverage period - SYN-LT-100275,"Unit 2402, 70 Example Street, Example District, Example City",+63 900 687 5943,For Repair,Support Technician B,N,,,,
EMP-0308,"BROWN, SAWYER","ExamplePad 11 Tablet (8GB, 128GB)",LT-100491,SYN-0HKW5HEA,,lt-100491,lt-100491,02:00:00:141:194:133,Scheduled refresh of legacy device SYN-LT-100491,"Unit 502, 34 Example Street, Example District, Example City",+63 900 308 6752,Retracted,Support Technician B,Y,,,,
EMP-0616,"SMITH, ALEX","ExamplePad 11 Tablet (8GB, 128GB)",LT-100331,SYN-TSAG2W2P,,lt-100331,lt-100331,02:00:00:166:253:190,Broken screen replacement - SYN-LT-100331,"Unit 3202, 28 Example Street, Example District, Example City",+63 900 616 1241,Ready for Release,Support Technician B,Y,,,,
EMP-0088,"SAMPLE, MORGAN","ExampleBook Air 13 (i7, 8GB, 256GB SSD)",LT-100402,SYN-QFFH68U7,,lt-100402,lt-100402,02:00:00:71:101:74,Broken screen replacement - SYN-LT-100402,"Unit 3002, 76 Example Street, Example District, Example City",+63 900 088 3520,Deployed,Support Technician A,N,,,,
EMP-0642,"SAMPLE, QUINN","ExampleView 24"" IPS Monitor",LT-100471,SYN-9YMT9VU1,,lt-100471,lt-100471,02:00:00:109:115:219,Laptop replacement - hardware fault on SYN-LT-100471,"Unit 2402, 23 Example Street, Example District, Example City",+63 900 642 1444,Retracted,IT Support Queue,Y,,,,
EMP-0637,"TESTER, BLAIR","ExampleStation 15 (i5, 16GB, 1TB HDD)",LT-100533,SYN-W9F4ZGM5,,lt-100533,lt-100533,02:00:00:138:00:214,New starter onboarding - device SYN-LT-100533,"Unit 1002, 60 Example Street, Example District, Example City",+63 900 637 1328,For Pickup,Support Technician A,N,,,,
EMP-0150,"SAMPLE, JAMIE","ExampleBook Air 13 (i7, 8GB, 256GB SSD)",LT-100399,SYN-HB0KRB44,,lt-100399,lt-100399,02:00:00:143:184:212,Scheduled refresh of legacy device SYN-LT-100399,"Unit 1202, 89 Example Street, Example District, Example City",+63 900 150 9878,Ready for Release,IT Support Queue,N,,,,
EMP-0781,"SMITH, HARPER","ExampleView 27"" QHD Monitor",LT-100327,SYN-AKFE18E0,,lt-100327,lt-100327,02:00:00:103:59:123,Offboarding return and sanitization - SYN-LT-100327,"Unit 3102, 80 Example Street, Example District, Example City",+63 900 781 5762,Deployed,IT Support Queue,N,,,,
EMP-0346,"SAMPLE, BLAIR","ExampleStation 15 (i5, 16GB, 1TB HDD)",LT-100018,SYN-A9DCE08P,,lt-100018,lt-100018,02:00:00:170:240:188,Broken screen replacement - SYN-LT-100018,"Unit 3802, 52 Example Street, Example District, Example City",+63 900 346 6529,For Pickup,IT Support Queue,N,,,,
EMP-0525,"WILLIAMS, ALEX","ExampleStation 15 (i5, 16GB, 1TB HDD)",LT-100211,SYN-8R22Z5WQ,,lt-100211,lt-100211,02:00:00:215:137:204,Scheduled refresh of legacy device SYN-LT-100211,"Unit 102, 90 Example Street, Example District, Example City",+63 900 525 5946,Deployed,IT Support Queue,Y,,,,
EMP-0064,"PLACEHOLDER, QUINN",,,,,,,,Pending device allocation,"Unit 2802, 63 Example Street, Example District, Example City",+63 900 064 5166,For Pickup,Support Technician A,N,,,,
EMP-0581,"WILLIAMS, BLAIR","ExampleView 24"" IPS Monitor",LT-100140,SYN-Y5KSUKGU,,lt-100140,lt-100140,02:00:00:199:46:40,Laptop replacement - hardware fault on SYN-LT-100140,"Unit 202, 13 Example Street, Example District, Example City",+63 900 581 6773,For Pickup,Support Technician A,Y,,,,
EMP-0403,"CLARK, CASEY","ExampleBook Air 13 (i7, 8GB, 256GB SSD)",LT-100172,SYN-05T35JG6,,lt-100172,lt-100172,02:00:00:159:43:218,New starter onboarding - device SYN-LT-100172,"Unit 602, 3 Example Street, Example District, Example City",+63 900 403 8227,Ready for Release,Support Technician A,N,,,,
EMP-0141,"BROWN, HARPER","ExampleStation 15 (i5, 16GB, 1TB HDD)",LT-100140,SYN-YULLGMKA,,lt-100140,lt-100140,02:00:00:225:214:238,Broken screen replacement - SYN-LT-100140,"Unit 1502, 78 Example Street, Example District, Example City",+63 900 141 6484,Ready for Release,Support Technician A,Y,,,,
EMP-0515,"BROWN, ELLIS","ExampleStation 15 (i5, 16GB, 1TB HDD)",LT-100141,SYN-VGMRPQVG,,lt-100141,lt-100141,02:00:00:150:114:83,Offboarding return and sanitization - SYN-LT-100141,"Unit 1702, 89 Example Street, Example District, Example City",+63 900 515 5748,For Pickup,Support Technician B,N,,,,
EMP-0015,"JOHNSON, JAMIE","ExamplePad 11 Tablet (8GB, 128GB)",LT-100132,SYN-2LRJVJPR,,lt-100132,lt-100132,02:00:00:82:235:246,Broken screen replacement - SYN-LT-100132,"Unit 3902, 63 Example Street, Example District, Example City",+63 900 015 7319,For Repair,IT Support Queue,N,,,,
EMP-0433,"SMITH, DANA","ExampleBook Air 13 (i7, 8GB, 256GB SSD)",LT-100047,SYN-8V3WS7K9,,lt-100047,lt-100047,02:00:00:159:26:204,New starter onboarding - device SYN-LT-100047,"Unit 1702, 24 Example Street, Example District, Example City",+63 900 433 4531,Deployed,Support Technician A,Y,,,,
EMP-0139,"JOHNSON, JAMIE","ExampleTower SFF (i5, 16GB, 512GB SSD)",LT-100213,SYN-7VKFENT8,,lt-100213,lt-100213,02:00:00:107:142:140,New starter onboarding - device SYN-LT-100213,"Unit 702, 6 Example Street, Example District, Example City",+63 900 139 2762,Deployed,Support Technician A,Y,,,,
EMP-0720,"CLARK, HARPER","ExampleBook Air 13 (i7, 8GB, 256GB SSD)",LT-100201,SYN-C2JCGF0H,,lt-100201,lt-100201,02:00:00:19:244:204,New starter onboarding - device SYN-LT-100201,"Unit 3802, 8 Example Street, Example District, Example City",+63 900 720 3302,Deployed,IT Support Queue,Y,,,,
EMP-0418,"WILLIAMS, OAKLEY","ExampleStation 15 (i5, 16GB, 1TB HDD)",LT-100466,SYN-JDV8MD4G,,lt-100466,lt-100466,02:00:00:139:59:160,Broken screen replacement - SYN-LT-100466,"Unit 1602, 17 Example Street, Example District, Example City",+63 900 418 0523,For Repair,Support Technician A,Y,,,,
EMP-0313,"PLACEHOLDER, ELLIS",,,,,,,,Pending device allocation,"Unit 1202, 15 Example Street, Example District, Example City",+63 900 313 7791,Retracted,IT Support Queue,N,,,,
EMP-0341,"JOHNSON, QUINN","ExamplePad 11 Tablet (8GB, 128GB)",LT-100379,SYN-UPPEFERJ,,lt-100379,lt-100379,02:00:00:226:107:62,Scheduled refresh of legacy device SYN-LT-100379,"Unit 2902, 24 Example Street, Example District, Example City",+63 900 341 2321,For Repair,IT Support Queue,N,,,,
EMP-0236,"TESTER, DANA","ExampleTower Mini (i7, 32GB, 1TB SSD)",LT-100383,SYN-MHVC7CFY,,lt-100383,lt-100383,02:00:00:48:64:100,New starter onboarding - device SYN-LT-100383,"Unit 2802, 62 Example Street, Example District, Example City",+63 900 236 8332,Deployed,Support Technician B,N,,,,
EMP-0495,"MILLER, PARKER","ExampleView 24"" IPS Monitor",LT-100485,SYN-ER361WZU,,lt-100485,lt-100485,02:00:00:143:134:227,New starter onboarding - device SYN-LT-100485,"Unit 2002, 15 Example Street, Example District, Example City",+63 900 495 3487,For Repair,Support Technician A,N,,,,
EMP-0799,"JOHNSON, MORGAN","ExampleTower Mini (i7, 32GB, 1TB SSD)",LT-100012,SYN-TNFK94NR,,lt-100012,lt-100012,02:00:00:109:08:63,New starter onboarding - device SYN-LT-100012,"Unit 3302, 39 Example Street, Example District, Example City",+63 900 799 2744,Deployed,IT Support Queue,N,,,,
EMP-0609,"CLARK, INDIGO","ExampleView 27"" QHD Monitor",LT-100393,SYN-EY4GA37K,,lt-100393,lt-100393,02:00:00:194:41:155,Temporary loan for coverage period - SYN-LT-100393,"Unit 2902, 76 Example Street, Example District, Example City",+63 900 609 3675,Deployed,Support Technician B,Y,,,,
EMP-0306,"CLARK, KAI","ExampleView 24"" IPS Monitor",LT-100342,SYN-2E86Y9DQ,,lt-100342,lt-100342,02:00:00:101:104:162,New starter onboarding - device SYN-LT-100342,"Unit 2502, 80 Example Street, Example District, Example City",+63 900 306 2248,Deployed,Support Technician A,N,,,,
EMP-0495,"MILLER, PARKER","ExampleView 27"" QHD Monitor",LT-100043,SYN-55SUJG4L,,lt-100043,lt-100043,02:00:00:12:17:184,New starter onboarding - device SYN-LT-100043,"Unit 4002, 66 Example Street, Example District, Example City",+63 900 495 3487,Deployed,IT Support Queue,Y,,,,
EMP-0225,"DOE, SAWYER","ExampleTower SFF (i5, 16GB, 512GB SSD)",LT-100431,SYN-NGL3USD1,,lt-100431,lt-100431,02:00:00:38:155:115,Scheduled refresh of legacy device SYN-LT-100431,"Unit 1002, 12 Example Street, Example District, Example City",+63 900 225 4421,Deployed,Support Technician A,Y,,,,
EMP-0333,"SMITH, JAMIE","ExampleView 24"" IPS Monitor",LT-100031,SYN-AWRZQSV2,,lt-100031,lt-100031,02:00:00:59:132:37,Broken screen replacement - SYN-LT-100031,"Unit 2002, 81 Example Street, Example District, Example City",+63 900 333 3991,Ready for Release,IT Support Queue,Y,,,,
EMP-0774,"JOHNSON, KAI","ExampleView 24"" IPS Monitor",LT-100261,SYN-RGHHTCK6,,lt-100261,lt-100261,02:00:00:206:149:188,New starter onboarding - device SYN-LT-100261,"Unit 3302, 90 Example Street, Example District, Example City",+63 900 774 6629,For Pickup,Support Technician A,Y,,,,
EMP-0753,"DOE, HARPER","ExampleView 24"" IPS Monitor",LT-100116,SYN-1DX9NNR4,,lt-100116,lt-100116,02:00:00:208:203:82,Offboarding return and sanitization - SYN-LT-100116,"Unit 1302, 54 Example Street, Example District, Example City",+63 900 753 5175,For Pickup,IT Support Queue,Y,,,,
EMP-0495,"MILLER, PARKER","ExampleTower SFF (i5, 16GB, 512GB SSD)",LT-100007,SYN-UFWCHG37,,lt-100007,lt-100007,02:00:00:236:05:225,Offboarding return and sanitization - SYN-LT-100007,"Unit 1302, 19 Example Street, Example District, Example City",+63 900 495 3487,Deployed,Support Technician A,Y,,,,
EMP-0221,"DOE, INDIGO","ExampleBook Air 13 (i7, 8GB, 256GB SSD)",LT-100158,SYN-A02A2FRN,,lt-100158,lt-100158,02:00:00:138:132:18,Broken screen replacement - SYN-LT-100158,"Unit 2602, 61 Example Street, Example District, Example City",+63 900 221 3482,Ready for Release,Support Technician B,Y,,,,
EMP-0574,"BROWN, TATUM","ExampleBook Pro 14 (i5, 16GB, 512GB SSD)",LT-100004,SYN-S24WUJGW,,lt-100004,lt-100004,02:00:00:167:77:168,Offboarding return and sanitization - SYN-LT-100004,"Unit 2802, 79 Example Street, Example District, Example City",+63 900 574 8539,Deployed,Support Technician B,Y,,,,
EMP-0501,"SMITH, ALEX","ExampleView 27"" QHD Monitor",LT-100518,SYN-K7WMRZKJ,,lt-100518,lt-100518,02:00:00:28:25:177,Temporary loan for coverage period - SYN-LT-100518,"Unit 3402, 49 Example Street, Example District, Example City",+63 900 501 8826,For Repair,Support Technician A,Y,,,,
EMP-0058,"PLACEHOLDER, NOEL","ExampleView 24"" IPS Monitor",LT-100090,SYN-5V2JR4QQ,,lt-100090,lt-100090,02:00:00:74:93:26,Laptop replacement - hardware fault on SYN-LT-100090,"Unit 3502, 76 Example Street, Example District, Example City",+63 900 058 7598,For Repair,Support Technician B,Y,,,,
EMP-0441,"BROWN, KAI","ExampleStation 15 (i5, 16GB, 1TB HDD)",LT-100301,SYN-J4FPSW5A,,lt-100301,lt-100301,02:00:00:44:09:198,New starter onboarding - device SYN-LT-100301,"Unit 2402, 50 Example Street, Example District, Example City",+63 900 441 0296,Deployed,Support Technician B,Y,,,,
EMP-0709,"TESTER, CASEY","ExampleTower Mini (i7, 32GB, 1TB SSD)",LT-100017,SYN-SD3W076V,,lt-100017,lt-100017,02:00:00:67:138:152,Broken screen replacement - SYN-LT-100017,"Unit 3202, 78 Example Street, Example District, Example City",+63 900 709 7710,Retracted,Support Technician A,N,,,,
EMP-0785,"SAMPLE, MORGAN","ExampleStation 15 (i5, 16GB, 1TB HDD)",LT-100365,SYN-UNHFY7QE,,lt-100365,lt-100365,02:00:00:163:215:205,New starter onboarding - device SYN-LT-100365,"Unit 3502, 6 Example Street, Example District, Example City",+63 900 785 4716,Retracted,Support Technician B,N,,,,
EMP-0539,"BROWN, ALEX","ExampleView 27"" QHD Monitor",LT-100475,SYN-U16SV480,,lt-100475,lt-100475,02:00:00:137:241:109,Laptop replacement - hardware fault on SYN-LT-100475,"Unit 4002, 67 Example Street, Example District, Example City",+63 900 539 2826,Retracted,Support Technician A,Y,,,,
EMP-0168,"JOHNSON, DANA","ExampleTower SFF (i5, 16GB, 512GB SSD)",LT-100217,SYN-ULRA6QXH,,lt-100217,lt-100217,02:00:00:199:49:69,Temporary loan for coverage period - SYN-LT-100217,"Unit 1402, 42 Example Street, Example District, Example City",+63 900 168 7768,Ready for Release,Support Technician B,N,,,,
EMP-0540,"DOE, GRAY","ExampleBook Air 13 (i7, 8GB, 256GB SSD)",LT-100338,SYN-PJU3EGM6,,lt-100338,lt-100338,02:00:00:119:198:143,Broken screen replacement - SYN-LT-100338,"Unit 3402, 19 Example Street, Example District, Example City",+63 900 540 0295,Deployed,Support Technician A,Y,,,,
EMP-0052,"BROWN, OAKLEY",,,,,,,,Pending device allocation,"Unit 1002, 15 Example Street, Example District, Example City",+63 900 052 6159,Deployed,Support Technician A,N,,,,
EMP-0241,"MILLER, GRAY","ExampleView 27"" QHD Monitor",LT-100303,SYN-RBRLQR07,,lt-100303,lt-100303,02:00:00:252:65:41,Offboarding return and sanitization - SYN-LT-100303,"Unit 2402, 33 Example Street, Example District, Example City",+63 900 241 4078,For Pickup,IT Support Queue,Y,,,,
EMP-0675,"SAMPLE, TATUM",,,,,,,,Pending device allocation,"Unit 3602, 10 Example Street, Example District, Example City",+63 900 675 3740,Deployed,Support Technician B,N,,,,
EMP-0705,"MILLER, HARPER","ExampleStation 15 (i5, 16GB, 1TB HDD)",LT-100035,SYN-8JM3GCSG,,lt-100035,lt-100035,02:00:00:100:12:141,Scheduled refresh of legacy device SYN-LT-100035,"Unit 3302, 40 Example Street, Example District, Example City",+63 900 705 5532,Ready for Release,Support Technician A,Y,,,,
EMP-0680,"BROWN, DANA","ExampleView 24"" IPS Monitor",LT-100169,SYN-3WJ8W9UV,,lt-100169,lt-100169,02:00:00:251:104:62,Laptop replacement - hardware fault on SYN-LT-100169,"Unit 2302, 72 Example Street, Example District, Example City",+63 900 680 1575,Deployed,Support Technician A,Y,,,,
EMP-0793,"BROWN, HARPER",,,,,,,,Pending device allocation,"Unit 2702, 30 Example Street, Example District, Example City",+63 900 793 8195,Deployed,Support Technician B,N,,,,
EMP-0599,"SMITH, JAMIE","ExampleView 24"" IPS Monitor",LT-100473,SYN-K1CKRWW7,,lt-100473,lt-100473,02:00:00:71:130:241,Offboarding return and sanitization - SYN-LT-100473,"Unit 3802, 49 Example Street, Example District, Example City",+63 900 599 5769,For Pickup,Support Technician B,Y,,,,
EMP-0059,"PLACEHOLDER, FRANKIE","ExampleView 27"" QHD Monitor",LT-100161,SYN-CUWJXJLY,,lt-100161,lt-100161,02:00:00:254:50:34,Temporary loan for coverage period - SYN-LT-100161,"Unit 2702, 14 Example Street, Example District, Example City",+63 900 059 2680,Retracted,Support Technician B,N,,,,
EMP-0070,"CLARK, ELLIS","ExampleTower Mini (i7, 32GB, 1TB SSD)",LT-100127,SYN-AV8R6BD6,,lt-100127,lt-100127,02:00:00:80:118:191,New starter onboarding - device SYN-LT-100127,"Unit 1502, 13 Example Street, Example District, Example City",+63 900 070 4444,Deployed,IT Support Queue,Y,,,,
EMP-0030,"CLARK, GRAY","ExamplePad 11 Tablet (8GB, 128GB)",LT-100157,SYN-NHRH5L23,,lt-100157,lt-100157,02:00:00:70:222:143,Temporary loan for coverage period - SYN-LT-100157,"Unit 302, 43 Example Street, Example District, Example City",+63 900 030 9601,For Repair,IT Support Queue,Y,,,,
EMP-0286,"DOE, LEE","ExampleTower SFF (i5, 16GB, 512GB SSD)",LT-100275,SYN-KU8R3JY1,,lt-100275,lt-100275,02:00:00:241:118:200,Temporary loan for coverage period - SYN-LT-100275,"Unit 4002, 44 Example Street, Example District, Example City",+63 900 286 1358,Deployed,Support Technician A,Y,,,,
EMP-0547,"SMITH, CASEY","ExampleTower SFF (i5, 16GB, 512GB SSD)",LT-100265,SYN-HMDJ7H7C,,lt-100265,lt-100265,02:00:00:60:108:40,Laptop replacement - hardware fault on SYN-LT-100265,"Unit 802, 43 Example Street, Example District, Example City",+63 900 547 0982,For Pickup,Support Technician B,Y,,,,
EMP-0200,"PLACEHOLDER, OAKLEY","ExampleView 27"" QHD Monitor",LT-100228,SYN-5E8BZ9NK,,lt-100228,lt-100228,02:00:00:122:162:215,Laptop replacement - hardware fault on SYN-LT-100228,"Unit 3802, 88 Example Street, Example District, Example City",+63 900 200 8515,Retracted,Support Technician B,N,,,,
EMP-0243,"BROWN, FRANKIE","ExampleTower Mini (i7, 32GB, 1TB SSD)",LT-100153,SYN-X8R6SKHL,,lt-100153,lt-100153,02:00:00:154:242:129,Laptop replacement - hardware fault on SYN-LT-100153,"Unit 902, 20 Example Street, Example District, Example City",+63 900 243 0767,Deployed,Support Technician B,Y,,,,
EMP-0317,"DOE, REESE",,,,,,,,Pending device allocation,"Unit 402, 77 Example Street, Example District, Example City",+63 900 317 5876,Ready for Release,IT Support Queue,N,,,,
EMP-0406,"MILLER, QUINN","ExampleView 27"" QHD Monitor",LT-100359,SYN-6S27N650,,lt-100359,lt-100359,02:00:00:71:12:108,Offboarding return and sanitization - SYN-LT-100359,"Unit 3402, 38 Example Street, Example District, Example City",+63 900 406 2332,Deployed,Support Technician A,N,,,,
EMP-0519,"DOE, SAWYER","ExampleBook Air 13 (i7, 8GB, 256GB SSD)",LT-100028,SYN-6Z02PVZ3,,lt-100028,lt-100028,02:00:00:120:24:124,Temporary loan for coverage period - SYN-LT-100028,"Unit 402, 64 Example Street, Example District, Example City",+63 900 519 4004,Deployed,Support Technician B,Y,,,,
EMP-0633,"DOE, ELLIS","ExampleStation 15 (i5, 16GB, 1TB HDD)",LT-100303,SYN-GHRZRWGK,,lt-100303,lt-100303,02:00:00:195:255:143,Temporary loan for coverage period - SYN-LT-100303,"Unit 902, 8 Example Street, Example District, Example City",+63 900 633 6860,For Pickup,IT Support Queue,Y,,,,
EMP-0511,"SAMPLE, SAWYER","ExampleView 27"" QHD Monitor",LT-100197,SYN-TGJ0BAJB,,lt-100197,lt-100197,02:00:00:35:137:88,Temporary loan for coverage period - SYN-LT-100197,"Unit 3602, 43 Example Street, Example District, Example City",+63 900 511 8856,Deployed,IT Support Queue,N,,,,
EMP-0588,"CLARK, QUINN",,,,,,,,Pending device allocation,"Unit 4002, 44 Example Street, Example District, Example City",+63 900 588 6869,For Repair,IT Support Queue,N,,,,
EMP-0417,"JOHNSON, PARKER",,,,,,,,Pending device allocation,"Unit 2302, 47 Example Street, Example District, Example City",+63 900 417 0575,For Repair,Support Technician B,N,,,,
EMP-0353,"DOE, PARKER","ExamplePad 11 Tablet (8GB, 128GB)",LT-100392,SYN-PKJFHUSC,,lt-100392,lt-100392,02:00:00:121:203:72,New starter onboarding - device SYN-LT-100392,"Unit 2802, 61 Example Street, Example District, Example City",+63 900 353 6249,Deployed,IT Support Queue,Y,,,,
EMP-0267,"PLACEHOLDER, BLAIR","ExampleBook Pro 14 (i5, 16GB, 512GB SSD)",LT-100431,SYN-EAC14ALY,,lt-100431,lt-100431,02:00:00:126:140:09,Temporary loan for coverage period - SYN-LT-100431,"Unit 602, 9 Example Street, Example District, Example City",+63 900 267 3731,Retracted,IT Support Queue,N,,,,
EMP-0189,"WILLIAMS, ELLIS","ExampleStation 15 (i5, 16GB, 1TB HDD)",LT-100304,SYN-9M91FL7A,,lt-100304,lt-100304,02:00:00:145:20:146,New starter onboarding - device SYN-LT-100304,"Unit 1502, 82 Example Street, Example District, Example City",+63 900 189 9691,Deployed,Support Technician A,Y,,,,
EMP-0231,"MILLER, FRANKIE","ExampleBook Air 13 (i7, 8GB, 256GB SSD)",LT-100582,SYN-3XUJHS4T,,lt-100582,lt-100582,02:00:00:200:45:11,Offboarding return and sanitization - SYN-LT-100582,"Unit 3702, 77 Example Street, Example District, Example City",+63 900 231 2815,Deployed,Support Technician A,N,,,,
EMP-0203,"SAMPLE, INDIGO","ExampleTower Mini (i7, 32GB, 1TB SSD)",LT-100250,SYN-FSATPAXS,,lt-100250,lt-100250,02:00:00:46:239:243,Scheduled refresh of legacy device SYN-LT-100250,"Unit 602, 76 Example Street, Example District, Example City",+63 900 203 7711,Deployed,Support Technician B,N,,,,
EMP-0067,"SMITH, CASEY","ExamplePad 11 Tablet (8GB, 128GB)",LT-100137,SYN-GJFYLQWL,,lt-100137,lt-100137,02:00:00:203:46:76,Laptop replacement - hardware fault on SYN-LT-100137,"Unit 502, 89 Example Street, Example District, Example City",+63 900 067 4816,Deployed,Support Technician A,N,,,,
EMP-0715,"JOHNSON, ELLIS",,,,,,,,Pending device allocation,"Unit 202, 78 Example Street, Example District, Example City",+63 900 715 0565,Ready for Release,Support Technician B,N,,,,
EMP-0665,"SAMPLE, MORGAN","ExampleStation 15 (i5, 16GB, 1TB HDD)",LT-100033,SYN-WL06FSFV,,lt-100033,lt-100033,02:00:00:27:148:128,Scheduled refresh of legacy device SYN-LT-100033,"Unit 1902, 7 Example Street, Example District, Example City",+63 900 665 0678,Ready for Release,IT Support Queue,Y,,,,
EMP-0108,"CLARK, JAMIE","ExampleTower Mini (i7, 32GB, 1TB SSD)",LT-100554,SYN-NU2YDVW0,,lt-100554,lt-100554,02:00:00:222:33:44,Laptop replacement - hardware fault on SYN-LT-100554,"Unit 302, 17 Example Street, Example District, Example City",+63 900 108 2691,Deployed,Support Technician B,N,,,,
EMP-0574,"BROWN, TATUM","ExampleTower Mini (i7, 32GB, 1TB SSD)",LT-100413,SYN-DASP8SNV,,lt-100413,lt-100413,02:00:00:225:237:181,Offboarding return and sanitization - SYN-LT-100413,"Unit 1602, 81 Example Street, Example District, Example City",+63 900 574 8539,Deployed,Support Technician B,N,,,,
EMP-0304,"BROWN, HARPER",,,,,,,,Pending device allocation,"Unit 3602, 49 Example Street, Example District, Example City",+63 900 304 3466,Deployed,Support Technician B,N,,,,
EMP-0769,"CLARK, INDIGO",,,,,,,,Pending device allocation,"Unit 3102, 7 Example Street, Example District, Example City",+63 900 769 4670,Deployed,Support Technician B,N,,,,
EMP-0570,"PLACEHOLDER, QUINN","ExampleBook Pro 14 (i5, 16GB, 512GB SSD)",LT-100059,SYN-EDXB3Y75,,lt-100059,lt-100059,02:00:00:67:255:166,Scheduled refresh of legacy device SYN-LT-100059,"Unit 2002, 85 Example Street, Example District, Example City",+63 900 570 0435,Ready for Release,IT Support Queue,Y,,,,
EMP-0668,"BROWN, GRAY","ExampleTower Mini (i7, 32GB, 1TB SSD)",LT-100271,SYN-LHAD1BC2,,lt-100271,lt-100271,02:00:00:150:188:254,Offboarding return and sanitization - SYN-LT-100271,"Unit 702, 59 Example Street, Example District, Example City",+63 900 668 9875,For Repair,Support Technician B,Y,,,,
EMP-0440,"SMITH, LEE","ExampleStation 15 (i5, 16GB, 1TB HDD)",LT-100167,SYN-VY6341BY,,lt-100167,lt-100167,02:00:00:178:54:109,Laptop replacement - hardware fault on SYN-LT-100167,"Unit 502, 39 Example Street, Example District, Example City",+63 900 440 3114,Deployed,Support Technician B,N,,,,
EMP-0065,"MILLER, ALEX",,,,,,,,Pending device allocation,"Unit 3602, 37 Example Street, Example District, Example City",+63 900 065 0071,For Pickup,IT Support Queue,N,,,,
EMP-0365,"DOE, DANA","ExampleView 24"" IPS Monitor",LT-100043,SYN-GLZGTEFF,,lt-100043,lt-100043,02:00:00:78:240:148,Offboarding return and sanitization - SYN-LT-100043,"Unit 3802, 7 Example Street, Example District, Example City",+63 900 365 9723,For Pickup,Support Technician A,Y,,,,
EMP-0316,"PLACEHOLDER, JAMIE","ExamplePad 11 Tablet (8GB, 128GB)",LT-100130,SYN-8WBJF8V5,,lt-100130,lt-100130,02:00:00:114:207:54,Laptop replacement - hardware fault on SYN-LT-100130,"Unit 2802, 29 Example Street, Example District, Example City",+63 900 316 3019,For Repair,IT Support Queue,Y,,,,
EMP-0443,"WILLIAMS, PARKER","ExampleBook Pro 14 (i5, 16GB, 512GB SSD)",LT-100033,SYN-J72XVXEB,,lt-100033,lt-100033,02:00:00:167:24:77,Offboarding return and sanitization - SYN-LT-100033,"Unit 202, 60 Example Street, Example District, Example City",+63 900 443 5467,Deployed,IT Support Queue,N,,,,
EMP-0111,"JOHNSON, QUINN","ExampleView 27"" QHD Monitor",LT-100212,SYN-Z8RKMXAP,,lt-100212,lt-100212,02:00:00:166:185:73,Temporary loan for coverage period - SYN-LT-100212,"Unit 502, 14 Example Street, Example District, Example City",+63 900 111 0764,For Repair,IT Support Queue,Y,,,,
EMP-0643,"SAMPLE, DANA","ExampleTower SFF (i5, 16GB, 512GB SSD)",LT-100426,SYN-5VW53L1L,,lt-100426,lt-100426,02:00:00:88:127:58,Temporary loan for coverage period - SYN-LT-100426,"Unit 602, 90 Example Street, Example District, Example City",+63 900 643 5163,For Repair,Support Technician B,Y,,,,
EMP-0407,"TESTER, GRAY",,,,,,,,Pending device allocation,"Unit 2702, 50 Example Street, Example District, Example City",+63 900 407 3754,Ready for Release,IT Support Queue,N,,,,
EMP-0751,"SAMPLE, ELLIS","ExamplePad 11 Tablet (8GB, 128GB)",LT-100545,SYN-BV852D3R,,lt-100545,lt-100545,02:00:00:67:192:119,Laptop replacement - hardware fault on SYN-LT-100545,"Unit 302, 57 Example Street, Example District, Example City",+63 900 751 2227,Deployed,Support Technician B,Y,,,,
EMP-0506,"WILLIAMS, JAMIE",,,,,,,,Pending device allocation,"Unit 1902, 83 Example Street, Example District, Example City",+63 900 506 2595,For Repair,IT Support Queue,N,,,,
EMP-0621,"SAMPLE, JAMIE","ExampleBook Pro 14 (i5, 16GB, 512GB SSD)",LT-100471,SYN-X6ECLSEV,,lt-100471,lt-100471,02:00:00:79:250:226,Offboarding return and sanitization - SYN-LT-100471,"Unit 1602, 58 Example Street, Example District, Example City",+63 900 621 8946,Deployed,IT Support Queue,Y,,,,
EMP-0571,"BROWN, DANA","ExampleView 24"" IPS Monitor",LT-100509,SYN-1AF1MHG5,,lt-100509,lt-100509,02:00:00:16:10:160,Broken screen replacement - SYN-LT-100509,"Unit 802, 9 Example Street, Example District, Example City",+63 900 571 9968,Deployed,IT Support Queue,N,,,,
EMP-0431,"CLARK, HARPER","ExampleStation 15 (i5, 16GB, 1TB HDD)",LT-100008,SYN-M3YXT2XW,,lt-100008,lt-100008,02:00:00:113:06:189,New starter onboarding - device SYN-LT-100008,"Unit 3602, 10 Example Street, Example District, Example City",+63 900 431 4197,Ready for Release,Support Technician B,Y,,,,
EMP-0281,"TESTER, PARKER","ExampleView 24"" IPS Monitor",LT-100125,SYN-F77GAR03,,lt-100125,lt-100125,02:00:00:197:147:147,Laptop replacement - hardware fault on SYN-LT-100125,"Unit 2102, 26 Example Street, Example District, Example City",+63 900 281 3863,Retracted,Support Technician B,N,,,,
EMP-0184,"PLACEHOLDER, FRANKIE","ExamplePad 11 Tablet (8GB, 128GB)",LT-100532,SYN-YEN1SGZ3,,lt-100532,lt-100532,02:00:00:43:87:155,Temporary loan for coverage period - SYN-LT-100532,"Unit 2702, 89 Example Street, Example District, Example City",+63 900 184 8392,For Pickup,Support Technician A,N,,,,
EMP-0270,"CLARK, KAI","ExampleView 24"" IPS Monitor",LT-100512,SYN-ETP9GEGH,,lt-100512,lt-100512,02:00:00:211:116:86,New starter onboarding - device SYN-LT-100512,"Unit 1202, 59 Example Street, Example District, Example City",+63 900 270 9773,Ready for Release,Support Technician A,N,,,,
EMP-0642,"SAMPLE, QUINN",,,,,,,,Pending device allocation,"Unit 2202, 24 Example Street, Example District, Example City",+63 900 642 1444,Retracted,Support Technician A,N,,,,
EMP-0317,"DOE, REESE","ExampleView 27"" QHD Monitor",LT-100272,SYN-HD935LEH,,lt-100272,lt-100272,02:00:00:47:100:142,New starter onboarding - device SYN-LT-100272,"Unit 3102, 40 Example Street, Example District, Example City",+63 900 317 5876,For Repair,Support Technician B,Y,,,,
EMP-0613,"BROWN, PARKER","ExampleTower SFF (i5, 16GB, 512GB SSD)",LT-100183,SYN-BBTLK4FV,,lt-100183,lt-100183,02:00:00:03:122:168,Offboarding return and sanitization - SYN-LT-100183,"Unit 902, 83 Example Street, Example District, Example City",+63 900 613 5808,Retracted,IT Support Queue,Y,,,,
EMP-0752,"MILLER, GRAY","ExampleBook Air 13 (i7, 8GB, 256GB SSD)",LT-100263,SYN-XT3Q72MW,,lt-100263,lt-100263,02:00:00:86:06:57,New starter onboarding - device SYN-LT-100263,"Unit 1602, 59 Example Street, Example District, Example City",+63 900 752 8158,Retracted,Support Technician A,Y,,,,
EMP-0445,"JOHNSON, FRANKIE",,,,,,,,Pending device allocation,"Unit 2202, 32 Example Street, Example District, Example City",+63 900 445 6867,Deployed,IT Support Queue,N,,,,
EMP-0751,"SAMPLE, ELLIS","ExamplePad 11 Tablet (8GB, 128GB)",LT-100488,SYN-1PLSH8RZ,,lt-100488,lt-100488,02:00:00:87:248:161,Temporary loan for coverage period - SYN-LT-100488,"Unit 3202, 24 Example Street, Example District, Example City",+63 900 751 2227,For Pickup,IT Support Queue,Y,,,,
EMP-0695,"DOE, SAWYER","ExampleBook Air 13 (i7, 8GB, 256GB SSD)",LT-100152,SYN-5QGQNT5C,,lt-100152,lt-100152,02:00:00:101:65:218,Scheduled refresh of legacy device SYN-LT-100152,"Unit 1902, 14 Example Street, Example District, Example City",+63 900 695 0165,Ready for Release,Support Technician A,Y,,,,
EMP-0236,"TESTER, DANA","ExampleBook Air 13 (i7, 8GB, 256GB SSD)",LT-100120,SYN-HSM9VYU1,,lt-100120,lt-100120,02:00:00:96:148:246,Broken screen replacement - SYN-LT-100120,"Unit 3102, 42 Example Street, Example District, Example City",+63 900 236 8332,Deployed,Support Technician A,N,,,,
EMP-0286,"DOE, LEE","ExampleTower SFF (i5, 16GB, 512GB SSD)",LT-100085,SYN-7530Q76Y,,lt-100085,lt-100085,02:00:00:254:139:36,New starter onboarding - device SYN-LT-100085,"Unit 2302, 75 Example Street, Example District, Example City",+63 900 286 1358,Ready for Release,IT Support Queue,Y,,,,
EMP-0658,"SAMPLE, NOEL","ExampleTower Mini (i7, 32GB, 1TB SSD)",LT-100225,SYN-R1EJ89QG,,lt-100225,lt-100225,02:00:00:146:25:11,Broken screen replacement - SYN-LT-100225,"Unit 2802, 25 Example Street, Example District, Example City",+63 900 658 9439,Deployed,Support Technician B,N,,,,
EMP-0126,"MILLER, ELLIS",,,,,,,,Pending device allocation,"Unit 2902, 23 Example Street, Example District, Example City",+63 900 126 4749,For Pickup,Support Technician A,N,,,,
EMP-0672,"DOE, FRANKIE","ExampleBook Pro 14 (i5, 16GB, 512GB SSD)",LT-100067,SYN-A4AAW75Y,,lt-100067,lt-100067,02:00:00:225:208:136,Broken screen replacement - SYN-LT-100067,"Unit 3702, 50 Example Street, Example District, Example City",+63 900 672 5366,Retracted,IT Support Queue,Y,,,,
EMP-0547,"SMITH, CASEY","ExampleTower SFF (i5, 16GB, 512GB SSD)",LT-100484,SYN-TTQVCX67,,lt-100484,lt-100484,02:00:00:158:230:101,Scheduled refresh of legacy device SYN-LT-100484,"Unit 3902, 80 Example Street, Example District, Example City",+63 900 547 0982,Ready for Release,Support Technician B,N,,,,
EMP-0655,"DOE, CASEY",,,,,,,,Pending device allocation,"Unit 602, 63 Example Street, Example District, Example City",+63 900 655 7943,Deployed,IT Support Queue,N,,,,
EMP-0575,"TESTER, GRAY",,,,,,,,Pending device allocation,"Unit 602, 15 Example Street, Example District, Example City",+63 900 575 5164,For Pickup,IT Support Queue,N,,,,
EMP-0202,"JOHNSON, SAWYER","ExampleView 27"" QHD Monitor",LT-100437,SYN-VN75WR0G,,lt-100437,lt-100437,02:00:00:84:148:37,Broken screen replacement - SYN-LT-100437,"Unit 3602, 31 Example Street, Example District, Example City",+63 900 202 1972,For Pickup,Support Technician A,N,,,,
EMP-0657,"BROWN, OAKLEY","ExamplePad 11 Tablet (8GB, 128GB)",LT-100289,SYN-URDFL3UW,,lt-100289,lt-100289,02:00:00:66:187:139,Scheduled refresh of legacy device SYN-LT-100289,"Unit 1602, 70 Example Street, Example District, Example City",+63 900 657 2749,Deployed,Support Technician B,Y,,,,
EMP-0504,"CLARK, REESE","ExampleBook Pro 14 (i5, 16GB, 512GB SSD)",LT-100187,SYN-HLGA8MDT,,lt-100187,lt-100187,02:00:00:36:25:150,Laptop replacement - hardware fault on SYN-LT-100187,"Unit 2202, 45 Example Street, Example District, Example City",+63 900 504 9111,Deployed,IT Support Queue,Y,,,,
EMP-0458,"SAMPLE, CASEY","ExampleBook Pro 14 (i5, 16GB, 512GB SSD)",LT-100180,SYN-WT8R4E67,,lt-100180,lt-100180,02:00:00:220:165:32,Broken screen replacement - SYN-LT-100180,"Unit 302, 90 Example Street, Example District, Example City",+63 900 458 6307,Ready for Release,IT Support Queue,Y,,,,
EMP-0682,"PLACEHOLDER, BLAIR","ExamplePad 11 Tablet (8GB, 128GB)",LT-100163,SYN-QWVELCCJ,,lt-100163,lt-100163,02:00:00:181:19:42,New starter onboarding - device SYN-LT-100163,"Unit 2502, 86 Example Street, Example District, Example City",+63 900 682 4928,Retracted,Support Technician B,Y,,,,
EMP-0270,"CLARK, KAI",,,,,,,,Pending device allocation,"Unit 102, 35 Example Street, Example District, Example City",+63 900 270 9773,Deployed,IT Support Queue,N,,,,
EMP-0369,"DOE, SAWYER","ExampleStation 15 (i5, 16GB, 1TB HDD)",LT-100006,SYN-C14GEJLW,,lt-100006,lt-100006,02:00:00:137:63:182,Temporary loan for coverage period - SYN-LT-100006,"Unit 4002, 71 Example Street, Example District, Example City",+63 900 369 6551,Deployed,Support Technician A,Y,,,,
EMP-0380,"JOHNSON, INDIGO","ExampleTower Mini (i7, 32GB, 1TB SSD)",LT-100162,SYN-7QVDYG3D,,lt-100162,lt-100162,02:00:00:215:101:174,Temporary loan for coverage period - SYN-LT-100162,"Unit 102, 48 Example Street, Example District, Example City",+63 900 380 5992,Retracted,Support Technician B,Y,,,,
EMP-0558,"BROWN, QUINN","ExampleStation 15 (i5, 16GB, 1TB HDD)",LT-100215,SYN-K2XWCQU2,,lt-100215,lt-100215,02:00:00:81:215:194,Broken screen replacement - SYN-LT-100215,"Unit 1002, 14 Example Street, Example District, Example City",+63 900 558 3925,For Repair,IT Support Queue,Y,,,,
EMP-0647,"WILLIAMS, KAI","ExampleTower Mini (i7, 32GB, 1TB SSD)",LT-100103,SYN-UKH5EFQ9,,lt-100103,lt-100103,02:00:00:66:172:47,Scheduled refresh of legacy device SYN-LT-100103,"Unit 2802, 62 Example Street, Example District, Example City",+63 900 647 3914,For Pickup,Support Technician A,N,,,,
EMP-0441,"BROWN, KAI","ExampleView 27"" QHD Monitor",LT-100433,SYN-322PTJXD,,lt-100433,lt-100433,02:00:00:58:163:134,Broken screen replacement - SYN-LT-100433,"Unit 1202, 76 Example Street, Example District, Example City",+63 900 441 0296,Deployed,Support Technician B,N,,,,
EMP-0052,"BROWN, OAKLEY","ExampleBook Pro 14 (i5, 16GB, 512GB SSD)",LT-100266,SYN-9BN13JUA,,lt-100266,lt-100266,02:00:00:160:131:229,Broken screen replacement - SYN-LT-100266,"Unit 1602, 56 Example Street, Example District, Example City",+63 900 052 6159,Deployed,IT Support Queue,Y,,,,
EMP-0361,"MILLER, KAI","ExampleStation 15 (i5, 16GB, 1TB HDD)",LT-100330,SYN-EJBTCDFS,,lt-100330,lt-100330,02:00:00:20:176:89,Offboarding return and sanitization - SYN-LT-100330,"Unit 4002, 58 Example Street, Example District, Example City",+63 900 361 9663,For Repair,IT Support Queue,Y,,,,
EMP-0136,"BROWN, ALEX","ExampleView 27"" QHD Monitor",LT-100053,SYN-74TBUVZK,,lt-100053,lt-100053,02:00:00:90:143:121,Scheduled refresh of legacy device SYN-LT-100053,"Unit 2502, 10 Example Street, Example District, Example City",+63 900 136 4785,Ready for Release,IT Support Queue,Y,,,,
EMP-0150,"SAMPLE, JAMIE",,,,,,,,Pending device allocation,"Unit 2302, 27 Example Street, Example District, Example City",+63 900 150 9878,Ready for Release,Support Technician B,N,,,,
EMP-0673,"SAMPLE, GRAY","ExampleBook Air 13 (i7, 8GB, 256GB SSD)",LT-100402,SYN-3XC5EZ9Z,,lt-100402,lt-100402,02:00:00:80:83:30,Scheduled refresh of legacy device SYN-LT-100402,"Unit 902, 54 Example Street, Example District, Example City",+63 900 673 3937,Deployed,IT Support Queue,N,,,,
EMP-0219,"DOE, SAWYER","ExampleBook Pro 14 (i5, 16GB, 512GB SSD)",LT-100019,SYN-KAEQ89U4,,lt-100019,lt-100019,02:00:00:82:95:207,Laptop replacement - hardware fault on SYN-LT-100019,"Unit 4002, 31 Example Street, Example District, Example City",+63 900 219 0373,Ready for Release,Support Technician A,Y,,,,
EMP-0381,"PLACEHOLDER, ELLIS","ExampleBook Pro 14 (i5, 16GB, 512GB SSD)",LT-100322,SYN-C0T5R8F5,,lt-100322,lt-100322,02:00:00:52:226:205,New starter onboarding - device SYN-LT-100322,"Unit 2902, 34 Example Street, Example District, Example City",+63 900 381 5381,Deployed,Support Technician A,Y,,,,
EMP-0511,"SAMPLE, SAWYER","ExampleTower SFF (i5, 16GB, 512GB SSD)",LT-100153,SYN-G3UJUDUH,,lt-100153,lt-100153,02:00:00:166:228:01,Broken screen replacement - SYN-LT-100153,"Unit 802, 58 Example Street, Example District, Example City",+63 900 511 8856,Deployed,Support Technician A,N,,,,
EMP-0456,"SMITH, SAWYER","ExamplePad 11 Tablet (8GB, 128GB)",LT-100488,SYN-70A525TA,,lt-100488,lt-100488,02:00:00:26:175:159,Broken screen replacement - SYN-LT-100488,"Unit 1602, 2 Example Street, Example District, Example City",+63 900 456 6481,For Pickup,Support Technician A,Y,,,,
EMP-0484,"MILLER, HARPER",,,,,,,,Pending device allocation,"Unit 3202, 44 Example Street, Example District, Example City",+63 900 484 1442,For Pickup,IT Support Queue,N,,,,
EMP-0450,"TESTER, ALEX","ExampleView 24"" IPS Monitor",LT-100557,SYN-RY6BZR94,,lt-100557,lt-100557,02:00:00:171:56:151,Broken screen replacement - SYN-LT-100557,"Unit 2902, 78 Example Street, Example District, Example City",+63 900 450 7742,For Pickup,Support Technician B,Y,,,,
EMP-0698,"WILLIAMS, CASEY","ExamplePad 11 Tablet (8GB, 128GB)",LT-100430,SYN-8FESEKH8,,lt-100430,lt-100430,02:00:00:178:185:109,Temporary loan for coverage period - SYN-LT-100430,"Unit 2002, 36 Example Street, Example District, Example City",+63 900 698 8923,Deployed,Support Technician A,Y,,,,
EMP-0080,"JOHNSON, PARKER","ExampleBook Pro 14 (i5, 16GB, 512GB SSD)",LT-100126,SYN-RLG5QXPN,,lt-100126,lt-100126,02:00:00:216:129:95,Laptop replacement - hardware fault on SYN-LT-100126,"Unit 2902, 36 Example Street, Example District, Example City",+63 900 080 1811,Ready for Release,IT Support Queue,Y,,,,
EMP-0186,"DOE, ALEX","ExamplePad 11 Tablet (8GB, 128GB)",LT-100135,SYN-RQBRX00J,,lt-100135,lt-100135,02:00:00:170:254:165,Offboarding return and sanitization - SYN-LT-100135,"Unit 1502, 89 Example Street, Example District, Example City",+63 900 186 2910,For Pickup,IT Support Queue,Y,,,,
EMP-0461,"CLARK, TATUM","ExampleTower Mini (i7, 32GB, 1TB SSD)",LT-100465,SYN-SLRSAT2Z,,lt-100465,lt-100465,02:00:00:11:223:37,New starter onboarding - device SYN-LT-100465,"Unit 4002, 45 Example Street, Example District, Example City",+63 900 461 7438,For Repair,Support Technician B,N,,,,
EMP-0499,"SAMPLE, FRANKIE","ExampleTower Mini (i7, 32GB, 1TB SSD)",LT-100198,SYN-53A7HLV3,,lt-100198,lt-100198,02:00:00:155:249:105,Scheduled refresh of legacy device SYN-LT-100198,"Unit 2202, 53 Example Street, Example District, Example City",+63 900 499 3754,For Repair,IT Support Queue,N,,,,
EMP-0688,"DOE, CASEY","ExampleView 27"" QHD Monitor",LT-100490,SYN-BS3CUJC5,,lt-100490,lt-100490,02:00:00:24:152:100,Temporary loan for coverage period - SYN-LT-100490,"Unit 3802, 72 Example Street, Example District, Example City",+63 900 688 5151,For Repair,IT Support Queue,Y,,,,
EMP-0357,"SMITH, JAMIE","ExampleBook Pro 14 (i5, 16GB, 512GB SSD)",LT-100337,SYN-AJVRDEMB,,lt-100337,lt-100337,02:00:00:183:34:163,Broken screen replacement - SYN-LT-100337,"Unit 3802, 67 Example Street, Example District, Example City",+63 900 357 0380,For Pickup,Support Technician A,Y,,,,
EMP-0446,"PLACEHOLDER, ELLIS","ExamplePad 11 Tablet (8GB, 128GB)",LT-100593,SYN-4QNWL64J,,lt-100593,lt-100593,02:00:00:141:131:82,Laptop replacement - hardware fault on SYN-LT-100593,"Unit 2702, 16 Example Street, Example District, Example City",+63 900 446 3408,Ready for Release,Support Technician A,Y,,,,
EMP-0182,"WILLIAMS, DANA","ExampleTower SFF (i5, 16GB, 512GB SSD)",LT-100517,SYN-5BRGT739,,lt-100517,lt-100517,02:00:00:219:199:100,New starter onboarding - device SYN-LT-100517,"Unit 2502, 85 Example Street, Example District, Example City",+63 900 182 3038,Deployed,IT Support Queue,N,,,,
EMP-0734,"SMITH, SAWYER","ExampleView 24"" IPS Monitor",LT-100345,SYN-VPCBKRQ0,,lt-100345,lt-100345,02:00:00:167:140:10,Scheduled refresh of legacy device SYN-LT-100345,"Unit 202, 82 Example Street, Example District, Example City",+63 900 734 1918,Deployed,Support Technician A,N,,,,
EMP-0130,"CLARK, INDIGO",,,,,,,,Pending device allocation,"Unit 402, 61 Example Street, Example District, Example City",+63 900 130 8013,Deployed,IT Support Queue,N,,,,
EMP-0311,"DOE, CASEY","ExampleView 24"" IPS Monitor",LT-100397,SYN-ZJLL7HXQ,,lt-100397,lt-100397,02:00:00:161:65:179,Temporary loan for coverage period - SYN-LT-100397,"Unit 2202, 25 Example Street, Example District, Example City",+63 900 311 0142,Deployed,IT Support Queue,N,,,,
EMP-0784,"PLACEHOLDER, FRANKIE","ExampleView 27"" QHD Monitor",LT-100369,SYN-A4FZRZV7,,lt-100369,lt-100369,02:00:00:100:18:85,Offboarding return and sanitization - SYN-LT-100369,"Unit 2602, 65 Example Street, Example District, Example City",+63 900 784 7393,For Repair,Support Technician B,N,,,,
EMP-0002,"SMITH, MORGAN","ExampleView 27"" QHD Monitor",LT-100294,SYN-KWV808W4,,lt-100294,lt-100294,02:00:00:140:113:129,Temporary loan for coverage period - SYN-LT-100294,"Unit 2702, 24 Example Street, Example District, Example City",+63 900 002 6455,For Repair,Support Technician B,N,,,,
EMP-0035,"PLACEHOLDER, PARKER","ExampleView 24"" IPS Monitor",LT-100533,SYN-5QAKV21V,,lt-100533,lt-100533,02:00:00:138:156:112,Scheduled refresh of legacy device SYN-LT-100533,"Unit 202, 34 Example Street, Example District, Example City",+63 900 035 1410,Deployed,IT Support Queue,N,,,,
EMP-0398,"PLACEHOLDER, NOEL","ExampleBook Pro 14 (i5, 16GB, 512GB SSD)",LT-100136,SYN-3WJX0SSC,,lt-100136,lt-100136,02:00:00:154:209:107,New starter onboarding - device SYN-LT-100136,"Unit 2302, 43 Example Street, Example District, Example City",+63 900 398 3454,Deployed,Support Technician B,N,,,,
EMP-0104,"WILLIAMS, DANA","ExampleBook Air 13 (i7, 8GB, 256GB SSD)",LT-100226,SYN-VRKUETKE,,lt-100226,lt-100226,02:00:00:117:236:12,Offboarding return and sanitization - SYN-LT-100226,"Unit 2002, 42 Example Street, Example District, Example City",+63 900 104 4772,Retracted,Support Technician B,Y,,,,
EMP-0779,"CLARK, CASEY","ExampleTower Mini (i7, 32GB, 1TB SSD)",LT-100341,SYN-VES5QJAX,,lt-100341,lt-100341,02:00:00:59:129:114,New starter onboarding - device SYN-LT-100341,"Unit 1702, 68 Example Street, Example District, Example City",+63 900 779 7238,For Repair,Support Technician B,Y,,,,
EMP-0637,"TESTER, BLAIR","ExampleStation 15 (i5, 16GB, 1TB HDD)",LT-100444,SYN-5NW2CAG2,,lt-100444,lt-100444,02:00:00:128:34:46,Laptop replacement - hardware fault on SYN-LT-100444,"Unit 1502, 79 Example Street, Example District, Example City",+63 900 637 1328,Ready for Release,Support Technician B,N,,,,
EMP-0327,"CLARK, TATUM","ExampleTower Mini (i7, 32GB, 1TB SSD)",LT-100438,SYN-KN5G495Q,,lt-100438,lt-100438,02:00:00:154:193:216,Scheduled refresh of legacy device SYN-LT-100438,"Unit 1702, 73 Example Street, Example District, Example City",+63 900 327 2427,For Repair,Support Technician A,Y,,,,
EMP-0428,"DOE, JAMIE",,,,,,,,Pending device allocation,"Unit 202, 27 Example Street, Example District, Example City",+63 900 428 3977,For Repair,Support Technician A,N,,,,
EMP-0714,"SMITH, MORGAN","ExampleBook Pro 14 (i5, 16GB, 512GB SSD)",LT-100576,SYN-XG2CLNJ7,,lt-100576,lt-100576,02:00:00:233:177:05,Offboarding return and sanitization - SYN-LT-100576,"Unit 2902, 76 Example Street, Example District, Example City",+63 900 714 4592,Retracted,Support Technician B,N,,,,
EMP-0545,"TESTER, CASEY","ExampleStation 15 (i5, 16GB, 1TB HDD)",LT-100060,SYN-BDNGYCRH,,lt-100060,lt-100060,02:00:00:65:28:165,Laptop replacement - hardware fault on SYN-LT-100060,"Unit 702, 1 Example Street, Example District, Example City",+63 900 545 9548,Deployed,Support Technician B,Y,,,,
EMP-0501,"SMITH, ALEX","ExampleView 24"" IPS Monitor",LT-100420,SYN-US6GC2EJ,,lt-100420,lt-100420,02:00:00:143:166:69,New starter onboarding - device SYN-LT-100420,"Unit 3902, 36 Example Street, Example District, Example City",+63 900 501 8826,For Pickup,IT Support Queue,N,,,,
EMP-0438,"WILLIAMS, CASEY","ExampleTower Mini (i7, 32GB, 1TB SSD)",LT-100127,SYN-SC9GUGXL,,lt-100127,lt-100127,02:00:00:140:91:171,Temporary loan for coverage period - SYN-LT-100127,"Unit 3302, 1 Example Street, Example District, Example City",+63 900 438 1360,Deployed,Support Technician B,Y,,,,
EMP-0034,"PLACEHOLDER, CASEY","ExamplePad 11 Tablet (8GB, 128GB)",LT-100350,SYN-970C6WGU,,lt-100350,lt-100350,02:00:00:135:141:87,Broken screen replacement - SYN-LT-100350,"Unit 1702, 83 Example Street, Example District, Example City",+63 900 034 0342,Ready for Release,IT Support Queue,Y,,,,
EMP-0426,"CLARK, MORGAN","ExampleTower Mini (i7, 32GB, 1TB SSD)",LT-100099,SYN-68SPF47A,,lt-100099,lt-100099,02:00:00:157:18:22,New starter onboarding - device SYN-LT-100099,"Unit 302, 12 Example Street, Example District, Example City",+63 900 426 8035,Retracted,IT Support Queue,Y,,,,
EMP-0046,"TESTER, SAWYER","ExampleView 27"" QHD Monitor",LT-100004,SYN-18LCPX52,,lt-100004,lt-100004,02:00:00:109:189:135,Scheduled refresh of legacy device SYN-LT-100004,"Unit 2302, 58 Example Street, Example District, Example City",+63 900 046 1183,Retracted,IT Support Queue,Y,,,,
EMP-0190,"DOE, ALEX","ExampleBook Pro 14 (i5, 16GB, 512GB SSD)",LT-100357,SYN-Z4YGS6EN,,lt-100357,lt-100357,02:00:00:156:131:181,Scheduled refresh of legacy device SYN-LT-100357,"Unit 502, 36 Example Street, Example District, Example City",+63 900 190 4661,Deployed,Support Technician B,Y,,,,
EMP-0014,"CLARK, JAMIE",,,,,,,,Pending device allocation,"Unit 2602, 69 Example Street, Example District, Example City",+63 900 014 1617,Ready for Release,Support Technician B,N,,,,
EMP-0171,"WILLIAMS, CASEY",,,,,,,,Pending device allocation,"Unit 1402, 34 Example Street, Example District, Example City",+63 900 171 7232,For Pickup,IT Support Queue,N,,,,
EMP-0028,"BROWN, KAI","ExampleTower SFF (i5, 16GB, 512GB SSD)",LT-100551,SYN-MEF7JJKJ,,lt-100551,lt-100551,02:00:00:132:118:85,New starter onboarding - device SYN-LT-100551,"Unit 1902, 68 Example Street, Example District, Example City",+63 900 028 4295,Ready for Release,Support Technician B,Y,,,,
EMP-0492,"CLARK, MORGAN","ExampleView 27"" QHD Monitor",LT-100151,SYN-C3505XZG,,lt-100151,lt-100151,02:00:00:112:51:115,Offboarding return and sanitization - SYN-LT-100151,"Unit 3502, 27 Example Street, Example District, Example City",+63 900 492 8008,Ready for Release,Support Technician B,Y,,,,
EMP-0184,"PLACEHOLDER, FRANKIE","ExampleBook Air 13 (i7, 8GB, 256GB SSD)",LT-100164,SYN-SMGSYXLH,,lt-100164,lt-100164,02:00:00:62:159:227,New starter onboarding - device SYN-LT-100164,"Unit 2502, 66 Example Street, Example District, Example City",+63 900 184 8392,Ready for Release,Support Technician B,N,,,,
EMP-0138,"CLARK, INDIGO","ExamplePad 11 Tablet (8GB, 128GB)",LT-100207,SYN-B44LWXEV,,lt-100207,lt-100207,02:00:00:54:235:00,Offboarding return and sanitization - SYN-LT-100207,"Unit 3002, 34 Example Street, Example District, Example City",+63 900 138 4530,Deployed,Support Technician B,Y,,,,
EMP-0026,"MILLER, QUINN","ExampleTower SFF (i5, 16GB, 512GB SSD)",LT-100039,SYN-386X031G,,lt-100039,lt-100039,02:00:00:141:210:179,Laptop replacement - hardware fault on SYN-LT-100039,"Unit 702, 59 Example Street, Example District, Example City",+63 900 026 0015,For Pickup,Support Technician A,Y,,,,
EMP-0202,"JOHNSON, SAWYER","ExampleBook Air 13 (i7, 8GB, 256GB SSD)",LT-100469,SYN-1PYWT459,,lt-100469,lt-100469,02:00:00:30:156:11,Scheduled refresh of legacy device SYN-LT-100469,"Unit 1302, 57 Example Street, Example District, Example City",+63 900 202 1972,For Repair,IT Support Queue,Y,,,,
EMP-0234,"SAMPLE, CASEY","ExampleTower SFF (i5, 16GB, 512GB SSD)",LT-100541,SYN-2AWSGHET,,lt-100541,lt-100541,02:00:00:95:41:184,New starter onboarding - device SYN-LT-100541,"Unit 102, 66 Example Street, Example District, Example City",+63 900 234 8173,Retracted,Support Technician A,Y,,,,
EMP-0099,"SAMPLE, TATUM","ExampleBook Pro 14 (i5, 16GB, 512GB SSD)",LT-100571,SYN-CZNRGEZE,,lt-100571,lt-100571,02:00:00:183:07:82,Offboarding return and sanitization - SYN-LT-100571,"Unit 2402, 74 Example Street, Example District, Example City",+63 900 099 4506,Deployed,Support Technician A,N,,,,
EMP-0091,"DOE, INDIGO",,,,,,,,Pending device allocation,"Unit 602, 61 Example Street, Example District, Example City",+63 900 091 1914,For Repair,IT Support Queue,N,,,,
EMP-0132,"BROWN, DANA",,,,,,,,Pending device allocation,"Unit 202, 45 Example Street, Example District, Example City",+63 900 132 9601,Deployed,IT Support Queue,N,,,,
EMP-0761,"TESTER, NOEL","ExampleBook Air 13 (i7, 8GB, 256GB SSD)",LT-100428,SYN-907N4GQ5,,lt-100428,lt-100428,02:00:00:131:240:148,Broken screen replacement - SYN-LT-100428,"Unit 1302, 80 Example Street, Example District, Example City",+63 900 761 5391,Deployed,IT Support Queue,N,,,,
EMP-0572,"MILLER, NOEL","ExampleView 27"" QHD Monitor",LT-100499,SYN-FVX2BT90,,lt-100499,lt-100499,02:00:00:109:140:152,Offboarding return and sanitization - SYN-LT-100499,"Unit 702, 65 Example Street, Example District, Example City",+63 900 572 0311,Retracted,Support Technician B,N,,,,
EMP-0700,"SAMPLE, QUINN",,,,,,,,Pending device allocation,"Unit 3102, 36 Example Street, Example District, Example City",+63 900 700 9440,Ready for Release,Support Technician A,N,,,,
EMP-0179,"CLARK, NOEL",,,,,,,,Pending device allocation,"Unit 3002, 43 Example Street, Example District, Example City",+63 900 179 5328,Deployed,Support Technician A,N,,,,
EMP-0161,"MILLER, LEE","ExampleView 24"" IPS Monitor",LT-100571,SYN-ZQSFT5GX,,lt-100571,lt-100571,02:00:00:151:73:67,Scheduled refresh of legacy device SYN-LT-100571,"Unit 1502, 7 Example Street, Example District, Example City",+63 900 161 7182,For Pickup,IT Support Queue,Y,,,,
EMP-0499,"SAMPLE, FRANKIE",,,,,,,,Pending device allocation,"Unit 202, 79 Example Street, Example District, Example City",+63 900 499 3754,Deployed,Support Technician A,N,,,,
EMP-0106,"JOHNSON, KAI","ExampleTower SFF (i5, 16GB, 512GB SSD)",LT-100022,SYN-CL9DD4C1,,lt-100022,lt-100022,02:00:00:84:44:157,New starter onboarding - device SYN-LT-100022,"Unit 3102, 12 Example Street, Example District, Example City",+63 900 106 7583,For Repair,Support Technician A,N,,,,
EMP-0188,"SAMPLE, REESE",,,,,,,,Pending device allocation,"Unit 3602, 78 Example Street, Example District, Example City",+63 900 188 3580,Deployed,IT Support Queue,N,,,,
EMP-0093,"PLACEHOLDER, PARKER","ExampleTower SFF (i5, 16GB, 512GB SSD)",LT-100324,SYN-S529RZV7,,lt-100324,lt-100324,02:00:00:23:27:250,Temporary loan for coverage period - SYN-LT-100324,"Unit 702, 24 Example Street, Example District, Example City",+63 900 093 6602,For Repair,Support Technician A,N,,,,
EMP-0449,"TESTER, KAI",,,,,,,,Pending device allocation,"Unit 2602, 41 Example Street, Example District, Example City",+63 900 449 3816,Deployed,Support Technician B,N,,,,
EMP-0446,"PLACEHOLDER, ELLIS","ExamplePad 11 Tablet (8GB, 128GB)",LT-100199,SYN-C5AZDDTC,,lt-100199,lt-100199,02:00:00:62:36:218,Laptop replacement - hardware fault on SYN-LT-100199,"Unit 1902, 88 Example Street, Example District, Example City",+63 900 446 3408,For Pickup,Support Technician A,N,,,,
EMP-0598,"SMITH, SAWYER","ExampleTower SFF (i5, 16GB, 512GB SSD)",LT-100427,SYN-9Q4UVKNH,,lt-100427,lt-100427,02:00:00:128:237:174,Scheduled refresh of legacy device SYN-LT-100427,"Unit 802, 52 Example Street, Example District, Example City",+63 900 598 9217,For Repair,IT Support Queue,N,,,,
EMP-0151,"CLARK, NOEL","ExampleView 24"" IPS Monitor",LT-100580,SYN-3EW8RGA3,,lt-100580,lt-100580,02:00:00:08:206:178,New starter onboarding - device SYN-LT-100580,"Unit 1902, 49 Example Street, Example District, Example City",+63 900 151 0537,Retracted,Support Technician A,Y,,,,
EMP-0076,"MILLER, QUINN","ExampleTower Mini (i7, 32GB, 1TB SSD)",LT-100571,SYN-YPLEE6FZ,,lt-100571,lt-100571,02:00:00:214:134:215,Scheduled refresh of legacy device SYN-LT-100571,"Unit 1302, 70 Example Street, Example District, Example City",+63 900 076 1094,Deployed,Support Technician A,Y,,,,
EMP-0401,"WILLIAMS, HARPER","ExampleTower Mini (i7, 32GB, 1TB SSD)",LT-100304,SYN-NPTXVF7Q,,lt-100304,lt-100304,02:00:00:03:89:99,Offboarding return and sanitization - SYN-LT-100304,"Unit 3602, 77 Example Street, Example District, Example City",+63 900 401 9315,Deployed,Support Technician B,N,,,,
EMP-0493,"MILLER, BLAIR","ExampleBook Pro 14 (i5, 16GB, 512GB SSD)",LT-100344,SYN-6R68R20F,,lt-100344,lt-100344,02:00:00:45:116:191,New starter onboarding - device SYN-LT-100344,"Unit 702, 66 Example Street, Example District, Example City",+63 900 493 4458,Deployed,Support Technician B,Y,,,,
EMP-0456,"SMITH, SAWYER","ExampleView 24"" IPS Monitor",LT-100596,SYN-JTQ63T16,,lt-100596,lt-100596,02:00:00:192:144:237,Offboarding return and sanitization - SYN-LT-100596,"Unit 502, 6 Example Street, Example District, Example City",+63 900 456 6481,Ready for Release,Support Technician A,Y,,,,
EMP-0168,"JOHNSON, DANA","ExampleBook Air 13 (i7, 8GB, 256GB SSD)",LT-100360,SYN-W2VAFB01,,lt-100360,lt-100360,02:00:00:69:95:252,Scheduled refresh of legacy device SYN-LT-100360,"Unit 2602, 20 Example Street, Example District, Example City",+63 900 168 7768,For Repair,Support Technician B,Y,,,,
EMP-0570,"PLACEHOLDER, QUINN",,,,,,,,Pending device allocation,"Unit 1902, 22 Example Street, Example District, Example City",+63 900 570 0435,Deployed,IT Support Queue,N,,,,
EMP-0121,"JOHNSON, TATUM","ExampleView 27"" QHD Monitor",LT-100466,SYN-QQF0ALLL,,lt-100466,lt-100466,02:00:00:05:128:232,Scheduled refresh of legacy device SYN-LT-100466,"Unit 2102, 66 Example Street, Example District, Example City",+63 900 121 2918,Retracted,Support Technician A,Y,,,,
EMP-0338,"JOHNSON, ELLIS","ExampleView 27"" QHD Monitor",LT-100010,SYN-4K6Z8BXQ,,lt-100010,lt-100010,02:00:00:56:183:168,New starter onboarding - device SYN-LT-100010,"Unit 3602, 42 Example Street, Example District, Example City",+63 900 338 1984,For Pickup,Support Technician A,Y,,,,
EMP-0265,"JOHNSON, OAKLEY","ExampleStation 15 (i5, 16GB, 1TB HDD)",LT-100581,SYN-18998GJA,,lt-100581,lt-100581,02:00:00:109:35:37,Scheduled refresh of legacy device SYN-LT-100581,"Unit 2102, 47 Example Street, Example District, Example City",+63 900 265 9074,Retracted,IT Support Queue,Y,,,,
EMP-0479,"BROWN, MORGAN","ExampleBook Pro 14 (i5, 16GB, 512GB SSD)",LT-100319,SYN-ZA1ZTW3C,,lt-100319,lt-100319,02:00:00:131:136:116,Scheduled refresh of legacy device SYN-LT-100319,"Unit 4002, 5 Example Street, Example District, Example City",+63 900 479 7690,For Repair,Support Technician A,N,,,,
EMP-0757,"SAMPLE, JAMIE","ExampleTower Mini (i7, 32GB, 1TB SSD)",LT-100370,SYN-F2B79GDK,,lt-100370,lt-100370,02:00:00:210:149:119,Laptop replacement - hardware fault on SYN-LT-100370,"Unit 502, 30 Example Street, Example District, Example City",+63 900 757 0952,Deployed,IT Support Queue,Y,,,,
EMP-0672,"DOE, FRANKIE","ExampleStation 15 (i5, 16GB, 1TB HDD)",LT-100209,SYN-7EV4GELK,,lt-100209,lt-100209,02:00:00:207:151:74,Temporary loan for coverage period - SYN-LT-100209,"Unit 3302, 66 Example Street, Example District, Example City",+63 900 672 5366,Retracted,Support Technician B,N,,,,
EMP-0071,"DOE, LEE","ExampleBook Air 13 (i7, 8GB, 256GB SSD)",LT-100309,SYN-N53L94SD,,lt-100309,lt-100309,02:00:00:117:51:21,Temporary loan for coverage period - SYN-LT-100309,"Unit 102, 80 Example Street, Example District, Example City",+63 900 071 3743,Retracted,Support Technician A,N,,,,
EMP-0014,"CLARK, JAMIE",,,,,,,,Pending device allocation,"Unit 2002, 47 Example Street, Example District, Example City",+63 900 014 1617,For Pickup,Support Technician B,N,,,,
EMP-0447,"CLARK, JAMIE","ExampleView 27"" QHD Monitor",LT-100241,SYN-E7NEZ8RT,,lt-100241,lt-100241,02:00:00:82:162:119,Broken screen replacement - SYN-LT-100241,"Unit 2502, 22 Example Street, Example District, Example City",+63 900 447 9093,Deployed,Support Technician B,Y,,,,
EMP-0127,"DOE, INDIGO","ExampleView 27"" QHD Monitor",LT-100361,SYN-AQQZJBRT,,lt-100361,lt-100361,02:00:00:178:25:47,Scheduled refresh of legacy device SYN-LT-100361,"Unit 2302, 6 Example Street, Example District, Example City",+63 900 127 7381,Deployed,Support Technician A,Y,,,,
EMP-0024,"BROWN, KAI","ExampleTower Mini (i7, 32GB, 1TB SSD)",LT-100177,SYN-GDP9Q4LQ,,lt-100177,lt-100177,02:00:00:221:250:103,New starter onboarding - device SYN-LT-100177,"Unit 3902, 34 Example Street, Example District, Example City",+63 900 024 3651,Ready for Release,Support Technician B,N,,,,
EMP-0643,"SAMPLE, DANA","ExampleBook Pro 14 (i5, 16GB, 512GB SSD)",LT-100432,SYN-YH39C7SQ,,lt-100432,lt-100432,02:00:00:231:56:05,New starter onboarding - device SYN-LT-100432,"Unit 2402, 59 Example Street, Example District, Example City",+63 900 643 5163,For Pickup,Support Technician B,N,,,,
EMP-0616,"SMITH, ALEX","ExampleView 24"" IPS Monitor",LT-100150,SYN-M7JNWFS9,,lt-100150,lt-100150,02:00:00:136:228:216,Temporary loan for coverage period - SYN-LT-100150,"Unit 3502, 37 Example Street, Example District, Example City",+63 900 616 1241,Retracted,Support Technician A,Y,,,,
EMP-0070,"CLARK, ELLIS","ExampleView 24"" IPS Monitor",LT-100360,SYN-UPCYYV9J,,lt-100360,lt-100360,02:00:00:38:31:255,Offboarding return and sanitization - SYN-LT-100360,"Unit 802, 6 Example Street, Example District, Example City",+63 900 070 4444,For Repair,Support Technician A,N,,,,
EMP-0138,"CLARK, INDIGO","ExampleBook Pro 14 (i5, 16GB, 512GB SSD)",LT-100171,SYN-F6SF211C,,lt-100171,lt-100171,02:00:00:216:205:137,Temporary loan for coverage period - SYN-LT-100171,"Unit 902, 77 Example Street, Example District, Example City",+63 900 138 4530,Deployed,IT Support Queue,Y,,,,
EMP-0458,"SAMPLE, CASEY","ExamplePad 11 Tablet (8GB, 128GB)",LT-100058,SYN-3590ZDXC,,lt-100058,lt-100058,02:00:00:113:130:81,Offboarding return and sanitization - SYN-LT-100058,"Unit 1402, 33 Example Street, Example District, Example City",+63 900 458 6307,For Repair,IT Support Queue,Y,,,,
EMP-0191,"BROWN, KAI","ExampleView 24"" IPS Monitor",LT-100423,SYN-JQUNJ72L,,lt-100423,lt-100423,02:00:00:74:148:156,New starter onboarding - device SYN-LT-100423,"Unit 1702, 66 Example Street, Example District, Example City",+63 900 191 3650,For Pickup,Support Technician B,Y,,,,
EMP-0069,"WILLIAMS, NOEL","ExampleBook Air 13 (i7, 8GB, 256GB SSD)",LT-100458,SYN-EQSU8J51,,lt-100458,lt-100458,02:00:00:67:68:94,Temporary loan for coverage period - SYN-LT-100458,"Unit 3902, 8 Example Street, Example District, Example City",+63 900 069 1758,Deployed,IT Support Queue,Y,,,,
EMP-0518,"BROWN, NOEL","ExampleBook Pro 14 (i5, 16GB, 512GB SSD)",LT-100237,SYN-7Z5QDDZJ,,lt-100237,lt-100237,02:00:00:97:184:134,Broken screen replacement - SYN-LT-100237,"Unit 902, 70 Example Street, Example District, Example City",+63 900 518 9927,Ready for Release,IT Support Queue,Y,,,,
EMP-0516,"SMITH, REESE",,,,,,,,Pending device allocation,"Unit 702, 69 Example Street, Example District, Example City",+63 900 516 9356,For Repair,Support Technician A,N,,,,
EMP-0458,"SAMPLE, CASEY","ExampleView 27"" QHD Monitor",LT-100551,SYN-V7THCW1J,,lt-100551,lt-100551,02:00:00:221:67:161,Offboarding return and sanitization - SYN-LT-100551,"Unit 1802, 85 Example Street, Example District, Example City",+63 900 458 6307,For Pickup,Support Technician A,Y,,,,
EMP-0604,"TESTER, CASEY","ExampleStation 15 (i5, 16GB, 1TB HDD)",LT-100540,SYN-43VUC3LY,,lt-100540,lt-100540,02:00:00:216:47:23,New starter onboarding - device SYN-LT-100540,"Unit 2802, 2 Example Street, Example District, Example City",+63 900 604 8671,Deployed,Support Technician B,Y,,,,
EMP-0640,"PLACEHOLDER, KAI","ExampleStation 15 (i5, 16GB, 1TB HDD)",LT-100103,SYN-A7PGW8BX,,lt-100103,lt-100103,02:00:00:206:61:17,Offboarding return and sanitization - SYN-LT-100103,"Unit 2402, 38 Example Street, Example District, Example City",+63 900 640 4188,For Pickup,Support Technician A,N,,,,
EMP-0181,"PLACEHOLDER, PARKER","ExampleTower Mini (i7, 32GB, 1TB SSD)",LT-100046,SYN-YQ6R906U,,lt-100046,lt-100046,02:00:00:189:192:47,Laptop replacement - hardware fault on SYN-LT-100046,"Unit 2402, 27 Example Street, Example District, Example City",+63 900 181 0628,Ready for Release,IT Support Queue,Y,,,,
EMP-0135,"DOE, ELLIS","ExampleTower Mini (i7, 32GB, 1TB SSD)",LT-100015,SYN-MZY2RFED,,lt-100015,lt-100015,02:00:00:25:11:245,Temporary loan for coverage period - SYN-LT-100015,"Unit 802, 22 Example Street, Example District, Example City",+63 900 135 3620,Ready for Release,Support Technician B,N,,,,
EMP-0378,"SAMPLE, INDIGO","ExampleView 27"" QHD Monitor",LT-100442,SYN-E4P8950S,,lt-100442,lt-100442,02:00:00:80:245:220,Temporary loan for coverage period - SYN-LT-100442,"Unit 1202, 24 Example Street, Example District, Example City",+63 900 378 4967,For Pickup,Support Technician B,N,,,,
EMP-0403,"CLARK, CASEY","ExampleStation 15 (i5, 16GB, 1TB HDD)",LT-100290,SYN-D3JNUNUW,,lt-100290,lt-100290,02:00:00:128:218:23,Scheduled refresh of legacy device SYN-LT-100290,"Unit 1502, 13 Example Street, Example District, Example City",+63 900 403 8227,Retracted,IT Support Queue,Y,,,,
EMP-0111,"JOHNSON, QUINN","ExamplePad 11 Tablet (8GB, 128GB)",LT-100309,SYN-TY0SJSRJ,,lt-100309,lt-100309,02:00:00:186:199:171,New starter onboarding - device SYN-LT-100309,"Unit 302, 69 Example Street, Example District, Example City",+63 900 111 0764,For Pickup,IT Support Queue,N,,,,
EMP-0603,"TESTER, ALEX","ExampleView 27"" QHD Monitor",LT-100575,SYN-156EU1R4,,lt-100575,lt-100575,02:00:00:45:147:88,Temporary loan for coverage period - SYN-LT-100575,"Unit 102, 68 Example Street, Example District, Example City",+63 900 603 9494,For Repair,Support Technician A,Y,,,,
EMP-0246,"DOE, OAKLEY","ExampleBook Air 13 (i7, 8GB, 256GB SSD)",LT-100052,SYN-GZLHCDWR,,lt-100052,lt-100052,02:00:00:67:232:240,Offboarding return and sanitization - SYN-LT-100052,"Unit 3602, 74 Example Street, Example District, Example City",+63 900 246 6154,Retracted,Support Technician A,Y,,,,
EMP-0708,"CLARK, FRANKIE","ExampleTower Mini (i7, 32GB, 1TB SSD)",LT-100245,SYN-9HRFWFBP,,lt-100245,lt-100245,02:00:00:40:18:77,Broken screen replacement - SYN-LT-100245,"Unit 2602, 22 Example Street, Example District, Example City",+63 900 708 5503,For Pickup,IT Support Queue,N,,,,
EMP-0757,"SAMPLE, JAMIE","ExampleView 24"" IPS Monitor",LT-100200,SYN-W9KZYXWN,,lt-100200,lt-100200,02:00:00:122:67:158,Offboarding return and sanitization - SYN-LT-100200,"Unit 3202, 59 Example Street, Example District, Example City",+63 900 757 0952,Retracted,Support Technician A,Y,,,,
EMP-0707,"MILLER, ALEX","ExampleView 27"" QHD Monitor",LT-100209,SYN-SBJH6JDX,,lt-100209,lt-100209,02:00:00:36:224:85,Scheduled refresh of legacy device SYN-LT-100209,"Unit 3802, 62 Example Street, Example District, Example City",+63 900 707 0771,For Pickup,Support Technician B,N,,,,
EMP-0765,"JOHNSON, NOEL",,,,,,,,Pending device allocation,"Unit 1902, 79 Example Street, Example District, Example City",+63 900 765 1770,Retracted,Support Technician B,N,,,,
EMP-0477,"PLACEHOLDER, OAKLEY","ExampleTower SFF (i5, 16GB, 512GB SSD)",LT-100227,SYN-4TW2WX2D,,lt-100227,lt-100227,02:00:00:65:90:79,Offboarding return and sanitization - SYN-LT-100227,"Unit 3302, 89 Example Street, Example District, Example City",+63 900 477 9856,Deployed,Support Technician B,Y,,,,
EMP-0113,"BROWN, CASEY","ExamplePad 11 Tablet (8GB, 128GB)",LT-100451,SYN-N7NRKK3L,,lt-100451,lt-100451,02:00:00:07:52:26,Temporary loan for coverage period - SYN-LT-100451,"Unit 402, 87 Example Street, Example District, Example City",+63 900 113 1300,Ready for Release,Support Technician B,Y,,,,
EMP-0755,"DOE, REESE","ExampleTower Mini (i7, 32GB, 1TB SSD)",LT-100308,SYN-3ELUEW26,,lt-100308,lt-100308,02:00:00:131:105:152,Scheduled refresh of legacy device SYN-LT-100308,"Unit 2902, 62 Example Street, Example District, Example City",+63 900 755 1530,For Repair,Support Technician A,Y,,,,
EMP-0007,"SMITH, INDIGO","ExampleView 24"" IPS Monitor",LT-100297,SYN-9D18G3GG,,lt-100297,lt-100297,02:00:00:116:155:149,New starter onboarding - device SYN-LT-100297,"Unit 2902, 34 Example Street, Example District, Example City",+63 900 007 5040,Deployed,IT Support Queue,Y,,,,
EMP-0711,"BROWN, FRANKIE","ExamplePad 11 Tablet (8GB, 128GB)",LT-100161,SYN-84YTG4DW,,lt-100161,lt-100161,02:00:00:129:38:25,Temporary loan for coverage period - SYN-LT-100161,"Unit 1202, 3 Example Street, Example District, Example City",+63 900 711 5019,Ready for Release,Support Technician A,Y,,,,
EMP-0345,"DOE, MORGAN","ExampleBook Pro 14 (i5, 16GB, 512GB SSD)",LT-100242,SYN-Q9FHWH1C,,lt-100242,lt-100242,02:00:00:68:27:145,Temporary loan for coverage period - SYN-LT-100242,"Unit 902, 71 Example Street, Example District, Example City",+63 900 345 0014,Ready for Release,IT Support Queue,N,,,,
EMP-0758,"DOE, QUINN","ExampleTower SFF (i5, 16GB, 512GB SSD)",LT-100502,SYN-6E954SMG,,lt-100502,lt-100502,02:00:00:173:160:98,Broken screen replacement - SYN-LT-100502,"Unit 1202, 67 Example Street, Example District, Example City",+63 900 758 9979,Deployed,Support Technician A,N,,,,
EMP-0192,"WILLIAMS, ALEX","ExamplePad 11 Tablet (8GB, 128GB)",LT-100383,SYN-LG82XRN0,,lt-100383,lt-100383,02:00:00:153:190:136,Offboarding return and sanitization - SYN-LT-100383,"Unit 4002, 17 Example Street, Example District, Example City",+63 900 192 1968,Deployed,IT Support Queue,N,,,,
EMP-0615,"WILLIAMS, KAI",,,,,,,,Pending device allocation,"Unit 1602, 25 Example Street, Example District, Example City",+63 900 615 5738,For Repair,Support Technician A,N,,,,
EMP-0014,"CLARK, JAMIE","ExampleTower SFF (i5, 16GB, 512GB SSD)",LT-100405,SYN-RQRCT887,,lt-100405,lt-100405,02:00:00:36:196:129,New starter onboarding - device SYN-LT-100405,"Unit 3802, 29 Example Street, Example District, Example City",+63 900 014 1617,Retracted,Support Technician B,N,,,,
EMP-0781,"SMITH, HARPER","ExampleBook Pro 14 (i5, 16GB, 512GB SSD)",LT-100258,SYN-LYRYY38R,,lt-100258,lt-100258,02:00:00:221:230:153,Broken screen replacement - SYN-LT-100258,"Unit 3502, 10 Example Street, Example District, Example City",+63 900 781 5762,Retracted,IT Support Queue,N,,,,
EMP-0189,"WILLIAMS, ELLIS",,,,,,,,Pending device allocation,"Unit 2102, 2 Example Street, Example District, Example City",+63 900 189 9691,For Pickup,IT Support Queue,N,,,,
EMP-0539,"BROWN, ALEX","ExampleTower Mini (i7, 32GB, 1TB SSD)",LT-100269,SYN-CDXP73RE,,lt-100269,lt-100269,02:00:00:95:213:207,New starter onboarding - device SYN-LT-100269,"Unit 2002, 81 Example Street, Example District, Example City",+63 900 539 2826,Ready for Release,IT Support Queue,Y,,,,
EMP-0022,"SMITH, KAI","ExampleView 24"" IPS Monitor",LT-100048,SYN-ZF4YTQ69,,lt-100048,lt-100048,02:00:00:157:110:65,Temporary loan for coverage period - SYN-LT-100048,"Unit 502, 26 Example Street, Example District, Example City",+63 900 022 1770,For Pickup,IT Support Queue,Y,,,,
EMP-0054,"MILLER, FRANKIE","ExampleBook Pro 14 (i5, 16GB, 512GB SSD)",LT-100241,SYN-NG84NW3H,,lt-100241,lt-100241,02:00:00:138:16:187,Offboarding return and sanitization - SYN-LT-100241,"Unit 1002, 48 Example Street, Example District, Example City",+63 900 054 5180,For Repair,Support Technician B,N,,,,
EMP-0727,"MILLER, PARKER",,,,,,,,Pending device allocation,"Unit 202, 31 Example Street, Example District, Example City",+63 900 727 5651,For Pickup,IT Support Queue,N,,,,
EMP-0550,"WILLIAMS, NOEL","ExampleTower Mini (i7, 32GB, 1TB SSD)",LT-100478,SYN-238LANQZ,,lt-100478,lt-100478,02:00:00:215:73:237,Laptop replacement - hardware fault on SYN-LT-100478,"Unit 1802, 17 Example Street, Example District, Example City",+63 900 550 8327,For Repair,IT Support Queue,Y,,,,
EMP-0084,"SAMPLE, HARPER","ExampleBook Pro 14 (i5, 16GB, 512GB SSD)",LT-100080,SYN-ZSZ8M9XS,,lt-100080,lt-100080,02:00:00:31:237:67,Scheduled refresh of legacy device SYN-LT-100080,"Unit 302, 52 Example Street, Example District, Example City",+63 900 084 0866,Deployed,Support Technician B,Y,,,,
EMP-0010,"PLACEHOLDER, CASEY","ExampleTower Mini (i7, 32GB, 1TB SSD)",LT-100572,SYN-QBLZR9J6,,lt-100572,lt-100572,02:00:00:87:202:186,Broken screen replacement - SYN-LT-100572,"Unit 3802, 15 Example Street, Example District, Example City",+63 900 010 1517,Retracted,Support Technician B,N,,,,
EMP-0080,"JOHNSON, PARKER","ExampleView 24"" IPS Monitor",LT-100593,SYN-ZU14URWS,,lt-100593,lt-100593,02:00:00:32:140:62,Broken screen replacement - SYN-LT-100593,"Unit 702, 22 Example Street, Example District, Example City",+63 900 080 1811,Deployed,Support Technician A,N,,,,
EMP-0220,"CLARK, JAMIE",,,,,,,,Pending device allocation,"Unit 2102, 63 Example Street, Example District, Example City",+63 900 220 6473,Ready for Release,Support Technician A,N,,,,
EMP-0338,"JOHNSON, ELLIS","ExamplePad 11 Tablet (8GB, 128GB)",LT-100425,SYN-FKPJHXC8,,lt-100425,lt-100425,02:00:00:86:81:155,Temporary loan for coverage period - SYN-LT-100425,"Unit 402, 76 Example Street, Example District, Example City",+63 900 338 1984,For Repair,IT Support Queue,Y,,,,
EMP-0310,"SMITH, ALEX","ExampleBook Air 13 (i7, 8GB, 256GB SSD)",LT-100138,SYN-7U18W24Y,,lt-100138,lt-100138,02:00:00:109:107:128,Temporary loan for coverage period - SYN-LT-100138,"Unit 2702, 74 Example Street, Example District, Example City",+63 900 310 1129,Ready for Release,Support Technician A,Y,,,,
EMP-0042,"DOE, REESE","ExampleBook Pro 14 (i5, 16GB, 512GB SSD)",LT-100007,SYN-JWXABP98,,lt-100007,lt-100007,02:00:00:255:99:93,Offboarding return and sanitization - SYN-LT-100007,"Unit 1902, 66 Example Street, Example District, Example City",+63 900 042 4500,For Pickup,Support Technician A,Y,,,,
EMP-0104,"WILLIAMS, DANA","ExamplePad 11 Tablet (8GB, 128GB)",LT-100189,SYN-EF7GK07Q,,lt-100189,lt-100189,02:00:00:125:157:159,Laptop replacement - hardware fault on SYN-LT-100189,"Unit 1702, 60 Example Street, Example District, Example City",+63 900 104 4772,Deployed,Support Technician A,Y,,,,
EMP-0083,"BROWN, PARKER","ExampleView 27"" QHD Monitor",LT-100453,SYN-42ARPPDT,,lt-100453,lt-100453,02:00:00:210:39:94,New starter onboarding - device SYN-LT-100453,"Unit 1602, 14 Example Street, Example District, Example City",+63 900 083 6228,Deployed,Support Technician A,N,,,,
EMP-0791,"DOE, TATUM","ExampleView 27"" QHD Monitor",LT-100430,SYN-92CTFW9W,,lt-100430,lt-100430,02:00:00:01:65:167,Scheduled refresh of legacy device SYN-LT-100430,"Unit 3802, 11 Example Street, Example District, Example City",+63 900 791 7347,For Repair,Support Technician B,Y,,,,
EMP-0300,"BROWN, REESE","ExampleTower SFF (i5, 16GB, 512GB SSD)",LT-100030,SYN-HSKKJ6XL,,lt-100030,lt-100030,02:00:00:139:190:02,Laptop replacement - hardware fault on SYN-LT-100030,"Unit 3802, 4 Example Street, Example District, Example City",+63 900 300 6302,Deployed,IT Support Queue,N,,,,
EMP-0070,"CLARK, ELLIS","ExampleTower Mini (i7, 32GB, 1TB SSD)",LT-100221,SYN-2Q3AJFL1,,lt-100221,lt-100221,02:00:00:176:252:118,New starter onboarding - device SYN-LT-100221,"Unit 3002, 56 Example Street, Example District, Example City",+63 900 070 4444,Ready for Release,Support Technician A,Y,,,,
EMP-0216,"SMITH, REESE","ExampleView 27"" QHD Monitor",LT-100116,SYN-KQTU19E0,,lt-100116,lt-100116,02:00:00:02:202:125,Scheduled refresh of legacy device SYN-LT-100116,"Unit 3002, 43 Example Street, Example District, Example City",+63 900 216 5379,Deployed,Support Technician B,Y,,,,
EMP-0508,"JOHNSON, FRANKIE","ExampleTower Mini (i7, 32GB, 1TB SSD)",LT-100569,SYN-CQJTSJME,,lt-100569,lt-100569,02:00:00:81:218:10,Scheduled refresh of legacy device SYN-LT-100569,"Unit 2902, 26 Example Street, Example District, Example City",+63 900 508 4658,Retracted,Support Technician A,Y,,,,
EMP-0679,"WILLIAMS, NOEL","ExampleView 24"" IPS Monitor",LT-100475,SYN-H3FX8LD5,,lt-100475,lt-100475,02:00:00:160:225:128,Temporary loan for coverage period - SYN-LT-100475,"Unit 2702, 85 Example Street, Example District, Example City",+63 900 679 8285,For Pickup,Support Technician A,Y,,,,
EMP-0280,"TESTER, REESE","ExampleTower SFF (i5, 16GB, 512GB SSD)",LT-100507,SYN-EW8FPK00,,lt-100507,lt-100507,02:00:00:112:159:231,Temporary loan for coverage period - SYN-LT-100507,"Unit 2602, 43 Example Street, Example District, Example City",+63 900 280 3882,For Repair,Support Technician B,N,,,,
EMP-0420,"PLACEHOLDER, REESE","ExampleView 24"" IPS Monitor",LT-100334,SYN-51EPBZDX,,lt-100334,lt-100334,02:00:00:102:143:227,Scheduled refresh of legacy device SYN-LT-100334,"Unit 1902, 46 Example Street, Example District, Example City",+63 900 420 0966,For Pickup,Support Technician A,Y,,,,
EMP-0668,"BROWN, GRAY","ExampleStation 15 (i5, 16GB, 1TB HDD)",LT-100105,SYN-WDNZAAMR,,lt-100105,lt-100105,02:00:00:179:05:103,Broken screen replacement - SYN-LT-100105,"Unit 1302, 39 Example Street, Example District, Example City",+63 900 668 9875,Deployed,Support Technician B,Y,,,,
EMP-0681,"CLARK, FRANKIE",,,,,,,,Pending device allocation,"Unit 1802, 4 Example Street, Example District, Example City",+63 900 681 9836,Retracted,IT Support Queue,N,,,,
EMP-0728,"WILLIAMS, CASEY","ExampleBook Pro 14 (i5, 16GB, 512GB SSD)",LT-100145,SYN-40WJ96L7,,lt-100145,lt-100145,02:00:00:29:206:191,New starter onboarding - device SYN-LT-100145,"Unit 3502, 40 Example Street, Example District, Example City",+63 900 728 7469,For Pickup,Support Technician B,N,,,,
EMP-0381,"PLACEHOLDER, ELLIS","ExampleView 27"" QHD Monitor",LT-100518,SYN-8Q8EHEZ5,,lt-100518,lt-100518,02:00:00:160:230:224,Broken screen replacement - SYN-LT-100518,"Unit 3402, 20 Example Street, Example District, Example City",+63 900 381 5381,Deployed,IT Support Queue,N,,,,
EMP-0683,"WILLIAMS, SAWYER","ExampleBook Pro 14 (i5, 16GB, 512GB SSD)",LT-100263,SYN-LNE62T97,,lt-100263,lt-100263,02:00:00:200:00:87,Offboarding return and sanitization - SYN-LT-100263,"Unit 1202, 83 Example Street, Example District, Example City",+63 900 683 5597,For Repair,IT Support Queue,Y,,,,
EMP-0118,"CLARK, HARPER","ExampleView 27"" QHD Monitor",LT-100504,SYN-FKQFEZ62,,lt-100504,lt-100504,02:00:00:254:133:112,New starter onboarding - device SYN-LT-100504,"Unit 1202, 79 Example Street, Example District, Example City",+63 900 118 1001,For Pickup,IT Support Queue,Y,,,,
EMP-0742,"MILLER, INDIGO","ExampleTower Mini (i7, 32GB, 1TB SSD)",LT-100327,SYN-FEPPWSLG,,lt-100327,lt-100327,02:00:00:157:82:146,Laptop replacement - hardware fault on SYN-LT-100327,"Unit 2302, 53 Example Street, Example District, Example City",+63 900 742 4859,For Repair,IT Support Queue,N,,,,
EMP-0361,"MILLER, KAI","ExampleView 24"" IPS Monitor",LT-100171,SYN-R0H6T421,,lt-100171,lt-100171,02:00:00:105:24:84,Scheduled refresh of legacy device SYN-LT-100171,"Unit 102, 75 Example Street, Example District, Example City",+63 900 361 9663,Ready for Release,IT Support Queue,Y,,,,
EMP-0193,"JOHNSON, PARKER","ExampleTower SFF (i5, 16GB, 512GB SSD)",LT-100429,SYN-42W27892,,lt-100429,lt-100429,02:00:00:48:124:102,Scheduled refresh of legacy device SYN-LT-100429,"Unit 1402, 21 Example Street, Example District, Example City",+63 900 193 6444,Retracted,Support Technician A,Y,,,,
EMP-0622,"TESTER, HARPER","ExampleTower Mini (i7, 32GB, 1TB SSD)",LT-100344,SYN-5YPRKKS3,,lt-100344,lt-100344,02:00:00:216:253:17,New starter onboarding - device SYN-LT-100344,"Unit 202, 49 Example Street, Example District, Example City",+63 900 622 2021,For Repair,IT Support Queue,Y,,,,
EMP-0179,"CLARK, NOEL","ExamplePad 11 Tablet (8GB, 128GB)",LT-100497,SYN-J66STJVF,,lt-100497,lt-100497,02:00:00:87:113:234,New starter onboarding - device SYN-LT-100497,"Unit 302, 76 Example Street, Example District, Example City",+63 900 179 5328,Deployed,Support Technician A,Y,,,,
EMP-0585,"SMITH, OAKLEY",,,,,,,,Pending device allocation,"Unit 2002, 85 Example Street, Example District, Example City",+63 900 585 3295,Ready for Release,IT Support Queue,N,,,,
EMP-0296,"WILLIAMS, LEE","ExampleBook Air 13 (i7, 8GB, 256GB SSD)",LT-100396,SYN-E38AZVXE,,lt-100396,lt-100396,02:00:00:223:241:227,Laptop replacement - hardware fault on SYN-LT-100396,"Unit 402, 20 Example Street, Example District, Example City",+63 900 296 3345,Deployed,Support Technician B,N,,,,
EMP-0377,"MILLER, DANA","ExampleTower Mini (i7, 32GB, 1TB SSD)",LT-100409,SYN-3X4PHSPF,,lt-100409,lt-100409,02:00:00:192:185:95,Temporary loan for coverage period - SYN-LT-100409,"Unit 3802, 15 Example Street, Example District, Example City",+63 900 377 3838,For Repair,IT Support Queue,N,,,,
EMP-0233,"DOE, ALEX","ExampleView 24"" IPS Monitor",LT-100354,SYN-USAR7SA7,,lt-100354,lt-100354,02:00:00:245:175:12,New starter onboarding - device SYN-LT-100354,"Unit 3902, 41 Example Street, Example District, Example City",+63 900 233 8251,Deployed,Support Technician B,N,,,,
EMP-0393,"SMITH, CASEY","ExampleTower SFF (i5, 16GB, 512GB SSD)",LT-100427,SYN-KUSLVXES,,lt-100427,lt-100427,02:00:00:165:79:244,Offboarding return and sanitization - SYN-LT-100427,"Unit 202, 41 Example Street, Example District, Example City",+63 900 393 1441,For Pickup,IT Support Queue,Y,,,,
EMP-0640,"PLACEHOLDER, KAI","ExampleStation 15 (i5, 16GB, 1TB HDD)",LT-100528,SYN-K74NZ99U,,lt-100528,lt-100528,02:00:00:231:86:136,Temporary loan for coverage period - SYN-LT-100528,"Unit 3002, 31 Example Street, Example District, Example City",+63 900 640 4188,For Repair,Support Technician A,Y,,,,
EMP-0281,"TESTER, PARKER","ExampleTower SFF (i5, 16GB, 512GB SSD)",LT-100407,SYN-51SH7HMH,,lt-100407,lt-100407,02:00:00:182:226:102,Temporary loan for coverage period - SYN-LT-100407,"Unit 2402, 11 Example Street, Example District, Example City",+63 900 281 3863,Ready for Release,Support Technician B,Y,,,,
EMP-0142,"PLACEHOLDER, ELLIS",,,,,,,,Pending device allocation,"Unit 2702, 22 Example Street, Example District, Example City",+63 900 142 9910,For Pickup,Support Technician A,N,,,,
EMP-0460,"MILLER, BLAIR","ExamplePad 11 Tablet (8GB, 128GB)",LT-100045,SYN-A6CSJ0ZT,,lt-100045,lt-100045,02:00:00:242:115:182,Laptop replacement - hardware fault on SYN-LT-100045,"Unit 2602, 36 Example Street, Example District, Example City",+63 900 460 4557,Ready for Release,IT Support Queue,N,,,,
EMP-0636,"SMITH, INDIGO","ExampleTower SFF (i5, 16GB, 512GB SSD)",LT-100130,SYN-2N3JY4N4,,lt-100130,lt-100130,02:00:00:59:22:04,Offboarding return and sanitization - SYN-LT-100130,"Unit 502, 21 Example Street, Example District, Example City",+63 900 636 7481,Ready for Release,Support Technician A,Y,,,,
EMP-0462,"DOE, HARPER",,,,,,,,Pending device allocation,"Unit 1702, 29 Example Street, Example District, Example City",+63 900 462 6389,Retracted,Support Technician A,N,,,,
EMP-0193,"JOHNSON, PARKER","ExampleBook Air 13 (i7, 8GB, 256GB SSD)",LT-100594,SYN-TCDM9Y3T,,lt-100594,lt-100594,02:00:00:128:55:235,Broken screen replacement - SYN-LT-100594,"Unit 2102, 84 Example Street, Example District, Example City",+63 900 193 6444,Ready for Release,Support Technician B,N,,,,
EMP-0747,"SMITH, HARPER","ExampleBook Pro 14 (i5, 16GB, 512GB SSD)",LT-100288,SYN-GYDMJVRH,,lt-100288,lt-100288,02:00:00:14:25:224,Laptop replacement - hardware fault on SYN-LT-100288,"Unit 902, 53 Example Street, Example District, Example City",+63 900 747 8997,Retracted,Support Technician B,Y,,,,
EMP-0195,"WILLIAMS, TATUM","ExampleTower Mini (i7, 32GB, 1TB SSD)",LT-100509,SYN-BFV0L3X0,,lt-100509,lt-100509,02:00:00:73:134:41,Broken screen replacement - SYN-LT-100509,"Unit 2902, 49 Example Street, Example District, Example City",+63 900 195 2611,Deployed,IT Support Queue,N,,,,
EMP-0528,"WILLIAMS, JAMIE","ExampleBook Air 13 (i7, 8GB, 256GB SSD)",LT-100489,SYN-K6RNEUU1,,lt-100489,lt-100489,02:00:00:52:138:249,Temporary loan for coverage period - SYN-LT-100489,"Unit 3702, 37 Example Street, Example District, Example City",+63 900 528 6707,For Repair,Support Technician B,N,,,,
EMP-0295,"BROWN, KAI","ExampleStation 15 (i5, 16GB, 1TB HDD)",LT-100492,SYN-0CFU3JXE,,lt-100492,lt-100492,02:00:00:45:56:102,Offboarding return and sanitization - SYN-LT-100492,"Unit 4002, 40 Example Street, Example District, Example City",+63 900 295 3170,Retracted,Support Technician A,Y,,,,
EMP-0051,"SAMPLE, FRANKIE","ExampleBook Air 13 (i7, 8GB, 256GB SSD)",LT-100179,SYN-38019FLD,,lt-100179,lt-100179,02:00:00:202:09:25,Offboarding return and sanitization - SYN-LT-100179,"Unit 2202, 56 Example Street, Example District, Example City",+63 900 051 1771,Deployed,IT Support Queue,Y,,,,
EMP-0307,"DOE, OAKLEY","ExampleBook Pro 14 (i5, 16GB, 512GB SSD)",LT-100408,SYN-QMVVKGY0,,lt-100408,lt-100408,02:00:00:11:237:103,Scheduled refresh of legacy device SYN-LT-100408,"Unit 3502, 71 Example Street, Example District, Example City",+63 900 307 5546,Ready for Release,Support Technician A,N,,,,
EMP-0035,"PLACEHOLDER, PARKER","ExampleTower Mini (i7, 32GB, 1TB SSD)",LT-100553,SYN-UK9405QM,,lt-100553,lt-100553,02:00:00:174:254:233,Offboarding return and sanitization - SYN-LT-100553,"Unit 302, 13 Example Street, Example District, Example City",+63 900 035 1410,Retracted,IT Support Queue,N,,,,
EMP-0515,"BROWN, ELLIS","ExampleView 27"" QHD Monitor",LT-100162,SYN-Y3RY5JH9,,lt-100162,lt-100162,02:00:00:116:111:02,Temporary loan for coverage period - SYN-LT-100162,"Unit 1802, 88 Example Street, Example District, Example City",+63 900 515 5748,Retracted,Support Technician A,Y,,,,
EMP-0733,"MILLER, HARPER","ExampleBook Air 13 (i7, 8GB, 256GB SSD)",LT-100254,SYN-HPAYWQYJ,,lt-100254,lt-100254,02:00:00:195:145:137,Broken screen replacement - SYN-LT-100254,"Unit 102, 44 Example Street, Example District, Example City",+63 900 733 6103,For Repair,Support Technician A,Y,,,,
EMP-0053,"TESTER, BLAIR","ExampleView 27"" QHD Monitor",LT-100321,SYN-LUA79WTM,,lt-100321,lt-100321,02:00:00:13:43:00,Offboarding return and sanitization - SYN-LT-100321,"Unit 3402, 16 Example Street, Example District, Example City",+63 900 053 0991,For Pickup,Support Technician B,Y,,,,
EMP-0011,"MILLER, JAMIE","ExampleTower SFF (i5, 16GB, 512GB SSD)",LT-100559,SYN-81FDYGKB,,lt-100559,lt-100559,02:00:00:117:36:252,Broken screen replacement - SYN-LT-100559,"Unit 1502, 18 Example Street, Example District, Example City",+63 900 011 5365,Retracted,Support Technician B,Y,,,,
EMP-0041,"SMITH, TATUM","ExamplePad 11 Tablet (8GB, 128GB)",LT-100580,SYN-B4X4S6GV,,lt-100580,lt-100580,02:00:00:03:234:108,Temporary loan for coverage period - SYN-LT-100580,"Unit 602, 80 Example Street, Example District, Example City",+63 900 041 2202,Deployed,Support Technician A,N,,,,
EMP-0380,"JOHNSON, INDIGO","ExamplePad 11 Tablet (8GB, 128GB)",LT-100522,SYN-2RE1V8F0,,lt-100522,lt-100522,02:00:00:158:203:33,Broken screen replacement - SYN-LT-100522,"Unit 602, 83 Example Street, Example District, Example City",+63 900 380 5992,Retracted,IT Support Queue,Y,,,,
EMP-0077,"TESTER, ELLIS",,,,,,,,Pending device allocation,"Unit 1202, 83 Example Street, Example District, Example City",+63 900 077 0365,Deployed,Support Technician A,N,,,,
EMP-0594,"DOE, REESE",,,,,,,,Pending device allocation,"Unit 2902, 42 Example Street, Example District, Example City",+63 900 594 3071,Deployed,IT Support Queue,N,,,,
EMP-0231,"MILLER, FRANKIE",,,,,,,,Pending device allocation,"Unit 1002, 2 Example Street, Example District, Example City",+63 900 231 2815,Deployed,IT Support Queue,N,,,,
EMP-0653,"WILLIAMS, CASEY","ExampleView 27"" QHD Monitor",LT-100534,SYN-QVTGWF8F,,lt-100534,lt-100534,02:00:00:228:149:138,New starter onboarding - device SYN-LT-100534,"Unit 1302, 59 Example Street, Example District, Example City",+63 900 653 3005,Deployed,IT Support Queue,N,,,,
EMP-0146,"SAMPLE, DANA","ExampleTower Mini (i7, 32GB, 1TB SSD)",LT-100420,SYN-SLFW0ZAB,,lt-100420,lt-100420,02:00:00:111:182:213,Laptop replacement - hardware fault on SYN-LT-100420,"Unit 3402, 26 Example Street, Example District, Example City",+63 900 146 9878,Retracted,Support Technician B,N,,,,
EMP-0414,"WILLIAMS, KAI","ExampleTower Mini (i7, 32GB, 1TB SSD)",LT-100006,SYN-BG1T591J,,lt-100006,lt-100006,02:00:00:188:192:12,New starter onboarding - device SYN-LT-100006,"Unit 3702, 76 Example Street, Example District, Example City",+63 900 414 6172,Retracted,IT Support Queue,N,,,,
EMP-0032,"CLARK, OAKLEY","ExampleStation 15 (i5, 16GB, 1TB HDD)",LT-100405,SYN-1JQVYW40,,lt-100405,lt-100405,02:00:00:120:140:24,Offboarding return and sanitization - SYN-LT-100405,"Unit 3002, 66 Example Street, Example District, Example City",+63 900 032 3912,For Repair,Support Technician A,Y,,,,
EMP-0475,"JOHNSON, KAI","ExampleBook Pro 14 (i5, 16GB, 512GB SSD)",LT-100313,SYN-5CJAWYL2,,lt-100313,lt-100313,02:00:00:108:118:97,Broken screen replacement - SYN-LT-100313,"Unit 3802, 53 Example Street, Example District, Example City",+63 900 475 5886,Retracted,Support Technician A,Y,,,,
EMP-0765,"JOHNSON, NOEL","ExampleBook Pro 14 (i5, 16GB, 512GB SSD)",LT-100298,SYN-HTS2JNF3,,lt-100298,lt-100298,02:00:00:41:203:22,Scheduled refresh of legacy device SYN-LT-100298,"Unit 3102, 61 Example Street, Example District, Example City",+63 900 765 1770,Retracted,Support Technician B,N,,,,
EMP-0253,"WILLIAMS, OAKLEY","ExampleTower SFF (i5, 16GB, 512GB SSD)",LT-100420,SYN-0G9CU0ES,,lt-100420,lt-100420,02:00:00:254:185:200,Offboarding return and sanitization - SYN-LT-100420,"Unit 1602, 54 Example Street, Example District, Example City",+63 900 253 7929,For Pickup,Support Technician B,Y,,,,
EMP-0626,"SMITH, HARPER","ExampleTower Mini (i7, 32GB, 1TB SSD)",LT-100376,SYN-4JJ63JF7,,lt-100376,lt-100376,02:00:00:231:185:58,Offboarding return and sanitization - SYN-LT-100376,"Unit 902, 64 Example Street, Example District, Example City",+63 900 626 6627,Retracted,IT Support Queue,Y,,,,
EMP-0241,"MILLER, GRAY",,,,,,,,Pending device allocation,"Unit 2202, 15 Example Street, Example District, Example City",+63 900 241 4078,Deployed,IT Support Queue,N,,,,
EMP-0619,"BROWN, BLAIR","ExampleView 24"" IPS Monitor",LT-100364,SYN-PTVPRJFH,,lt-100364,lt-100364,02:00:00:204:75:241,Broken screen replacement - SYN-LT-100364,"Unit 1502, 40 Example Street, Example District, Example City",+63 900 619 9462,Retracted,Support Technician B,Y,,,,
EMP-0178,"BROWN, ELLIS","ExampleTower SFF (i5, 16GB, 512GB SSD)",LT-100315,SYN-R28Q68MX,,lt-100315,lt-100315,02:00:00:99:191:66,Scheduled refresh of legacy device SYN-LT-100315,"Unit 2602, 48 Example Street, Example District, Example City",+63 900 178 6613,Deployed,IT Support Queue,Y,,,,
EMP-0477,"PLACEHOLDER, OAKLEY","ExampleTower Mini (i7, 32GB, 1TB SSD)",LT-100259,SYN-AEF8SB26,,lt-100259,lt-100259,02:00:00:183:173:96,Temporary loan for coverage period - SYN-LT-100259,"Unit 3102, 13 Example Street, Example District, Example City",+63 900 477 9856,For Repair,IT Support Queue,Y,,,,
EMP-0600,"MILLER, TATUM","ExampleBook Air 13 (i7, 8GB, 256GB SSD)",LT-100400,SYN-MLV5QDTT,,lt-100400,lt-100400,02:00:00:95:156:119,New starter onboarding - device SYN-LT-100400,"Unit 2502, 81 Example Street, Example District, Example City",+63 900 600 1102,For Repair,Support Technician B,N,,,,
EMP-0207,"JOHNSON, OAKLEY","ExampleView 24"" IPS Monitor",LT-100532,SYN-AY7XEQ4N,,lt-100532,lt-100532,02:00:00:71:81:43,New starter onboarding - device SYN-LT-100532,"Unit 1102, 32 Example Street, Example District, Example City",+63 900 207 7525,Retracted,Support Technician A,N,,,,
EMP-0723,"CLARK, MORGAN","ExampleBook Air 13 (i7, 8GB, 256GB SSD)",LT-100516,SYN-X5RS74XS,,lt-100516,lt-100516,02:00:00:122:201:246,Broken screen replacement - SYN-LT-100516,"Unit 2602, 86 Example Street, Example District, Example City",+63 900 723 0954,Deployed,Support Technician B,N,,,,
EMP-0286,"DOE, LEE",,,,,,,,Pending device allocation,"Unit 1202, 40 Example Street, Example District, Example City",+63 900 286 1358,Ready for Release,Support Technician B,N,,,,
EMP-0636,"SMITH, INDIGO","ExampleTower SFF (i5, 16GB, 512GB SSD)",LT-100268,SYN-642NHQ3Z,,lt-100268,lt-100268,02:00:00:201:56:81,Temporary loan for coverage period - SYN-LT-100268,"Unit 3702, 23 Example Street, Example District, Example City",+63 900 636 7481,For Repair,Support Technician A,Y,,,,
EMP-0079,"CLARK, CASEY",,,,,,,,Pending device allocation,"Unit 2902, 82 Example Street, Example District, Example City",+63 900 079 0265,Retracted,IT Support Queue,N,,,,
EMP-0344,"JOHNSON, ALEX","ExampleBook Air 13 (i7, 8GB, 256GB SSD)",LT-100434,SYN-A9UCE52Q,,lt-100434,lt-100434,02:00:00:16:160:143,New starter onboarding - device SYN-LT-100434,"Unit 2802, 54 Example Street, Example District, Example City",+63 900 344 8639,Ready for Release,Support Technician A,Y,,,,
EMP-0453,"BROWN, KAI",,,,,,,,Pending device allocation,"Unit 1402, 41 Example Street, Example District, Example City",+63 900 453 3694,Deployed,Support Technician B,N,,,,
EMP-0737,"WILLIAMS, QUINN","ExamplePad 11 Tablet (8GB, 128GB)",LT-100527,SYN-GV4TEHEL,,lt-100527,lt-100527,02:00:00:148:69:04,New starter onboarding - device SYN-LT-100527,"Unit 1602, 60 Example Street, Example District, Example City",+63 900 737 8280,Deployed,IT Support Queue,N,,,,
EMP-0446,"PLACEHOLDER, ELLIS","ExampleBook Air 13 (i7, 8GB, 256GB SSD)",LT-100433,SYN-4Q7W3MAX,,lt-100433,lt-100433,02:00:00:110:160:249,Scheduled refresh of legacy device SYN-LT-100433,"Unit 3502, 44 Example Street, Example District, Example City",+63 900 446 3408,For Pickup,IT Support Queue,N,,,,
EMP-0330,"TESTER, SAWYER","ExampleBook Pro 14 (i5, 16GB, 512GB SSD)",LT-100372,SYN-M6CZDMZE,,lt-100372,lt-100372,02:00:00:198:190:61,New starter onboarding - device SYN-LT-100372,"Unit 1302, 30 Example Street, Example District, Example City",+63 900 330 1468,Deployed,IT Support Queue,Y,,,,
EMP-0071,"DOE, LEE","ExampleView 24"" IPS Monitor",LT-100409,SYN-0BRCSRAQ,,lt-100409,lt-100409,02:00:00:135:99:133,Broken screen replacement - SYN-LT-100409,"Unit 1402, 20 Example Street, Example District, Example City",+63 900 071 3743,Deployed,Support Technician B,N,,,,
EMP-0162,"WILLIAMS, TATUM","ExampleTower Mini (i7, 32GB, 1TB SSD)",LT-100377,SYN-R4CZEQS0,,lt-100377,lt-100377,02:00:00:157:236:175,New starter onboarding - device SYN-LT-100377,"Unit 2402, 21 Example Street, Example District, Example City",+63 900 162 0505,Deployed,Support Technician B,Y,,,,
EMP-0472,"SMITH, CASEY","ExampleView 27"" QHD Monitor",LT-100335,SYN-Q554ULAV,,lt-100335,lt-100335,02:00:00:226:91:188,New starter onboarding - device SYN-LT-100335,"Unit 2202, 84 Example Street, Example District, Example City",+63 900 472 5619,For Pickup,IT Support Queue,N,,,,
EMP-0527,"JOHNSON, INDIGO","ExampleView 27"" QHD Monitor",LT-100056,SYN-1YFSY6YG,,lt-100056,lt-100056,02:00:00:140:157:144,Laptop replacement - hardware fault on SYN-LT-100056,"Unit 2202, 20 Example Street, Example District, Example City",+63 900 527 8423,Retracted,IT Support Queue,Y,,,,
EMP-0770,"BROWN, KAI","ExampleStation 15 (i5, 16GB, 1TB HDD)",LT-100448,SYN-MMLXDRDQ,,lt-100448,lt-100448,02:00:00:151:235:150,Offboarding return and sanitization - SYN-LT-100448,"Unit 2502, 11 Example Street, Example District, Example City",+63 900 770 1518,Deployed,Support Technician B,N,,,,
EMP-0142,"PLACEHOLDER, ELLIS","ExampleView 27"" QHD Monitor",LT-100569,SYN-NUXSQLC4,,lt-100569,lt-100569,02:00:00:191:65:255,Temporary loan for coverage period - SYN-LT-100569,"Unit 3602, 87 Example Street, Example District, Example City",+63 900 142 9910,For Pickup,Support Technician B,Y,,,,
EMP-0045,"TESTER, OAKLEY","ExampleView 27"" QHD Monitor",LT-100484,SYN-VS72489W,,lt-100484,lt-100484,02:00:00:125:65:95,Scheduled refresh of legacy device SYN-LT-100484,"Unit 3902, 11 Example Street, Example District, Example City",+63 900 045 8459,For Repair,Support Technician B,Y,,,,
EMP-0355,"BROWN, QUINN","ExampleView 27"" QHD Monitor",LT-100293,SYN-GK2UGJB5,,lt-100293,lt-100293,02:00:00:156:153:86,Scheduled refresh of legacy device SYN-LT-100293,"Unit 302, 29 Example Street, Example District, Example City",+63 900 355 2151,For Repair,Support Technician B,N,,,,
EMP-0065,"MILLER, ALEX",,,,,,,,Pending device allocation,"Unit 1702, 71 Example Street, Example District, Example City",+63 900 065 0071,For Pickup,IT Support Queue,N,,,,
EMP-0462,"DOE, HARPER","ExampleTower Mini (i7, 32GB, 1TB SSD)",LT-100361,SYN-L45AJA2W,,lt-100361,lt-100361,02:00:00:148:147:54,New starter onboarding - device SYN-LT-100361,"Unit 3202, 50 Example Street, Example District, Example City",+63 900 462 6389,Retracted,Support Technician B,N,,,,
EMP-0728,"WILLIAMS, CASEY","ExampleTower SFF (i5, 16GB, 512GB SSD)",LT-100223,SYN-YA18KHUC,,lt-100223,lt-100223,02:00:00:09:146:206,Broken screen replacement - SYN-LT-100223,"Unit 2402, 55 Example Street, Example District, Example City",+63 900 728 7469,Retracted,Support Technician A,Y,,,,
EMP-0391,"WILLIAMS, REESE","ExampleTower SFF (i5, 16GB, 512GB SSD)",LT-100112,SYN-M6FJC860,,lt-100112,lt-100112,02:00:00:75:76:234,Broken screen replacement - SYN-LT-100112,"Unit 1002, 11 Example Street, Example District, Example City",+63 900 391 7078,Ready for Release,Support Technician A,N,,,,
EMP-0340,"DOE, TATUM","ExampleTower Mini (i7, 32GB, 1TB SSD)",LT-100028,SYN-K09VSB82,,lt-100028,lt-100028,02:00:00:126:120:17,Broken screen replacement - SYN-LT-100028,"Unit 3502, 25 Example Street, Example District, Example City",+63 900 340 4926,Retracted,IT Support Queue,Y,,,,
EMP-0083,"BROWN, PARKER","ExamplePad 11 Tablet (8GB, 128GB)",LT-100326,SYN-WWBS6CLQ,,lt-100326,lt-100326,02:00:00:40:122:58,Broken screen replacement - SYN-LT-100326,"Unit 702, 67 Example Street, Example District, Example City",+63 900 083 6228,For Repair,Support Technician B,Y,,,,
EMP-0250,"WILLIAMS, DANA","ExampleBook Pro 14 (i5, 16GB, 512GB SSD)",LT-100300,SYN-LZQ8HEWQ,,lt-100300,lt-100300,02:00:00:127:106:175,New starter onboarding - device SYN-LT-100300,"Unit 1902, 34 Example Street, Example District, Example City",+63 900 250 2844,For Repair,IT Support Queue,Y,,,,
EMP-0165,"WILLIAMS, DANA","ExampleBook Air 13 (i7, 8GB, 256GB SSD)",LT-100498,SYN-SZK2MD0M,,lt-100498,lt-100498,02:00:00:173:29:74,New starter onboarding - device SYN-LT-100498,"Unit 802, 90 Example Street, Example District, Example City",+63 900 165 8298,Ready for Release,Support Technician A,N,,,,
EMP-0695,"DOE, SAWYER","ExampleBook Air 13 (i7, 8GB, 256GB SSD)",LT-100218,SYN-R5QEFZUR,,lt-100218,lt-100218,02:00:00:121:228:135,Broken screen replacement - SYN-LT-100218,"Unit 2602, 60 Example Street, Example District, Example City",+63 900 695 0165,Deployed,Support Technician B,Y,,,,
EMP-0034,"PLACEHOLDER, CASEY",,,,,,,,Pending device allocation,"Unit 1802, 47 Example Street, Example District, Example City",+63 900 034 0342,For Pickup,Support Technician B,N,,,,
EMP-0054,"MILLER, FRANKIE",,,,,,,,Pending device allocation,"Unit 2102, 23 Example Street, Example District, Example City",+63 900 054 5180,Retracted,Support Technician A,N,,,,
EMP-0231,"MILLER, FRANKIE","ExampleTower Mini (i7, 32GB, 1TB SSD)",LT-100003,SYN-CY0XTT94,,lt-100003,lt-100003,02:00:00:08:212:158,Laptop replacement - hardware fault on SYN-LT-100003,"Unit 2502, 11 Example Street, Example District, Example City",+63 900 231 2815,Retracted,Support Technician B,N,,,,
EMP-0349,"SAMPLE, TATUM","ExamplePad 11 Tablet (8GB, 128GB)",LT-100296,SYN-94R16Q69,,lt-100296,lt-100296,02:00:00:18:170:120,Broken screen replacement - SYN-LT-100296,"Unit 3802, 11 Example Street, Example District, Example City",+63 900 349 4137,For Repair,Support Technician A,Y,,,,
EMP-0400,"WILLIAMS, QUINN",,,,,,,,Pending device allocation,"Unit 2202, 33 Example Street, Example District, Example City",+63 900 400 6111,Deployed,Support Technician A,N,,,,
EMP-0749,"BROWN, TATUM","ExampleBook Air 13 (i7, 8GB, 256GB SSD)",LT-100301,SYN-8YJ1KR0Y,,lt-100301,lt-100301,02:00:00:108:107:80,Offboarding return and sanitization - SYN-LT-100301,"Unit 502, 23 Example Street, Example District, Example City",+63 900 749 0278,Deployed,Support Technician B,Y,,,,
EMP-0292,"BROWN, KAI","ExampleView 27"" QHD Monitor",LT-100331,SYN-AFUAXLKZ,,lt-100331,lt-100331,02:00:00:153:150:193,New starter onboarding - device SYN-LT-100331,"Unit 3002, 49 Example Street, Example District, Example City",+63 900 292 3663,Deployed,Support Technician A,N,,,,
EMP-0593,"SAMPLE, LEE","ExampleView 27"" QHD Monitor",LT-100591,SYN-H9QLXR5Q,,lt-100591,lt-100591,02:00:00:209:245:235,Broken screen replacement - SYN-LT-100591,"Unit 2902, 42 Example Street, Example District, Example City",+63 900 593 2814,Deployed,IT Support Queue,Y,,,,
EMP-0543,"DOE, DANA","ExampleTower SFF (i5, 16GB, 512GB SSD)",LT-100357,SYN-ZC5U3QAT,,lt-100357,lt-100357,02:00:00:33:175:57,Temporary loan for coverage period - SYN-LT-100357,"Unit 3302, 29 Example Street, Example District, Example City",+63 900 543 2113,For Repair,Support Technician A,N,,,,
EMP-0359,"PLACEHOLDER, GRAY","ExamplePad 11 Tablet (8GB, 128GB)",LT-100395,SYN-T7MCUAKF,,lt-100395,lt-100395,02:00:00:252:90:41,Offboarding return and sanitization - SYN-LT-100395,"Unit 2202, 71 Example Street, Example District, Example City",+63 900 359 4198,Ready for Release,Support Technician A,Y,,,,
EMP-0429,"WILLIAMS, FRANKIE","ExampleStation 15 (i5, 16GB, 1TB HDD)",LT-100396,SYN-EHCEPYSM,,lt-100396,lt-100396,02:00:00:101:188:15,Offboarding return and sanitization - SYN-LT-100396,"Unit 1402, 49 Example Street, Example District, Example City",+63 900 429 1770,Ready for Release,Support Technician B,N,,,,
EMP-0363,"PLACEHOLDER, ELLIS",,,,,,,,Pending device allocation,"Unit 2102, 14 Example Street, Example District, Example City",+63 900 363 2257,Retracted,Support Technician A,N,,,,
EMP-0167,"WILLIAMS, PARKER","ExampleTower SFF (i5, 16GB, 512GB SSD)",LT-100106,SYN-NQPHNCKG,,lt-100106,lt-100106,02:00:00:16:107:57,Laptop replacement - hardware fault on SYN-LT-100106,"Unit 3102, 47 Example Street, Example District, Example City",+63 900 167 8454,Deployed,Support Technician B,Y,,,,
EMP-0343,"MILLER, LEE","ExampleTower Mini (i7, 32GB, 1TB SSD)",LT-100550,SYN-DL404CE6,,lt-100550,lt-100550,02:00:00:224:142:187,Laptop replacement - hardware fault on SYN-LT-100550,"Unit 1202, 54 Example Street, Example District, Example City",+63 900 343 5727,Deployed,Support Technician B,Y,,,,
EMP-0253,"WILLIAMS, OAKLEY",,,,,,,,Pending device allocation,"Unit 902, 3 Example Street, Example District, Example City",+63 900 253 7929,Deployed,Support Technician A,N,,,,
EMP-0460,"MILLER, BLAIR",,,,,,,,Pending device allocation,"Unit 1402, 63 Example Street, Example District, Example City",+63 900 460 4557,Deployed,Support Technician A,N,,,,
EMP-0005,"JOHNSON, ALEX","ExampleStation 15 (i5, 16GB, 1TB HDD)",LT-100098,SYN-1XV4V48Z,,lt-100098,lt-100098,02:00:00:44:15:54,Broken screen replacement - SYN-LT-100098,"Unit 3602, 88 Example Street, Example District, Example City",+63 900 005 8690,Retracted,IT Support Queue,Y,,,,
EMP-0283,"PLACEHOLDER, FRANKIE","ExampleTower Mini (i7, 32GB, 1TB SSD)",LT-100449,SYN-V0VDVR2U,,lt-100449,lt-100449,02:00:00:188:59:19,Broken screen replacement - SYN-LT-100449,"Unit 1402, 1 Example Street, Example District, Example City",+63 900 283 6463,For Pickup,Support Technician B,Y,,,,
EMP-0726,"DOE, KAI","ExampleStation 15 (i5, 16GB, 1TB HDD)",LT-100411,SYN-RNLBH4R0,,lt-100411,lt-100411,02:00:00:149:208:219,Laptop replacement - hardware fault on SYN-LT-100411,"Unit 3502, 31 Example Street, Example District, Example City",+63 900 726 4696,Ready for Release,Support Technician A,Y,,,,
EMP-0266,"SMITH, ELLIS",,,,,,,,Pending device allocation,"Unit 1302, 44 Example Street, Example District, Example City",+63 900 266 0629,For Repair,Support Technician A,N,,,,
EMP-0603,"TESTER, ALEX","ExampleTower Mini (i7, 32GB, 1TB SSD)",LT-100266,SYN-E57SX9BN,,lt-100266,lt-100266,02:00:00:23:54:76,Offboarding return and sanitization - SYN-LT-100266,"Unit 3202, 56 Example Street, Example District, Example City",+63 900 603 9494,For Repair,Support Technician B,Y,,,,
EMP-0454,"DOE, OAKLEY",,,,,,,,Pending device allocation,"Unit 502, 42 Example Street, Example District, Example City",+63 900 454 8610,For Pickup,IT Support Queue,N,,,,
EMP-0580,"TESTER, DANA","ExampleView 27"" QHD Monitor",LT-100321,SYN-LFYW9816,,lt-100321,lt-100321,02:00:00:126:166:145,Laptop replacement - hardware fault on SYN-LT-100321,"Unit 3102, 46 Example Street, Example District, Example City",+63 900 580 7690,Deployed,Support Technician A,N,,,,
EMP-0450,"TESTER, ALEX",,,,,,,,Pending device allocation,"Unit 1002, 22 Example Street, Example District, Example City",+63 900 450 7742,For Pickup,Support Technician A,N,,,,
EMP-0693,"JOHNSON, QUINN","ExampleStation 15 (i5, 16GB, 1TB HDD)",LT-100247,SYN-H4GJ37ZD,,lt-100247,lt-100247,02:00:00:05:104:113,Temporary loan for coverage period - SYN-LT-100247,"Unit 902, 7 Example Street, Example District, Example City",+63 900 693 3586,Deployed,Support Technician B,N,,,,
EMP-0294,"PLACEHOLDER, TATUM",,,,,,,,Pending device allocation,"Unit 1402, 9 Example Street, Example District, Example City",+63 900 294 1213,Deployed,Support Technician A,N,,,,
EMP-0208,"JOHNSON, BLAIR","ExampleView 24"" IPS Monitor",LT-100101,SYN-X9H01076,,lt-100101,lt-100101,02:00:00:16:220:102,Broken screen replacement - SYN-LT-100101,"Unit 702, 22 Example Street, Example District, Example City",+63 900 208 8687,Retracted,IT Support Queue,N,,,,
EMP-0067,"SMITH, CASEY",,,,,,,,Pending device allocation,"Unit 302, 56 Example Street, Example District, Example City",+63 900 067 4816,For Pickup,Support Technician B,N,,,,
EMP-0510,"WILLIAMS, INDIGO","ExamplePad 11 Tablet (8GB, 128GB)",LT-100027,SYN-PEUVYAV4,,lt-100027,lt-100027,02:00:00:177:01:235,Offboarding return and sanitization - SYN-LT-100027,"Unit 1502, 9 Example Street, Example District, Example City",+63 900 510 1866,Deployed,Support Technician A,Y,,,,
EMP-0192,"WILLIAMS, ALEX","ExampleTower Mini (i7, 32GB, 1TB SSD)",LT-100098,SYN-TD6FGG2A,,lt-100098,lt-100098,02:00:00:101:24:200,Temporary loan for coverage period - SYN-LT-100098,"Unit 1102, 53 Example Street, Example District, Example City",+63 900 192 1968,Deployed,Support Technician B,Y,,,,
EMP-0626,"SMITH, HARPER","ExampleBook Pro 14 (i5, 16GB, 512GB SSD)",LT-100404,SYN-FWDXA2B9,,lt-100404,lt-100404,02:00:00:240:139:192,Offboarding return and sanitization - SYN-LT-100404,"Unit 202, 7 Example Street, Example District, Example City",+63 900 626 6627,Deployed,Support Technician B,N,,,,
EMP-0170,"CLARK, GRAY","ExampleBook Air 13 (i7, 8GB, 256GB SSD)",LT-100074,SYN-QVL1CDZR,,lt-100074,lt-100074,02:00:00:192:82:39,Laptop replacement - hardware fault on SYN-LT-100074,"Unit 802, 23 Example Street, Example District, Example City",+63 900 170 7433,Deployed,Support Technician B,N,,,,
EMP-0005,"JOHNSON, ALEX",,,,,,,,Pending device allocation,"Unit 602, 12 Example Street, Example District, Example City",+63 900 005 8690,For Repair,Support Technician B,N,,,,
EMP-0072,"WILLIAMS, MORGAN",,,,,,,,Pending device allocation,"Unit 1102, 12 Example Street, Example District, Example City",+63 900 072 2526,Deployed,Support Technician B,N,,,,
EMP-0271,"BROWN, KAI","ExampleBook Pro 14 (i5, 16GB, 512GB SSD)",LT-100180,SYN-6AD77MM0,,lt-100180,lt-100180,02:00:00:150:55:206,New starter onboarding - device SYN-LT-100180,"Unit 2102, 54 Example Street, Example District, Example City",+63 900 271 3048,Ready for Release,IT Support Queue,N,,,,
EMP-0614,"DOE, REESE",,,,,,,,Pending device allocation,"Unit 2102, 84 Example Street, Example District, Example City",+63 900 614 1429,For Pickup,IT Support Queue,N,,,,
EMP-0370,"BROWN, OAKLEY",,,,,,,,Pending device allocation,"Unit 102, 23 Example Street, Example District, Example City",+63 900 370 2456,Retracted,Support Technician B,N,,,,
EMP-0108,"CLARK, JAMIE","ExampleBook Pro 14 (i5, 16GB, 512GB SSD)",LT-100525,SYN-4M8186XH,,lt-100525,lt-100525,02:00:00:160:144:00,New starter onboarding - device SYN-LT-100525,"Unit 2002, 2 Example Street, Example District, Example City",+63 900 108 2691,Retracted,Support Technician B,N,,,,
EMP-0682,"PLACEHOLDER, BLAIR","ExampleTower SFF (i5, 16GB, 512GB SSD)",LT-100193,SYN-BDF8KH5V,,lt-100193,lt-100193,02:00:00:101:39:14,Scheduled refresh of legacy device SYN-LT-100193,"Unit 2802, 29 Example Street, Example District, Example City",+63 900 682 4928,Deployed,Support Technician A,Y,,,,
EMP-0493,"MILLER, BLAIR","ExampleView 24"" IPS Monitor",LT-100215,SYN-QKCQYZ18,,lt-100215,lt-100215,02:00:00:24:51:37,Broken screen replacement - SYN-LT-100215,"Unit 1702, 87 Example Street, Example District, Example City",+63 900 493 4458,For Repair,IT Support Queue,N,,,,
EMP-0337,"SAMPLE, MORGAN","ExampleView 24"" IPS Monitor",LT-100417,SYN-SGEK8PXK,,lt-100417,lt-100417,02:00:00:97:158:199,New starter onboarding - device SYN-LT-100417,"Unit 1102, 53 Example Street, Example District, Example City",+63 900 337 7009,For Repair,Support Technician A,Y,,,,
EMP-0117,"WILLIAMS, PARKER","ExamplePad 11 Tablet (8GB, 128GB)",LT-100249,SYN-7TXWPR55,,lt-100249,lt-100249,02:00:00:247:81:193,Broken screen replacement - SYN-LT-100249,"Unit 2502, 19 Example Street, Example District, Example City",+63 900 117 9202,Ready for Release,Support Technician A,Y,,,,
EMP-0384,"BROWN, ALEX",,,,,,,,Pending device allocation,"Unit 3402, 24 Example Street, Example District, Example City",+63 900 384 5666,Deployed,IT Support Queue,N,,,,
EMP-0539,"BROWN, ALEX","ExampleView 24"" IPS Monitor",LT-100189,SYN-34Y4S230,,lt-100189,lt-100189,02:00:00:223:139:247,Temporary loan for coverage period - SYN-LT-100189,"Unit 102, 71 Example Street, Example District, Example City",+63 900 539 2826,Deployed,Support Technician A,Y,,,,
EMP-0196,"MILLER, BLAIR","ExampleBook Pro 14 (i5, 16GB, 512GB SSD)",LT-100218,SYN-JB9B64TF,,lt-100218,lt-100218,02:00:00:111:147:52,Temporary loan for coverage period - SYN-LT-100218,"Unit 2202, 10 Example Street, Example District, Example City",+63 900 196 0570,For Pickup,Support Technician B,N,,,,
EMP-0173,"PLACEHOLDER, MORGAN","ExampleView 27"" QHD Monitor",LT-100052,SYN-YTSUBETG,,lt-100052,lt-100052,02:00:00:177:16:24,Laptop replacement - hardware fault on SYN-LT-100052,"Unit 802, 27 Example Street, Example District, Example City",+63 900 173 2627,Deployed,IT Support Queue,Y,,,,
EMP-0557,"TESTER, ELLIS","ExampleBook Air 13 (i7, 8GB, 256GB SSD)",LT-100050,SYN-PD2S7SNZ,,lt-100050,lt-100050,02:00:00:198:104:205,Offboarding return and sanitization - SYN-LT-100050,"Unit 202, 28 Example Street, Example District, Example City",+63 900 557 3696,Deployed,Support Technician B,N,,,,
EMP-0656,"SMITH, KAI","ExampleTower SFF (i5, 16GB, 512GB SSD)",LT-100314,SYN-9KUJSW56,,lt-100314,lt-100314,02:00:00:68:15:179,New starter onboarding - device SYN-LT-100314,"Unit 2802, 79 Example Street, Example District, Example City",+63 900 656 8526,Deployed,Support Technician B,Y,,,,
EMP-0691,"JOHNSON, TATUM","ExampleView 24"" IPS Monitor",LT-100207,SYN-QH0UK211,,lt-100207,lt-100207,02:00:00:87:79:52,Broken screen replacement - SYN-LT-100207,"Unit 1902, 6 Example Street, Example District, Example City",+63 900 691 6598,Deployed,Support Technician A,N,,,,
EMP-0023,"MILLER, TATUM","ExamplePad 11 Tablet (8GB, 128GB)",LT-100457,SYN-PCFSCEWA,,lt-100457,lt-100457,02:00:00:163:223:70,Temporary loan for coverage period - SYN-LT-100457,"Unit 502, 72 Example Street, Example District, Example City",+63 900 023 9812,For Repair,Support Technician B,N,,,,
EMP-0146,"SAMPLE, DANA","ExamplePad 11 Tablet (8GB, 128GB)",LT-100040,SYN-PVH7HDW7,,lt-100040,lt-100040,02:00:00:173:209:15,Laptop replacement - hardware fault on SYN-LT-100040,"Unit 3102, 73 Example Street, Example District, Example City",+63 900 146 9878,Ready for Release,IT Support Queue,Y,,,,
EMP-0037,"DOE, BLAIR","ExamplePad 11 Tablet (8GB, 128GB)",LT-100229,SYN-1GE7TVAG,,lt-100229,lt-100229,02:00:00:174:211:09,Broken screen replacement - SYN-LT-100229,"Unit 3402, 16 Example Street, Example District, Example City",+63 900 037 7979,For Pickup,IT Support Queue,Y,,,,
EMP-0427,"DOE, TATUM",,,,,,,,Pending device allocation,"Unit 3602, 34 Example Street, Example District, Example City",+63 900 427 9070,For Pickup,Support Technician B,N,,,,
EMP-0523,"SMITH, TATUM","ExampleView 24"" IPS Monitor",LT-100172,SYN-L6T3NWTC,,lt-100172,lt-100172,02:00:00:36:61:88,Broken screen replacement - SYN-LT-100172,"Unit 402, 15 Example Street, Example District, Example City",+63 900 523 7683,For Pickup,IT Support Queue,Y,,,,
EMP-0098,"WILLIAMS, OAKLEY","ExampleTower SFF (i5, 16GB, 512GB SSD)",LT-100312,SYN-DMFBQ0F8,,lt-100312,lt-100312,02:00:00:92:35:43,Scheduled refresh of legacy device SYN-LT-100312,"Unit 3702, 32 Example Street, Example District, Example City",+63 900 098 3411,Deployed,Support Technician B,Y,,,,
EMP-0435,"DOE, BLAIR","ExampleView 24"" IPS Monitor",LT-100302,SYN-AB1J0S17,,lt-100302,lt-100302,02:00:00:154:131:231,Temporary loan for coverage period - SYN-LT-100302,"Unit 102, 65 Example Street, Example District, Example City",+63 900 435 4136,Deployed,IT Support Queue,Y,,,,
EMP-0766,"SAMPLE, HARPER","ExampleBook Pro 14 (i5, 16GB, 512GB SSD)",LT-100152,SYN-DJXYZZH1,,lt-100152,lt-100152,02:00:00:49:57:65,New starter onboarding - device SYN-LT-100152,"Unit 4002, 7 Example Street, Example District, Example City",+63 900 766 1468,Retracted,Support Technician B,Y,,,,
EMP-0019,"SAMPLE, BLAIR","ExampleView 27"" QHD Monitor",LT-100143,SYN-DMP6QSYW,,lt-100143,lt-100143,02:00:00:217:50:125,New starter onboarding - device SYN-LT-100143,"Unit 2002, 67 Example Street, Example District, Example City",+63 900 019 7186,Retracted,Support Technician B,N,,,,
EMP-0682,"PLACEHOLDER, BLAIR","ExampleBook Pro 14 (i5, 16GB, 512GB SSD)",LT-100025,SYN-2JCV4QVF,,lt-100025,lt-100025,02:00:00:91:237:224,Scheduled refresh of legacy device SYN-LT-100025,"Unit 3802, 17 Example Street, Example District, Example City",+63 900 682 4928,Ready for Release,IT Support Queue,Y,,,,
EMP-0254,"SAMPLE, TATUM","ExampleView 27"" QHD Monitor",LT-100380,SYN-52URHXRX,,lt-100380,lt-100380,02:00:00:185:21:75,Broken screen replacement - SYN-LT-100380,"Unit 302, 77 Example Street, Example District, Example City",+63 900 254 1397,Ready for Release,IT Support Queue,Y,,,,
EMP-0502,"JOHNSON, FRANKIE",,,,,,,,Pending device allocation,"Unit 702, 6 Example Street, Example District, Example City",+63 900 502 6524,Retracted,Support Technician B,N,,,,
EMP-0128,"PLACEHOLDER, QUINN",,,,,,,,Pending device allocation,"Unit 1402, 69 Example Street, Example District, Example City",+63 900 128 0945,Deployed,IT Support Queue,N,,,,
EMP-0562,"SAMPLE, GRAY","ExampleBook Air 13 (i7, 8GB, 256GB SSD)",LT-100297,SYN-GNTZ6TG2,,lt-100297,lt-100297,02:00:00:141:66:219,Broken screen replacement - SYN-LT-100297,"Unit 2102, 6 Example Street, Example District, Example City",+63 900 562 5969,For Repair,Support Technician A,Y,,,,
EMP-0638,"BROWN, LEE","ExampleView 24"" IPS Monitor",LT-100121,SYN-ZBQGJ5D0,,lt-100121,lt-100121,02:00:00:109:38:44,Offboarding return and sanitization - SYN-LT-100121,"Unit 802, 21 Example Street, Example District, Example City",+63 900 638 5541,For Pickup,Support Technician A,Y,,,,
EMP-0496,"TESTER, MORGAN","ExampleTower SFF (i5, 16GB, 512GB SSD)",LT-100200,SYN-RM3W60CV,,lt-100200,lt-100200,02:00:00:96:173:176,New starter onboarding - device SYN-LT-100200,"Unit 2702, 3 Example Street, Example District, Example City",+63 900 496 7868,For Pickup,IT Support Queue,Y,,,,
EMP-0257,"JOHNSON, BLAIR","ExamplePad 11 Tablet (8GB, 128GB)",LT-100575,SYN-H911RMUT,,lt-100575,lt-100575,02:00:00:95:68:216,New starter onboarding - device SYN-LT-100575,"Unit 2402, 39 Example Street, Example District, Example City",+63 900 257 1880,Ready for Release,Support Technician A,Y,,,,
EMP-0364,"SAMPLE, TATUM",,,,,,,,Pending device allocation,"Unit 702, 42 Example Street, Example District, Example City",+63 900 364 6822,Deployed,IT Support Queue,N,,,,
EMP-0428,"DOE, JAMIE","ExampleView 24"" IPS Monitor",LT-100026,SYN-SPHJ5T1D,,lt-100026,lt-100026,02:00:00:174:28:139,Scheduled refresh of legacy device SYN-LT-100026,"Unit 402, 10 Example Street, Example District, Example City",+63 900 428 3977,Deployed,Support Technician A,Y,,,,
EMP-0711,"BROWN, FRANKIE",,,,,,,,Pending device allocation,"Unit 2902, 19 Example Street, Example District, Example City",+63 900 711 5019,Ready for Release,Support Technician B,N,,,,
EMP-0664,"SMITH, SAWYER",,,,,,,,Pending device allocation,"Unit 3902, 66 Example Street, Example District, Example City",+63 900 664 4557,For Pickup,Support Technician A,N,,,,
EMP-0466,"BROWN, HARPER",,,,,,,,Pending device allocation,"Unit 2502, 5 Example Street, Example District, Example City",+63 900 466 1844,For Repair,Support Technician A,N,,,,
EMP-0143,"SMITH, ELLIS","ExampleBook Pro 14 (i5, 16GB, 512GB SSD)",LT-100132,SYN-TNNEPTR6,,lt-100132,lt-100132,02:00:00:245:175:44,New starter onboarding - device SYN-LT-100132,"Unit 902, 45 Example Street, Example District, Example City",+63 900 143 9229,For Pickup,Support Technician A,Y,,,,
EMP-0220,"CLARK, JAMIE","ExampleTower SFF (i5, 16GB, 512GB SSD)",LT-100251,SYN-TEQRD7UJ,,lt-100251,lt-100251,02:00:00:147:51:92,Offboarding return and sanitization - SYN-LT-100251,"Unit 3402, 88 Example Street, Example District, Example City",+63 900 220 6473,For Repair,Support Technician B,N,,,,
EMP-0134,"SAMPLE, JAMIE","ExampleView 24"" IPS Monitor",LT-100262,SYN-LTSYYM1Y,,lt-100262,lt-100262,02:00:00:107:150:152,New starter onboarding - device SYN-LT-100262,"Unit 2402, 62 Example Street, Example District, Example City",+63 900 134 3419,Ready for Release,Support Technician B,Y,,,,
EMP-0634,"DOE, CASEY","ExampleStation 15 (i5, 16GB, 1TB HDD)",LT-100533,SYN-Y2G7EHP4,,lt-100533,lt-100533,02:00:00:80:138:152,Laptop replacement - hardware fault on SYN-LT-100533,"Unit 3802, 69 Example Street, Example District, Example City",+63 900 634 9602,Retracted,Support Technician B,N,,,,
EMP-0663,"CLARK, NOEL","ExampleBook Pro 14 (i5, 16GB, 512GB SSD)",LT-100317,SYN-3U5R4JGH,,lt-100317,lt-100317,02:00:00:15:03:55,Scheduled refresh of legacy device SYN-LT-100317,"Unit 1202, 61 Example Street, Example District, Example City",+63 900 663 1487,Retracted,IT Support Queue,N,,,,
EMP-0220,"CLARK, JAMIE",,,,,,,,Pending device allocation,"Unit 1002, 74 Example Street, Example District, Example City",+63 900 220 6473,Retracted,IT Support Queue,N,,,,
EMP-0381,"PLACEHOLDER, ELLIS",,,,,,,,Pending device allocation,"Unit 3002, 48 Example Street, Example District, Example City",+63 900 381 5381,For Pickup,Support Technician B,N,,,,
EMP-0011,"MILLER, JAMIE",,,,,,,,Pending device allocation,"Unit 1702, 26 Example Street, Example District, Example City",+63 900 011 5365,Deployed,Support Technician A,N,,,,
EMP-0729,"SMITH, FRANKIE","ExampleTower Mini (i7, 32GB, 1TB SSD)",LT-100230,SYN-25LPNV4F,,lt-100230,lt-100230,02:00:00:47:42:163,Offboarding return and sanitization - SYN-LT-100230,"Unit 3102, 38 Example Street, Example District, Example City",+63 900 729 1359,Deployed,IT Support Queue,N,,,,
EMP-0165,"WILLIAMS, DANA",,,,,,,,Pending device allocation,"Unit 1802, 33 Example Street, Example District, Example City",+63 900 165 8298,Ready for Release,Support Technician B,N,,,,
EMP-0188,"SAMPLE, REESE","ExamplePad 11 Tablet (8GB, 128GB)",LT-100001,SYN-0H532MGX,,lt-100001,lt-100001,02:00:00:253:238:02,Broken screen replacement - SYN-LT-100001,"Unit 102, 51 Example Street, Example District, Example City",+63 900 188 3580,For Pickup,IT Support Queue,N,,,,
EMP-0167,"WILLIAMS, PARKER",,,,,,,,Pending device allocation,"Unit 1502, 45 Example Street, Example District, Example City",+63 900 167 8454,Retracted,IT Support Queue,N,,,,
EMP-0668,"BROWN, GRAY","ExamplePad 11 Tablet (8GB, 128GB)",LT-100010,SYN-TD6K9HQ9,,lt-100010,lt-100010,02:00:00:113:94:116,Broken screen replacement - SYN-LT-100010,"Unit 1202, 74 Example Street, Example District, Example City",+63 900 668 9875,Deployed,Support Technician A,N,,,,
EMP-0674,"DOE, KAI","ExampleTower SFF (i5, 16GB, 512GB SSD)",LT-100185,SYN-JNU9ACNT,,lt-100185,lt-100185,02:00:00:192:19:96,Laptop replacement - hardware fault on SYN-LT-100185,"Unit 1602, 62 Example Street, Example District, Example City",+63 900 674 6520,Deployed,Support Technician B,Y,,,,
EMP-0672,"DOE, FRANKIE","ExampleBook Air 13 (i7, 8GB, 256GB SSD)",LT-100023,SYN-Z7PYR09V,,lt-100023,lt-100023,02:00:00:132:148:142,Scheduled refresh of legacy device SYN-LT-100023,"Unit 2002, 60 Example Street, Example District, Example City",+63 900 672 5366,For Repair,Support Technician A,Y,,,,
EMP-0095,"DOE, MORGAN","ExampleView 27"" QHD Monitor",LT-100194,SYN-W2M6Z76S,,lt-100194,lt-100194,02:00:00:131:207:37,Laptop replacement - hardware fault on SYN-LT-100194,"Unit 1302, 5 Example Street, Example District, Example City",+63 900 095 8124,Retracted,Support Technician A,Y,,,,
EMP-0304,"BROWN, HARPER","ExampleView 27"" QHD Monitor",LT-100002,SYN-1EGM8E2C,,lt-100002,lt-100002,02:00:00:54:32:132,New starter onboarding - device SYN-LT-100002,"Unit 2602, 90 Example Street, Example District, Example City",+63 900 304 3466,Deployed,Support Technician A,Y,,,,
EMP-0085,"MILLER, LEE","ExampleView 27"" QHD Monitor",LT-100403,SYN-KUU8Q7S0,,lt-100403,lt-100403,02:00:00:80:96:41,Temporary loan for coverage period - SYN-LT-100403,"Unit 2302, 9 Example Street, Example District, Example City",+63 900 085 5328,Deployed,Support Technician A,Y,,,,
EMP-0696,"SAMPLE, INDIGO","ExampleBook Pro 14 (i5, 16GB, 512GB SSD)",LT-100089,SYN-A01CFHDE,,lt-100089,lt-100089,02:00:00:55:03:134,Temporary loan for coverage period - SYN-LT-100089,"Unit 1502, 61 Example Street, Example District, Example City",+63 900 696 7779,Deployed,Support Technician A,Y,,,,
EMP-0190,"DOE, ALEX","ExampleBook Pro 14 (i5, 16GB, 512GB SSD)",LT-100258,SYN-57R2APKR,,lt-100258,lt-100258,02:00:00:176:104:88,Temporary loan for coverage period - SYN-LT-100258,"Unit 3302, 56 Example Street, Example District, Example City",+63 900 190 4661,For Repair,IT Support Queue,Y,,,,
EMP-0343,"MILLER, LEE","ExampleBook Air 13 (i7, 8GB, 256GB SSD)",LT-100023,SYN-YTEXM0XS,,lt-100023,lt-100023,02:00:00:169:107:96,Offboarding return and sanitization - SYN-LT-100023,"Unit 1102, 32 Example Street, Example District, Example City",+63 900 343 5727,Retracted,IT Support Queue,Y,,,,
EMP-0486,"SMITH, REESE",,,,,,,,Pending device allocation,"Unit 2102, 67 Example Street, Example District, Example City",+63 900 486 3692,Ready for Release,Support Technician B,N,,,,
EMP-0202,"JOHNSON, SAWYER","ExampleStation 15 (i5, 16GB, 1TB HDD)",LT-100442,SYN-0Q7AL8XD,,lt-100442,lt-100442,02:00:00:136:95:149,New starter onboarding - device SYN-LT-100442,"Unit 802, 19 Example Street, Example District, Example City",+63 900 202 1972,Ready for Release,Support Technician A,Y,,,,
EMP-0096,"SMITH, GRAY",,,,,,,,Pending device allocation,"Unit 802, 23 Example Street, Example District, Example City",+63 900 096 6372,For Repair,Support Technician A,N,,,,
EMP-0124,"SMITH, REESE","ExampleBook Pro 14 (i5, 16GB, 512GB SSD)",LT-100519,SYN-2QH3HZND,,lt-100519,lt-100519,02:00:00:224:77:193,Laptop replacement - hardware fault on SYN-LT-100519,"Unit 102, 83 Example Street, Example District, Example City",+63 900 124 3293,For Pickup,Support Technician A,N,,,,
EMP-0360,"BROWN, ELLIS","ExampleView 24"" IPS Monitor",LT-100043,SYN-TL1YRAZU,,lt-100043,lt-100043,02:00:00:106:108:228,Broken screen replacement - SYN-LT-100043,"Unit 102, 10 Example Street, Example District, Example City",+63 900 360 9861,Deployed,Support Technician B,Y,,,,
EMP-0001,"SAMPLE, GRAY",,,,,,,,Pending device allocation,"Unit 702, 7 Example Street, Example District, Example City",+63 900 001 2923,For Repair,Support Technician B,N,,,,
EMP-0118,"CLARK, HARPER","ExamplePad 11 Tablet (8GB, 128GB)",LT-100261,SYN-38MT8N7B,,lt-100261,lt-100261,02:00:00:213:82:139,New starter onboarding - device SYN-LT-100261,"Unit 802, 75 Example Street, Example District, Example City",+63 900 118 1001,Ready for Release,Support Technician A,N,,,,
EMP-0433,"SMITH, DANA","ExampleTower SFF (i5, 16GB, 512GB SSD)",LT-100156,SYN-16K2GFM6,,lt-100156,lt-100156,02:00:00:150:251:94,Scheduled refresh of legacy device SYN-LT-100156,"Unit 902, 72 Example Street, Example District, Example City",+63 900 433 4531,For Repair,Support Technician B,Y,,,,
EMP-0420,"PLACEHOLDER, REESE","ExampleStation 15 (i5, 16GB, 1TB HDD)",LT-100438,SYN-DFCTZRY1,,lt-100438,lt-100438,02:00:00:76:58:185,Scheduled refresh of legacy device SYN-LT-100438,"Unit 1802, 23 Example Street, Example District, Example City",+63 900 420 0966,For Repair,Support Technician A,Y,,,,
EMP-0589,"JOHNSON, FRANKIE","ExampleStation 15 (i5, 16GB, 1TB HDD)",LT-100388,SYN-39YJ1XKE,,lt-100388,lt-100388,02:00:00:128:36:186,Laptop replacement - hardware fault on SYN-LT-100388,"Unit 102, 33 Example Street, Example District, Example City",+63 900 589 8174,Ready for Release,Support Technician B,Y,,,,
EMP-0539,"BROWN, ALEX",,,,,,,,Pending device allocation,"Unit 3202, 37 Example Street, Example District, Example City",+63 900 539 2826,Deployed,Support Technician A,N,,,,
EMP-0556,"MILLER, NOEL","ExampleTower Mini (i7, 32GB, 1TB SSD)",LT-100006,SYN-LR5DQEXQ,,lt-100006,lt-100006,02:00:00:199:03:78,Offboarding return and sanitization - SYN-LT-100006,"Unit 1202, 71 Example Street, Example District, Example City",+63 900 556 8438,Deployed,IT Support Queue,Y,,,,
EMP-0549,"MILLER, LEE","ExampleView 27"" QHD Monitor",LT-100054,SYN-SQM3KRVG,,lt-100054,lt-100054,02:00:00:148:201:115,New starter onboarding - device SYN-LT-100054,"Unit 2802, 78 Example Street, Example District, Example City",+63 900 549 0703,Deployed,Support Technician A,Y,,,,
EMP-0374,"JOHNSON, CASEY","ExampleView 27"" QHD Monitor",LT-100572,SYN-WDP1QFRW,,lt-100572,lt-100572,02:00:00:142:237:22,New starter onboarding - device SYN-LT-100572,"Unit 4002, 11 Example Street, Example District, Example City",+63 900 374 4622,Ready for Release,Support Technician A,N,,,,
EMP-0014,"CLARK, JAMIE","ExampleBook Pro 14 (i5, 16GB, 512GB SSD)",LT-100334,SYN-QFC8HZ0F,,lt-100334,lt-100334,02:00:00:09:79:110,Laptop replacement - hardware fault on SYN-LT-100334,"Unit 3502, 13 Example Street, Example District, Example City",+63 900 014 1617,For Pickup,Support Technician A,Y,,,,
EMP-0498,"WILLIAMS, FRANKIE","ExampleStation 15 (i5, 16GB, 1TB HDD)",LT-100239,SYN-FKRMVXZR,,lt-100239,lt-100239,02:00:00:08:74:96,Temporary loan for coverage period - SYN-LT-100239,"Unit 102, 30 Example Street, Example District, Example City",+63 900 498 8202,Retracted,IT Support Queue,N,,,,
EMP-0274,"SAMPLE, BLAIR","ExampleBook Pro 14 (i5, 16GB, 512GB SSD)",LT-100595,SYN-LN4A30VB,,lt-100595,lt-100595,02:00:00:215:126:177,Scheduled refresh of legacy device SYN-LT-100595,"Unit 3302, 67 Example Street, Example District, Example City",+63 900 274 7829,Deployed,IT Support Queue,N,,,,
EMP-0304,"BROWN, HARPER","ExampleStation 15 (i5, 16GB, 1TB HDD)",LT-100555,SYN-HY496ARD,,lt-100555,lt-100555,02:00:00:240:11:41,New starter onboarding - device SYN-LT-100555,"Unit 2202, 75 Example Street, Example District, Example City",+63 900 304 3466,For Pickup,Support Technician B,N,,,,
EMP-0048,"BROWN, KAI","ExampleView 27"" QHD Monitor",LT-100229,SYN-GLRJ5T81,,lt-100229,lt-100229,02:00:00:103:16:70,Offboarding return and sanitization - SYN-LT-100229,"Unit 702, 5 Example Street, Example District, Example City",+63 900 048 0935,Retracted,Support Technician B,Y,,,,
EMP-0795,"MILLER, PARKER","ExamplePad 11 Tablet (8GB, 128GB)",LT-100081,SYN-Q8S90G5E,,lt-100081,lt-100081,02:00:00:201:13:253,Broken screen replacement - SYN-LT-100081,"Unit 202, 23 Example Street, Example District, Example City",+63 900 795 8177,For Repair,Support Technician A,N,,,,
EMP-0527,"JOHNSON, INDIGO",,,,,,,,Pending device allocation,"Unit 3902, 63 Example Street, Example District, Example City",+63 900 527 8423,For Pickup,IT Support Queue,N,,,,
EMP-0362,"TESTER, LEE","ExampleBook Air 13 (i7, 8GB, 256GB SSD)",LT-100162,SYN-D9GEGV06,,lt-100162,lt-100162,02:00:00:36:178:84,Scheduled refresh of legacy device SYN-LT-100162,"Unit 4002, 2 Example Street, Example District, Example City",+63 900 362 5502,For Repair,Support Technician A,Y,,,,
EMP-0170,"CLARK, GRAY","ExampleBook Air 13 (i7, 8GB, 256GB SSD)",LT-100457,SYN-AXMVTYH2,,lt-100457,lt-100457,02:00:00:63:49:31,Offboarding return and sanitization - SYN-LT-100457,"Unit 1502, 34 Example Street, Example District, Example City",+63 900 170 7433,Ready for Release,Support Technician A,N,,,,
EMP-0637,"TESTER, BLAIR","ExampleTower Mini (i7, 32GB, 1TB SSD)",LT-100384,SYN-JW8W1YCL,,lt-100384,lt-100384,02:00:00:117:185:170,Laptop replacement - hardware fault on SYN-LT-100384,"Unit 3402, 41 Example Street, Example District, Example City",+63 900 637 1328,Retracted,IT Support Queue,Y,,,,
EMP-0567,"WILLIAMS, FRANKIE","ExampleStation 15 (i5, 16GB, 1TB HDD)",LT-100275,SYN-9LLCJ88Z,,lt-100275,lt-100275,02:00:00:90:213:130,Scheduled refresh of legacy device SYN-LT-100275,"Unit 2702, 50 Example Street, Example District, Example City",+63 900 567 6287,Ready for Release,Support Technician B,N,,,,
EMP-0341,"JOHNSON, QUINN","ExampleBook Air 13 (i7, 8GB, 256GB SSD)",LT-100560,SYN-0WKMRRJZ,,lt-100560,lt-100560,02:00:00:128:240:05,Offboarding return and sanitization - SYN-LT-100560,"Unit 1602, 12 Example Street, Example District, Example City",+63 900 341 2321,For Pickup,Support Technician B,Y,,,,
EMP-0526,"SMITH, SAWYER","ExampleView 27"" QHD Monitor",LT-100049,SYN-DM8BTN75,,lt-100049,lt-100049,02:00:00:36:46:192,Scheduled refresh of legacy device SYN-LT-100049,"Unit 3402, 35 Example Street, Example District, Example City",+63 900 526 0064,For Pickup,Support Technician A,Y,,,,
EMP-0545,"TESTER, CASEY",,,,,,,,Pending device allocation,"Unit 802, 67 Example Street, Example District, Example City",+63 900 545 9548,For Repair,Support Technician B,N,,,,
EMP-0705,"MILLER, HARPER",,,,,,,,Pending device allocation,"Unit 1602, 36 Example Street, Example District, Example City",+63 900 705 5532,For Pickup,Support Technician A,N,,,,
EMP-0611,"DOE, ELLIS","ExampleStation 15 (i5, 16GB, 1TB HDD)",LT-100512,SYN-JA6TTXHM,,lt-100512,lt-100512,02:00:00:195:141:197,Offboarding return and sanitization - SYN-LT-100512,"Unit 1802, 88 Example Street, Example District, Example City",+63 900 611 0676,Retracted,IT Support Queue,Y,,,,
EMP-0085,"MILLER, LEE","ExampleBook Air 13 (i7, 8GB, 256GB SSD)",LT-100222,SYN-ZYSP94A4,,lt-100222,lt-100222,02:00:00:186:171:120,New starter onboarding - device SYN-LT-100222,"Unit 2002, 50 Example Street, Example District, Example City",+63 900 085 5328,For Pickup,IT Support Queue,N,,,,
EMP-0487,"SMITH, MORGAN","ExampleBook Pro 14 (i5, 16GB, 512GB SSD)",LT-100328,SYN-URGWAZVP,,lt-100328,lt-100328,02:00:00:189:197:169,Broken screen replacement - SYN-LT-100328,"Unit 1502, 29 Example Street, Example District, Example City",+63 900 487 9447,Deployed,IT Support Queue,Y,,,,
EMP-0204,"BROWN, FRANKIE",,,,,,,,Pending device allocation,"Unit 2002, 28 Example Street, Example District, Example City",+63 900 204 7700,Deployed,Support Technician A,N,,,,
EMP-0364,"SAMPLE, TATUM","ExampleStation 15 (i5, 16GB, 1TB HDD)",LT-100561,SYN-C7ZGPZ1X,,lt-100561,lt-100561,02:00:00:53:13:162,Offboarding return and sanitization - SYN-LT-100561,"Unit 2102, 73 Example Street, Example District, Example City",+63 900 364 6822,For Pickup,Support Technician B,Y,,,,
EMP-0322,"SMITH, ALEX","ExamplePad 11 Tablet (8GB, 128GB)",LT-100096,SYN-LWE45175,,lt-100096,lt-100096,02:00:00:30:240:90,Temporary loan for coverage period - SYN-LT-100096,"Unit 2802, 70 Example Street, Example District, Example City",+63 900 322 0767,Deployed,IT Support Queue,Y,,,,
EMP-0123,"DOE, HARPER","ExampleBook Pro 14 (i5, 16GB, 512GB SSD)",LT-100089,SYN-59LQ6B11,,lt-100089,lt-100089,02:00:00:185:53:138,Temporary loan for coverage period - SYN-LT-100089,"Unit 3502, 88 Example Street, Example District, Example City",+63 900 123 1115,For Repair,Support Technician B,Y,,,,
EMP-0446,"PLACEHOLDER, ELLIS","ExampleTower SFF (i5, 16GB, 512GB SSD)",LT-100320,SYN-4A5XH1MF,,lt-100320,lt-100320,02:00:00:220:135:237,Scheduled refresh of legacy device SYN-LT-100320,"Unit 1202, 72 Example Street, Example District, Example City",+63 900 446 3408,Ready for Release,Support Technician B,N,,,,
EMP-0293,"JOHNSON, MORGAN","ExampleView 24"" IPS Monitor",LT-100252,SYN-WUV6PSNH,,lt-100252,lt-100252,02:00:00:174:41:147,Scheduled refresh of legacy device SYN-LT-100252,"Unit 1102, 25 Example Street, Example District, Example City",+63 900 293 9642,Deployed,Support Technician B,N,,,,
EMP-0213,"SMITH, ELLIS","ExampleTower SFF (i5, 16GB, 512GB SSD)",LT-100066,SYN-ZECB4Q8R,,lt-100066,lt-100066,02:00:00:210:96:142,Broken screen replacement - SYN-LT-100066,"Unit 902, 3 Example Street, Example District, Example City",+63 900 213 4712,Deployed,IT Support Queue,Y,,,,
EMP-0761,"TESTER, NOEL","ExamplePad 11 Tablet (8GB, 128GB)",LT-100354,SYN-39XU948M,,lt-100354,lt-100354,02:00:00:213:05:140,Offboarding return and sanitization - SYN-LT-100354,"Unit 3002, 49 Example Street, Example District, Example City",+63 900 761 5391,For Repair,Support Technician B,N,,,,
EMP-0402,"CLARK, KAI","ExampleBook Pro 14 (i5, 16GB, 512GB SSD)",LT-100489,SYN-ZEDF5J5V,,lt-100489,lt-100489,02:00:00:39:162:136,New starter onboarding - device SYN-LT-100489,"Unit 1002, 61 Example Street, Example District, Example City",+63 900 402 6793,Ready for Release,Support Technician A,Y,,,,
EMP-0722,"MILLER, HARPER","ExamplePad 11 Tablet (8GB, 128GB)",LT-100526,SYN-T84WAEFS,,lt-100526,lt-100526,02:00:00:52:32:199,Offboarding return and sanitization - SYN-LT-100526,"Unit 1502, 36 Example Street, Example District, Example City",+63 900 722 3393,Deployed,IT Support Queue,Y,,,,
EMP-0741,"DOE, TATUM",,,,,,,,Pending device allocation,"Unit 2702, 55 Example Street, Example District, Example City",+63 900 741 2362,Deployed,IT Support Queue,N,,,,
EMP-0483,"SAMPLE, HARPER","ExampleStation 15 (i5, 16GB, 1TB HDD)",LT-100463,SYN-AXPEBL2W,,lt-100463,lt-100463,02:00:00:89:40:239,Temporary loan for coverage period - SYN-LT-100463,"Unit 3102, 74 Example Street, Example District, Example City",+63 900 483 4025,Deployed,Support Technician A,N,,,,
EMP-0531,"CLARK, ALEX","ExampleTower Mini (i7, 32GB, 1TB SSD)",LT-100473,SYN-8W8YY3JY,,lt-100473,lt-100473,02:00:00:72:195:36,Offboarding return and sanitization - SYN-LT-100473,"Unit 1002, 42 Example Street, Example District, Example City",+63 900 531 6103,Deployed,Support Technician B,N,,,,
EMP-0205,"JOHNSON, OAKLEY","ExamplePad 11 Tablet (8GB, 128GB)",LT-100380,SYN-QC308WWA,,lt-100380,lt-100380,02:00:00:233:245:122,Offboarding return and sanitization - SYN-LT-100380,"Unit 1502, 75 Example Street, Example District, Example City",+63 900 205 6694,Retracted,Support Technician B,Y,,,,
EMP-0512,"SAMPLE, DANA","ExampleBook Air 13 (i7, 8GB, 256GB SSD)",LT-100030,SYN-P7QH86D6,,lt-100030,lt-100030,02:00:00:162:132:132,Offboarding return and sanitization - SYN-LT-100030,"Unit 3402, 34 Example Street, Example District, Example City",+63 900 512 8100,Retracted,IT Support Queue,Y,,,,
EMP-0478,"SAMPLE, SAWYER","ExamplePad 11 Tablet (8GB, 128GB)",LT-100543,SYN-XDPNYZ8X,,lt-100543,lt-100543,02:00:00:224:13:35,New starter onboarding - device SYN-LT-100543,"Unit 1302, 29 Example Street, Example District, Example City",+63 900 478 4546,For Repair,IT Support Queue,N,,,,
EMP-0266,"SMITH, ELLIS","ExamplePad 11 Tablet (8GB, 128GB)",LT-100251,SYN-MWD4HKB2,,lt-100251,lt-100251,02:00:00:158:205:228,Laptop replacement - hardware fault on SYN-LT-100251,"Unit 1402, 78 Example Street, Example District, Example City",+63 900 266 0629,Retracted,Support Technician A,N,,,,
EMP-0784,"PLACEHOLDER, FRANKIE","ExampleStation 15 (i5, 16GB, 1TB HDD)",LT-100074,SYN-EXBD67AZ,,lt-100074,lt-100074,02:00:00:144:253:233,New starter onboarding - device SYN-LT-100074,"Unit 3002, 88 Example Street, Example District, Example City",+63 900 784 7393,Ready for Release,Support Technician A,N,,,,
EMP-0354,"JOHNSON, QUINN","ExampleTower Mini (i7, 32GB, 1TB SSD)",LT-100575,SYN-LUE4G9GG,,lt-100575,lt-100575,02:00:00:73:23:48,Laptop replacement - hardware fault on SYN-LT-100575,"Unit 902, 32 Example Street, Example District, Example City",+63 900 354 2054,Ready for Release,Support Technician A,Y,,,,
EMP-0576,"JOHNSON, SAWYER","ExampleTower SFF (i5, 16GB, 512GB SSD)",LT-100361,SYN-NBQDJD4N,,lt-100361,lt-100361,02:00:00:59:253:156,Scheduled refresh of legacy device SYN-LT-100361,"Unit 402, 26 Example Street, Example District, Example City",+63 900 576 7557,Ready for Release,Support Technician B,N,,,,
EMP-0605,"TESTER, ELLIS","ExampleTower Mini (i7, 32GB, 1TB SSD)",LT-100486,SYN-BLBDYZCP,,lt-100486,lt-100486,02:00:00:78:151:51,Offboarding return and sanitization - SYN-LT-100486,"Unit 2002, 49 Example Street, Example District, Example City",+63 900 605 7622,For Pickup,Support Technician A,Y,,,,
EMP-0433,"SMITH, DANA","ExampleTower Mini (i7, 32GB, 1TB SSD)",LT-100512,SYN-QWXJVA80,,lt-100512,lt-100512,02:00:00:81:145:226,Temporary loan for coverage period - SYN-LT-100512,"Unit 2702, 14 Example Street, Example District, Example City",+63 900 433 4531,Deployed,Support Technician A,Y,,,,
EMP-0644,"TESTER, LEE","ExampleView 27"" QHD Monitor",LT-100388,SYN-APYN4VFQ,,lt-100388,lt-100388,02:00:00:227:107:177,New starter onboarding - device SYN-LT-100388,"Unit 602, 3 Example Street, Example District, Example City",+63 900 644 8684,Deployed,Support Technician A,Y,,,,
EMP-0097,"SMITH, OAKLEY","ExamplePad 11 Tablet (8GB, 128GB)",LT-100087,SYN-FQVNAERZ,,lt-100087,lt-100087,02:00:00:148:158:168,Scheduled refresh of legacy device SYN-LT-100087,"Unit 2602, 3 Example Street, Example District, Example City",+63 900 097 0479,Deployed,Support Technician A,Y,,,,
EMP-0111,"JOHNSON, QUINN",,,,,,,,Pending device allocation,"Unit 502, 27 Example Street, Example District, Example City",+63 900 111 0764,Ready for Release,IT Support Queue,N,,,,
EMP-0447,"CLARK, JAMIE","ExampleStation 15 (i5, 16GB, 1TB HDD)",LT-100151,SYN-VN4AY6YX,,lt-100151,lt-100151,02:00:00:223:79:125,Scheduled refresh of legacy device SYN-LT-100151,"Unit 3402, 14 Example Street, Example District, Example City",+63 900 447 9093,Deployed,Support Technician A,Y,,,,
EMP-0440,"SMITH, LEE","ExampleBook Air 13 (i7, 8GB, 256GB SSD)",LT-100298,SYN-7FLDSSTW,,lt-100298,lt-100298,02:00:00:88:81:220,Laptop replacement - hardware fault on SYN-LT-100298,"Unit 2102, 67 Example Street, Example District, Example City",+63 900 440 3114,Retracted,IT Support Queue,N,,,,
EMP-0207,"JOHNSON, OAKLEY",,,,,,,,Pending device allocation,"Unit 1202, 28 Example Street, Example District, Example City",+63 900 207 7525,Deployed,IT Support Queue,N,,,,
EMP-0271,"BROWN, KAI","ExampleView 24"" IPS Monitor",LT-100080,SYN-VPNJLT8A,,lt-100080,lt-100080,02:00:00:154:18:134,New starter onboarding - device SYN-LT-100080,"Unit 1502, 89 Example Street, Example District, Example City",+63 900 271 3048,Ready for Release,Support Technician A,N,,,,
EMP-0329,"DOE, ALEX",,,,,,,,Pending device allocation,"Unit 1502, 23 Example Street, Example District, Example City",+63 900 329 5575,Retracted,Support Technician A,N,,,,
EMP-0598,"SMITH, SAWYER",,,,,,,,Pending device allocation,"Unit 502, 71 Example Street, Example District, Example City",+63 900 598 9217,Deployed,IT Support Queue,N,,,,
EMP-0115,"TESTER, TATUM","ExampleTower SFF (i5, 16GB, 512GB SSD)",LT-100545,SYN-9B2SXBK1,,lt-100545,lt-100545,02:00:00:246:102:100,New starter onboarding - device SYN-LT-100545,"Unit 1202, 59 Example Street, Example District, Example City",+63 900 115 2495,Retracted,Support Technician A,Y,,,,
EMP-0643,"SAMPLE, DANA",,,,,,,,Pending device allocation,"Unit 2602, 64 Example Street, Example District, Example City",+63 900 643 5163,Deployed,Support Technician A,N,,,,
EMP-0751,"SAMPLE, ELLIS","ExampleTower SFF (i5, 16GB, 512GB SSD)",LT-100156,SYN-1QHMEVHJ,,lt-100156,lt-100156,02:00:00:144:190:28,Offboarding return and sanitization - SYN-LT-100156,"Unit 2402, 85 Example Street, Example District, Example City",+63 900 751 2227,For Repair,Support Technician A,Y,,,,
EMP-0227,"JOHNSON, OAKLEY","ExampleView 27"" QHD Monitor",LT-100294,SYN-VZEF4M74,,lt-100294,lt-100294,02:00:00:199:109:211,Scheduled refresh of legacy device SYN-LT-100294,"Unit 402, 62 Example Street, Example District, Example City",+63 900 227 6449,Retracted,Support Technician B,N,,,,
EMP-0169,"DOE, ELLIS",,,,,,,,Pending device allocation,"Unit 2902, 45 Example Street, Example District, Example City",+63 900 169 4024,Deployed,IT Support Queue,N,,,,
EMP-0666,"DOE, MORGAN","ExampleBook Pro 14 (i5, 16GB, 512GB SSD)",LT-100416,SYN-L28TNKZ2,,lt-100416,lt-100416,02:00:00:01:166:233,Laptop replacement - hardware fault on SYN-LT-100416,"Unit 2602, 66 Example Street, Example District, Example City",+63 900 666 0941,Retracted,Support Technician B,Y,,,,
EMP-0541,"JOHNSON, DANA","ExampleView 27"" QHD Monitor",LT-100182,SYN-JDY8349E,,lt-100182,lt-100182,02:00:00:109:36:13,Temporary loan for coverage period - SYN-LT-100182,"Unit 2602, 43 Example Street, Example District, Example City",+63 900 541 8793,Ready for Release,Support Technician A,Y,,,,
EMP-0748,"CLARK, GRAY","ExamplePad 11 Tablet (8GB, 128GB)",LT-100579,SYN-KM2DE4F6,,lt-100579,lt-100579,02:00:00:127:07:184,Scheduled refresh of legacy device SYN-LT-100579,"Unit 3702, 19 Example Street, Example District, Example City",+63 900 748 2234,Deployed,IT Support Queue,N,,,,
EMP-0074,"PLACEHOLDER, ALEX",,,,,,,,Pending device allocation,"Unit 3402, 22 Example Street, Example District, Example City",+63 900 074 8211,Deployed,IT Support Queue,N,,,,
EMP-0325,"TESTER, JAMIE","ExampleBook Air 13 (i7, 8GB, 256GB SSD)",LT-100054,SYN-SUSDWMNM,,lt-100054,lt-100054,02:00:00:204:15:07,Temporary loan for coverage period - SYN-LT-100054,"Unit 1202, 54 Example Street, Example District, Example City",+63 900 325 0441,Deployed,IT Support Queue,Y,,,,
EMP-0534,"BROWN, KAI","ExampleBook Pro 14 (i5, 16GB, 512GB SSD)",LT-100212,SYN-9A933EDU,,lt-100212,lt-100212,02:00:00:22:138:55,Broken screen replacement - SYN-LT-100212,"Unit 2002, 47 Example Street, Example District, Example City",+63 900 534 1864,Retracted,Support Technician A,Y,,,,
EMP-0430,"PLACEHOLDER, KAI","ExampleBook Pro 14 (i5, 16GB, 512GB SSD)",LT-100345,SYN-CCSXSDBU,,lt-100345,lt-100345,02:00:00:33:120:227,New starter onboarding - device SYN-LT-100345,"Unit 2402, 90 Example Street, Example District, Example City",+63 900 430 3472,For Repair,Support Technician A,N,,,,
EMP-0740,"SAMPLE, PARKER","ExampleView 24"" IPS Monitor",LT-100161,SYN-E7REFU07,,lt-100161,lt-100161,02:00:00:141:205:217,Scheduled refresh of legacy device SYN-LT-100161,"Unit 402, 6 Example Street, Example District, Example City",+63 900 740 9706,Retracted,Support Technician A,Y,,,,
EMP-0516,"SMITH, REESE","ExampleStation 15 (i5, 16GB, 1TB HDD)",LT-100124,SYN-8C74GGTU,,lt-100124,lt-100124,02:00:00:141:00:235,Scheduled refresh of legacy device SYN-LT-100124,"Unit 3602, 78 Example Street, Example District, Example City",+63 900 516 9356,Retracted,Support Technician A,Y,,,,
EMP-0179,"CLARK, NOEL","ExampleTower Mini (i7, 32GB, 1TB SSD)",LT-100143,SYN-BYMN2F7X,,lt-100143,lt-100143,02:00:00:38:44:162,Laptop replacement - hardware fault on SYN-LT-100143,"Unit 2602, 52 Example Street, Example District, Example City",+63 900 179 5328,Deployed,Support Technician A,Y,,,,
EMP-0213,"SMITH, ELLIS","ExampleBook Pro 14 (i5, 16GB, 512GB SSD)",LT-100394,SYN-89G3WMY2,,lt-100394,lt-100394,02:00:00:66:29:242,New starter onboarding - device SYN-LT-100394,"Unit 3102, 78 Example Street, Example District, Example City",+63 900 213 4712,For Repair,Support Technician B,N,,,,
EMP-0278,"SAMPLE, DANA","ExampleBook Pro 14 (i5, 16GB, 512GB SSD)",LT-100369,SYN-9RM9WPC5,,lt-100369,lt-100369,02:00:00:55:55:76,Offboarding return and sanitization - SYN-LT-100369,"Unit 2702, 85 Example Street, Example District, Example City",+63 900 278 0801,For Repair,Support Technician A,Y,,,,
EMP-0782,"SMITH, SAWYER","ExamplePad 11 Tablet (8GB, 128GB)",LT-100329,SYN-P21VBKR0,,lt-100329,lt-100329,02:00:00:01:147:240,Scheduled refresh of legacy device SYN-LT-100329,"Unit 302, 88 Example Street, Example District, Example City",+63 900 782 3947,Deployed,Support Technician B,N,,,,
EMP-0123,"DOE, HARPER","ExampleBook Pro 14 (i5, 16GB, 512GB SSD)",LT-100061,SYN-NRKA2QMJ,,lt-100061,lt-100061,02:00:00:127:106:60,Temporary loan for coverage period - SYN-LT-100061,"Unit 602, 53 Example Street, Example District, Example City",+63 900 123 1115,Deployed,Support Technician A,N,,,,
EMP-0461,"CLARK, TATUM","ExampleTower SFF (i5, 16GB, 512GB SSD)",LT-100261,SYN-NCP6FCRF,,lt-100261,lt-100261,02:00:00:243:65:140,Broken screen replacement - SYN-LT-100261,"Unit 602, 72 Example Street, Example District, Example City",+63 900 461 7438,Ready for Release,IT Support Queue,Y,,,,
EMP-0365,"DOE, DANA","ExampleView 24"" IPS Monitor",LT-100203,SYN-ZHB0J2J5,,lt-100203,lt-100203,02:00:00:54:194:98,Offboarding return and sanitization - SYN-LT-100203,"Unit 3602, 17 Example Street, Example District, Example City",+63 900 365 9723,Deployed,Support Technician B,N,,,,
EMP-0374,"JOHNSON, CASEY","ExampleView 27"" QHD Monitor",LT-100430,SYN-VVAHNC28,,lt-100430,lt-100430,02:00:00:131:251:105,New starter onboarding - device SYN-LT-100430,"Unit 1002, 47 Example Street, Example District, Example City",+63 900 374 4622,For Pickup,Support Technician A,N,,,,
EMP-0429,"WILLIAMS, FRANKIE","ExampleTower Mini (i7, 32GB, 1TB SSD)",LT-100428,SYN-SGS5MZCV,,lt-100428,lt-100428,02:00:00:246:49:162,New starter onboarding - device SYN-LT-100428,"Unit 102, 46 Example Street, Example District, Example City",+63 900 429 1770,Deployed,Support Technician A,N,,,,
EMP-0263,"TESTER, JAMIE","ExampleTower Mini (i7, 32GB, 1TB SSD)",LT-100474,SYN-KVEWNCEC,,lt-100474,lt-100474,02:00:00:113:48:224,Scheduled refresh of legacy device SYN-LT-100474,"Unit 602, 27 Example Street, Example District, Example City",+63 900 263 1928,Retracted,IT Support Queue,Y,,,,
EMP-0001,"SAMPLE, GRAY",,,,,,,,Pending device allocation,"Unit 1102, 31 Example Street, Example District, Example City",+63 900 001 2923,Deployed,IT Support Queue,N,,,,
EMP-0317,"DOE, REESE","ExampleView 24"" IPS Monitor",LT-100449,SYN-L9860RC3,,lt-100449,lt-100449,02:00:00:22:111:122,Laptop replacement - hardware fault on SYN-LT-100449,"Unit 2702, 6 Example Street, Example District, Example City",+63 900 317 5876,Deployed,Support Technician B,Y,,,,
EMP-0494,"SAMPLE, MORGAN","ExampleBook Air 13 (i7, 8GB, 256GB SSD)",LT-100227,SYN-RL49GQTR,,lt-100227,lt-100227,02:00:00:11:134:39,Scheduled refresh of legacy device SYN-LT-100227,"Unit 1202, 29 Example Street, Example District, Example City",+63 900 494 8610,Ready for Release,Support Technician A,Y,,,,
EMP-0615,"WILLIAMS, KAI","ExampleBook Air 13 (i7, 8GB, 256GB SSD)",LT-100311,SYN-XPEFLKRP,,lt-100311,lt-100311,02:00:00:166:100:128,New starter onboarding - device SYN-LT-100311,"Unit 1802, 65 Example Street, Example District, Example City",+63 900 615 5738,Retracted,IT Support Queue,N,,,,
EMP-0491,"JOHNSON, INDIGO","ExamplePad 11 Tablet (8GB, 128GB)",LT-100355,SYN-EBNSKTZS,,lt-100355,lt-100355,02:00:00:134:207:213,Broken screen replacement - SYN-LT-100355,"Unit 302, 50 Example Street, Example District, Example City",+63 900 491 5533,For Repair,Support Technician A,N,,,,
EMP-0768,"JOHNSON, ALEX","ExampleStation 15 (i5, 16GB, 1TB HDD)",LT-100379,SYN-13T7SA3C,,lt-100379,lt-100379,02:00:00:238:228:139,Laptop replacement - hardware fault on SYN-LT-100379,"Unit 1502, 3 Example Street, Example District, Example City",+63 900 768 3142,Ready for Release,Support Technician B,N,,,,
EMP-0647,"WILLIAMS, KAI","ExampleTower Mini (i7, 32GB, 1TB SSD)",LT-100063,SYN-CK0J6693,,lt-100063,lt-100063,02:00:00:05:138:23,New starter onboarding - device SYN-LT-100063,"Unit 1602, 47 Example Street, Example District, Example City",+63 900 647 3914,Ready for Release,Support Technician B,Y,,,,
EMP-0485,"MILLER, ALEX",,,,,,,,Pending device allocation,"Unit 3602, 29 Example Street, Example District, Example City",+63 900 485 7195,Deployed,Support Technician B,N,,,,
EMP-0246,"DOE, OAKLEY",,,,,,,,Pending device allocation,"Unit 802, 87 Example Street, Example District, Example City",+63 900 246 6154,Deployed,IT Support Queue,N,,,,
EMP-0682,"PLACEHOLDER, BLAIR","ExampleView 24"" IPS Monitor",LT-100101,SYN-0R2RHTJ8,,lt-100101,lt-100101,02:00:00:44:174:232,Temporary loan for coverage period - SYN-LT-100101,"Unit 702, 38 Example Street, Example District, Example City",+63 900 682 4928,Deployed,Support Technician B,Y,,,,
EMP-0658,"SAMPLE, NOEL","ExamplePad 11 Tablet (8GB, 128GB)",LT-100090,SYN-9S80B2CU,,lt-100090,lt-100090,02:00:00:36:184:39,New starter onboarding - device SYN-LT-100090,"Unit 1302, 70 Example Street, Example District, Example City",+63 900 658 9439,For Pickup,Support Technician A,N,,,,
EMP-0648,"CLARK, REESE","ExampleBook Pro 14 (i5, 16GB, 512GB SSD)",LT-100387,SYN-USFAFUDN,,lt-100387,lt-100387,02:00:00:09:185:69,Laptop replacement - hardware fault on SYN-LT-100387,"Unit 2202, 8 Example Street, Example District, Example City",+63 900 648 6816,Deployed,Support Technician A,Y,,,,
EMP-0180,"DOE, ELLIS","ExampleTower Mini (i7, 32GB, 1TB SSD)",LT-100574,SYN-H0HBBHVE,,lt-100574,lt-100574,02:00:00:72:40:30,Broken screen replacement - SYN-LT-100574,"Unit 1902, 50 Example Street, Example District, Example City",+63 900 180 9600,Ready for Release,IT Support Queue,N,,,,
EMP-0242,"BROWN, FRANKIE","ExampleBook Pro 14 (i5, 16GB, 512GB SSD)",LT-100338,SYN-ZF3WL6LB,,lt-100338,lt-100338,02:00:00:176:203:112,Offboarding return and sanitization - SYN-LT-100338,"Unit 1102, 54 Example Street, Example District, Example City",+63 900 242 2422,Deployed,Support Technician B,Y,,,,
EMP-0563,"TESTER, FRANKIE",,,,,,,,Pending device allocation,"Unit 1002, 66 Example Street, Example District, Example City",+63 900 563 6444,Retracted,IT Support Queue,N,,,,
EMP-0731,"TESTER, JAMIE","ExampleView 27"" QHD Monitor",LT-100271,SYN-PJ0FD9SW,,lt-100271,lt-100271,02:00:00:57:151:90,Broken screen replacement - SYN-LT-100271,"Unit 3302, 39 Example Street, Example District, Example City",+63 900 731 4876,Deployed,IT Support Queue,Y,,,,
EMP-0596,"CLARK, SAWYER","ExampleTower SFF (i5, 16GB, 512GB SSD)",LT-100207,SYN-KQJ175AF,,lt-100207,lt-100207,02:00:00:153:188:49,Temporary loan for coverage period - SYN-LT-100207,"Unit 502, 79 Example Street, Example District, Example City",+63 900 596 1147,Retracted,IT Support Queue,Y,,,,
EMP-0570,"PLACEHOLDER, QUINN",,,,,,,,Pending device allocation,"Unit 1902, 72 Example Street, Example District, Example City",+63 900 570 0435,Deployed,Support Technician B,N,,,,
EMP-0166,"JOHNSON, FRANKIE","ExamplePad 11 Tablet (8GB, 128GB)",LT-100168,SYN-UYQG8V8P,,lt-100168,lt-100168,02:00:00:92:233:79,New starter onboarding - device SYN-LT-100168,"Unit 1502, 56 Example Street, Example District, Example City",+63 900 166 5626,For Pickup,IT Support Queue,Y,,,,
EMP-0195,"WILLIAMS, TATUM",,,,,,,,Pending device allocation,"Unit 202, 32 Example Street, Example District, Example City",+63 900 195 2611,Deployed,IT Support Queue,N,,,,
EMP-0214,"SAMPLE, TATUM","ExampleTower SFF (i5, 16GB, 512GB SSD)",LT-100085,SYN-Z0EDRV8Z,,lt-100085,lt-100085,02:00:00:186:83:109,Offboarding return and sanitization - SYN-LT-100085,"Unit 902, 67 Example Street, Example District, Example City",+63 900 214 2462,Deployed,Support Technician A,Y,,,,
EMP-0772,"WILLIAMS, FRANKIE","ExampleBook Pro 14 (i5, 16GB, 512GB SSD)",LT-100254,SYN-5T8H84DK,,lt-100254,lt-100254,02:00:00:159:83:75,Scheduled refresh of legacy device SYN-LT-100254,"Unit 2402, 32 Example Street, Example District, Example City",+63 900 772 6329,Ready for Release,Support Technician B,Y,,,,
EMP-0655,"DOE, CASEY","ExampleTower SFF (i5, 16GB, 512GB SSD)",LT-100384,SYN-VEWEBAX0,,lt-100384,lt-100384,02:00:00:74:25:157,Offboarding return and sanitization - SYN-LT-100384,"Unit 3602, 53 Example Street, Example District, Example City",+63 900 655 7943,For Pickup,Support Technician B,Y,,,,
EMP-0373,"MILLER, INDIGO","ExampleView 24"" IPS Monitor",LT-100295,SYN-4U8J5AKA,,lt-100295,lt-100295,02:00:00:12:132:208,Temporary loan for coverage period - SYN-LT-100295,"Unit 2102, 86 Example Street, Example District, Example City",+63 900 373 6620,Ready for Release,Support Technician A,Y,,,,
EMP-0771,"WILLIAMS, OAKLEY","ExampleBook Air 13 (i7, 8GB, 256GB SSD)",LT-100099,SYN-E10QM44B,,lt-100099,lt-100099,02:00:00:178:71:69,Scheduled refresh of legacy device SYN-LT-100099,"Unit 702, 40 Example Street, Example District, Example City",+63 900 771 5913,For Repair,IT Support Queue,Y,,,,
EMP-0439,"MILLER, QUINN","ExampleView 27"" QHD Monitor",LT-100012,SYN-Q9TNXLPG,,lt-100012,lt-100012,02:00:00:121:29:05,Temporary loan for coverage period - SYN-LT-100012,"Unit 1302, 23 Example Street, Example District, Example City",+63 900 439 9145,Deployed,Support Technician B,N,,,,
EMP-0499,"SAMPLE, FRANKIE","ExampleBook Air 13 (i7, 8GB, 256GB SSD)",LT-100485,SYN-B9V2Q75B,,lt-100485,lt-100485,02:00:00:214:177:120,Temporary loan for coverage period - SYN-LT-100485,"Unit 2402, 85 Example Street, Example District, Example City",+63 900 499 3754,Retracted,Support Technician A,Y,,,,
EMP-0369,"DOE, SAWYER",,,,,,,,Pending device allocation,"Unit 902, 21 Example Street, Example District, Example City",+63 900 369 6551,For Repair,Support Technician B,N,,,,
EMP-0161,"MILLER, LEE",,,,,,,,Pending device allocation,"Unit 4002, 59 Example Street, Example District, Example City",+63 900 161 7182,Retracted,Support Technician B,N,,,,
EMP-0473,"SMITH, NOEL","ExampleBook Pro 14 (i5, 16GB, 512GB SSD)",LT-100411,SYN-DJ9CN9J1,,lt-100411,lt-100411,02:00:00:221:210:183,Temporary loan for coverage period - SYN-LT-100411,"Unit 102, 12 Example Street, Example District, Example City",+63 900 473 6676,For Repair,IT Support Queue,N,,,,
EMP-0071,"DOE, LEE",,,,,,,,Pending device allocation,"Unit 3802, 20 Example Street, Example District, Example City",+63 900 071 3743,For Pickup,Support Technician A,N,,,,
EMP-0130,"CLARK, INDIGO","ExamplePad 11 Tablet (8GB, 128GB)",LT-100234,SYN-NBXBV1G1,,lt-100234,lt-100234,02:00:00:175:53:239,New starter onboarding - device SYN-LT-100234,"Unit 1102, 68 Example Street, Example District, Example City",+63 900 130 8013,Deployed,Support Technician A,Y,,,,
EMP-0590,"SMITH, ELLIS","ExampleBook Pro 14 (i5, 16GB, 512GB SSD)",LT-100316,SYN-UGCZJLU8,,lt-100316,lt-100316,02:00:00:211:24:163,Scheduled refresh of legacy device SYN-LT-100316,"Unit 2502, 30 Example Street, Example District, Example City",+63 900 590 5351,For Repair,IT Support Queue,N,,,,
EMP-0169,"DOE, ELLIS","ExampleBook Pro 14 (i5, 16GB, 512GB SSD)",LT-100558,SYN-UDS86SRJ,,lt-100558,lt-100558,02:00:00:78:66:204,Laptop replacement - hardware fault on SYN-LT-100558,"Unit 802, 54 Example Street, Example District, Example City",+63 900 169 4024,For Pickup,IT Support Queue,N,,,,
EMP-0116,"CLARK, JAMIE",,,,,,,,Pending device allocation,"Unit 1402, 66 Example Street, Example District, Example City",+63 900 116 0754,For Repair,IT Support Queue,N,,,,
EMP-0781,"SMITH, HARPER","ExampleView 27"" QHD Monitor",LT-100369,SYN-P35UD3ZV,,lt-100369,lt-100369,02:00:00:218:99:111,Laptop replacement - hardware fault on SYN-LT-100369,"Unit 1102, 36 Example Street, Example District, Example City",+63 900 781 5762,For Pickup,IT Support Queue,N,,,,
EMP-0044,"BROWN, SAWYER",,,,,,,,Pending device allocation,"Unit 3002, 13 Example Street, Example District, Example City",+63 900 044 6156,Ready for Release,Support Technician B,N,,,,
EMP-0751,"SAMPLE, ELLIS","ExampleStation 15 (i5, 16GB, 1TB HDD)",LT-100593,SYN-8RP454FK,,lt-100593,lt-100593,02:00:00:127:212:246,Scheduled refresh of legacy device SYN-LT-100593,"Unit 2102, 29 Example Street, Example District, Example City",+63 900 751 2227,Deployed,IT Support Queue,N,,,,
EMP-0508,"JOHNSON, FRANKIE","ExampleTower Mini (i7, 32GB, 1TB SSD)",LT-100364,SYN-8T1TMGLE,,lt-100364,lt-100364,02:00:00:49:173:224,Scheduled refresh of legacy device SYN-LT-100364,"Unit 3702, 24 Example Street, Example District, Example City",+63 900 508 4658,For Repair,Support Technician A,Y,,,,
EMP-0507,"SMITH, FRANKIE","ExamplePad 11 Tablet (8GB, 128GB)",LT-100024,SYN-81CDTD6M,,lt-100024,lt-100024,02:00:00:54:114:181,Temporary loan for coverage period - SYN-LT-100024,"Unit 2102, 38 Example Street, Example District, Example City",+63 900 507 6068,Deployed,Support Technician B,N,,,,
EMP-0010,"PLACEHOLDER, CASEY",,,,,,,,Pending device allocation,"Unit 3202, 39 Example Street, Example District, Example City",+63 900 010 1517,For Pickup,IT Support Queue,N,,,,
EMP-0413,"DOE, SAWYER","ExampleView 27"" QHD Monitor",LT-100117,SYN-9E5UY5ES,,lt-100117,lt-100117,02:00:00:236:238:122,Laptop replacement - hardware fault on SYN-LT-100117,"Unit 3002, 15 Example Street, Example District, Example City",+63 900 413 6277,For Repair,Support Technician B,Y,,,,
EMP-0133,"PLACEHOLDER, REESE",,,,,,,,Pending device allocation,"Unit 3802, 72 Example Street, Example District, Example City",+63 900 133 7273,Deployed,IT Support Queue,N,,,,
EMP-0764,"JOHNSON, PARKER","ExampleView 24"" IPS Monitor",LT-100092,SYN-Y4QPWXU5,,lt-100092,lt-100092,02:00:00:199:215:245,Offboarding return and sanitization - SYN-LT-100092,"Unit 2702, 58 Example Street, Example District, Example City",+63 900 764 9893,Deployed,Support Technician A,Y,,,,
EMP-0042,"DOE, REESE","ExamplePad 11 Tablet (8GB, 128GB)",LT-100540,SYN-71QVK5JH,,lt-100540,lt-100540,02:00:00:89:47:220,Laptop replacement - hardware fault on SYN-LT-100540,"Unit 1702, 69 Example Street, Example District, Example City",+63 900 042 4500,For Pickup,IT Support Queue,Y,,,,
EMP-0341,"JOHNSON, QUINN","ExampleBook Air 13 (i7, 8GB, 256GB SSD)",LT-100548,SYN-WR2UZR29,,lt-100548,lt-100548,02:00:00:173:126:191,Laptop replacement - hardware fault on SYN-LT-100548,"Unit 3602, 16 Example Street, Example District, Example City",+63 900 341 2321,Ready for Release,IT Support Queue,N,,,,
EMP-0014,"CLARK, JAMIE","ExampleTower Mini (i7, 32GB, 1TB SSD)",LT-100246,SYN-FA5K8BZ7,,lt-100246,lt-100246,02:00:00:220:226:189,Broken screen replacement - SYN-LT-100246,"Unit 502, 11 Example Street, Example District, Example City",+63 900 014 1617,Deployed,Support Technician B,Y,,,,
EMP-0477,"PLACEHOLDER, OAKLEY","ExampleTower Mini (i7, 32GB, 1TB SSD)",LT-100508,SYN-CXC3X73S,,lt-100508,lt-100508,02:00:00:06:83:149,New starter onboarding - device SYN-LT-100508,"Unit 3502, 71 Example Street, Example District, Example City",+63 900 477 9856,Deployed,IT Support Queue,N,,,,
EMP-0565,"JOHNSON, ALEX","ExampleView 24"" IPS Monitor",LT-100334,SYN-W9Z6EJXX,,lt-100334,lt-100334,02:00:00:131:10:208,Offboarding return and sanitization - SYN-LT-100334,"Unit 402, 41 Example Street, Example District, Example City",+63 900 565 8066,For Pickup,Support Technician A,Y,,,,
EMP-0419,"DOE, TATUM","ExampleView 27"" QHD Monitor",LT-100407,SYN-46C65E7D,,lt-100407,lt-100407,02:00:00:35:227:227,Broken screen replacement - SYN-LT-100407,"Unit 202, 51 Example Street, Example District, Example City",+63 900 419 1572,Deployed,Support Technician B,Y,,,,
EMP-0349,"SAMPLE, TATUM",,,,,,,,Pending device allocation,"Unit 2802, 24 Example Street, Example District, Example City",+63 900 349 4137,Ready for Release,IT Support Queue,N,,,,
EMP-0079,"CLARK, CASEY","ExampleBook Pro 14 (i5, 16GB, 512GB SSD)",LT-100021,SYN-8X3YGX46,,lt-100021,lt-100021,02:00:00:226:63:23,Broken screen replacement - SYN-LT-100021,"Unit 1802, 58 Example Street, Example District, Example City",+63 900 079 0265,Deployed,Support Technician A,Y,,,,
EMP-0273,"BROWN, FRANKIE","ExampleStation 15 (i5, 16GB, 1TB HDD)",LT-100262,SYN-S987FU7X,,lt-100262,lt-100262,02:00:00:171:50:93,Scheduled refresh of legacy device SYN-LT-100262,"Unit 502, 6 Example Street, Example District, Example City",+63 900 273 2037,Deployed,IT Support Queue,Y,,,,
EMP-0411,"WILLIAMS, DANA","ExampleTower SFF (i5, 16GB, 512GB SSD)",LT-100081,SYN-Z6EADGM4,,lt-100081,lt-100081,02:00:00:193:176:180,Broken screen replacement - SYN-LT-100081,"Unit 502, 72 Example Street, Example District, Example City",+63 900 411 2100,For Repair,Support Technician A,N,,,,
EMP-0516,"SMITH, REESE","ExampleView 27"" QHD Monitor",LT-100295,SYN-NFK4UA55,,lt-100295,lt-100295,02:00:00:50:205:168,Offboarding return and sanitization - SYN-LT-100295,"Unit 1402, 69 Example Street, Example District, Example City",+63 900 516 9356,Deployed,IT Support Queue,Y,,,,
EMP-0394,"SAMPLE, REESE","ExampleTower Mini (i7, 32GB, 1TB SSD)",LT-100262,SYN-FJ43X8V3,,lt-100262,lt-100262,02:00:00:15:241:247,Broken screen replacement - SYN-LT-100262,"Unit 402, 47 Example Street, Example District, Example City",+63 900 394 5085,For Repair,Support Technician A,Y,,,,
EMP-0105,"SAMPLE, ALEX","ExampleTower SFF (i5, 16GB, 512GB SSD)",LT-100571,SYN-Q3K8KQZP,,lt-100571,lt-100571,02:00:00:185:101:116,Scheduled refresh of legacy device SYN-LT-100571,"Unit 1502, 54 Example Street, Example District, Example City",+63 900 105 8291,Deployed,Support Technician A,Y,,,,
EMP-0370,"BROWN, OAKLEY",,,,,,,,Pending device allocation,"Unit 2302, 55 Example Street, Example District, Example City",+63 900 370 2456,Deployed,Support Technician B,N,,,,
EMP-0783,"CLARK, TATUM","ExampleBook Air 13 (i7, 8GB, 256GB SSD)",LT-100197,SYN-DC3YRMK9,,lt-100197,lt-100197,02:00:00:246:100:254,Broken screen replacement - SYN-LT-100197,"Unit 3302, 36 Example Street, Example District, Example City",+63 900 783 8097,For Repair,Support Technician A,N,,,,
EMP-0393,"SMITH, CASEY","ExampleStation 15 (i5, 16GB, 1TB HDD)",LT-100355,SYN-94JVX72L,,lt-100355,lt-100355,02:00:00:112:72:38,Offboarding return and sanitization - SYN-LT-100355,"Unit 1302, 46 Example Street, Example District, Example City",+63 900 393 1441,Deployed,Support Technician A,Y,,,,
EMP-0173,"PLACEHOLDER, MORGAN","ExampleTower SFF (i5, 16GB, 512GB SSD)",LT-100564,SYN-V50QD0F6,,lt-100564,lt-100564,02:00:00:125:125:77,New starter onboarding - device SYN-LT-100564,"Unit 3802, 30 Example Street, Example District, Example City",+63 900 173 2627,Deployed,Support Technician A,N,,,,
EMP-0321,"SAMPLE, DANA","ExampleView 24"" IPS Monitor",LT-100586,SYN-L38F6GW7,,lt-100586,lt-100586,02:00:00:61:40:206,Laptop replacement - hardware fault on SYN-LT-100586,"Unit 2602, 71 Example Street, Example District, Example City",+63 900 321 2267,For Pickup,IT Support Queue,N,,,,
EMP-0534,"BROWN, KAI","ExamplePad 11 Tablet (8GB, 128GB)",LT-100436,SYN-EQSL6PC5,,lt-100436,lt-100436,02:00:00:148:43:121,Broken screen replacement - SYN-LT-100436,"Unit 1002, 64 Example Street, Example District, Example City",+63 900 534 1864,Ready for Release,IT Support Queue,Y,,,,
EMP-0061,"DOE, DANA","ExampleBook Pro 14 (i5, 16GB, 512GB SSD)",LT-100398,SYN-C9RSA4LB,,lt-100398,lt-100398,02:00:00:131:59:21,New starter onboarding - device SYN-LT-100398,"Unit 3302, 42 Example Street, Example District, Example City",+63 900 061 7706,Ready for Release,IT Support Queue,Y,,,,
EMP-0563,"TESTER, FRANKIE","ExampleTower SFF (i5, 16GB, 512GB SSD)",LT-100300,SYN-079HNQVL,,lt-100300,lt-100300,02:00:00:144:94:28,Temporary loan for coverage period - SYN-LT-100300,"Unit 1902, 78 Example Street, Example District, Example City",+63 900 563 6444,For Repair,IT Support Queue,N,,,,
EMP-0772,"WILLIAMS, FRANKIE","ExamplePad 11 Tablet (8GB, 128GB)",LT-100546,SYN-M6ATBK4M,,lt-100546,lt-100546,02:00:00:150:90:36,Temporary loan for coverage period - SYN-LT-100546,"Unit 3102, 72 Example Street, Example District, Example City",+63 900 772 6329,For Repair,Support Technician A,Y,,,,
EMP-0057,"JOHNSON, CASEY","ExampleBook Pro 14 (i5, 16GB, 512GB SSD)",LT-100119,SYN-1SZNCC2U,,lt-100119,lt-100119,02:00:00:166:216:114,Scheduled refresh of legacy device SYN-LT-100119,"Unit 1402, 3 Example Street, Example District, Example City",+63 900 057 1188,For Repair,IT Support Queue,N,,,,
EMP-0100,"JOHNSON, ALEX","ExampleTower SFF (i5, 16GB, 512GB SSD)",LT-100394,SYN-KM29AT98,,lt-100394,lt-100394,02:00:00:201:175:226,Laptop replacement - hardware fault on SYN-LT-100394,"Unit 2502, 63 Example Street, Example District, Example City",+63 900 100 5880,For Repair,Support Technician B,Y,,,,
EMP-0498,"WILLIAMS, FRANKIE","ExamplePad 11 Tablet (8GB, 128GB)",LT-100260,SYN-ZY8T0HSZ,,lt-100260,lt-100260,02:00:00:87:97:233,Laptop replacement - hardware fault on SYN-LT-100260,"Unit 502, 56 Example Street, Example District, Example City",+63 900 498 8202,Deployed,Support Technician A,N,,,,
EMP-0142,"PLACEHOLDER, ELLIS","ExampleBook Air 13 (i7, 8GB, 256GB SSD)",LT-100152,SYN-C28516Z2,,lt-100152,lt-100152,02:00:00:209:04:84,Laptop replacement - hardware fault on SYN-LT-100152,"Unit 1102, 18 Example Street, Example District, Example City",+63 900 142 9910,For Repair,IT Support Queue,Y,,,,
EMP-0293,"JOHNSON, MORGAN",,,,,,,,Pending device allocation,"Unit 3502, 25 Example Street, Example District, Example City",+63 900 293 9642,For Repair,Support Technician A,N,,,,
EMP-0783,"CLARK, TATUM",,,,,,,,Pending device allocation,"Unit 602, 44 Example Street, Example District, Example City",+63 900 783 8097,Deployed,IT Support Queue,N,,,,
EMP-0461,"CLARK, TATUM","ExampleBook Pro 14 (i5, 16GB, 512GB SSD)",LT-100040,SYN-W97Z3YH7,,lt-100040,lt-100040,02:00:00:60:120:182,New starter onboarding - device SYN-LT-100040,"Unit 2102, 71 Example Street, Example District, Example City",+63 900 461 7438,Ready for Release,IT Support Queue,N,,,,
EMP-0041,"SMITH, TATUM","ExampleBook Pro 14 (i5, 16GB, 512GB SSD)",LT-100340,SYN-F1R19XK2,,lt-100340,lt-100340,02:00:00:220:67:11,Broken screen replacement - SYN-LT-100340,"Unit 1802, 64 Example Street, Example District, Example City",+63 900 041 2202,Deployed,Support Technician B,Y,,,,
EMP-0110,"SAMPLE, JAMIE","ExampleBook Air 13 (i7, 8GB, 256GB SSD)",LT-100193,SYN-CBTG92D7,,lt-100193,lt-100193,02:00:00:67:170:235,Scheduled refresh of legacy device SYN-LT-100193,"Unit 2902, 80 Example Street, Example District, Example City",+63 900 110 5924,For Pickup,IT Support Queue,Y,,,,
EMP-0730,"PLACEHOLDER, FRANKIE","ExampleTower Mini (i7, 32GB, 1TB SSD)",LT-100018,SYN-4AW57250,,lt-100018,lt-100018,02:00:00:203:92:241,Laptop replacement - hardware fault on SYN-LT-100018,"Unit 2002, 60 Example Street, Example District, Example City",+63 900 730 6719,Deployed,Support Technician B,Y,,,,
EMP-0654,"PLACEHOLDER, FRANKIE","ExampleStation 15 (i5, 16GB, 1TB HDD)",LT-100512,SYN-QXTL7ELQ,,lt-100512,lt-100512,02:00:00:122:07:12,Scheduled refresh of legacy device SYN-LT-100512,"Unit 2502, 56 Example Street, Example District, Example City",+63 900 654 7494,Deployed,Support Technician B,Y,,,,
EMP-0252,"SAMPLE, ELLIS","ExampleTower SFF (i5, 16GB, 512GB SSD)",LT-100311,SYN-XYPJ4094,,lt-100311,lt-100311,02:00:00:154:52:187,Laptop replacement - hardware fault on SYN-LT-100311,"Unit 1202, 16 Example Street, Example District, Example City",+63 900 252 8450,Retracted,IT Support Queue,Y,,,,
EMP-0261,"CLARK, OAKLEY","ExampleBook Pro 14 (i5, 16GB, 512GB SSD)",LT-100001,SYN-3N8ADGK7,,lt-100001,lt-100001,02:00:00:134:113:34,New starter onboarding - device SYN-LT-100001,"Unit 2202, 57 Example Street, Example District, Example City",+63 900 261 3424,Deployed,IT Support Queue,Y,,,,
EMP-0005,"JOHNSON, ALEX","ExampleBook Pro 14 (i5, 16GB, 512GB SSD)",LT-100455,SYN-EEQC86P7,,lt-100455,lt-100455,02:00:00:168:128:221,New starter onboarding - device SYN-LT-100455,"Unit 902, 14 Example Street, Example District, Example City",+63 900 005 8690,Retracted,Support Technician B,Y,,,,
EMP-0470,"TESTER, TATUM","ExampleView 27"" QHD Monitor",LT-100499,SYN-C4U4MHFA,,lt-100499,lt-100499,02:00:00:207:221:231,Offboarding return and sanitization - SYN-LT-100499,"Unit 2702, 63 Example Street, Example District, Example City",+63 900 470 1372,Deployed,IT Support Queue,N,,,,
EMP-0310,"SMITH, ALEX","ExampleTower Mini (i7, 32GB, 1TB SSD)",LT-100403,SYN-614RT0HU,,lt-100403,lt-100403,02:00:00:221:43:83,Laptop replacement - hardware fault on SYN-LT-100403,"Unit 3702, 68 Example Street, Example District, Example City",+63 900 310 1129,Ready for Release,Support Technician B,N,,,,
EMP-0697,"JOHNSON, LEE","ExampleTower SFF (i5, 16GB, 512GB SSD)",LT-100133,SYN-L2SVZM1R,,lt-100133,lt-100133,02:00:00:07:134:152,Laptop replacement - hardware fault on SYN-LT-100133,"Unit 1702, 89 Example Street, Example District, Example City",+63 900 697 1880,For Repair,Support Technician A,N,,,,
EMP-0058,"PLACEHOLDER, NOEL","ExampleTower Mini (i7, 32GB, 1TB SSD)",LT-100389,SYN-RYVRRLGF,,lt-100389,lt-100389,02:00:00:29:226:255,Laptop replacement - hardware fault on SYN-LT-100389,"Unit 2202, 71 Example Street, Example District, Example City",+63 900 058 7598,Deployed,Support Technician B,Y,,,,
EMP-0565,"JOHNSON, ALEX","ExampleBook Air 13 (i7, 8GB, 256GB SSD)",LT-100471,SYN-WCW89F2F,,lt-100471,lt-100471,02:00:00:215:204:67,Laptop replacement - hardware fault on SYN-LT-100471,"Unit 3302, 46 Example Street, Example District, Example City",+63 900 565 8066,For Pickup,IT Support Queue,Y,,,,
EMP-0282,"WILLIAMS, PARKER","ExampleStation 15 (i5, 16GB, 1TB HDD)",LT-100475,SYN-FY1AJ5UY,,lt-100475,lt-100475,02:00:00:235:136:76,Broken screen replacement - SYN-LT-100475,"Unit 3902, 59 Example Street, Example District, Example City",+63 900 282 9758,Deployed,Support Technician B,Y,,,,
EMP-0310,"SMITH, ALEX","ExampleStation 15 (i5, 16GB, 1TB HDD)",LT-100155,SYN-RW695F7J,,lt-100155,lt-100155,02:00:00:102:233:56,Offboarding return and sanitization - SYN-LT-100155,"Unit 102, 9 Example Street, Example District, Example City",+63 900 310 1129,Retracted,Support Technician B,N,,,,
EMP-0794,"BROWN, DANA","ExampleBook Air 13 (i7, 8GB, 256GB SSD)",LT-100166,SYN-7EYGLZ22,,lt-100166,lt-100166,02:00:00:175:81:100,Laptop replacement - hardware fault on SYN-LT-100166,"Unit 1702, 21 Example Street, Example District, Example City",+63 900 794 9008,Retracted,Support Technician A,N,,,,
EMP-0796,"PLACEHOLDER, LEE","ExamplePad 11 Tablet (8GB, 128GB)",LT-100089,SYN-JEF54JUS,,lt-100089,lt-100089,02:00:00:42:15:95,Offboarding return and sanitization - SYN-LT-100089,"Unit 902, 48 Example Street, Example District, Example City",+63 900 796 9108,Retracted,Support Technician A,Y,,,,
EMP-0140,"TESTER, LEE","ExampleBook Pro 14 (i5, 16GB, 512GB SSD)",LT-100037,SYN-XPZAUEN3,,lt-100037,lt-100037,02:00:00:42:07:129,Offboarding return and sanitization - SYN-LT-100037,"Unit 3002, 1 Example Street, Example District, Example City",+63 900 140 1942,For Pickup,Support Technician B,N,,,,
EMP-0430,"PLACEHOLDER, KAI","ExampleTower SFF (i5, 16GB, 512GB SSD)",LT-100282,SYN-3HWEZYMM,,lt-100282,lt-100282,02:00:00:83:231:08,Scheduled refresh of legacy device SYN-LT-100282,"Unit 402, 53 Example Street, Example District, Example City",+63 900 430 3472,Ready for Release,IT Support Queue,N,,,,
EMP-0025,"CLARK, GRAY","ExampleStation 15 (i5, 16GB, 1TB HDD)",LT-100045,SYN-9D2NDAEF,,lt-100045,lt-100045,02:00:00:198:74:46,Laptop replacement - hardware fault on SYN-LT-100045,"Unit 1602, 54 Example Street, Example District, Example City",+63 900 025 5910,For Repair,Support Technician A,Y,,,,
EMP-0300,"BROWN, REESE","ExampleTower SFF (i5, 16GB, 512GB SSD)",LT-100527,SYN-GFYH14XF,,lt-100527,lt-100527,02:00:00:238:248:00,Laptop replacement - hardware fault on SYN-LT-100527,"Unit 2802, 5 Example Street, Example District, Example City",+63 900 300 6302,Retracted,Support Technician A,N,,,,
EMP-0455,"SMITH, HARPER","ExampleBook Air 13 (i7, 8GB, 256GB SSD)",LT-100446,SYN-WLSG22K4,,lt-100446,lt-100446,02:00:00:30:27:160,Broken screen replacement - SYN-LT-100446,"Unit 2102, 67 Example Street, Example District, Example City",+63 900 455 0322,For Repair,IT Support Queue,N,,,,
EMP-0372,"WILLIAMS, TATUM",,,,,,,,Pending device allocation,"Unit 3102, 53 Example Street, Example District, Example City",+63 900 372 0945,Ready for Release,Support Technician A,N,,,,
EMP-0020,"SAMPLE, INDIGO","ExampleTower Mini (i7, 32GB, 1TB SSD)",LT-100418,SYN-93W1LKKG,,lt-100418,lt-100418,02:00:00:236:23:04,Temporary loan for coverage period - SYN-LT-100418,"Unit 302, 22 Example Street, Example District, Example City",+63 900 020 2753,Retracted,Support Technician B,Y,,,,
EMP-0343,"MILLER, LEE",,,,,,,,Pending device allocation,"Unit 1802, 20 Example Street, Example District, Example City",+63 900 343 5727,Deployed,IT Support Queue,N,,,,
EMP-0209,"DOE, OAKLEY",,,,,,,,Pending device allocation,"Unit 102, 25 Example Street, Example District, Example City",+63 900 209 2621,Deployed,Support Technician A,N,,,,
EMP-0729,"SMITH, FRANKIE","ExampleView 27"" QHD Monitor",LT-100515,SYN-ZWMKU5X2,,lt-100515,lt-100515,02:00:00:139:53:48,Scheduled refresh of legacy device SYN-LT-100515,"Unit 3502, 38 Example Street, Example District, Example City",+63 900 729 1359,Deployed,Support Technician A,N,,,,
EMP-0207,"JOHNSON, OAKLEY","ExampleView 27"" QHD Monitor",LT-100440,SYN-7GYYK0E6,,lt-100440,lt-100440,02:00:00:56:45:132,Laptop replacement - hardware fault on SYN-LT-100440,"Unit 3502, 38 Example Street, Example District, Example City",+63 900 207 7525,Deployed,Support Technician B,N,,,,
EMP-0332,"DOE, TATUM","ExampleStation 15 (i5, 16GB, 1TB HDD)",LT-100360,SYN-R1DKWZWU,,lt-100360,lt-100360,02:00:00:31:56:45,New starter onboarding - device SYN-LT-100360,"Unit 202, 30 Example Street, Example District, Example City",+63 900 332 7253,For Repair,IT Support Queue,Y,,,,
EMP-0740,"SAMPLE, PARKER","ExampleView 24"" IPS Monitor",LT-100029,SYN-6DZD889W,,lt-100029,lt-100029,02:00:00:33:37:165,Temporary loan for coverage period - SYN-LT-100029,"Unit 402, 60 Example Street, Example District, Example City",+63 900 740 9706,Retracted,Support Technician A,Y,,,,
EMP-0019,"SAMPLE, BLAIR","ExampleTower Mini (i7, 32GB, 1TB SSD)",LT-100287,SYN-8UYEBLTH,,lt-100287,lt-100287,02:00:00:189:229:17,Scheduled refresh of legacy device SYN-LT-100287,"Unit 1602, 36 Example Street, Example District, Example City",+63 900 019 7186,Ready for Release,IT Support Queue,N,,,,
EMP-0230,"SAMPLE, GRAY","ExampleBook Pro 14 (i5, 16GB, 512GB SSD)",LT-100176,SYN-B3H8DNAF,,lt-100176,lt-100176,02:00:00:186:83:206,New starter onboarding - device SYN-LT-100176,"Unit 1102, 17 Example Street, Example District, Example City",+63 900 230 0060,Ready for Release,Support Technician A,Y,,,,
EMP-0240,"JOHNSON, LEE","ExamplePad 11 Tablet (8GB, 128GB)",LT-100497,SYN-TCDBBD4G,,lt-100497,lt-100497,02:00:00:210:135:17,Laptop replacement - hardware fault on SYN-LT-100497,"Unit 1802, 26 Example Street, Example District, Example City",+63 900 240 2513,Retracted,IT Support Queue,Y,,,,
EMP-0694,"DOE, KAI","ExamplePad 11 Tablet (8GB, 128GB)",LT-100527,SYN-P3JYEY5M,,lt-100527,lt-100527,02:00:00:81:01:98,Temporary loan for coverage period - SYN-LT-100527,"Unit 502, 25 Example Street, Example District, Example City",+63 900 694 6610,Deployed,Support Technician B,Y,,,,
EMP-0764,"JOHNSON, PARKER","ExampleTower SFF (i5, 16GB, 512GB SSD)",LT-100067,SYN-Y6JB5U88,,lt-100067,lt-100067,02:00:00:120:244:94,New starter onboarding - device SYN-LT-100067,"Unit 1402, 63 Example Street, Example District, Example City",+63 900 764 9893,For Repair,Support Technician B,Y,,,,
EMP-0717,"BROWN, REESE","ExampleView 27"" QHD Monitor",LT-100048,SYN-TSAU3UTL,,lt-100048,lt-100048,02:00:00:03:10:81,New starter onboarding - device SYN-LT-100048,"Unit 2602, 69 Example Street, Example District, Example City",+63 900 717 9576,Retracted,Support Technician A,N,,,,
EMP-0516,"SMITH, REESE","ExampleBook Air 13 (i7, 8GB, 256GB SSD)",LT-100041,SYN-UCXPWRJ5,,lt-100041,lt-100041,02:00:00:99:122:33,Temporary loan for coverage period - SYN-LT-100041,"Unit 3902, 78 Example Street, Example District, Example City",+63 900 516 9356,Ready for Release,Support Technician A,Y,,,,
EMP-0234,"SAMPLE, CASEY","ExampleBook Air 13 (i7, 8GB, 256GB SSD)",LT-100141,SYN-AV58XY0A,,lt-100141,lt-100141,02:00:00:146:153:54,Temporary loan for coverage period - SYN-LT-100141,"Unit 2702, 79 Example Street, Example District, Example City",+63 900 234 8173,For Repair,IT Support Queue,N,,,,
EMP-0735,"TESTER, HARPER","ExampleView 24"" IPS Monitor",LT-100519,SYN-W4SZZEDN,,lt-100519,lt-100519,02:00:00:149:207:176,Temporary loan for coverage period - SYN-LT-100519,"Unit 2202, 7 Example Street, Example District, Example City",+63 900 735 2322,Retracted,IT Support Queue,N,,,,
EMP-0608,"PLACEHOLDER, HARPER",,,,,,,,Pending device allocation,"Unit 3302, 28 Example Street, Example District, Example City",+63 900 608 8928,For Pickup,IT Support Queue,N,,,,
EMP-0060,"MILLER, REESE","ExamplePad 11 Tablet (8GB, 128GB)",LT-100586,SYN-BN8TRSKL,,lt-100586,lt-100586,02:00:00:11:99:199,Offboarding return and sanitization - SYN-LT-100586,"Unit 1802, 50 Example Street, Example District, Example City",+63 900 060 9172,Ready for Release,Support Technician B,N,,,,
EMP-0043,"BROWN, JAMIE","ExampleTower Mini (i7, 32GB, 1TB SSD)",LT-100329,SYN-UWVST8FJ,,lt-100329,lt-100329,02:00:00:119:158:142,Temporary loan for coverage period - SYN-LT-100329,"Unit 1802, 46 Example Street, Example District, Example City",+63 900 043 9144,For Repair,Support Technician B,Y,,,,
EMP-0274,"SAMPLE, BLAIR","ExamplePad 11 Tablet (8GB, 128GB)",LT-100503,SYN-CG3G747Q,,lt-100503,lt-100503,02:00:00:253:155:241,Offboarding return and sanitization - SYN-LT-100503,"Unit 1802, 83 Example Street, Example District, Example City",+63 900 274 7829,For Repair,Support Technician A,Y,,,,
EMP-0487,"SMITH, MORGAN","ExampleTower Mini (i7, 32GB, 1TB SSD)",LT-100002,SYN-Z0G2NL8W,,lt-100002,lt-100002,02:00:00:229:45:70,Temporary loan for coverage period - SYN-LT-100002,"Unit 2502, 43 Example Street, Example District, Example City",+63 900 487 9447,Deployed,IT Support Queue,N,,,,
EMP-0674,"DOE, KAI","ExampleTower SFF (i5, 16GB, 512GB SSD)",LT-100364,SYN-7Z7SPWLV,,lt-100364,lt-100364,02:00:00:238:196:54,Scheduled refresh of legacy device SYN-LT-100364,"Unit 3102, 80 Example Street, Example District, Example City",+63 900 674 6520,For Pickup,IT Support Queue,N,,,,
EMP-0502,"JOHNSON, FRANKIE",,,,,,,,Pending device allocation,"Unit 2402, 5 Example Street, Example District, Example City",+63 900 502 6524,For Pickup,IT Support Queue,N,,,,
EMP-0747,"SMITH, HARPER","ExamplePad 11 Tablet (8GB, 128GB)",LT-100195,SYN-WYME4T31,,lt-100195,lt-100195,02:00:00:123:111:122,Offboarding return and sanitization - SYN-LT-100195,"Unit 3502, 65 Example Street, Example District, Example City",+63 900 747 8997,Retracted,Support Technician B,N,,,,
EMP-0573,"SMITH, SAWYER","ExampleBook Air 13 (i7, 8GB, 256GB SSD)",LT-100305,SYN-V4EU8NKT,,lt-100305,lt-100305,02:00:00:119:126:200,New starter onboarding - device SYN-LT-100305,"Unit 3702, 18 Example Street, Example District, Example City",+63 900 573 2713,Deployed,Support Technician B,Y,,,,
EMP-0286,"DOE, LEE",,,,,,,,Pending device allocation,"Unit 1402, 65 Example Street, Example District, Example City",+63 900 286 1358,Retracted,Support Technician B,N,,,,
EMP-0082,"TESTER, ELLIS","ExampleBook Air 13 (i7, 8GB, 256GB SSD)",LT-100372,SYN-GNZCQ8BX,,lt-100372,lt-100372,02:00:00:254:25:234,Broken screen replacement - SYN-LT-100372,"Unit 2602, 54 Example Street, Example District, Example City",+63 900 082 9521,Retracted,IT Support Queue,Y,,,,
EMP-0548,"SMITH, HARPER",,,,,,,,Pending device allocation,"Unit 4002, 38 Example Street, Example District, Example City",+63 900 548 3375,Deployed,IT Support Queue,N,,,,
EMP-0551,"DOE, JAMIE","ExampleView 24"" IPS Monitor",LT-100404,SYN-TM06WD5C,,lt-100404,lt-100404,02:00:00:159:148:84,Temporary loan for coverage period - SYN-LT-100404,"Unit 902, 27 Example Street, Example District, Example City",+63 900 551 1994,Deployed,IT Support Queue,N,,,,
EMP-0523,"SMITH, TATUM","ExampleView 27"" QHD Monitor",LT-100350,SYN-VKZ1LR9E,,lt-100350,lt-100350,02:00:00:161:173:54,Temporary loan for coverage period - SYN-LT-100350,"Unit 1902, 70 Example Street, Example District, Example City",+63 900 523 7683,Deployed,Support Technician B,Y,,,,
EMP-0175,"BROWN, INDIGO","ExampleStation 15 (i5, 16GB, 1TB HDD)",LT-100302,SYN-DQY4GHW5,,lt-100302,lt-100302,02:00:00:198:70:244,Laptop replacement - hardware fault on SYN-LT-100302,"Unit 3502, 38 Example Street, Example District, Example City",+63 900 175 5860,Deployed,IT Support Queue,Y,,,,
EMP-0355,"BROWN, QUINN","ExampleBook Air 13 (i7, 8GB, 256GB SSD)",LT-100570,SYN-4T9UUP61,,lt-100570,lt-100570,02:00:00:41:18:231,Offboarding return and sanitization - SYN-LT-100570,"Unit 502, 61 Example Street, Example District, Example City",+63 900 355 2151,Retracted,Support Technician A,Y,,,,
EMP-0504,"CLARK, REESE",,,,,,,,Pending device allocation,"Unit 1402, 35 Example Street, Example District, Example City",+63 900 504 9111,Deployed,Support Technician A,N,,,,
EMP-0346,"SAMPLE, BLAIR","ExampleStation 15 (i5, 16GB, 1TB HDD)",LT-100549,SYN-MZJK1TQC,,lt-100549,lt-100549,02:00:00:159:157:125,Scheduled refresh of legacy device SYN-LT-100549,"Unit 1702, 76 Example Street, Example District, Example City",+63 900 346 6529,Retracted,IT Support Queue,N,,,,
EMP-0641,"SAMPLE, INDIGO","ExampleTower Mini (i7, 32GB, 1TB SSD)",LT-100382,SYN-PMMMU200,,lt-100382,lt-100382,02:00:00:40:28:206,Scheduled refresh of legacy device SYN-LT-100382,"Unit 202, 33 Example Street, Example District, Example City",+63 900 641 8843,Deployed,Support Technician A,N,,,,
EMP-0190,"DOE, ALEX","ExampleBook Air 13 (i7, 8GB, 256GB SSD)",LT-100095,SYN-3222K7F9,,lt-100095,lt-100095,02:00:00:249:156:46,Broken screen replacement - SYN-LT-100095,"Unit 2002, 59 Example Street, Example District, Example City",+63 900 190 4661,For Repair,IT Support Queue,Y,,,,
EMP-0256,"WILLIAMS, DANA","ExampleTower Mini (i7, 32GB, 1TB SSD)",LT-100222,SYN-9S5KPSJN,,lt-100222,lt-100222,02:00:00:223:97:152,Broken screen replacement - SYN-LT-100222,"Unit 102, 33 Example Street, Example District, Example City",+63 900 256 1216,Deployed,IT Support Queue,Y,,,,
EMP-0543,"DOE, DANA","ExampleBook Air 13 (i7, 8GB, 256GB SSD)",LT-100110,SYN-411FCN2L,,lt-100110,lt-100110,02:00:00:51:168:169,Temporary loan for coverage period - SYN-LT-100110,"Unit 2602, 77 Example Street, Example District, Example City",+63 900 543 2113,Deployed,Support Technician A,Y,,,,
EMP-0716,"SMITH, MORGAN","ExamplePad 11 Tablet (8GB, 128GB)",LT-100544,SYN-65AL9Q0D,,lt-100544,lt-100544,02:00:00:17:97:101,Laptop replacement - hardware fault on SYN-LT-100544,"Unit 1502, 59 Example Street, Example District, Example City",+63 900 716 7961,For Repair,Support Technician A,Y,,,,
EMP-0416,"BROWN, QUINN","ExampleView 27"" QHD Monitor",LT-100272,SYN-885J2G82,,lt-100272,lt-100272,02:00:00:218:188:77,New starter onboarding - device SYN-LT-100272,"Unit 2602, 20 Example Street, Example District, Example City",+63 900 416 1236,For Repair,Support Technician A,Y,,,,
EMP-0750,"TESTER, CASEY","ExampleStation 15 (i5, 16GB, 1TB HDD)",LT-100241,SYN-XMGRY7Y4,,lt-100241,lt-100241,02:00:00:208:158:38,Broken screen replacement - SYN-LT-100241,"Unit 3302, 9 Example Street, Example District, Example City",+63 900 750 1026,Ready for Release,Support Technician A,Y,,,,
EMP-0425,"PLACEHOLDER, NOEL",,,,,,,,Pending device allocation,"Unit 2902, 46 Example Street, Example District, Example City",+63 900 425 0573,Ready for Release,Support Technician A,N,,,,
EMP-0193,"JOHNSON, PARKER","ExamplePad 11 Tablet (8GB, 128GB)",LT-100562,SYN-S8ZTWBZ8,,lt-100562,lt-100562,02:00:00:04:76:165,Scheduled refresh of legacy device SYN-LT-100562,"Unit 802, 63 Example Street, Example District, Example City",+63 900 193 6444,Deployed,Support Technician B,N,,,,
EMP-0749,"BROWN, TATUM","ExamplePad 11 Tablet (8GB, 128GB)",LT-100434,SYN-414SXASR,,lt-100434,lt-100434,02:00:00:170:184:49,Laptop replacement - hardware fault on SYN-LT-100434,"Unit 3802, 39 Example Street, Example District, Example City",+63 900 749 0278,Deployed,Support Technician A,Y,,,,
EMP-0207,"JOHNSON, OAKLEY",,,,,,,,Pending device allocation,"Unit 1602, 12 Example Street, Example District, Example City",+63 900 207 7525,Ready for Release,IT Support Queue,N,,,,
EMP-0554,"SMITH, DANA","ExampleTower SFF (i5, 16GB, 512GB SSD)",LT-100364,SYN-SQ5RCK63,,lt-100364,lt-100364,02:00:00:05:48:160,Broken screen replacement - SYN-LT-100364,"Unit 602, 49 Example Street, Example District, Example City",+63 900 554 1116,Deployed,Support Technician B,N,,,,
EMP-0278,"SAMPLE, DANA","ExampleTower Mini (i7, 32GB, 1TB SSD)",LT-100358,SYN-E06KN8V4,,lt-100358,lt-100358,02:00:00:241:225:54,New starter onboarding - device SYN-LT-100358,"Unit 3202, 25 Example Street, Example District, Example City",+63 900 278 0801,Deployed,Support Technician B,N,,,,
EMP-0566,"WILLIAMS, REESE",,,,,,,,Pending device allocation,"Unit 1502, 59 Example Street, Example District, Example City",+63 900 566 6306,For Pickup,Support Technician A,N,,,,
EMP-0130,"CLARK, INDIGO","ExampleBook Pro 14 (i5, 16GB, 512GB SSD)",LT-100190,SYN-PZ2ZZPSU,,lt-100190,lt-100190,02:00:00:72:76:05,Offboarding return and sanitization - SYN-LT-100190,"Unit 3202, 43 Example Street, Example District, Example City",+63 900 130 8013,Deployed,Support Technician B,N,,,,
EMP-0120,"CLARK, NOEL","ExampleBook Air 13 (i7, 8GB, 256GB SSD)",LT-100119,SYN-UGUMM8H0,,lt-100119,lt-100119,02:00:00:179:21:188,Broken screen replacement - SYN-LT-100119,"Unit 3102, 2 Example Street, Example District, Example City",+63 900 120 7265,Deployed,IT Support Queue,N,,,,
EMP-0402,"CLARK, KAI","ExampleBook Air 13 (i7, 8GB, 256GB SSD)",LT-100249,SYN-88KFVE2U,,lt-100249,lt-100249,02:00:00:63:147:13,Broken screen replacement - SYN-LT-100249,"Unit 2602, 33 Example Street, Example District, Example City",+63 900 402 6793,For Pickup,IT Support Queue,N,,,,
EMP-0161,"MILLER, LEE","ExampleBook Air 13 (i7, 8GB, 256GB SSD)",LT-100425,SYN-0YFBK28F,,lt-100425,lt-100425,02:00:00:106:138:248,Broken screen replacement - SYN-LT-100425,"Unit 602, 69 Example Street, Example District, Example City",+63 900 161 7182,Retracted,IT Support Queue,N,,,,
EMP-0120,"CLARK, NOEL","ExampleBook Pro 14 (i5, 16GB, 512GB SSD)",LT-100592,SYN-WU4EZF4Q,,lt-100592,lt-100592,02:00:00:141:172:97,Scheduled refresh of legacy device SYN-LT-100592,"Unit 2602, 70 Example Street, Example District, Example City",+63 900 120 7265,Retracted,Support Technician B,N,,,,
EMP-0722,"MILLER, HARPER","ExampleStation 15 (i5, 16GB, 1TB HDD)",LT-100125,SYN-7N9MYNKX,,lt-100125,lt-100125,02:00:00:248:44:23,Scheduled refresh of legacy device SYN-LT-100125,"Unit 1502, 69 Example Street, Example District, Example City",+63 900 722 3393,Ready for Release,IT Support Queue,Y,,,,
EMP-0215,"SAMPLE, CASEY","ExampleBook Pro 14 (i5, 16GB, 512GB SSD)",LT-100136,SYN-CFPKFDF7,,lt-100136,lt-100136,02:00:00:251:252:55,Scheduled refresh of legacy device SYN-LT-100136,"Unit 1302, 27 Example Street, Example District, Example City",+63 900 215 6178,Ready for Release,Support Technician B,N,,,,
EMP-0603,"TESTER, ALEX",,,,,,,,Pending device allocation,"Unit 3502, 38 Example Street, Example District, Example City",+63 900 603 9494,For Pickup,IT Support Queue,N,,,,
EMP-0251,"JOHNSON, TATUM","ExampleView 24"" IPS Monitor",LT-100066,SYN-0ZZ7EFAT,,lt-100066,lt-100066,02:00:00:140:00:249,Laptop replacement - hardware fault on SYN-LT-100066,"Unit 1602, 40 Example Street, Example District, Example City",+63 900 251 4758,Deployed,Support Technician B,Y,,,,
EMP-0097,"SMITH, OAKLEY","ExampleView 24"" IPS Monitor",LT-100057,SYN-1U8G03Q9,,lt-100057,lt-100057,02:00:00:79:09:12,Offboarding return and sanitization - SYN-LT-100057,"Unit 2802, 79 Example Street, Example District, Example City",+63 900 097 0479,For Repair,Support Technician A,Y,,,,
EMP-0281,"TESTER, PARKER","ExampleBook Pro 14 (i5, 16GB, 512GB SSD)",LT-100258,SYN-TFE3A80P,,lt-100258,lt-100258,02:00:00:219:201:150,New starter onboarding - device SYN-LT-100258,"Unit 3502, 58 Example Street, Example District, Example City",+63 900 281 3863,Deployed,IT Support Queue,Y,,,,
EMP-0323,"DOE, OAKLEY",,,,,,,,Pending device allocation,"Unit 3002, 74 Example Street, Example District, Example City",+63 900 323 2988,For Repair,Support Technician A,N,,,,
EMP-0402,"CLARK, KAI","ExamplePad 11 Tablet (8GB, 128GB)",LT-100532,SYN-A2S1AL7Z,,lt-100532,lt-100532,02:00:00:01:200:213,New starter onboarding - device SYN-LT-100532,"Unit 2002, 34 Example Street, Example District, Example City",+63 900 402 6793,Deployed,Support Technician B,Y,,,,
EMP-0393,"SMITH, CASEY","ExampleTower SFF (i5, 16GB, 512GB SSD)",LT-100425,SYN-TYGK5QH3,,lt-100425,lt-100425,02:00:00:46:13:152,Temporary loan for coverage period - SYN-LT-100425,"Unit 3202, 70 Example Street, Example District, Example City",+63 900 393 1441,Deployed,IT Support Queue,N,,,,
EMP-0391,"WILLIAMS, REESE",,,,,,,,Pending device allocation,"Unit 2402, 62 Example Street, Example District, Example City",+63 900 391 7078,For Repair,Support Technician A,N,,,,
EMP-0433,"SMITH, DANA",,,,,,,,Pending device allocation,"Unit 1902, 70 Example Street, Example District, Example City",+63 900 433 4531,Ready for Release,IT Support Queue,N,,,,
EMP-0381,"PLACEHOLDER, ELLIS","ExampleStation 15 (i5, 16GB, 1TB HDD)",LT-100474,SYN-BFGCBZ3X,,lt-100474,lt-100474,02:00:00:254:06:34,Offboarding return and sanitization - SYN-LT-100474,"Unit 1002, 70 Example Street, Example District, Example City",+63 900 381 5381,For Pickup,IT Support Queue,N,,,,
EMP-0050,"MILLER, JAMIE","ExamplePad 11 Tablet (8GB, 128GB)",LT-100036,SYN-UP58Z40D,,lt-100036,lt-100036,02:00:00:102:145:129,New starter onboarding - device SYN-LT-100036,"Unit 1202, 16 Example Street, Example District, Example City",+63 900 050 6990,For Repair,Support Technician A,Y,,,,
EMP-0745,"MILLER, SAWYER","ExampleBook Air 13 (i7, 8GB, 256GB SSD)",LT-100513,SYN-YCAPV16S,,lt-100513,lt-100513,02:00:00:200:67:233,New starter onboarding - device SYN-LT-100513,"Unit 1902, 37 Example Street, Example District, Example City",+63 900 745 4068,For Pickup,Support Technician B,Y,,,,
EMP-0669,"PLACEHOLDER, CASEY","ExampleTower SFF (i5, 16GB, 512GB SSD)",LT-100391,SYN-X726EXCN,,lt-100391,lt-100391,02:00:00:105:103:226,New starter onboarding - device SYN-LT-100391,"Unit 202, 55 Example Street, Example District, Example City",+63 900 669 9460,Deployed,IT Support Queue,Y,,,,
EMP-0483,"SAMPLE, HARPER","ExamplePad 11 Tablet (8GB, 128GB)",LT-100021,SYN-QQ62HXEP,,lt-100021,lt-100021,02:00:00:09:68:235,Temporary loan for coverage period - SYN-LT-100021,"Unit 3702, 32 Example Street, Example District, Example City",+63 900 483 4025,Retracted,IT Support Queue,Y,,,,
EMP-0162,"WILLIAMS, TATUM","ExampleBook Pro 14 (i5, 16GB, 512GB SSD)",LT-100079,SYN-X7NX8WF3,,lt-100079,lt-100079,02:00:00:125:210:100,Broken screen replacement - SYN-LT-100079,"Unit 3702, 17 Example Street, Example District, Example City",+63 900 162 0505,Ready for Release,Support Technician B,N,,,,
EMP-0747,"SMITH, HARPER","ExampleStation 15 (i5, 16GB, 1TB HDD)",LT-100587,SYN-PRHZQJ20,,lt-100587,lt-100587,02:00:00:65:62:24,Temporary loan for coverage period - SYN-LT-100587,"Unit 202, 27 Example Street, Example District, Example City",+63 900 747 8997,Ready for Release,Support Technician A,Y,,,,
EMP-0030,"CLARK, GRAY","ExampleBook Pro 14 (i5, 16GB, 512GB SSD)",LT-100100,SYN-8QX1FKTD,,lt-100100,lt-100100,02:00:00:243:127:34,Broken screen replacement - SYN-LT-100100,"Unit 4002, 14 Example Street, Example District, Example City",+63 900 030 9601,Ready for Release,Support Technician B,N,,,,
EMP-0282,"WILLIAMS, PARKER","ExampleStation 15 (i5, 16GB, 1TB HDD)",LT-100569,SYN-8QKSA4UQ,,lt-100569,lt-100569,02:00:00:223:157:250,Temporary loan for coverage period - SYN-LT-100569,"Unit 3902, 75 Example Street, Example District, Example City",+63 900 282 9758,Deployed,Support Technician B,Y,,,,
EMP-0695,"DOE, SAWYER",,,,,,,,Pending device allocation,"Unit 1102, 86 Example Street, Example District, Example City",+63 900 695 0165,Ready for Release,Support Technician B,N,,,,
EMP-0513,"WILLIAMS, ALEX",,,,,,,,Pending device allocation,"Unit 2002, 59 Example Street, Example District, Example City",+63 900 513 0767,Ready for Release,Support Technician A,N,,,,
EMP-0659,"WILLIAMS, PARKER","ExampleView 24"" IPS Monitor",LT-100213,SYN-HENANQPN,,lt-100213,lt-100213,02:00:00:35:123:99,New starter onboarding - device SYN-LT-100213,"Unit 4002, 36 Example Street, Example District, Example City",+63 900 659 2691,For Pickup,Support Technician B,Y,,,,
EMP-0434,"CLARK, DANA","ExampleView 27"" QHD Monitor",LT-100559,SYN-H9WFZ0QB,,lt-100559,lt-100559,02:00:00:154:45:234,Broken screen replacement - SYN-LT-100559,"Unit 702, 84 Example Street, Example District, Example City",+63 900 434 6641,Ready for Release,IT Support Queue,Y,,,,
EMP-0789,"TESTER, TATUM","ExampleTower SFF (i5, 16GB, 512GB SSD)",LT-100195,SYN-EKR3LLMN,,lt-100195,lt-100195,02:00:00:74:119:105,Broken screen replacement - SYN-LT-100195,"Unit 1302, 20 Example Street, Example District, Example City",+63 900 789 1792,For Repair,IT Support Queue,N,,,,
EMP-0353,"DOE, PARKER","ExampleTower Mini (i7, 32GB, 1TB SSD)",LT-100051,SYN-AELLC8XR,,lt-100051,lt-100051,02:00:00:192:10:129,Scheduled refresh of legacy device SYN-LT-100051,"Unit 1602, 40 Example Street, Example District, Example City",+63 900 353 6249,Deployed,Support Technician A,N,,,,
EMP-0686,"MILLER, LEE","ExampleView 27"" QHD Monitor",LT-100382,SYN-TKMY7TGL,,lt-100382,lt-100382,02:00:00:112:135:195,Broken screen replacement - SYN-LT-100382,"Unit 1902, 85 Example Street, Example District, Example City",+63 900 686 0245,Ready for Release,IT Support Queue,Y,,,,
EMP-0719,"MILLER, SAWYER","ExampleBook Pro 14 (i5, 16GB, 512GB SSD)",LT-100371,SYN-MF5M7LS7,,lt-100371,lt-100371,02:00:00:170:12:228,Offboarding return and sanitization - SYN-LT-100371,"Unit 3602, 90 Example Street, Example District, Example City",+63 900 719 6849,Retracted,IT Support Queue,N,,,,
EMP-0608,"PLACEHOLDER, HARPER","ExampleBook Pro 14 (i5, 16GB, 512GB SSD)",LT-100157,SYN-F85ZD8FG,,lt-100157,lt-100157,02:00:00:110:63:123,Laptop replacement - hardware fault on SYN-LT-100157,"Unit 3402, 90 Example Street, Example District, Example City",+63 900 608 8928,For Pickup,IT Support Queue,N,,,,
EMP-0459,"WILLIAMS, KAI",,,,,,,,Pending device allocation,"Unit 3002, 45 Example Street, Example District, Example City",+63 900 459 7758,For Pickup,IT Support Queue,N,,,,
EMP-0290,"DOE, KAI","ExampleBook Pro 14 (i5, 16GB, 512GB SSD)",LT-100572,SYN-E104EJ49,,lt-100572,lt-100572,02:00:00:112:34:251,Temporary loan for coverage period - SYN-LT-100572,"Unit 602, 50 Example Street, Example District, Example City",+63 900 290 1283,Deployed,Support Technician B,Y,,,,
EMP-0281,"TESTER, PARKER","ExampleView 24"" IPS Monitor",LT-100583,SYN-EUMRH6FD,,lt-100583,lt-100583,02:00:00:212:33:106,Temporary loan for coverage period - SYN-LT-100583,"Unit 202, 58 Example Street, Example District, Example City",+63 900 281 3863,Deployed,Support Technician B,Y,,,,
EMP-0147,"TESTER, QUINN","ExampleTower SFF (i5, 16GB, 512GB SSD)",LT-100006,SYN-U0AFX7PF,,lt-100006,lt-100006,02:00:00:237:01:84,Offboarding return and sanitization - SYN-LT-100006,"Unit 602, 28 Example Street, Example District, Example City",+63 900 147 8888,Retracted,Support Technician A,N,,,,
EMP-0767,"SAMPLE, REESE","ExampleView 27"" QHD Monitor",LT-100304,SYN-URDHV2EF,,lt-100304,lt-100304,02:00:00:63:191:86,Laptop replacement - hardware fault on SYN-LT-100304,"Unit 1302, 1 Example Street, Example District, Example City",+63 900 767 7020,Ready for Release,Support Technician A,Y,,,,
EMP-0687,"TESTER, GRAY",,,,,,,,Pending device allocation,"Unit 3002, 60 Example Street, Example District, Example City",+63 900 687 5943,Deployed,Support Technician B,N,,,,
EMP-0139,"JOHNSON, JAMIE","ExampleStation 15 (i5, 16GB, 1TB HDD)",LT-100135,SYN-B33MT0DL,,lt-100135,lt-100135,02:00:00:26:04:11,Temporary loan for coverage period - SYN-LT-100135,"Unit 302, 59 Example Street, Example District, Example City",+63 900 139 2762,For Repair,IT Support Queue,Y,,,,
EMP-0083,"BROWN, PARKER","ExampleView 24"" IPS Monitor",LT-100095,SYN-R3W6SKPK,,lt-100095,lt-100095,02:00:00:226:07:139,New starter onboarding - device SYN-LT-100095,"Unit 902, 22 Example Street, Example District, Example City",+63 900 083 6228,Retracted,Support Technician B,Y,,,,
EMP-0178,"BROWN, ELLIS","ExampleStation 15 (i5, 16GB, 1TB HDD)",LT-100252,SYN-NV5G8KH7,,lt-100252,lt-100252,02:00:00:117:49:27,Laptop replacement - hardware fault on SYN-LT-100252,"Unit 1702, 67 Example Street, Example District, Example City",+63 900 178 6613,For Pickup,Support Technician B,N,,,,
EMP-0776,"BROWN, FRANKIE","ExampleTower Mini (i7, 32GB, 1TB SSD)",LT-100159,SYN-47XYRBAR,,lt-100159,lt-100159,02:00:00:59:239:167,Temporary loan for coverage period - SYN-LT-100159,"Unit 3402, 34 Example Street, Example District, Example City",+63 900 776 2823,Retracted,Support Technician B,Y,,,,
EMP-0795,"MILLER, PARKER","ExampleTower SFF (i5, 16GB, 512GB SSD)",LT-100250,SYN-1RHA23EA,,lt-100250,lt-100250,02:00:00:30:237:94,Broken screen replacement - SYN-LT-100250,"Unit 1202, 52 Example Street, Example District, Example City",+63 900 795 8177,For Pickup,Support Technician A,Y,,,,
EMP-0672,"DOE, FRANKIE","ExampleView 24"" IPS Monitor",LT-100234,SYN-AZ3X3A91,,lt-100234,lt-100234,02:00:00:224:86:77,Scheduled refresh of legacy device SYN-LT-100234,"Unit 2702, 66 Example Street, Example District, Example City",+63 900 672 5366,Deployed,Support Technician A,Y,,,,
EMP-0151,"CLARK, NOEL","ExampleBook Air 13 (i7, 8GB, 256GB SSD)",LT-100270,SYN-WZZGNETY,,lt-100270,lt-100270,02:00:00:62:60:79,Scheduled refresh of legacy device SYN-LT-100270,"Unit 1302, 4 Example Street, Example District, Example City",+63 900 151 0537,Retracted,Support Technician A,Y,,,,
EMP-0444,"PLACEHOLDER, LEE","ExampleTower SFF (i5, 16GB, 512GB SSD)",LT-100181,SYN-V7SYGP82,,lt-100181,lt-100181,02:00:00:28:245:204,Laptop replacement - hardware fault on SYN-LT-100181,"Unit 2502, 47 Example Street, Example District, Example City",+63 900 444 5088,For Pickup,IT Support Queue,Y,,,,
EMP-0603,"TESTER, ALEX","ExampleView 24"" IPS Monitor",LT-100443,SYN-QDWDN6CH,,lt-100443,lt-100443,02:00:00:129:44:209,Broken screen replacement - SYN-LT-100443,"Unit 3402, 75 Example Street, Example District, Example City",+63 900 603 9494,Retracted,IT Support Queue,Y,,,,
EMP-0144,"SMITH, HARPER","ExamplePad 11 Tablet (8GB, 128GB)",LT-100463,SYN-XPE0PGDC,,lt-100463,lt-100463,02:00:00:187:179:114,Offboarding return and sanitization - SYN-LT-100463,"Unit 502, 20 Example Street, Example District, Example City",+63 900 144 8842,Deployed,IT Support Queue,N,,,,
EMP-0676,"SMITH, GRAY","ExampleTower SFF (i5, 16GB, 512GB SSD)",LT-100275,SYN-1ULUNKSV,,lt-100275,lt-100275,02:00:00:39:15:220,Offboarding return and sanitization - SYN-LT-100275,"Unit 1902, 27 Example Street, Example District, Example City",+63 900 676 1052,Retracted,IT Support Queue,Y,,,,
EMP-0231,"MILLER, FRANKIE",,,,,,,,Pending device allocation,"Unit 2002, 32 Example Street, Example District, Example City",+63 900 231 2815,For Pickup,Support Technician A,N,,,,
EMP-0634,"DOE, CASEY",,,,,,,,Pending device allocation,"Unit 3902, 87 Example Street, Example District, Example City",+63 900 634 9602,Ready for Release,Support Technician B,N,,,,
EMP-0372,"WILLIAMS, TATUM","ExampleView 27"" QHD Monitor",LT-100425,SYN-746QWU6H,,lt-100425,lt-100425,02:00:00:166:199:130,Broken screen replacement - SYN-LT-100425,"Unit 2102, 23 Example Street, Example District, Example City",+63 900 372 0945,Ready for Release,IT Support Queue,Y,,,,
EMP-0389,"BROWN, ELLIS","ExampleStation 15 (i5, 16GB, 1TB HDD)",LT-100323,SYN-P628M436,,lt-100323,lt-100323,02:00:00:91:52:00,Broken screen replacement - SYN-LT-100323,"Unit 2402, 83 Example Street, Example District, Example City",+63 900 389 5090,Retracted,Support Technician B,N,,,,
EMP-0052,"BROWN, OAKLEY","ExampleTower Mini (i7, 32GB, 1TB SSD)",LT-100043,SYN-K7Z6RLMU,,lt-100043,lt-100043,02:00:00:01:250:43,Offboarding return and sanitization - SYN-LT-100043,"Unit 2302, 44 Example Street, Example District, Example City",+63 900 052 6159,Deployed,IT Support Queue,Y,,,,
EMP-0753,"DOE, HARPER","ExampleBook Pro 14 (i5, 16GB, 512GB SSD)",LT-100275,SYN-ZRRGJAG5,,lt-100275,lt-100275,02:00:00:00:114:110,Broken screen replacement - SYN-LT-100275,"Unit 3602, 82 Example Street, Example District, Example City",+63 900 753 5175,For Pickup,IT Support Queue,N,,,,
EMP-0447,"CLARK, JAMIE","ExampleTower SFF (i5, 16GB, 512GB SSD)",LT-100032,SYN-C8JYN8ZC,,lt-100032,lt-100032,02:00:00:243:156:31,Scheduled refresh of legacy device SYN-LT-100032,"Unit 3802, 50 Example Street, Example District, Example City",+63 900 447 9093,Deployed,IT Support Queue,Y,,,,
EMP-0364,"SAMPLE, TATUM","ExampleBook Pro 14 (i5, 16GB, 512GB SSD)",LT-100583,SYN-6AAQE27B,,lt-100583,lt-100583,02:00:00:115:248:160,Temporary loan for coverage period - SYN-LT-100583,"Unit 3602, 34 Example Street, Example District, Example City",+63 900 364 6822,Deployed,IT Support Queue,Y,,,,
EMP-0428,"DOE, JAMIE",,,,,,,,Pending device allocation,"Unit 2502, 67 Example Street, Example District, Example City",+63 900 428 3977,Ready for Release,Support Technician B,N,,,,
EMP-0704,"WILLIAMS, ALEX","ExampleBook Pro 14 (i5, 16GB, 512GB SSD)",LT-100558,SYN-P34NRNUX,,lt-100558,lt-100558,02:00:00:63:59:232,Offboarding return and sanitization - SYN-LT-100558,"Unit 2102, 53 Example Street, Example District, Example City",+63 900 704 4007,Deployed,IT Support Queue,Y,,,,
EMP-0317,"DOE, REESE","ExampleTower Mini (i7, 32GB, 1TB SSD)",LT-100590,SYN-TUTD1XNB,,lt-100590,lt-100590,02:00:00:159:61:192,Offboarding return and sanitization - SYN-LT-100590,"Unit 1902, 66 Example Street, Example District, Example City",+63 900 317 5876,Ready for Release,Support Technician A,N,,,,
EMP-0419,"DOE, TATUM","ExampleTower SFF (i5, 16GB, 512GB SSD)",LT-100073,SYN-FWSMFVG5,,lt-100073,lt-100073,02:00:00:33:155:82,Scheduled refresh of legacy device SYN-LT-100073,"Unit 3102, 46 Example Street, Example District, Example City",+63 900 419 1572,Deployed,Support Technician B,Y,,,,
EMP-0229,"SMITH, ELLIS","ExamplePad 11 Tablet (8GB, 128GB)",LT-100583,SYN-ZNJ33GED,,lt-100583,lt-100583,02:00:00:116:144:131,New starter onboarding - device SYN-LT-100583,"Unit 602, 47 Example Street, Example District, Example City",+63 900 229 2978,Retracted,IT Support Queue,Y,,,,
EMP-0627,"CLARK, MORGAN",,,,,,,,Pending device allocation,"Unit 4002, 80 Example Street, Example District, Example City",+63 900 627 9029,Ready for Release,Support Technician B,N,,,,
EMP-0507,"SMITH, FRANKIE","ExampleView 24"" IPS Monitor",LT-100225,SYN-AL603N0C,,lt-100225,lt-100225,02:00:00:177:164:76,New starter onboarding - device SYN-LT-100225,"Unit 2102, 79 Example Street, Example District, Example City",+63 900 507 6068,Deployed,Support Technician B,N,,,,
EMP-0023,"MILLER, TATUM","ExampleView 24"" IPS Monitor",LT-100172,SYN-QGH6EP8W,,lt-100172,lt-100172,02:00:00:97:14:31,Laptop replacement - hardware fault on SYN-LT-100172,"Unit 3802, 90 Example Street, Example District, Example City",+63 900 023 9812,For Pickup,IT Support Queue,Y,,,,
EMP-0203,"SAMPLE, INDIGO","ExampleBook Air 13 (i7, 8GB, 256GB SSD)",LT-100414,SYN-XQNT8W92,,lt-100414,lt-100414,02:00:00:208:173:69,Scheduled refresh of legacy device SYN-LT-100414,"Unit 502, 78 Example Street, Example District, Example City",+63 900 203 7711,Deployed,Support Technician B,Y,,,,
EMP-0767,"SAMPLE, REESE","ExampleTower SFF (i5, 16GB, 512GB SSD)",LT-100373,SYN-9NJNP960,,lt-100373,lt-100373,02:00:00:178:60:94,Laptop replacement - hardware fault on SYN-LT-100373,"Unit 2802, 19 Example Street, Example District, Example City",+63 900 767 7020,Ready for Release,IT Support Queue,N,,,,
EMP-0715,"JOHNSON, ELLIS",,,,,,,,Pending device allocation,"Unit 3402, 26 Example Street, Example District, Example City",+63 900 715 0565,Deployed,IT Support Queue,N,,,,
EMP-0061,"DOE, DANA",,,,,,,,Pending device allocation,"Unit 3302, 85 Example Street, Example District, Example City",+63 900 061 7706,Retracted,Support Technician B,N,,,,
EMP-0374,"JOHNSON, CASEY","ExampleView 24"" IPS Monitor",LT-100567,SYN-1CGT7RR4,,lt-100567,lt-100567,02:00:00:225:29:52,Scheduled refresh of legacy device SYN-LT-100567,"Unit 2502, 61 Example Street, Example District, Example City",+63 900 374 4622,Deployed,IT Support Queue,Y,,,,
EMP-0435,"DOE, BLAIR","ExamplePad 11 Tablet (8GB, 128GB)",LT-100111,SYN-WBF29ADL,,lt-100111,lt-100111,02:00:00:37:84:46,Scheduled refresh of legacy device SYN-LT-100111,"Unit 3702, 87 Example Street, Example District, Example City",+63 900 435 4136,Retracted,IT Support Queue,N,,,,
EMP-0630,"DOE, CASEY",,,,,,,,Pending device allocation,"Unit 1002, 25 Example Street, Example District, Example City",+63 900 630 9194,For Pickup,IT Support Queue,N,,,,
EMP-0219,"DOE, SAWYER","ExampleBook Air 13 (i7, 8GB, 256GB SSD)",LT-100435,SYN-00PC69ZD,,lt-100435,lt-100435,02:00:00:133:24:134,Scheduled refresh of legacy device SYN-LT-100435,"Unit 3202, 81 Example Street, Example District, Example City",+63 900 219 0373,Retracted,IT Support Queue,Y,,,,
EMP-0142,"PLACEHOLDER, ELLIS","ExamplePad 11 Tablet (8GB, 128GB)",LT-100464,SYN-1E0WBL9F,,lt-100464,lt-100464,02:00:00:51:74:46,Laptop replacement - hardware fault on SYN-LT-100464,"Unit 1802, 69 Example Street, Example District, Example City",+63 900 142 9910,For Pickup,Support Technician A,Y,,,,
EMP-0197,"JOHNSON, MORGAN",,,,,,,,Pending device allocation,"Unit 2802, 43 Example Street, Example District, Example City",+63 900 197 1678,Deployed,Support Technician A,N,,,,
EMP-0370,"BROWN, OAKLEY","ExampleTower Mini (i7, 32GB, 1TB SSD)",LT-100594,SYN-MRTM6YTT,,lt-100594,lt-100594,02:00:00:92:84:123,Broken screen replacement - SYN-LT-100594,"Unit 1702, 33 Example Street, Example District, Example City",+63 900 370 2456,Deployed,Support Technician A,N,,,,
EMP-0416,"BROWN, QUINN","ExampleBook Air 13 (i7, 8GB, 256GB SSD)",LT-100433,SYN-NAPA8NAC,,lt-100433,lt-100433,02:00:00:151:196:54,Temporary loan for coverage period - SYN-LT-100433,"Unit 1802, 85 Example Street, Example District, Example City",+63 900 416 1236,Retracted,Support Technician A,N,,,,
EMP-0268,"DOE, JAMIE","ExampleView 24"" IPS Monitor",LT-100365,SYN-PMFLEZUP,,lt-100365,lt-100365,02:00:00:47:171:16,Laptop replacement - hardware fault on SYN-LT-100365,"Unit 502, 31 Example Street, Example District, Example City",+63 900 268 8840,Ready for Release,IT Support Queue,Y,,,,
EMP-0734,"SMITH, SAWYER","ExamplePad 11 Tablet (8GB, 128GB)",LT-100328,SYN-C1KFZWSH,,lt-100328,lt-100328,02:00:00:102:218:130,New starter onboarding - device SYN-LT-100328,"Unit 4002, 41 Example Street, Example District, Example City",+63 900 734 1918,Deployed,IT Support Queue,N,,,,
EMP-0777,"JOHNSON, DANA","ExampleTower Mini (i7, 32GB, 1TB SSD)",LT-100540,SYN-H2NWCU7V,,lt-100540,lt-100540,02:00:00:220:179:222,New starter onboarding - device SYN-LT-100540,"Unit 2502, 54 Example Street, Example District, Example City",+63 900 777 2126,Deployed,Support Technician B,N,,,,
EMP-0579,"WILLIAMS, HARPER","ExamplePad 11 Tablet (8GB, 128GB)",LT-100555,SYN-F2BMMSDX,,lt-100555,lt-100555,02:00:00:161:55:161,Offboarding return and sanitization - SYN-LT-100555,"Unit 2802, 28 Example Street, Example District, Example City",+63 900 579 7389,Deployed,IT Support Queue,N,,,,
EMP-0694,"DOE, KAI","ExampleBook Pro 14 (i5, 16GB, 512GB SSD)",LT-100256,SYN-D7J22915,,lt-100256,lt-100256,02:00:00:231:246:99,Temporary loan for coverage period - SYN-LT-100256,"Unit 502, 88 Example Street, Example District, Example City",+63 900 694 6610,Deployed,Support Technician B,N,,,,
EMP-0679,"WILLIAMS, NOEL","ExampleBook Pro 14 (i5, 16GB, 512GB SSD)",LT-100582,SYN-WVZEW818,,lt-100582,lt-100582,02:00:00:133:254:178,Laptop replacement - hardware fault on SYN-LT-100582,"Unit 1102, 9 Example Street, Example District, Example City",+63 900 679 8285,For Repair,Support Technician A,Y,,,,
EMP-0355,"BROWN, QUINN","ExampleStation 15 (i5, 16GB, 1TB HDD)",LT-100534,SYN-ZP1KC4DR,,lt-100534,lt-100534,02:00:00:174:206:172,Scheduled refresh of legacy device SYN-LT-100534,"Unit 1802, 31 Example Street, Example District, Example City",+63 900 355 2151,Ready for Release,IT Support Queue,N,,,,
EMP-0245,"PLACEHOLDER, TATUM","ExampleView 24"" IPS Monitor",LT-100196,SYN-UD3JJY31,,lt-100196,lt-100196,02:00:00:132:115:231,Offboarding return and sanitization - SYN-LT-100196,"Unit 1702, 8 Example Street, Example District, Example City",+63 900 245 8451,Deployed,Support Technician B,N,,,,
EMP-0018,"MILLER, OAKLEY","ExampleTower SFF (i5, 16GB, 512GB SSD)",LT-100599,SYN-HFU8W2QD,,lt-100599,lt-100599,02:00:00:239:60:232,Broken screen replacement - SYN-LT-100599,"Unit 1102, 85 Example Street, Example District, Example City",+63 900 018 0814,For Pickup,IT Support Queue,Y,,,,
EMP-0711,"BROWN, FRANKIE","ExampleView 24"" IPS Monitor",LT-100319,SYN-QE82V4L7,,lt-100319,lt-100319,02:00:00:70:123:40,Laptop replacement - hardware fault on SYN-LT-100319,"Unit 2002, 81 Example Street, Example District, Example City",+63 900 711 5019,Ready for Release,Support Technician A,N,,,,
EMP-0489,"BROWN, DANA","ExampleTower Mini (i7, 32GB, 1TB SSD)",LT-100071,SYN-Z7TC5NKQ,,lt-100071,lt-100071,02:00:00:144:00:47,Scheduled refresh of legacy device SYN-LT-100071,"Unit 2002, 23 Example Street, Example District, Example City",+63 900 489 0251,Deployed,Support Technician A,N,,,,
EMP-0235,"MILLER, PARKER","ExampleView 24"" IPS Monitor",LT-100373,SYN-T39KKJT2,,lt-100373,lt-100373,02:00:00:158:101:247,Offboarding return and sanitization - SYN-LT-100373,"Unit 1102, 52 Example Street, Example District, Example City",+63 900 235 0289,Deployed,Support Technician A,Y,,,,
EMP-0592,"CLARK, DANA",,,,,,,,Pending device allocation,"Unit 3102, 49 Example Street, Example District, Example City",+63 900 592 8743,Ready for Release,Support Technician B,N,,,,
EMP-0543,"DOE, DANA","ExamplePad 11 Tablet (8GB, 128GB)",LT-100034,SYN-GJNGRPEH,,lt-100034,lt-100034,02:00:00:190:27:180,Offboarding return and sanitization - SYN-LT-100034,"Unit 3502, 84 Example Street, Example District, Example City",+63 900 543 2113,Ready for Release,Support Technician B,N,,,,
EMP-0294,"PLACEHOLDER, TATUM","ExampleView 24"" IPS Monitor",LT-100153,SYN-DAHWADVU,,lt-100153,lt-100153,02:00:00:23:173:237,New starter onboarding - device SYN-LT-100153,"Unit 2002, 15 Example Street, Example District, Example City",+63 900 294 1213,For Pickup,Support Technician A,N,,,,
EMP-0174,"CLARK, NOEL","ExampleView 27"" QHD Monitor",LT-100124,SYN-PVC0X098,,lt-100124,lt-100124,02:00:00:90:66:203,Temporary loan for coverage period - SYN-LT-100124,"Unit 502, 36 Example Street, Example District, Example City",+63 900 174 7296,Deployed,Support Technician A,Y,,,,
EMP-0291,"CLARK, MORGAN",,,,,,,,Pending device allocation,"Unit 1202, 22 Example Street, Example District, Example City",+63 900 291 2038,For Pickup,IT Support Queue,N,,,,
EMP-0550,"WILLIAMS, NOEL",,,,,,,,Pending device allocation,"Unit 1602, 36 Example Street, Example District, Example City",+63 900 550 8327,Ready for Release,Support Technician A,N,,,,
EMP-0307,"DOE, OAKLEY",,,,,,,,Pending device allocation,"Unit 2202, 12 Example Street, Example District, Example City",+63 900 307 5546,Ready for Release,IT Support Queue,N,,,,
EMP-0747,"SMITH, HARPER","ExampleTower Mini (i7, 32GB, 1TB SSD)",LT-100176,SYN-8XF4B6AP,,lt-100176,lt-100176,02:00:00:92:214:165,Laptop replacement - hardware fault on SYN-LT-100176,"Unit 702, 32 Example Street, Example District, Example City",+63 900 747 8997,For Repair,Support Technician B,Y,,,,
EMP-0452,"SMITH, NOEL",,,,,,,,Pending device allocation,"Unit 3802, 81 Example Street, Example District, Example City",+63 900 452 6173,For Pickup,Support Technician A,N,,,,
EMP-0557,"TESTER, ELLIS","ExampleTower Mini (i7, 32GB, 1TB SSD)",LT-100451,SYN-SGPKUCC5,,lt-100451,lt-100451,02:00:00:81:39:211,Scheduled refresh of legacy device SYN-LT-100451,"Unit 3002, 90 Example Street, Example District, Example City",+63 900 557 3696,For Repair,IT Support Queue,Y,,,,
EMP-0126,"MILLER, ELLIS","ExampleBook Air 13 (i7, 8GB, 256GB SSD)",LT-100554,SYN-1VTXR5GD,,lt-100554,lt-100554,02:00:00:104:171:148,Temporary loan for coverage period - SYN-LT-100554,"Unit 2802, 9 Example Street, Example District, Example City",+63 900 126 4749,Ready for Release,Support Technician B,Y,,,,
EMP-0379,"SAMPLE, TATUM","ExampleTower Mini (i7, 32GB, 1TB SSD)",LT-100445,SYN-W5W1N85J,,lt-100445,lt-100445,02:00:00:153:214:230,New starter onboarding - device SYN-LT-100445,"Unit 1302, 26 Example Street, Example District, Example City",+63 900 379 5576,Deployed,IT Support Queue,Y,,,,
EMP-0236,"TESTER, DANA","ExampleBook Pro 14 (i5, 16GB, 512GB SSD)",LT-100279,SYN-WH7P22E6,,lt-100279,lt-100279,02:00:00:114:112:65,New starter onboarding - device SYN-LT-100279,"Unit 3102, 34 Example Street, Example District, Example City",+63 900 236 8332,Ready for Release,IT Support Queue,N,,,,
EMP-0697,"JOHNSON, LEE","ExampleStation 15 (i5, 16GB, 1TB HDD)",LT-100308,SYN-LEBPRCT3,,lt-100308,lt-100308,02:00:00:233:254:46,Offboarding return and sanitization - SYN-LT-100308,"Unit 2202, 8 Example Street, Example District, Example City",+63 900 697 1880,For Pickup,Support Technician B,N,,,,
EMP-0762,"SMITH, MORGAN","ExampleBook Pro 14 (i5, 16GB, 512GB SSD)",LT-100025,SYN-CYP2U440,,lt-100025,lt-100025,02:00:00:166:107:00,Scheduled refresh of legacy device SYN-LT-100025,"Unit 2402, 18 Example Street, Example District, Example City",+63 900 762 8846,For Pickup,IT Support Queue,N,,,,
EMP-0611,"DOE, ELLIS","ExampleView 24"" IPS Monitor",LT-100201,SYN-4DNH8YWG,,lt-100201,lt-100201,02:00:00:160:68:03,Broken screen replacement - SYN-LT-100201,"Unit 3702, 54 Example Street, Example District, Example City",+63 900 611 0676,Deployed,IT Support Queue,Y,,,,
EMP-0468,"SAMPLE, ELLIS","ExampleStation 15 (i5, 16GB, 1TB HDD)",LT-100352,SYN-1DCTRF00,,lt-100352,lt-100352,02:00:00:254:152:77,Broken screen replacement - SYN-LT-100352,"Unit 1402, 22 Example Street, Example District, Example City",+63 900 468 2988,Ready for Release,IT Support Queue,Y,,,,
EMP-0356,"CLARK, KAI","ExampleTower Mini (i7, 32GB, 1TB SSD)",LT-100542,SYN-6VU5ANAF,,lt-100542,lt-100542,02:00:00:249:23:201,New starter onboarding - device SYN-LT-100542,"Unit 3102, 57 Example Street, Example District, Example City",+63 900 356 3097,For Pickup,Support Technician A,N,,,,
EMP-0351,"BROWN, ALEX",,,,,,,,Pending device allocation,"Unit 2602, 73 Example Street, Example District, Example City",+63 900 351 0320,For Pickup,Support Technician A,N,,,,
EMP-0742,"MILLER, INDIGO",,,,,,,,Pending device allocation,"Unit 2402, 74 Example Street, Example District, Example City",+63 900 742 4859,For Repair,IT Support Queue,N,,,,
EMP-0709,"TESTER, CASEY","ExampleView 27"" QHD Monitor",LT-100166,SYN-HNWZVGFW,,lt-100166,lt-100166,02:00:00:221:224:172,Temporary loan for coverage period - SYN-LT-100166,"Unit 402, 13 Example Street, Example District, Example City",+63 900 709 7710,For Repair,Support Technician B,Y,,,,
EMP-0221,"DOE, INDIGO","ExampleBook Pro 14 (i5, 16GB, 512GB SSD)",LT-100030,SYN-97XHKAE0,,lt-100030,lt-100030,02:00:00:16:143:238,Offboarding return and sanitization - SYN-LT-100030,"Unit 1702, 90 Example Street, Example District, Example City",+63 900 221 3482,Deployed,Support Technician B,Y,,,,
EMP-0136,"BROWN, ALEX",,,,,,,,Pending device allocation,"Unit 2902, 52 Example Street, Example District, Example City",+63 900 136 4785,Deployed,Support Technician A,N,,,,
EMP-0473,"SMITH, NOEL","ExampleView 27"" QHD Monitor",LT-100368,SYN-3H9T3W91,,lt-100368,lt-100368,02:00:00:68:96:231,New starter onboarding - device SYN-LT-100368,"Unit 2702, 54 Example Street, Example District, Example City",+63 900 473 6676,Retracted,Support Technician A,N,,,,
EMP-0009,"BROWN, SAWYER","ExampleTower SFF (i5, 16GB, 512GB SSD)",LT-100029,SYN-WBD8GSCG,,lt-100029,lt-100029,02:00:00:232:180:10,Temporary loan for coverage period - SYN-LT-100029,"Unit 302, 88 Example Street, Example District, Example City",+63 900 009 3101,For Pickup,IT Support Queue,Y,,,,
EMP-0709,"TESTER, CASEY","ExamplePad 11 Tablet (8GB, 128GB)",LT-100270,SYN-XXUYG2ND,,lt-100270,lt-100270,02:00:00:143:81:137,Offboarding return and sanitization - SYN-LT-100270,"Unit 1302, 42 Example Street, Example District, Example City",+63 900 709 7710,Deployed,Support Technician A,Y,,,,
EMP-0219,"DOE, SAWYER","ExampleView 27"" QHD Monitor",LT-100082,SYN-LTQ6U71H,,lt-100082,lt-100082,02:00:00:49:03:152,Offboarding return and sanitization - SYN-LT-100082,"Unit 1802, 1 Example Street, Example District, Example City",+63 900 219 0373,Ready for Release,Support Technician B,Y,,,,
EMP-0771,"WILLIAMS, OAKLEY","ExampleTower Mini (i7, 32GB, 1TB SSD)",LT-100232,SYN-ZJ6S5MCK,,lt-100232,lt-100232,02:00:00:27:133:151,Broken screen replacement - SYN-LT-100232,"Unit 2002, 50 Example Street, Example District, Example City",+63 900 771 5913,Deployed,Support Technician A,Y,,,,
EMP-0278,"SAMPLE, DANA","ExampleTower SFF (i5, 16GB, 512GB SSD)",LT-100422,SYN-Z45165A2,,lt-100422,lt-100422,02:00:00:121:231:110,Temporary loan for coverage period - SYN-LT-100422,"Unit 2602, 85 Example Street, Example District, Example City",+63 900 278 0801,Retracted,IT Support Queue,N,,,,
EMP-0193,"JOHNSON, PARKER","ExampleView 27"" QHD Monitor",LT-100041,SYN-TUQ0PBXU,,lt-100041,lt-100041,02:00:00:220:30:170,Broken screen replacement - SYN-LT-100041,"Unit 802, 76 Example Street, Example District, Example City",+63 900 193 6444,For Repair,Support Technician A,Y,,,,
EMP-0190,"DOE, ALEX",,,,,,,,Pending device allocation,"Unit 1202, 34 Example Street, Example District, Example City",+63 900 190 4661,For Repair,Support Technician B,N,,,,
EMP-0498,"WILLIAMS, FRANKIE","ExampleTower SFF (i5, 16GB, 512GB SSD)",LT-100472,SYN-PY8FQHSD,,lt-100472,lt-100472,02:00:00:03:203:16,Offboarding return and sanitization - SYN-LT-100472,"Unit 3602, 47 Example Street, Example District, Example City",+63 900 498 8202,Deployed,IT Support Queue,N,,,,
EMP-0095,"DOE, MORGAN","ExampleBook Pro 14 (i5, 16GB, 512GB SSD)",LT-100217,SYN-491HDFDK,,lt-100217,lt-100217,02:00:00:197:04:106,Broken screen replacement - SYN-LT-100217,"Unit 1302, 88 Example Street, Example District, Example City",+63 900 095 8124,Ready for Release,Support Technician B,Y,,,,
EMP-0705,"MILLER, HARPER","ExamplePad 11 Tablet (8GB, 128GB)",LT-100448,SYN-L8X1ERTW,,lt-100448,lt-100448,02:00:00:191:163:184,Offboarding return and sanitization - SYN-LT-100448,"Unit 3702, 26 Example Street, Example District, Example City",+63 900 705 5532,Deployed,Support Technician B,N,,,,
EMP-0271,"BROWN, KAI","ExampleBook Air 13 (i7, 8GB, 256GB SSD)",LT-100544,SYN-DE6U5ZF6,,lt-100544,lt-100544,02:00:00:44:82:45,Offboarding return and sanitization - SYN-LT-100544,"Unit 302, 15 Example Street, Example District, Example City",+63 900 271 3048,Deployed,IT Support Queue,Y,,,,
EMP-0319,"BROWN, INDIGO",,,,,,,,Pending device allocation,"Unit 1302, 83 Example Street, Example District, Example City",+63 900 319 8079,Deployed,Support Technician A,N,,,,
EMP-0636,"SMITH, INDIGO","ExampleView 27"" QHD Monitor",LT-100221,SYN-ECUHYGK5,,lt-100221,lt-100221,02:00:00:160:249:50,Offboarding return and sanitization - SYN-LT-100221,"Unit 2102, 49 Example Street, Example District, Example City",+63 900 636 7481,Ready for Release,Support Technician B,N,,,,
EMP-0307,"DOE, OAKLEY","ExampleTower SFF (i5, 16GB, 512GB SSD)",LT-100473,SYN-FN8YRJ4C,,lt-100473,lt-100473,02:00:00:08:208:187,Scheduled refresh of legacy device SYN-LT-100473,"Unit 2302, 34 Example Street, Example District, Example City",+63 900 307 5546,For Repair,IT Support Queue,Y,,,,
EMP-0400,"WILLIAMS, QUINN","ExampleTower Mini (i7, 32GB, 1TB SSD)",LT-100299,SYN-9A6ZF29W,,lt-100299,lt-100299,02:00:00:63:31:123,Laptop replacement - hardware fault on SYN-LT-100299,"Unit 1602, 49 Example Street, Example District, Example City",+63 900 400 6111,Ready for Release,Support Technician B,Y,,,,
EMP-0769,"CLARK, INDIGO","ExampleBook Air 13 (i7, 8GB, 256GB SSD)",LT-100029,SYN-69M8LAQ5,,lt-100029,lt-100029,02:00:00:253:210:221,Temporary loan for coverage period - SYN-LT-100029,"Unit 102, 27 Example Street, Example District, Example City",+63 900 769 4670,Deployed,IT Support Queue,Y,,,,
EMP-0109,"SAMPLE, JAMIE","ExampleView 24"" IPS Monitor",LT-100380,SYN-WXBR760T,,lt-100380,lt-100380,02:00:00:172:15:39,Laptop replacement - hardware fault on SYN-LT-100380,"Unit 302, 30 Example Street, Example District, Example City",+63 900 109 2704,Deployed,Support Technician B,Y,,,,
EMP-0770,"BROWN, KAI",,,,,,,,Pending device allocation,"Unit 3702, 70 Example Street, Example District, Example City",+63 900 770 1518,For Repair,Support Technician A,N,,,,
EMP-0023,"MILLER, TATUM","ExampleStation 15 (i5, 16GB, 1TB HDD)",LT-100184,SYN-MN9KT9PE,,lt-100184,lt-100184,02:00:00:154:201:33,Scheduled refresh of legacy device SYN-LT-100184,"Unit 3902, 85 Example Street, Example District, Example City",+63 900 023 9812,For Repair,IT Support Queue,N,,,,
EMP-0710,"TESTER, SAWYER",,,,,,,,Pending device allocation,"Unit 902, 68 Example Street, Example District, Example City",+63 900 710 3911,Ready for Release,Support Technician B,N,,,,
EMP-0430,"PLACEHOLDER, KAI",,,,,,,,Pending device allocation,"Unit 1002, 70 Example Street, Example District, Example City",+63 900 430 3472,Deployed,Support Technician B,N,,,,
EMP-0588,"CLARK, QUINN","ExampleBook Air 13 (i7, 8GB, 256GB SSD)",LT-100195,SYN-0QFNCF49,,lt-100195,lt-100195,02:00:00:122:34:242,Temporary loan for coverage period - SYN-LT-100195,"Unit 802, 78 Example Street, Example District, Example City",+63 900 588 6869,For Repair,Support Technician B,Y,,,,
EMP-0145,"WILLIAMS, TATUM","ExampleStation 15 (i5, 16GB, 1TB HDD)",LT-100244,SYN-Y2LW6G7C,,lt-100244,lt-100244,02:00:00:124:189:202,Laptop replacement - hardware fault on SYN-LT-100244,"Unit 1002, 15 Example Street, Example District, Example City",+63 900 145 8756,Deployed,IT Support Queue,Y,,,,
EMP-0260,"JOHNSON, BLAIR",,,,,,,,Pending device allocation,"Unit 3402, 20 Example Street, Example District, Example City",+63 900 260 6942,For Pickup,Support Technician B,N,,,,
EMP-0073,"BROWN, MORGAN","ExamplePad 11 Tablet (8GB, 128GB)",LT-100541,SYN-F462L6X6,,lt-100541,lt-100541,02:00:00:104:196:152,Temporary loan for coverage period - SYN-LT-100541,"Unit 2402, 70 Example Street, Example District, Example City",+63 900 073 3503,Deployed,Support Technician B,Y,,,,
EMP-0768,"JOHNSON, ALEX","ExampleView 24"" IPS Monitor",LT-100348,SYN-ZGA7QWNT,,lt-100348,lt-100348,02:00:00:31:175:60,Offboarding return and sanitization - SYN-LT-100348,"Unit 1602, 67 Example Street, Example District, Example City",+63 900 768 3142,Deployed,Support Technician A,N,,,,
EMP-0712,"CLARK, ELLIS","ExampleView 27"" QHD Monitor",LT-100058,SYN-YYAF5H05,,lt-100058,lt-100058,02:00:00:184:171:140,Laptop replacement - hardware fault on SYN-LT-100058,"Unit 902, 10 Example Street, Example District, Example City",+63 900 712 6301,Deployed,Support Technician A,Y,,,,
EMP-0610,"DOE, REESE","ExampleBook Pro 14 (i5, 16GB, 512GB SSD)",LT-100434,SYN-49D78FYK,,lt-100434,lt-100434,02:00:00:42:57:139,Temporary loan for coverage period - SYN-LT-100434,"Unit 1802, 50 Example Street, Example District, Example City",+63 900 610 5580,Deployed,Support Technician B,N,,,,
EMP-0200,"PLACEHOLDER, OAKLEY","ExampleBook Pro 14 (i5, 16GB, 512GB SSD)",LT-100595,SYN-RCADC5AN,,lt-100595,lt-100595,02:00:00:161:54:171,Laptop replacement - hardware fault on SYN-LT-100595,"Unit 3602, 33 Example Street, Example District, Example City",+63 900 200 8515,For Repair,Support Technician B,N,,,,
EMP-0168,"JOHNSON, DANA",,,,,,,,Pending device allocation,"Unit 2802, 33 Example Street, Example District, Example City",+63 900 168 7768,Deployed,IT Support Queue,N,,,,
EMP-0498,"WILLIAMS, FRANKIE","ExampleView 24"" IPS Monitor",LT-100058,SYN-SH6VF7QN,,lt-100058,lt-100058,02:00:00:124:26:225,Broken screen replacement - SYN-LT-100058,"Unit 1302, 68 Example Street, Example District, Example City",+63 900 498 8202,Deployed,Support Technician B,N,,,,
EMP-0126,"MILLER, ELLIS","ExampleTower SFF (i5, 16GB, 512GB SSD)",LT-100249,SYN-5YCZE1V5,,lt-100249,lt-100249,02:00:00:149:59:69,Broken screen replacement - SYN-LT-100249,"Unit 502, 87 Example Street, Example District, Example City",+63 900 126 4749,Deployed,Support Technician B,N,,,,
EMP-0448,"JOHNSON, BLAIR",,,,,,,,Pending device allocation,"Unit 402, 25 Example Street, Example District, Example City",+63 900 448 3685,Deployed,Support Technician A,N,,,,
EMP-0621,"SAMPLE, JAMIE","ExampleStation 15 (i5, 16GB, 1TB HDD)",LT-100386,SYN-ELJNZMC0,,lt-100386,lt-100386,02:00:00:168:79:189,Laptop replacement - hardware fault on SYN-LT-100386,"Unit 302, 16 Example Street, Example District, Example City",+63 900 621 8946,For Pickup,Support Technician B,Y,,,,
EMP-0714,"SMITH, MORGAN","ExampleStation 15 (i5, 16GB, 1TB HDD)",LT-100321,SYN-UG8G920R,,lt-100321,lt-100321,02:00:00:40:195:72,Scheduled refresh of legacy device SYN-LT-100321,"Unit 702, 84 Example Street, Example District, Example City",+63 900 714 4592,For Repair,IT Support Queue,N,,,,
EMP-0208,"JOHNSON, BLAIR","ExampleTower Mini (i7, 32GB, 1TB SSD)",LT-100467,SYN-MG8ME5NY,,lt-100467,lt-100467,02:00:00:145:165:180,New starter onboarding - device SYN-LT-100467,"Unit 902, 64 Example Street, Example District, Example City",+63 900 208 8687,Retracted,Support Technician A,Y,,,,
EMP-0506,"WILLIAMS, JAMIE","ExamplePad 11 Tablet (8GB, 128GB)",LT-100332,SYN-VPTY9HWX,,lt-100332,lt-100332,02:00:00:10:234:81,New starter onboarding - device SYN-LT-100332,"Unit 502, 58 Example Street, Example District, Example City",+63 900 506 2595,For Repair,IT Support Queue,Y,,,,
EMP-0437,"TESTER, REESE","ExampleStation 15 (i5, 16GB, 1TB HDD)",LT-100132,SYN-UZSUV5LK,,lt-100132,lt-100132,02:00:00:134:208:156,Temporary loan for coverage period - SYN-LT-100132,"Unit 1302, 59 Example Street, Example District, Example City",+63 900 437 2429,Deployed,Support Technician B,Y,,,,
EMP-0663,"CLARK, NOEL","ExampleBook Pro 14 (i5, 16GB, 512GB SSD)",LT-100127,SYN-AE2Y5AY9,,lt-100127,lt-100127,02:00:00:162:123:04,Temporary loan for coverage period - SYN-LT-100127,"Unit 3602, 58 Example Street, Example District, Example City",+63 900 663 1487,Deployed,IT Support Queue,Y,,,,
EMP-0045,"TESTER, OAKLEY",,,,,,,,Pending device allocation,"Unit 1602, 26 Example Street, Example District, Example City",+63 900 045 8459,Deployed,Support Technician A,N,,,,
EMP-0199,"BROWN, TATUM","ExampleBook Air 13 (i7, 8GB, 256GB SSD)",LT-100332,SYN-GQXM1HUF,,lt-100332,lt-100332,02:00:00:243:30:109,Broken screen replacement - SYN-LT-100332,"Unit 1502, 75 Example Street, Example District, Example City",+63 900 199 5806,For Repair,IT Support Queue,Y,,,,
EMP-0454,"DOE, OAKLEY","ExampleView 27"" QHD Monitor",LT-100311,SYN-34AX8BHN,,lt-100311,lt-100311,02:00:00:186:226:32,Temporary loan for coverage period - SYN-LT-100311,"Unit 702, 55 Example Street, Example District, Example City",+63 900 454 8610,Deployed,Support Technician B,Y,,,,
EMP-0401,"WILLIAMS, HARPER","ExampleView 27"" QHD Monitor",LT-100215,SYN-FU28V59W,,lt-100215,lt-100215,02:00:00:222:209:60,Temporary loan for coverage period - SYN-LT-100215,"Unit 2702, 33 Example Street, Example District, Example City",+63 900 401 9315,Retracted,IT Support Queue,N,,,,
EMP-0629,"PLACEHOLDER, REESE",,,,,,,,Pending device allocation,"Unit 3702, 27 Example Street, Example District, Example City",+63 900 629 1070,Deployed,Support Technician A,N,,,,
EMP-0492,"CLARK, MORGAN","ExampleTower SFF (i5, 16GB, 512GB SSD)",LT-100035,SYN-RJ6BM5FX,,lt-100035,lt-100035,02:00:00:205:102:224,Offboarding return and sanitization - SYN-LT-100035,"Unit 2402, 16 Example Street, Example District, Example City",+63 900 492 8008,For Repair,Support Technician B,N,,,,
EMP-0527,"JOHNSON, INDIGO","ExampleBook Pro 14 (i5, 16GB, 512GB SSD)",LT-100385,SYN-R5HVR4Y4,,lt-100385,lt-100385,02:00:00:50:31:96,Scheduled refresh of legacy device SYN-LT-100385,"Unit 802, 73 Example Street, Example District, Example City",+63 900 527 8423,For Repair,IT Support Queue,Y,,,,
EMP-0667,"SAMPLE, JAMIE","ExampleTower Mini (i7, 32GB, 1TB SSD)",LT-100150,SYN-8GWU435J,,lt-100150,lt-100150,02:00:00:159:14:202,New starter onboarding - device SYN-LT-100150,"Unit 3002, 20 Example Street, Example District, Example City",+63 900 667 3089,Retracted,Support Technician A,Y,,,,
EMP-0390,"SAMPLE, OAKLEY","ExampleBook Air 13 (i7, 8GB, 256GB SSD)",LT-100155,SYN-PQ9F43NK,,lt-100155,lt-100155,02:00:00:120:125:32,Laptop replacement - hardware fault on SYN-LT-100155,"Unit 1602, 45 Example Street, Example District, Example City",+63 900 390 1720,For Pickup,Support Technician B,N,,,,
EMP-0181,"PLACEHOLDER, PARKER","ExampleTower SFF (i5, 16GB, 512GB SSD)",LT-100201,SYN-T8Z6W8KF,,lt-100201,lt-100201,02:00:00:198:17:90,New starter onboarding - device SYN-LT-100201,"Unit 1702, 76 Example Street, Example District, Example City",+63 900 181 0628,Deployed,Support Technician B,N,,,,
EMP-0383,"PLACEHOLDER, CASEY","ExamplePad 11 Tablet (8GB, 128GB)",LT-100579,SYN-A0L45WYC,,lt-100579,lt-100579,02:00:00:15:97:159,Broken screen replacement - SYN-LT-100579,"Unit 2702, 62 Example Street, Example District, Example City",+63 900 383 6127,Deployed,IT Support Queue,Y,,,,
EMP-0783,"CLARK, TATUM","ExampleTower Mini (i7, 32GB, 1TB SSD)",LT-100225,SYN-5YWWK0XF,,lt-100225,lt-100225,02:00:00:191:244:14,Temporary loan for coverage period - SYN-LT-100225,"Unit 902, 78 Example Street, Example District, Example City",+63 900 783 8097,Deployed,Support Technician B,N,,,,
EMP-0104,"WILLIAMS, DANA","ExampleBook Pro 14 (i5, 16GB, 512GB SSD)",LT-100082,SYN-2ZNLK20Z,,lt-100082,lt-100082,02:00:00:87:134:226,Temporary loan for coverage period - SYN-LT-100082,"Unit 302, 26 Example Street, Example District, Example City",+63 900 104 4772,For Pickup,Support Technician B,N,,,,
EMP-0035,"PLACEHOLDER, PARKER","ExampleTower SFF (i5, 16GB, 512GB SSD)",LT-100015,SYN-DHYXQSHS,,lt-100015,lt-100015,02:00:00:219:170:178,Broken screen replacement - SYN-LT-100015,"Unit 902, 29 Example Street, Example District, Example City",+63 900 035 1410,For Repair,Support Technician A,Y,,,,
EMP-0107,"SAMPLE, INDIGO","ExamplePad 11 Tablet (8GB, 128GB)",LT-100430,SYN-A1V00324,,lt-100430,lt-100430,02:00:00:216:51:127,Offboarding return and sanitization - SYN-LT-100430,"Unit 3702, 6 Example Street, Example District, Example City",+63 900 107 7754,For Pickup,Support Technician B,N,,,,
EMP-0107,"SAMPLE, INDIGO","ExampleView 24"" IPS Monitor",LT-100017,SYN-L1868HMU,,lt-100017,lt-100017,02:00:00:81:215:42,Offboarding return and sanitization - SYN-LT-100017,"Unit 2202, 40 Example Street, Example District, Example City",+63 900 107 7754,Deployed,Support Technician B,N,,,,
EMP-0578,"TESTER, TATUM",,,,,,,,Pending device allocation,"Unit 3202, 74 Example Street, Example District, Example City",+63 900 578 8736,For Pickup,Support Technician A,N,,,,
EMP-0721,"JOHNSON, DANA","ExampleTower SFF (i5, 16GB, 512GB SSD)",LT-100354,SYN-DZE8RH4M,,lt-100354,lt-100354,02:00:00:181:116:86,Broken screen replacement - SYN-LT-100354,"Unit 3602, 72 Example Street, Example District, Example City",+63 900 721 5778,Deployed,Support Technician B,Y,,,,
EMP-0480,"TESTER, QUINN","ExampleBook Pro 14 (i5, 16GB, 512GB SSD)",LT-100566,SYN-3QR52NWL,,lt-100566,lt-100566,02:00:00:12:186:15,Scheduled refresh of legacy device SYN-LT-100566,"Unit 3802, 90 Example Street, Example District, Example City",+63 900 480 0013,Deployed,Support Technician B,Y,,,,
EMP-0439,"MILLER, QUINN","ExampleView 24"" IPS Monitor",LT-100320,SYN-HQDXBXE3,,lt-100320,lt-100320,02:00:00:51:32:200,Temporary loan for coverage period - SYN-LT-100320,"Unit 1602, 23 Example Street, Example District, Example City",+63 900 439 9145,Deployed,IT Support Queue,N,,,,
EMP-0228,"CLARK, OAKLEY",,,,,,,,Pending device allocation,"Unit 3102, 29 Example Street, Example District, Example City",+63 900 228 5359,For Repair,IT Support Queue,N,,,,
EMP-0675,"SAMPLE, TATUM","ExampleTower Mini (i7, 32GB, 1TB SSD)",LT-100232,SYN-PD2ZM4LH,,lt-100232,lt-100232,02:00:00:03:199:45,Temporary loan for coverage period - SYN-LT-100232,"Unit 3102, 36 Example Street, Example District, Example City",+63 900 675 3740,For Repair,Support Technician B,Y,,,,
EMP-0727,"MILLER, PARKER","ExampleStation 15 (i5, 16GB, 1TB HDD)",LT-100156,SYN-CZU2767T,,lt-100156,lt-100156,02:00:00:34:92:127,Offboarding return and sanitization - SYN-LT-100156,"Unit 1102, 32 Example Street, Example District, Example City",+63 900 727 5651,For Pickup,Support Technician A,Y,,,,
EMP-0595,"WILLIAMS, ELLIS","ExamplePad 11 Tablet (8GB, 128GB)",LT-100082,SYN-K1SG1H8N,,lt-100082,lt-100082,02:00:00:189:253:218,Scheduled refresh of legacy device SYN-LT-100082,"Unit 3302, 25 Example Street, Example District, Example City",+63 900 595 8860,Deployed,Support Technician B,Y,,,,
EMP-0262,"SAMPLE, CASEY","ExampleStation 15 (i5, 16GB, 1TB HDD)",LT-100532,SYN-JFH07HYY,,lt-100532,lt-100532,02:00:00:218:198:156,New starter onboarding - device SYN-LT-100532,"Unit 302, 26 Example Street, Example District, Example City",+63 900 262 5599,Deployed,Support Technician B,Y,,,,
EMP-0609,"CLARK, INDIGO","ExampleStation 15 (i5, 16GB, 1TB HDD)",LT-100031,SYN-4QWKZTNY,,lt-100031,lt-100031,02:00:00:188:218:127,Temporary loan for coverage period - SYN-LT-100031,"Unit 502, 49 Example Street, Example District, Example City",+63 900 609 3675,Retracted,Support Technician A,Y,,,,
EMP-0487,"SMITH, MORGAN","ExampleTower SFF (i5, 16GB, 512GB SSD)",LT-100106,SYN-ME4AZ9XW,,lt-100106,lt-100106,02:00:00:121:236:115,New starter onboarding - device SYN-LT-100106,"Unit 2702, 64 Example Street, Example District, Example City",+63 900 487 9447,For Repair,IT Support Queue,Y,,,,
EMP-0798,"SAMPLE, NOEL","ExampleBook Air 13 (i7, 8GB, 256GB SSD)",LT-100129,SYN-9RZ1FZ3W,,lt-100129,lt-100129,02:00:00:161:120:120,Scheduled refresh of legacy device SYN-LT-100129,"Unit 2302, 68 Example Street, Example District, Example City",+63 900 798 7813,Ready for Release,Support Technician A,Y,,,,
EMP-0636,"SMITH, INDIGO",,,,,,,,Pending device allocation,"Unit 2402, 19 Example Street, Example District, Example City",+63 900 636 7481,Deployed,IT Support Queue,N,,,,
EMP-0751,"SAMPLE, ELLIS",,,,,,,,Pending device allocation,"Unit 1602, 9 Example Street, Example District, Example City",+63 900 751 2227,For Repair,Support Technician B,N,,,,
EMP-0341,"JOHNSON, QUINN","ExampleTower SFF (i5, 16GB, 512GB SSD)",LT-100186,SYN-9LG76N46,,lt-100186,lt-100186,02:00:00:159:99:234,Broken screen replacement - SYN-LT-100186,"Unit 1402, 54 Example Street, Example District, Example City",+63 900 341 2321,For Repair,Support Technician B,Y,,,,
EMP-0395,"JOHNSON, PARKER","ExampleTower Mini (i7, 32GB, 1TB SSD)",LT-100571,SYN-TXUQ5DUN,,lt-100571,lt-100571,02:00:00:105:210:231,Scheduled refresh of legacy device SYN-LT-100571,"Unit 3502, 41 Example Street, Example District, Example City",+63 900 395 5075,Deployed,IT Support Queue,N,,,,
EMP-0214,"SAMPLE, TATUM",,,,,,,,Pending device allocation,"Unit 1202, 16 Example Street, Example District, Example City",+63 900 214 2462,Deployed,IT Support Queue,N,,,,
EMP-0013,"MILLER, PARKER","ExampleView 27"" QHD Monitor",LT-100416,SYN-DN4XV7QH,,lt-100416,lt-100416,02:00:00:229:124:42,Scheduled refresh of legacy device SYN-LT-100416,"Unit 1202, 11 Example Street, Example District, Example City",+63 900 013 7891,Ready for Release,Support Technician B,Y,,,,
EMP-0143,"SMITH, ELLIS","ExampleTower Mini (i7, 32GB, 1TB SSD)",LT-100533,SYN-FXQELB0A,,lt-100533,lt-100533,02:00:00:229:202:162,Temporary loan for coverage period - SYN-LT-100533,"Unit 1902, 47 Example Street, Example District, Example City",+63 900 143 9229,Retracted,IT Support Queue,Y,,,,
EMP-0643,"SAMPLE, DANA","ExampleTower SFF (i5, 16GB, 512GB SSD)",LT-100429,SYN-N06T2KGP,,lt-100429,lt-100429,02:00:00:148:57:252,Laptop replacement - hardware fault on SYN-LT-100429,"Unit 902, 25 Example Street, Example District, Example City",+63 900 643 5163,Deployed,Support Technician B,Y,,,,
EMP-0594,"DOE, REESE","ExampleTower Mini (i7, 32GB, 1TB SSD)",LT-100182,SYN-WX2HSHA7,,lt-100182,lt-100182,02:00:00:240:26:124,Broken screen replacement - SYN-LT-100182,"Unit 2002, 36 Example Street, Example District, Example City",+63 900 594 3071,For Repair,IT Support Queue,N,,,,
EMP-0198,"SMITH, GRAY","ExampleView 24"" IPS Monitor",LT-100580,SYN-8XWGUZ87,,lt-100580,lt-100580,02:00:00:13:203:31,Scheduled refresh of legacy device SYN-LT-100580,"Unit 2802, 3 Example Street, Example District, Example City",+63 900 198 5757,Ready for Release,IT Support Queue,Y,,,,
EMP-0116,"CLARK, JAMIE",,,,,,,,Pending device allocation,"Unit 3502, 32 Example Street, Example District, Example City",+63 900 116 0754,Ready for Release,IT Support Queue,N,,,,
EMP-0091,"DOE, INDIGO","ExampleBook Air 13 (i7, 8GB, 256GB SSD)",LT-100554,SYN-UKQ2JYQW,,lt-100554,lt-100554,02:00:00:117:93:89,Scheduled refresh of legacy device SYN-LT-100554,"Unit 2702, 84 Example Street, Example District, Example City",+63 900 091 1914,Retracted,Support Technician A,Y,,,,
EMP-0215,"SAMPLE, CASEY","ExampleView 27"" QHD Monitor",LT-100345,SYN-A13J7R3P,,lt-100345,lt-100345,02:00:00:153:56:191,New starter onboarding - device SYN-LT-100345,"Unit 1002, 36 Example Street, Example District, Example City",+63 900 215 6178,For Repair,IT Support Queue,N,,,,
EMP-0665,"SAMPLE, MORGAN",,,,,,,,Pending device allocation,"Unit 3802, 51 Example Street, Example District, Example City",+63 900 665 0678,Retracted,Support Technician A,N,,,,
EMP-0610,"DOE, REESE","ExampleTower Mini (i7, 32GB, 1TB SSD)",LT-100308,SYN-FT9DFHBP,,lt-100308,lt-100308,02:00:00:19:168:203,New starter onboarding - device SYN-LT-100308,"Unit 4002, 55 Example Street, Example District, Example City",+63 900 610 5580,For Pickup,Support Technician B,Y,,,,
EMP-0565,"JOHNSON, ALEX","ExampleView 24"" IPS Monitor",LT-100578,SYN-2KC4ZY08,,lt-100578,lt-100578,02:00:00:213:238:245,Temporary loan for coverage period - SYN-LT-100578,"Unit 3302, 22 Example Street, Example District, Example City",+63 900 565 8066,Ready for Release,Support Technician B,Y,,,,
EMP-0148,"CLARK, NOEL","ExampleBook Air 13 (i7, 8GB, 256GB SSD)",LT-100469,SYN-YZ0FPHEL,,lt-100469,lt-100469,02:00:00:42:253:233,Offboarding return and sanitization - SYN-LT-100469,"Unit 2502, 42 Example Street, Example District, Example City",+63 900 148 2508,Deployed,Support Technician A,Y,,,,
EMP-0666,"DOE, MORGAN","ExamplePad 11 Tablet (8GB, 128GB)",LT-100536,SYN-R6CV2GWA,,lt-100536,lt-100536,02:00:00:91:52:75,Offboarding return and sanitization - SYN-LT-100536,"Unit 3102, 90 Example Street, Example District, Example City",+63 900 666 0941,For Repair,Support Technician A,Y,,,,
EMP-0316,"PLACEHOLDER, JAMIE","ExampleBook Air 13 (i7, 8GB, 256GB SSD)",LT-100345,SYN-NCDLC714,,lt-100345,lt-100345,02:00:00:123:166:175,Scheduled refresh of legacy device SYN-LT-100345,"Unit 3802, 57 Example Street, Example District, Example City",+63 900 316 3019,For Pickup,IT Support Queue,Y,,,,
EMP-0560,"DOE, NOEL","ExamplePad 11 Tablet (8GB, 128GB)",LT-100588,SYN-BZDSF61A,,lt-100588,lt-100588,02:00:00:71:198:139,Laptop replacement - hardware fault on SYN-LT-100588,"Unit 1502, 67 Example Street, Example District, Example City",+63 900 560 7738,For Repair,Support Technician A,N,,,,
EMP-0780,"JOHNSON, REESE","ExampleStation 15 (i5, 16GB, 1TB HDD)",LT-100322,SYN-2D59E7XE,,lt-100322,lt-100322,02:00:00:97:113:01,Scheduled refresh of legacy device SYN-LT-100322,"Unit 4002, 8 Example Street, Example District, Example City",+63 900 780 6896,Ready for Release,IT Support Queue,N,,,,
EMP-0592,"CLARK, DANA","ExamplePad 11 Tablet (8GB, 128GB)",LT-100265,SYN-R96N0X0D,,lt-100265,lt-100265,02:00:00:100:130:103,Scheduled refresh of legacy device SYN-LT-100265,"Unit 302, 69 Example Street, Example District, Example City",+63 900 592 8743,For Pickup,Support Technician B,N,,,,
EMP-0306,"CLARK, KAI","ExampleBook Pro 14 (i5, 16GB, 512GB SSD)",LT-100570,SYN-MUVJGYFV,,lt-100570,lt-100570,02:00:00:162:160:16,Offboarding return and sanitization - SYN-LT-100570,"Unit 2102, 43 Example Street, Example District, Example City",+63 900 306 2248,For Repair,Support Technician A,N,,,,
EMP-0343,"MILLER, LEE","ExampleView 27"" QHD Monitor",LT-100058,SYN-B1FWG03F,,lt-100058,lt-100058,02:00:00:146:01:29,New starter onboarding - device SYN-LT-100058,"Unit 1802, 41 Example Street, Example District, Example City",+63 900 343 5727,Retracted,Support Technician A,Y,,,,
EMP-0512,"SAMPLE, DANA",,,,,,,,Pending device allocation,"Unit 2302, 31 Example Street, Example District, Example City",+63 900 512 8100,Retracted,IT Support Queue,N,,,,
EMP-0502,"JOHNSON, FRANKIE","ExampleTower SFF (i5, 16GB, 512GB SSD)",LT-100085,SYN-5P4K64A7,,lt-100085,lt-100085,02:00:00:45:31:30,Offboarding return and sanitization - SYN-LT-100085,"Unit 2802, 67 Example Street, Example District, Example City",+63 900 502 6524,Retracted,IT Support Queue,N,,,,
EMP-0774,"JOHNSON, KAI",,,,,,,,Pending device allocation,"Unit 1302, 81 Example Street, Example District, Example City",+63 900 774 6629,Retracted,Support Technician B,N,,,,
EMP-0061,"DOE, DANA","ExampleBook Air 13 (i7, 8GB, 256GB SSD)",LT-100313,SYN-WJEH1V8T,,lt-100313,lt-100313,02:00:00:50:55:123,Laptop replacement - hardware fault on SYN-LT-100313,"Unit 1602, 76 Example Street, Example District, Example City",+63 900 061 7706,Retracted,Support Technician B,N,,,,
EMP-0685,"JOHNSON, KAI","ExampleView 27"" QHD Monitor",LT-100552,SYN-RJ21HZ9X,,lt-100552,lt-100552,02:00:00:124:67:240,Offboarding return and sanitization - SYN-LT-100552,"Unit 1802, 46 Example Street, Example District, Example City",+63 900 685 3081,Deployed,Support Technician B,Y,,,,
EMP-0314,"JOHNSON, DANA",,,,,,,,Pending device allocation,"Unit 1802, 37 Example Street, Example District, Example City",+63 900 314 2461,Ready for Release,IT Support Queue,N,,,,
EMP-0425,"PLACEHOLDER, NOEL","ExamplePad 11 Tablet (8GB, 128GB)",LT-100446,SYN-CDMYR7ET,,lt-100446,lt-100446,02:00:00:46:181:19,Offboarding return and sanitization - SYN-LT-100446,"Unit 3202, 13 Example Street, Example District, Example City",+63 900 425 0573,For Pickup,Support Technician A,Y,,,,
EMP-0406,"MILLER, QUINN","ExampleView 27"" QHD Monitor",LT-100315,SYN-CF9A93W1,,lt-100315,lt-100315,02:00:00:129:206:45,Broken screen replacement - SYN-LT-100315,"Unit 3902, 90 Example Street, Example District, Example City",+63 900 406 2332,Deployed,Support Technician B,Y,,,,
EMP-0264,"TESTER, INDIGO",,,,,,,,Pending device allocation,"Unit 1202, 87 Example Street, Example District, Example City",+63 900 264 1847,Deployed,Support Technician B,N,,,,
EMP-0051,"SAMPLE, FRANKIE",,,,,,,,Pending device allocation,"Unit 3602, 45 Example Street, Example District, Example City",+63 900 051 1771,For Pickup,Support Technician B,N,,,,
EMP-0549,"MILLER, LEE","ExampleView 24"" IPS Monitor",LT-100524,SYN-A40EQV7K,,lt-100524,lt-100524,02:00:00:130:14:28,Offboarding return and sanitization - SYN-LT-100524,"Unit 1102, 39 Example Street, Example District, Example City",+63 900 549 0703,For Pickup,Support Technician B,Y,,,,
EMP-0758,"DOE, QUINN","ExampleBook Air 13 (i7, 8GB, 256GB SSD)",LT-100211,SYN-SQWHXMLW,,lt-100211,lt-100211,02:00:00:159:75:00,Offboarding return and sanitization - SYN-LT-100211,"Unit 3102, 50 Example Street, Example District, Example City",+63 900 758 9979,Deployed,Support Technician A,N,,,,
EMP-0018,"MILLER, OAKLEY",,,,,,,,Pending device allocation,"Unit 2902, 85 Example Street, Example District, Example City",+63 900 018 0814,For Pickup,Support Technician A,N,,,,
EMP-0057,"JOHNSON, CASEY","ExampleBook Air 13 (i7, 8GB, 256GB SSD)",LT-100570,SYN-4CBY7E9Y,,lt-100570,lt-100570,02:00:00:71:96:227,Broken screen replacement - SYN-LT-100570,"Unit 1402, 14 Example Street, Example District, Example City",+63 900 057 1188,For Repair,IT Support Queue,Y,,,,
EMP-0754,"CLARK, GRAY","ExampleStation 15 (i5, 16GB, 1TB HDD)",LT-100133,SYN-3JV21VWT,,lt-100133,lt-100133,02:00:00:114:155:173,Scheduled refresh of legacy device SYN-LT-100133,"Unit 1202, 61 Example Street, Example District, Example City",+63 900 754 3936,Ready for Release,IT Support Queue,Y,,,,
EMP-0011,"MILLER, JAMIE",,,,,,,,Pending device allocation,"Unit 3902, 6 Example Street, Example District, Example City",+63 900 011 5365,Deployed,Support Technician B,N,,,,
EMP-0112,"SAMPLE, PARKER","ExampleStation 15 (i5, 16GB, 1TB HDD)",LT-100454,SYN-DJ6W5A0F,,lt-100454,lt-100454,02:00:00:116:27:149,Scheduled refresh of legacy device SYN-LT-100454,"Unit 4002, 9 Example Street, Example District, Example City",+63 900 112 2151,For Pickup,IT Support Queue,Y,,,,
EMP-0574,"BROWN, TATUM",,,,,,,,Pending device allocation,"Unit 3202, 75 Example Street, Example District, Example City",+63 900 574 8539,Retracted,IT Support Queue,N,,,,
EMP-0113,"BROWN, CASEY",,,,,,,,Pending device allocation,"Unit 3402, 12 Example Street, Example District, Example City",+63 900 113 1300,Retracted,Support Technician B,N,,,,
EMP-0646,"BROWN, JAMIE","ExampleStation 15 (i5, 16GB, 1TB HDD)",LT-100451,SYN-JJX34P1F,,lt-100451,lt-100451,02:00:00:46:60:06,Offboarding return and sanitization - SYN-LT-100451,"Unit 2702, 71 Example Street, Example District, Example City",+63 900 646 3832,Deployed,Support Technician A,Y,,,,
EMP-0462,"DOE, HARPER","ExampleTower Mini (i7, 32GB, 1TB SSD)",LT-100448,SYN-8GT8LVDD,,lt-100448,lt-100448,02:00:00:68:21:55,Offboarding return and sanitization - SYN-LT-100448,"Unit 2102, 40 Example Street, Example District, Example City",+63 900 462 6389,Deployed,Support Technician B,Y,,,,
EMP-0666,"DOE, MORGAN","ExampleTower Mini (i7, 32GB, 1TB SSD)",LT-100119,SYN-81CKUYZT,,lt-100119,lt-100119,02:00:00:92:198:219,New starter onboarding - device SYN-LT-100119,"Unit 2502, 44 Example Street, Example District, Example City",+63 900 666 0941,Deployed,IT Support Queue,N,,,,
EMP-0142,"PLACEHOLDER, ELLIS","ExamplePad 11 Tablet (8GB, 128GB)",LT-100434,SYN-WL85R48W,,lt-100434,lt-100434,02:00:00:229:60:224,Laptop replacement - hardware fault on SYN-LT-100434,"Unit 3802, 90 Example Street, Example District, Example City",+63 900 142 9910,For Repair,Support Technician B,Y,,,,
EMP-0414,"WILLIAMS, KAI","ExampleView 24"" IPS Monitor",LT-100221,SYN-EZRN8FBQ,,lt-100221,lt-100221,02:00:00:88:185:166,Offboarding return and sanitization - SYN-LT-100221,"Unit 2702, 13 Example Street, Example District, Example City",+63 900 414 6172,Retracted,Support Technician A,Y,,,,
EMP-0330,"TESTER, SAWYER","ExampleTower SFF (i5, 16GB, 512GB SSD)",LT-100178,SYN-U5UJVG8F,,lt-100178,lt-100178,02:00:00:09:97:128,Temporary loan for coverage period - SYN-LT-100178,"Unit 2102, 78 Example Street, Example District, Example City",+63 900 330 1468,Deployed,Support Technician B,N,,,,
EMP-0491,"JOHNSON, INDIGO",,,,,,,,Pending device allocation,"Unit 3402, 9 Example Street, Example District, Example City",+63 900 491 5533,Deployed,IT Support Queue,N,,,,
EMP-0303,"MILLER, FRANKIE","ExampleTower SFF (i5, 16GB, 512GB SSD)",LT-100310,SYN-HSLGMC7J,,lt-100310,lt-100310,02:00:00:165:52:109,New starter onboarding - device SYN-LT-100310,"Unit 1802, 38 Example Street, Example District, Example City",+63 900 303 6506,For Repair,Support Technician B,Y,,,,
EMP-0465,"JOHNSON, TATUM",,,,,,,,Pending device allocation,"Unit 1002, 72 Example Street, Example District, Example City",+63 900 465 5239,For Repair,Support Technician B,N,,,,
EMP-0185,"BROWN, DANA","ExampleTower Mini (i7, 32GB, 1TB SSD)",LT-100009,SYN-TW0HF8Q4,,lt-100009,lt-100009,02:00:00:42:26:99,New starter onboarding - device SYN-LT-100009,"Unit 1902, 76 Example Street, Example District, Example City",+63 900 185 7255,Retracted,IT Support Queue,Y,,,,
EMP-0651,"MILLER, DANA",,,,,,,,Pending device allocation,"Unit 502, 44 Example Street, Example District, Example City",+63 900 651 0087,Deployed,IT Support Queue,N,,,,
EMP-0470,"TESTER, TATUM","ExamplePad 11 Tablet (8GB, 128GB)",LT-100507,SYN-L6J17DFY,,lt-100507,lt-100507,02:00:00:252:90:39,Offboarding return and sanitization - SYN-LT-100507,"Unit 2902, 14 Example Street, Example District, Example City",+63 900 470 1372,For Repair,Support Technician B,Y,,,,
EMP-0441,"BROWN, KAI","ExampleTower Mini (i7, 32GB, 1TB SSD)",LT-100322,SYN-FSA4KBTZ,,lt-100322,lt-100322,02:00:00:84:46:47,Offboarding return and sanitization - SYN-LT-100322,"Unit 3502, 84 Example Street, Example District, Example City",+63 900 441 0296,Ready for Release,Support Technician A,Y,,,,
EMP-0058,"PLACEHOLDER, NOEL","ExampleStation 15 (i5, 16GB, 1TB HDD)",LT-100014,SYN-JSVQL1SR,,lt-100014,lt-100014,02:00:00:45:71:139,Broken screen replacement - SYN-LT-100014,"Unit 802, 22 Example Street, Example District, Example City",+63 900 058 7598,Deployed,IT Support Queue,N,,,,
EMP-0115,"TESTER, TATUM","ExampleTower Mini (i7, 32GB, 1TB SSD)",LT-100289,SYN-NM1466YH,,lt-100289,lt-100289,02:00:00:144:51:136,Temporary loan for coverage period - SYN-LT-100289,"Unit 1702, 44 Example Street, Example District, Example City",+63 900 115 2495,Retracted,IT Support Queue,Y,,,,
EMP-0693,"JOHNSON, QUINN","ExampleBook Pro 14 (i5, 16GB, 512GB SSD)",LT-100497,SYN-SK9FS797,,lt-100497,lt-100497,02:00:00:90:137:79,Temporary loan for coverage period - SYN-LT-100497,"Unit 2602, 59 Example Street, Example District, Example City",+63 900 693 3586,For Repair,Support Technician A,Y,,,,
EMP-0173,"PLACEHOLDER, MORGAN","ExampleView 27"" QHD Monitor",LT-100336,SYN-8LTDV68C,,lt-100336,lt-100336,02:00:00:01:144:107,Scheduled refresh of legacy device SYN-LT-100336,"Unit 3302, 3 Example Street, Example District, Example City",+63 900 173 2627,Retracted,Support Technician A,N,,,,
EMP-0451,"MILLER, FRANKIE","ExampleBook Air 13 (i7, 8GB, 256GB SSD)",LT-100418,SYN-BJSZUUPR,,lt-100418,lt-100418,02:00:00:188:252:16,Offboarding return and sanitization - SYN-LT-100418,"Unit 1302, 83 Example Street, Example District, Example City",+63 900 451 7940,Deployed,Support Technician A,N,,,,
EMP-0203,"SAMPLE, INDIGO","ExampleBook Air 13 (i7, 8GB, 256GB SSD)",LT-100175,SYN-QFSTBKKG,,lt-100175,lt-100175,02:00:00:158:213:122,New starter onboarding - device SYN-LT-100175,"Unit 2802, 56 Example Street, Example District, Example City",+63 900 203 7711,Deployed,IT Support Queue,N,,,,
EMP-0589,"JOHNSON, FRANKIE","ExampleBook Pro 14 (i5, 16GB, 512GB SSD)",LT-100146,SYN-5UJ7P73G,,lt-100146,lt-100146,02:00:00:19:187:93,Offboarding return and sanitization - SYN-LT-100146,"Unit 3302, 88 Example Street, Example District, Example City",+63 900 589 8174,For Repair,IT Support Queue,Y,,,,
EMP-0442,"PLACEHOLDER, OAKLEY",,,,,,,,Pending device allocation,"Unit 1202, 28 Example Street, Example District, Example City",+63 900 442 0774,Ready for Release,Support Technician A,N,,,,
EMP-0761,"TESTER, NOEL","ExamplePad 11 Tablet (8GB, 128GB)",LT-100337,SYN-16V4WGGD,,lt-100337,lt-100337,02:00:00:94:65:214,Temporary loan for coverage period - SYN-LT-100337,"Unit 4002, 31 Example Street, Example District, Example City",+63 900 761 5391,For Repair,Support Technician A,Y,,,,
EMP-0131,"CLARK, FRANKIE",,,,,,,,Pending device allocation,"Unit 3702, 72 Example Street, Example District, Example City",+63 900 131 4649,For Repair,IT Support Queue,N,,,,
EMP-0636,"SMITH, INDIGO",,,,,,,,Pending device allocation,"Unit 2602, 1 Example Street, Example District, Example City",+63 900 636 7481,For Repair,IT Support Queue,N,,,,
EMP-0621,"SAMPLE, JAMIE","ExampleTower SFF (i5, 16GB, 512GB SSD)",LT-100590,SYN-QGXDCSWM,,lt-100590,lt-100590,02:00:00:58:96:146,New starter onboarding - device SYN-LT-100590,"Unit 3202, 52 Example Street, Example District, Example City",+63 900 621 8946,For Repair,IT Support Queue,Y,,,,
EMP-0077,"TESTER, ELLIS","ExamplePad 11 Tablet (8GB, 128GB)",LT-100334,SYN-RCE1J7JT,,lt-100334,lt-100334,02:00:00:163:176:251,Scheduled refresh of legacy device SYN-LT-100334,"Unit 302, 13 Example Street, Example District, Example City",+63 900 077 0365,Deployed,Support Technician A,Y,,,,
EMP-0577,"SAMPLE, NOEL","ExamplePad 11 Tablet (8GB, 128GB)",LT-100010,SYN-93SMLX8G,,lt-100010,lt-100010,02:00:00:171:246:240,Temporary loan for coverage period - SYN-LT-100010,"Unit 3202, 42 Example Street, Example District, Example City",+63 900 577 5594,Ready for Release,Support Technician A,Y,,,,
EMP-0741,"DOE, TATUM",,,,,,,,Pending device allocation,"Unit 202, 14 Example Street, Example District, Example City",+63 900 741 2362,Retracted,Support Technician A,N,,,,
EMP-0003,"WILLIAMS, LEE",,,,,,,,Pending device allocation,"Unit 3802, 77 Example Street, Example District, Example City",+63 900 003 2139,Retracted,Support Technician B,N,,,,
EMP-0490,"CLARK, INDIGO","ExamplePad 11 Tablet (8GB, 128GB)",LT-100287,SYN-B94USW76,,lt-100287,lt-100287,02:00:00:94:174:70,Offboarding return and sanitization - SYN-LT-100287,"Unit 2802, 31 Example Street, Example District, Example City",+63 900 490 3961,Deployed,Support Technician B,Y,,,,
EMP-0646,"BROWN, JAMIE",,,,,,,,Pending device allocation,"Unit 502, 14 Example Street, Example District, Example City",+63 900 646 3832,Ready for Release,Support Technician B,N,,,,
EMP-0684,"SAMPLE, LEE","ExampleBook Pro 14 (i5, 16GB, 512GB SSD)",LT-100599,SYN-32HFNRPQ,,lt-100599,lt-100599,02:00:00:71:255:84,Scheduled refresh of legacy device SYN-LT-100599,"Unit 602, 3 Example Street, Example District, Example City",+63 900 684 8060,Deployed,Support Technician A,Y,,,,
EMP-0714,"SMITH, MORGAN",,,,,,,,Pending device allocation,"Unit 2002, 29 Example Street, Example District, Example City",+63 900 714 4592,For Pickup,IT Support Queue,N,,,,
EMP-0589,"JOHNSON, FRANKIE",,,,,,,,Pending device allocation,"Unit 3302, 24 Example Street, Example District, Example City",+63 900 589 8174,For Repair,IT Support Queue,N,,,,
EMP-0069,"WILLIAMS, NOEL","ExampleView 27"" QHD Monitor",LT-100562,SYN-U6U0GZ4X,,lt-100562,lt-100562,02:00:00:176:243:10,New starter onboarding - device SYN-LT-100562,"Unit 3502, 10 Example Street, Example District, Example City",+63 900 069 1758,For Repair,Support Technician A,Y,,,,
EMP-0524,"SMITH, JAMIE","ExamplePad 11 Tablet (8GB, 128GB)",LT-100066,SYN-XYYWYPZM,,lt-100066,lt-100066,02:00:00:74:250:126,Broken screen replacement - SYN-LT-100066,"Unit 2902, 77 Example Street, Example District, Example City",+63 900 524 9215,Deployed,Support Technician B,N,,,,
EMP-0400,"WILLIAMS, QUINN",,,,,,,,Pending device allocation,"Unit 3802, 27 Example Street, Example District, Example City",+63 900 400 6111,Deployed,Support Technician A,N,,,,
EMP-0354,"JOHNSON, QUINN","ExampleView 27"" QHD Monitor",LT-100151,SYN-6HD7Y26X,,lt-100151,lt-100151,02:00:00:99:70:213,Laptop replacement - hardware fault on SYN-LT-100151,"Unit 1802, 86 Example Street, Example District, Example City",+63 900 354 2054,Retracted,Support Technician A,Y,,,,
EMP-0664,"SMITH, SAWYER","ExampleTower SFF (i5, 16GB, 512GB SSD)",LT-100077,SYN-HV6HTH8Y,,lt-100077,lt-100077,02:00:00:33:53:12,Offboarding return and sanitization - SYN-LT-100077,"Unit 3002, 85 Example Street, Example District, Example City",+63 900 664 4557,For Repair,Support Technician A,Y,,,,
EMP-0510,"WILLIAMS, INDIGO",,,,,,,,Pending device allocation,"Unit 1902, 67 Example Street, Example District, Example City",+63 900 510 1866,Deployed,IT Support Queue,N,,,,
EMP-0381,"PLACEHOLDER, ELLIS",,,,,,,,Pending device allocation,"Unit 3302, 9 Example Street, Example District, Example City",+63 900 381 5381,Retracted,Support Technician A,N,,,,
EMP-0011,"MILLER, JAMIE",,,,,,,,Pending device allocation,"Unit 1102, 45 Example Street, Example District, Example City",+63 900 011 5365,For Repair,IT Support Queue,N,,,,
EMP-0652,"SAMPLE, REESE","ExampleTower Mini (i7, 32GB, 1TB SSD)",LT-100489,SYN-83JJE720,,lt-100489,lt-100489,02:00:00:151:204:10,Broken screen replacement - SYN-LT-100489,"Unit 1802, 85 Example Street, Example District, Example City",+63 900 652 0720,Deployed,Support Technician B,Y,,,,
EMP-0568,"DOE, GRAY","ExampleBook Air 13 (i7, 8GB, 256GB SSD)",LT-100185,SYN-PJM3TE7N,,lt-100185,lt-100185,02:00:00:180:93:202,Temporary loan for coverage period - SYN-LT-100185,"Unit 702, 8 Example Street, Example District, Example City",+63 900 568 3142,Deployed,Support Technician B,Y,,,,
EMP-0193,"JOHNSON, PARKER","ExampleView 27"" QHD Monitor",LT-100289,SYN-0Q7BYW0Q,,lt-100289,lt-100289,02:00:00:199:236:186,Scheduled refresh of legacy device SYN-LT-100289,"Unit 2902, 59 Example Street, Example District, Example City",+63 900 193 6444,Retracted,Support Technician A,N,,,,
EMP-0467,"SMITH, MORGAN",,,,,,,,Pending device allocation,"Unit 2802, 66 Example Street, Example District, Example City",+63 900 467 4320,Retracted,Support Technician B,N,,,,
EMP-0296,"WILLIAMS, LEE",,,,,,,,Pending device allocation,"Unit 902, 63 Example Street, Example District, Example City",+63 900 296 3345,Deployed,Support Technician B,N,,,,
EMP-0485,"MILLER, ALEX","ExampleView 24"" IPS Monitor",LT-100225,SYN-L0B3YFFP,,lt-100225,lt-100225,02:00:00:162:205:69,Broken screen replacement - SYN-LT-100225,"Unit 2302, 88 Example Street, Example District, Example City",+63 900 485 7195,Ready for Release,Support Technician B,Y,,,,
EMP-0576,"JOHNSON, SAWYER","ExampleView 27"" QHD Monitor",LT-100307,SYN-NA7WWPFQ,,lt-100307,lt-100307,02:00:00:173:33:188,Laptop replacement - hardware fault on SYN-LT-100307,"Unit 702, 35 Example Street, Example District, Example City",+63 900 576 7557,For Repair,Support Technician B,N,,,,
EMP-0623,"DOE, TATUM","ExampleTower Mini (i7, 32GB, 1TB SSD)",LT-100098,SYN-SFUD283E,,lt-100098,lt-100098,02:00:00:117:199:137,New starter onboarding - device SYN-LT-100098,"Unit 3802, 22 Example Street, Example District, Example City",+63 900 623 1304,Ready for Release,Support Technician A,N,,,,
EMP-0226,"TESTER, NOEL",,,,,,,,Pending device allocation,"Unit 302, 74 Example Street, Example District, Example City",+63 900 226 2471,Ready for Release,Support Technician A,N,,,,
EMP-0599,"SMITH, JAMIE","ExampleStation 15 (i5, 16GB, 1TB HDD)",LT-100498,SYN-KMNYYUJH,,lt-100498,lt-100498,02:00:00:202:165:10,Temporary loan for coverage period - SYN-LT-100498,"Unit 1702, 18 Example Street, Example District, Example City",+63 900 599 5769,For Pickup,Support Technician B,N,,,,
EMP-0590,"SMITH, ELLIS","ExampleBook Air 13 (i7, 8GB, 256GB SSD)",LT-100014,SYN-MR7C6LGE,,lt-100014,lt-100014,02:00:00:18:229:118,Broken screen replacement - SYN-LT-100014,"Unit 302, 37 Example Street, Example District, Example City",+63 900 590 5351,Retracted,IT Support Queue,Y,,,,
EMP-0567,"WILLIAMS, FRANKIE","ExamplePad 11 Tablet (8GB, 128GB)",LT-100488,SYN-WWWYZR1Z,,lt-100488,lt-100488,02:00:00:81:238:132,New starter onboarding - device SYN-LT-100488,"Unit 2102, 84 Example Street, Example District, Example City",+63 900 567 6287,For Repair,Support Technician B,Y,,,,
EMP-0608,"PLACEHOLDER, HARPER",,,,,,,,Pending device allocation,"Unit 202, 13 Example Street, Example District, Example City",+63 900 608 8928,For Pickup,IT Support Queue,N,,,,
EMP-0131,"CLARK, FRANKIE",,,,,,,,Pending device allocation,"Unit 2102, 39 Example Street, Example District, Example City",+63 900 131 4649,For Pickup,Support Technician B,N,,,,
EMP-0245,"PLACEHOLDER, TATUM","ExampleBook Pro 14 (i5, 16GB, 512GB SSD)",LT-100067,SYN-F6EW9BWK,,lt-100067,lt-100067,02:00:00:207:124:223,Scheduled refresh of legacy device SYN-LT-100067,"Unit 502, 19 Example Street, Example District, Example City",+63 900 245 8451,For Pickup,IT Support Queue,N,,,,
EMP-0169,"DOE, ELLIS",,,,,,,,Pending device allocation,"Unit 1002, 70 Example Street, Example District, Example City",+63 900 169 4024,Deployed,Support Technician A,N,,,,
EMP-0682,"PLACEHOLDER, BLAIR",,,,,,,,Pending device allocation,"Unit 3502, 13 Example Street, Example District, Example City",+63 900 682 4928,Deployed,IT Support Queue,N,,,,
EMP-0517,"SAMPLE, JAMIE","ExampleStation 15 (i5, 16GB, 1TB HDD)",LT-100479,SYN-X7U46UHM,,lt-100479,lt-100479,02:00:00:222:154:158,Laptop replacement - hardware fault on SYN-LT-100479,"Unit 3902, 24 Example Street, Example District, Example City",+63 900 517 0817,Deployed,IT Support Queue,N,,,,
EMP-0795,"MILLER, PARKER","ExampleTower Mini (i7, 32GB, 1TB SSD)",LT-100042,SYN-HFHN9ABV,,lt-100042,lt-100042,02:00:00:136:227:203,Laptop replacement - hardware fault on SYN-LT-100042,"Unit 1602, 84 Example Street, Example District, Example City",+63 900 795 8177,Deployed,Support Technician B,Y,,,,
EMP-0582,"SAMPLE, NOEL","ExampleBook Pro 14 (i5, 16GB, 512GB SSD)",LT-100378,SYN-E1A79F47,,lt-100378,lt-100378,02:00:00:171:01:166,Offboarding return and sanitization - SYN-LT-100378,"Unit 2902, 78 Example Street, Example District, Example City",+63 900 582 8292,For Repair,IT Support Queue,N,,,,
EMP-0570,"PLACEHOLDER, QUINN","ExamplePad 11 Tablet (8GB, 128GB)",LT-100185,SYN-2HLQLUYQ,,lt-100185,lt-100185,02:00:00:122:77:144,New starter onboarding - device SYN-LT-100185,"Unit 3802, 29 Example Street, Example District, Example City",+63 900 570 0435,For Repair,Support Technician A,N,,,,
EMP-0432,"JOHNSON, FRANKIE","ExampleStation 15 (i5, 16GB, 1TB HDD)",LT-100190,SYN-UPQSY8U9,,lt-100190,lt-100190,02:00:00:105:26:56,Offboarding return and sanitization - SYN-LT-100190,"Unit 3902, 77 Example Street, Example District, Example City",+63 900 432 3523,For Repair,Support Technician B,N,,,,
EMP-0048,"BROWN, KAI","ExampleView 24"" IPS Monitor",LT-100258,SYN-70YBGN4N,,lt-100258,lt-100258,02:00:00:121:250:152,Offboarding return and sanitization - SYN-LT-100258,"Unit 2202, 46 Example Street, Example District, Example City",+63 900 048 0935,Ready for Release,IT Support Queue,Y,,,,
EMP-0443,"WILLIAMS, PARKER","ExampleBook Air 13 (i7, 8GB, 256GB SSD)",LT-100437,SYN-Q7SUT648,,lt-100437,lt-100437,02:00:00:141:19:122,Temporary loan for coverage period - SYN-LT-100437,"Unit 1202, 56 Example Street, Example District, Example City",+63 900 443 5467,For Pickup,Support Technician B,N,,,,
EMP-0441,"BROWN, KAI","ExampleTower Mini (i7, 32GB, 1TB SSD)",LT-100152,SYN-Z6N1G8EE,,lt-100152,lt-100152,02:00:00:215:215:153,New starter onboarding - device SYN-LT-100152,"Unit 1202, 8 Example Street, Example District, Example City",+63 900 441 0296,Retracted,Support Technician B,Y,,,,
EMP-0537,"BROWN, GRAY","ExampleBook Pro 14 (i5, 16GB, 512GB SSD)",LT-100338,SYN-XKMQ9GX8,,lt-100338,lt-100338,02:00:00:206:154:03,Offboarding return and sanitization - SYN-LT-100338,"Unit 1402, 42 Example Street, Example District, Example City",+63 900 537 4959,Deployed,IT Support Queue,Y,,,,
EMP-0156,"BROWN, ELLIS","ExampleStation 15 (i5, 16GB, 1TB HDD)",LT-100198,SYN-KGLUFSM4,,lt-100198,lt-100198,02:00:00:221:72:41,Temporary loan for coverage period - SYN-LT-100198,"Unit 1102, 4 Example Street, Example District, Example City",+63 900 156 5387,For Repair,IT Support Queue,N,,,,
EMP-0234,"SAMPLE, CASEY","ExampleBook Pro 14 (i5, 16GB, 512GB SSD)",LT-100461,SYN-VE0KB2BY,,lt-100461,lt-100461,02:00:00:06:115:83,Scheduled refresh of legacy device SYN-LT-100461,"Unit 302, 21 Example Street, Example District, Example City",+63 900 234 8173,For Pickup,IT Support Queue,N,,,,
EMP-0161,"MILLER, LEE","ExampleBook Pro 14 (i5, 16GB, 512GB SSD)",LT-100108,SYN-A56CGVQT,,lt-100108,lt-100108,02:00:00:147:106:207,Scheduled refresh of legacy device SYN-LT-100108,"Unit 3502, 62 Example Street, Example District, Example City",+63 900 161 7182,Deployed,Support Technician B,Y,,,,
EMP-0125,"SMITH, FRANKIE","ExamplePad 11 Tablet (8GB, 128GB)",LT-100033,SYN-VRUWMMT1,,lt-100033,lt-100033,02:00:00:137:33:68,Temporary loan for coverage period - SYN-LT-100033,"Unit 2702, 34 Example Street, Example District, Example City",+63 900 125 3631,Retracted,IT Support Queue,N,,,,
EMP-0547,"SMITH, CASEY","ExampleBook Air 13 (i7, 8GB, 256GB SSD)",LT-100405,SYN-9PX7EYA4,,lt-100405,lt-100405,02:00:00:81:190:44,Scheduled refresh of legacy device SYN-LT-100405,"Unit 3702, 67 Example Street, Example District, Example City",+63 900 547 0982,Retracted,IT Support Queue,N,,,,
EMP-0254,"SAMPLE, TATUM","ExampleView 24"" IPS Monitor",LT-100270,SYN-PTADTNNB,,lt-100270,lt-100270,02:00:00:151:175:134,Laptop replacement - hardware fault on SYN-LT-100270,"Unit 4002, 86 Example Street, Example District, Example City",+63 900 254 1397,For Pickup,Support Technician A,N,,,,
EMP-0319,"BROWN, INDIGO","ExampleTower SFF (i5, 16GB, 512GB SSD)",LT-100082,SYN-6D6KJQ41,,lt-100082,lt-100082,02:00:00:03:125:47,Scheduled refresh of legacy device SYN-LT-100082,"Unit 602, 77 Example Street, Example District, Example City",+63 900 319 8079,Deployed,Support Technician A,Y,,,,
EMP-0445,"JOHNSON, FRANKIE","ExamplePad 11 Tablet (8GB, 128GB)",LT-100540,SYN-MC3KUUMU,,lt-100540,lt-100540,02:00:00:41:55:195,Laptop replacement - hardware fault on SYN-LT-100540,"Unit 302, 5 Example Street, Example District, Example City",+63 900 445 6867,Retracted,IT Support Queue,N,,,,
EMP-0787,"BROWN, GRAY","ExampleBook Air 13 (i7, 8GB, 256GB SSD)",LT-100513,SYN-4N4PP54P,,lt-100513,lt-100513,02:00:00:88:237:80,Temporary loan for coverage period - SYN-LT-100513,"Unit 2702, 8 Example Street, Example District, Example City",+63 900 787 3094,For Pickup,IT Support Queue,Y,,,,
EMP-0139,"JOHNSON, JAMIE","ExampleTower Mini (i7, 32GB, 1TB SSD)",LT-100318,SYN-0PDQNTRS,,lt-100318,lt-100318,02:00:00:164:22:126,Laptop replacement - hardware fault on SYN-LT-100318,"Unit 202, 1 Example Street, Example District, Example City",+63 900 139 2762,For Pickup,IT Support Queue,Y,,,,
EMP-0152,"CLARK, HARPER","ExampleTower SFF (i5, 16GB, 512GB SSD)",LT-100148,SYN-0FFL23P5,,lt-100148,lt-100148,02:00:00:203:109:138,Scheduled refresh of legacy device SYN-LT-100148,"Unit 2802, 5 Example Street, Example District, Example City",+63 900 152 2266,Retracted,IT Support Queue,Y,,,,
EMP-0168,"JOHNSON, DANA","ExampleStation 15 (i5, 16GB, 1TB HDD)",LT-100379,SYN-RB7QKV2H,,lt-100379,lt-100379,02:00:00:243:49:205,New starter onboarding - device SYN-LT-100379,"Unit 902, 41 Example Street, Example District, Example City",+63 900 168 7768,For Repair,IT Support Queue,Y,,,,
EMP-0346,"SAMPLE, BLAIR","ExampleView 27"" QHD Monitor",LT-100093,SYN-W9SK50BL,,lt-100093,lt-100093,02:00:00:202:76:184,Offboarding return and sanitization - SYN-LT-100093,"Unit 1302, 12 Example Street, Example District, Example City",+63 900 346 6529,Ready for Release,IT Support Queue,Y,,,,
EMP-0374,"JOHNSON, CASEY","ExampleView 27"" QHD Monitor",LT-100461,SYN-4GNVNQ32,,lt-100461,lt-100461,02:00:00:21:113:128,Scheduled refresh of legacy device SYN-LT-100461,"Unit 2402, 31 Example Street, Example District, Example City",+63 900 374 4622,Deployed,Support Technician A,N,,,,
EMP-0694,"DOE, KAI",,,,,,,,Pending device allocation,"Unit 2502, 35 Example Street, Example District, Example City",+63 900 694 6610,Ready for Release,IT Support Queue,N,,,,
EMP-0543,"DOE, DANA","ExampleView 27"" QHD Monitor",LT-100110,SYN-TGUVVK7G,,lt-100110,lt-100110,02:00:00:72:115:00,Offboarding return and sanitization - SYN-LT-100110,"Unit 3602, 8 Example Street, Example District, Example City",+63 900 543 2113,For Pickup,Support Technician A,Y,,,,
EMP-0506,"WILLIAMS, JAMIE","ExampleView 27"" QHD Monitor",LT-100120,SYN-THUJD14Z,,lt-100120,lt-100120,02:00:00:18:104:153,New starter onboarding - device SYN-LT-100120,"Unit 1202, 31 Example Street, Example District, Example City",+63 900 506 2595,Ready for Release,Support Technician B,N,,,,
EMP-0147,"TESTER, QUINN","ExampleStation 15 (i5, 16GB, 1TB HDD)",LT-100516,SYN-GTHP1PEU,,lt-100516,lt-100516,02:00:00:38:18:01,Scheduled refresh of legacy device SYN-LT-100516,"Unit 2202, 72 Example Street, Example District, Example City",+63 900 147 8888,For Pickup,Support Technician B,Y,,,,
EMP-0421,"TESTER, OAKLEY",,,,,,,,Pending device allocation,"Unit 1202, 67 Example Street, Example District, Example City",+63 900 421 6739,Deployed,Support Technician B,N,,,,
EMP-0438,"WILLIAMS, CASEY",,,,,,,,Pending device allocation,"Unit 1702, 86 Example Street, Example District, Example City",+63 900 438 1360,For Repair,IT Support Queue,N,,,,
EMP-0642,"SAMPLE, QUINN",,,,,,,,Pending device allocation,"Unit 302, 82 Example Street, Example District, Example City",+63 900 642 1444,Deployed,IT Support Queue,N,,,,
EMP-0077,"TESTER, ELLIS",,,,,,,,Pending device allocation,"Unit 3702, 1 Example Street, Example District, Example City",+63 900 077 0365,Deployed,IT Support Queue,N,,,,
EMP-0535,"TESTER, JAMIE",,,,,,,,Pending device allocation,"Unit 3002, 65 Example Street, Example District, Example City",+63 900 535 7377,For Repair,Support Technician A,N,,,,
EMP-0583,"PLACEHOLDER, GRAY","ExampleTower SFF (i5, 16GB, 512GB SSD)",LT-100328,SYN-XY8BEK42,,lt-100328,lt-100328,02:00:00:25:243:228,Temporary loan for coverage period - SYN-LT-100328,"Unit 3002, 80 Example Street, Example District, Example City",+63 900 583 4994,Retracted,Support Technician A,Y,,,,
EMP-0254,"SAMPLE, TATUM",,,,,,,,Pending device allocation,"Unit 402, 64 Example Street, Example District, Example City",+63 900 254 1397,Deployed,IT Support Queue,N,,,,
EMP-0193,"JOHNSON, PARKER","ExampleBook Pro 14 (i5, 16GB, 512GB SSD)",LT-100168,SYN-7FPPSDUX,,lt-100168,lt-100168,02:00:00:43:187:69,Temporary loan for coverage period - SYN-LT-100168,"Unit 1202, 90 Example Street, Example District, Example City",+63 900 193 6444,Ready for Release,Support Technician A,N,,,,
EMP-0717,"BROWN, REESE","ExampleView 27"" QHD Monitor",LT-100137,SYN-400AJ114,,lt-100137,lt-100137,02:00:00:224:80:165,New starter onboarding - device SYN-LT-100137,"Unit 402, 21 Example Street, Example District, Example City",+63 900 717 9576,Retracted,IT Support Queue,N,,,,
EMP-0276,"BROWN, FRANKIE","ExampleTower Mini (i7, 32GB, 1TB SSD)",LT-100582,SYN-L8RLM0SB,,lt-100582,lt-100582,02:00:00:205:198:152,Temporary loan for coverage period - SYN-LT-100582,"Unit 202, 17 Example Street, Example District, Example City",+63 900 276 2043,Deployed,Support Technician A,Y,,,,
EMP-0625,"PLACEHOLDER, JAMIE","ExamplePad 11 Tablet (8GB, 128GB)",LT-100168,SYN-4W7F423L,,lt-100168,lt-100168,02:00:00:177:69:48,Laptop replacement - hardware fault on SYN-LT-100168,"Unit 3702, 78 Example Street, Example District, Example City",+63 900 625 8935,Retracted,IT Support Queue,Y,,,,
EMP-0216,"SMITH, REESE","ExampleStation 15 (i5, 16GB, 1TB HDD)",LT-100421,SYN-6PFKGPUU,,lt-100421,lt-100421,02:00:00:48:233:154,Scheduled refresh of legacy device SYN-LT-100421,"Unit 402, 16 Example Street, Example District, Example City",+63 900 216 5379,Ready for Release,Support Technician B,N,,,,
EMP-0056,"TESTER, REESE",,,,,,,,Pending device allocation,"Unit 102, 18 Example Street, Example District, Example City",+63 900 056 4791,Deployed,Support Technician A,N,,,,
EMP-0583,"PLACEHOLDER, GRAY","ExampleView 24"" IPS Monitor",LT-100190,SYN-Z9XUD2TL,,lt-100190,lt-100190,02:00:00:94:208:20,Offboarding return and sanitization - SYN-LT-100190,"Unit 2302, 79 Example Street, Example District, Example City",+63 900 583 4994,For Pickup,Support Technician B,N,,,,
EMP-0467,"SMITH, MORGAN","ExampleBook Air 13 (i7, 8GB, 256GB SSD)",LT-100354,SYN-WFK8U134,,lt-100354,lt-100354,02:00:00:144:216:249,Temporary loan for coverage period - SYN-LT-100354,"Unit 402, 39 Example Street, Example District, Example City",+63 900 467 4320,For Repair,Support Technician A,Y,,,,
EMP-0530,"JOHNSON, OAKLEY","ExampleBook Pro 14 (i5, 16GB, 512GB SSD)",LT-100597,SYN-Z35RWBKW,,lt-100597,lt-100597,02:00:00:194:252:07,Broken screen replacement - SYN-LT-100597,"Unit 3802, 34 Example Street, Example District, Example City",+63 900 530 1654,Deployed,Support Technician A,N,,,,
EMP-0746,"JOHNSON, ELLIS",,,,,,,,Pending device allocation,"Unit 3202, 49 Example Street, Example District, Example City",+63 900 746 1382,Deployed,Support Technician B,N,,,,
EMP-0445,"JOHNSON, FRANKIE","ExampleBook Air 13 (i7, 8GB, 256GB SSD)",LT-100136,SYN-313C61ZW,,lt-100136,lt-100136,02:00:00:39:78:179,Offboarding return and sanitization - SYN-LT-100136,"Unit 702, 42 Example Street, Example District, Example City",+63 900 445 6867,Deployed,Support Technician A,N,,,,
EMP-0128,"PLACEHOLDER, QUINN","ExampleView 24"" IPS Monitor",LT-100494,SYN-B3GAANDF,,lt-100494,lt-100494,02:00:00:180:12:38,Broken screen replacement - SYN-LT-100494,"Unit 2002, 77 Example Street, Example District, Example City",+63 900 128 0945,For Pickup,Support Technician A,N,,,,
EMP-0110,"SAMPLE, JAMIE",,,,,,,,Pending device allocation,"Unit 2002, 51 Example Street, Example District, Example City",+63 900 110 5924,Ready for Release,IT Support Queue,N,,,,
EMP-0270,"CLARK, KAI","ExampleTower SFF (i5, 16GB, 512GB SSD)",LT-100032,SYN-PEA6ACJB,,lt-100032,lt-100032,02:00:00:27:134:244,New starter onboarding - device SYN-LT-100032,"Unit 2802, 21 Example Street, Example District, Example City",+63 900 270 9773,Deployed,Support Technician B,Y,,,,
EMP-0487,"SMITH, MORGAN","ExampleBook Pro 14 (i5, 16GB, 512GB SSD)",LT-100011,SYN-RXKPEE99,,lt-100011,lt-100011,02:00:00:135:125:244,Temporary loan for coverage period - SYN-LT-100011,"Unit 802, 90 Example Street, Example District, Example City",+63 900 487 9447,Retracted,Support Technician B,N,,,,
EMP-0133,"PLACEHOLDER, REESE","ExampleBook Air 13 (i7, 8GB, 256GB SSD)",LT-100126,SYN-LZJFAQ5R,,lt-100126,lt-100126,02:00:00:163:90:215,Temporary loan for coverage period - SYN-LT-100126,"Unit 2802, 50 Example Street, Example District, Example City",+63 900 133 7273,Deployed,Support Technician A,Y,,,,
EMP-0611,"DOE, ELLIS",,,,,,,,Pending device allocation,"Unit 3402, 6 Example Street, Example District, Example City",+63 900 611 0676,Retracted,IT Support Queue,N,,,,
EMP-0423,"SMITH, BLAIR","ExampleView 27"" QHD Monitor",LT-100582,SYN-SMLZ5X31,,lt-100582,lt-100582,02:00:00:148:169:176,Offboarding return and sanitization - SYN-LT-100582,"Unit 1202, 67 Example Street, Example District, Example City",+63 900 423 6188,Deployed,Support Technician A,Y,,,,
EMP-0406,"MILLER, QUINN","ExampleTower Mini (i7, 32GB, 1TB SSD)",LT-100134,SYN-PZY2K33S,,lt-100134,lt-100134,02:00:00:120:147:59,Temporary loan for coverage period - SYN-LT-100134,"Unit 2202, 49 Example Street, Example District, Example City",+63 900 406 2332,For Pickup,Support Technician A,Y,,,,
EMP-0436,"BROWN, KAI",,,,,,,,Pending device allocation,"Unit 3702, 24 Example Street, Example District, Example City",+63 900 436 6576,For Pickup,Support Technician A,N,,,,
EMP-0094,"BROWN, GRAY","ExampleTower SFF (i5, 16GB, 512GB SSD)",LT-100065,SYN-6SPEEKL3,,lt-100065,lt-100065,02:00:00:97:30:133,New starter onboarding - device SYN-LT-100065,"Unit 3002, 32 Example Street, Example District, Example City",+63 900 094 3853,Deployed,Support Technician A,N,,,,
EMP-0161,"MILLER, LEE","ExampleBook Air 13 (i7, 8GB, 256GB SSD)",LT-100511,SYN-ZZ2VJ63K,,lt-100511,lt-100511,02:00:00:79:122:53,New starter onboarding - device SYN-LT-100511,"Unit 3702, 31 Example Street, Example District, Example City",+63 900 161 7182,Retracted,Support Technician B,N,,,,
EMP-0748,"CLARK, GRAY",,,,,,,,Pending device allocation,"Unit 3902, 34 Example Street, Example District, Example City",+63 900 748 2234,Deployed,IT Support Queue,N,,,,
EMP-0100,"JOHNSON, ALEX","ExampleView 24"" IPS Monitor",LT-100010,SYN-AJHCR61F,,lt-100010,lt-100010,02:00:00:78:22:158,Offboarding return and sanitization - SYN-LT-100010,"Unit 2302, 29 Example Street, Example District, Example City",+63 900 100 5880,For Repair,IT Support Queue,N,,,,
EMP-0567,"WILLIAMS, FRANKIE","ExampleBook Air 13 (i7, 8GB, 256GB SSD)",LT-100396,SYN-7UV0AD95,,lt-100396,lt-100396,02:00:00:38:76:70,Temporary loan for coverage period - SYN-LT-100396,"Unit 2502, 12 Example Street, Example District, Example City",+63 900 567 6287,For Repair,Support Technician B,N,,,,
EMP-0715,"JOHNSON, ELLIS","ExampleView 24"" IPS Monitor",LT-100349,SYN-LZTMWL5T,,lt-100349,lt-100349,02:00:00:68:197:113,Laptop replacement - hardware fault on SYN-LT-100349,"Unit 1402, 14 Example Street, Example District, Example City",+63 900 715 0565,Deployed,Support Technician A,N,,,,
EMP-0576,"JOHNSON, SAWYER",,,,,,,,Pending device allocation,"Unit 402, 65 Example Street, Example District, Example City",+63 900 576 7557,Deployed,IT Support Queue,N,,,,
EMP-0691,"JOHNSON, TATUM","ExampleView 27"" QHD Monitor",LT-100292,SYN-GXU29M96,,lt-100292,lt-100292,02:00:00:147:180:77,New starter onboarding - device SYN-LT-100292,"Unit 3602, 11 Example Street, Example District, Example City",+63 900 691 6598,Ready for Release,IT Support Queue,Y,,,,
EMP-0320,"DOE, INDIGO","ExampleView 24"" IPS Monitor",LT-100290,SYN-TRS7J08U,,lt-100290,lt-100290,02:00:00:16:100:203,Broken screen replacement - SYN-LT-100290,"Unit 2602, 21 Example Street, Example District, Example City",+63 900 320 4598,Retracted,IT Support Queue,Y,,,,
EMP-0781,"SMITH, HARPER",,,,,,,,Pending device allocation,"Unit 3002, 21 Example Street, Example District, Example City",+63 900 781 5762,Deployed,Support Technician A,N,,,,
EMP-0561,"MILLER, ELLIS","ExampleBook Air 13 (i7, 8GB, 256GB SSD)",LT-100146,SYN-EKAB71AT,,lt-100146,lt-100146,02:00:00:141:34:105,New starter onboarding - device SYN-LT-100146,"Unit 2502, 39 Example Street, Example District, Example City",+63 900 561 9351,Ready for Release,Support Technician B,N,,,,
EMP-0179,"CLARK, NOEL","ExampleBook Pro 14 (i5, 16GB, 512GB SSD)",LT-100097,SYN-SW2W8ZV5,,lt-100097,lt-100097,02:00:00:231:180:42,Laptop replacement - hardware fault on SYN-LT-100097,"Unit 502, 45 Example Street, Example District, Example City",+63 900 179 5328,Deployed,Support Technician A,N,,,,
EMP-0704,"WILLIAMS, ALEX","ExampleStation 15 (i5, 16GB, 1TB HDD)",LT-100314,SYN-RC7NRT7D,,lt-100314,lt-100314,02:00:00:170:122:205,Temporary loan for coverage period - SYN-LT-100314,"Unit 202, 11 Example Street, Example District, Example City",+63 900 704 4007,Ready for Release,Support Technician A,N,,,,
EMP-0784,"PLACEHOLDER, FRANKIE",,,,,,,,Pending device allocation,"Unit 3202, 76 Example Street, Example District, Example City",+63 900 784 7393,Deployed,Support Technician A,N,,,,
EMP-0025,"CLARK, GRAY","ExampleTower SFF (i5, 16GB, 512GB SSD)",LT-100399,SYN-YJ45JY1H,,lt-100399,lt-100399,02:00:00:03:163:209,Broken screen replacement - SYN-LT-100399,"Unit 502, 54 Example Street, Example District, Example City",+63 900 025 5910,Retracted,Support Technician A,N,,,,
EMP-0684,"SAMPLE, LEE","ExampleBook Air 13 (i7, 8GB, 256GB SSD)",LT-100357,SYN-XQLUBC75,,lt-100357,lt-100357,02:00:00:254:23:65,Offboarding return and sanitization - SYN-LT-100357,"Unit 1902, 79 Example Street, Example District, Example City",+63 900 684 8060,Ready for Release,Support Technician A,N,,,,
EMP-0291,"CLARK, MORGAN","ExampleTower SFF (i5, 16GB, 512GB SSD)",LT-100560,SYN-LZ5QW0ED,,lt-100560,lt-100560,02:00:00:135:140:191,Scheduled refresh of legacy device SYN-LT-100560,"Unit 302, 66 Example Street, Example District, Example City",+63 900 291 2038,Ready for Release,Support Technician B,Y,,,,
EMP-0242,"BROWN, FRANKIE","ExampleStation 15 (i5, 16GB, 1TB HDD)",LT-100547,SYN-61LR3A2A,,lt-100547,lt-100547,02:00:00:206:230:122,Laptop replacement - hardware fault on SYN-LT-100547,"Unit 1402, 76 Example Street, Example District, Example City",+63 900 242 2422,Ready for Release,Support Technician B,N,,,,
EMP-0743,"BROWN, GRAY","ExampleBook Pro 14 (i5, 16GB, 512GB SSD)",LT-100486,SYN-EKSVBF5F,,lt-100486,lt-100486,02:00:00:41:141:193,Temporary loan for coverage period - SYN-LT-100486,"Unit 1202, 32 Example Street, Example District, Example City",+63 900 743 6582,Retracted,IT Support Queue,N,,,,
EMP-0770,"BROWN, KAI","ExamplePad 11 Tablet (8GB, 128GB)",LT-100533,SYN-RRFSLWDZ,,lt-100533,lt-100533,02:00:00:255:155:224,Offboarding return and sanitization - SYN-LT-100533,"Unit 1202, 71 Example Street, Example District, Example City",+63 900 770 1518,Deployed,Support Technician A,Y,,,,
EMP-0144,"SMITH, HARPER","ExampleBook Air 13 (i7, 8GB, 256GB SSD)",LT-100008,SYN-975AW92M,,lt-100008,lt-100008,02:00:00:163:253:132,New starter onboarding - device SYN-LT-100008,"Unit 2102, 40 Example Street, Example District, Example City",+63 900 144 8842,Ready for Release,Support Technician B,Y,,,,
EMP-0776,"BROWN, FRANKIE",,,,,,,,Pending device allocation,"Unit 4002, 2 Example Street, Example District, Example City",+63 900 776 2823,Deployed,Support Technician B,N,,,,
EMP-0755,"DOE, REESE","ExampleTower SFF (i5, 16GB, 512GB SSD)",LT-100277,SYN-S39SPSX1,,lt-100277,lt-100277,02:00:00:255:71:244,Scheduled refresh of legacy device SYN-LT-100277,"Unit 602, 49 Example Street, Example District, Example City",+63 900 755 1530,Deployed,Support Technician B,Y,,,,
EMP-0467,"SMITH, MORGAN",,,,,,,,Pending device allocation,"Unit 3702, 71 Example Street, Example District, Example City",+63 900 467 4320,For Pickup,Support Technician A,N,,,,
EMP-0615,"WILLIAMS, KAI","ExampleView 27"" QHD Monitor",LT-100321,SYN-AJL96EFW,,lt-100321,lt-100321,02:00:00:209:146:250,Laptop replacement - hardware fault on SYN-LT-100321,"Unit 2802, 90 Example Street, Example District, Example City",+63 900 615 5738,Deployed,Support Technician B,N,,,,
EMP-0134,"SAMPLE, JAMIE",,,,,,,,Pending device allocation,"Unit 2702, 41 Example Street, Example District, Example City",+63 900 134 3419,Retracted,Support Technician A,N,,,,
EMP-0590,"SMITH, ELLIS",,,,,,,,Pending device allocation,"Unit 1402, 75 Example Street, Example District, Example City",+63 900 590 5351,Ready for Release,IT Support Queue,N,,,,
EMP-0474,"PLACEHOLDER, NOEL",,,,,,,,Pending device allocation,"Unit 1202, 84 Example Street, Example District, Example City",+63 900 474 3025,Deployed,Support Technician A,N,,,,
EMP-0363,"PLACEHOLDER, ELLIS","ExampleTower Mini (i7, 32GB, 1TB SSD)",LT-100561,SYN-U90F7L8D,,lt-100561,lt-100561,02:00:00:15:174:156,Scheduled refresh of legacy device SYN-LT-100561,"Unit 2102, 64 Example Street, Example District, Example City",+63 900 363 2257,Ready for Release,Support Technician A,N,,,,
EMP-0447,"CLARK, JAMIE",,,,,,,,Pending device allocation,"Unit 1402, 5 Example Street, Example District, Example City",+63 900 447 9093,Deployed,IT Support Queue,N,,,,
EMP-0563,"TESTER, FRANKIE",,,,,,,,Pending device allocation,"Unit 3802, 52 Example Street, Example District, Example City",+63 900 563 6444,Ready for Release,IT Support Queue,N,,,,
EMP-0541,"JOHNSON, DANA","ExampleStation 15 (i5, 16GB, 1TB HDD)",LT-100022,SYN-YZW32D1K,,lt-100022,lt-100022,02:00:00:89:18:155,Laptop replacement - hardware fault on SYN-LT-100022,"Unit 3502, 82 Example Street, Example District, Example City",+63 900 541 8793,Deployed,Support Technician B,Y,,,,
EMP-0567,"WILLIAMS, FRANKIE","ExampleTower SFF (i5, 16GB, 512GB SSD)",LT-100086,SYN-AZ54RF4U,,lt-100086,lt-100086,02:00:00:222:64:116,Broken screen replacement - SYN-LT-100086,"Unit 1402, 81 Example Street, Example District, Example City",+63 900 567 6287,Deployed,Support Technician B,Y,,,,
EMP-0799,"JOHNSON, MORGAN","ExampleStation 15 (i5, 16GB, 1TB HDD)",LT-100483,SYN-9XDYQ0MV,,lt-100483,lt-100483,02:00:00:246:206:196,New starter onboarding - device SYN-LT-100483,"Unit 1602, 5 Example Street, Example District, Example City",+63 900 799 2744,Deployed,Support Technician B,Y,,,,
EMP-0755,"DOE, REESE","ExampleTower Mini (i7, 32GB, 1TB SSD)",LT-100056,SYN-8XDS3LD0,,lt-100056,lt-100056,02:00:00:214:224:246,Laptop replacement - hardware fault on SYN-LT-100056,"Unit 3902, 4 Example Street, Example District, Example City",+63 900 755 1530,Deployed,IT Support Queue,Y,,,,
EMP-0665,"SAMPLE, MORGAN","ExampleView 27"" QHD Monitor",LT-100463,SYN-YN0FBJK5,,lt-100463,lt-100463,02:00:00:252:156:13,Laptop replacement - hardware fault on SYN-LT-100463,"Unit 2402, 18 Example Street, Example District, Example City",+63 900 665 0678,Retracted,IT Support Queue,N,,,,
EMP-0198,"SMITH, GRAY",,,,,,,,Pending device allocation,"Unit 2102, 59 Example Street, Example District, Example City",+63 900 198 5757,Retracted,Support Technician A,N,,,,
EMP-0083,"BROWN, PARKER","ExamplePad 11 Tablet (8GB, 128GB)",LT-100126,SYN-HFSGYZAE,,lt-100126,lt-100126,02:00:00:70:66:01,New starter onboarding - device SYN-LT-100126,"Unit 2202, 64 Example Street, Example District, Example City",+63 900 083 6228,Deployed,Support Technician B,Y,,,,
EMP-0704,"WILLIAMS, ALEX","ExampleTower Mini (i7, 32GB, 1TB SSD)",LT-100148,SYN-JAHBAFMD,,lt-100148,lt-100148,02:00:00:162:60:119,Offboarding return and sanitization - SYN-LT-100148,"Unit 2102, 66 Example Street, Example District, Example City",+63 900 704 4007,Deployed,Support Technician A,Y,,,,
EMP-0078,"BROWN, ALEX","ExampleView 27"" QHD Monitor",LT-100047,SYN-613YTZLR,,lt-100047,lt-100047,02:00:00:226:226:160,Scheduled refresh of legacy device SYN-LT-100047,"Unit 1102, 11 Example Street, Example District, Example City",+63 900 078 1962,Deployed,IT Support Queue,Y,,,,
EMP-0530,"JOHNSON, OAKLEY","ExampleView 24"" IPS Monitor",LT-100216,SYN-P1CH7PTB,,lt-100216,lt-100216,02:00:00:143:75:245,New starter onboarding - device SYN-LT-100216,"Unit 1702, 78 Example Street, Example District, Example City",+63 900 530 1654,Deployed,IT Support Queue,Y,,,,
EMP-0011,"MILLER, JAMIE","ExampleView 27"" QHD Monitor",LT-100320,SYN-45LNGSFU,,lt-100320,lt-100320,02:00:00:169:73:03,Laptop replacement - hardware fault on SYN-LT-100320,"Unit 3902, 43 Example Street, Example District, Example City",+63 900 011 5365,Ready for Release,Support Technician A,Y,,,,
EMP-0369,"DOE, SAWYER","ExampleTower Mini (i7, 32GB, 1TB SSD)",LT-100027,SYN-R6ZE61UJ,,lt-100027,lt-100027,02:00:00:37:111:48,Laptop replacement - hardware fault on SYN-LT-100027,"Unit 2502, 87 Example Street, Example District, Example City",+63 900 369 6551,Ready for Release,Support Technician A,Y,,,,
EMP-0760,"TESTER, MORGAN","ExampleBook Air 13 (i7, 8GB, 256GB SSD)",LT-100085,SYN-KQQN0NYB,,lt-100085,lt-100085,02:00:00:94:49:92,Broken screen replacement - SYN-LT-100085,"Unit 3202, 74 Example Street, Example District, Example City",+63 900 760 4221,Ready for Release,IT Support Queue,N,,,,
EMP-0358,"SMITH, SAWYER",,,,,,,,Pending device allocation,"Unit 4002, 44 Example Street, Example District, Example City",+63 900 358 4832,Deployed,Support Technician A,N,,,,
EMP-0345,"DOE, MORGAN","ExamplePad 11 Tablet (8GB, 128GB)",LT-100058,SYN-UVBBHJ7X,,lt-100058,lt-100058,02:00:00:58:169:192,New starter onboarding - device SYN-LT-100058,"Unit 1202, 49 Example Street, Example District, Example City",+63 900 345 0014,Deployed,IT Support Queue,N,,,,
EMP-0187,"MILLER, REESE","ExampleBook Pro 14 (i5, 16GB, 512GB SSD)",LT-100253,SYN-1AXPV1KB,,lt-100253,lt-100253,02:00:00:228:115:99,New starter onboarding - device SYN-LT-100253,"Unit 1202, 36 Example Street, Example District, Example City",+63 900 187 1142,Ready for Release,Support Technician B,Y,,,,
EMP-0039,"BROWN, KAI",,,,,,,,Pending device allocation,"Unit 3602, 42 Example Street, Example District, Example City",+63 900 039 8291,For Pickup,IT Support Queue,N,,,,
EMP-0250,"WILLIAMS, DANA","ExampleStation 15 (i5, 16GB, 1TB HDD)",LT-100350,SYN-BCUFN64H,,lt-100350,lt-100350,02:00:00:111:55:24,Laptop replacement - hardware fault on SYN-LT-100350,"Unit 1702, 81 Example Street, Example District, Example City",+63 900 250 2844,Ready for Release,Support Technician A,Y,,,,
EMP-0342,"DOE, QUINN",,,,,,,,Pending device allocation,"Unit 2202, 30 Example Street, Example District, Example City",+63 900 342 8385,Ready for Release,Support Technician B,N,,,,
EMP-0391,"WILLIAMS, REESE","ExamplePad 11 Tablet (8GB, 128GB)",LT-100544,SYN-SU3JTSD9,,lt-100544,lt-100544,02:00:00:240:202:07,Scheduled refresh of legacy device SYN-LT-100544,"Unit 2002, 16 Example Street, Example District, Example City",+63 900 391 7078,For Repair,Support Technician B,Y,,,,
EMP-0468,"SAMPLE, ELLIS","ExampleView 24"" IPS Monitor",LT-100196,SYN-Y9RHTGDZ,,lt-100196,lt-100196,02:00:00:160:60:146,Broken screen replacement - SYN-LT-100196,"Unit 3002, 26 Example Street, Example District, Example City",+63 900 468 2988,Deployed,Support Technician A,N,,,,
EMP-0086,"SAMPLE, SAWYER","ExampleBook Air 13 (i7, 8GB, 256GB SSD)",LT-100130,SYN-30XFNTGD,,lt-100130,lt-100130,02:00:00:14:180:124,Broken screen replacement - SYN-LT-100130,"Unit 502, 39 Example Street, Example District, Example City",+63 900 086 5416,Ready for Release,IT Support Queue,N,,,,
EMP-0288,"TESTER, JAMIE",,,,,,,,Pending device allocation,"Unit 302, 51 Example Street, Example District, Example City",+63 900 288 3928,Deployed,IT Support Queue,N,,,,
EMP-0148,"CLARK, NOEL","ExampleStation 15 (i5, 16GB, 1TB HDD)",LT-100065,SYN-QJ1EARWD,,lt-100065,lt-100065,02:00:00:126:195:213,New starter onboarding - device SYN-LT-100065,"Unit 2702, 82 Example Street, Example District, Example City",+63 900 148 2508,Deployed,Support Technician B,N,,,,
EMP-0135,"DOE, ELLIS","ExampleTower Mini (i7, 32GB, 1TB SSD)",LT-100190,SYN-MTCKEPZ3,,lt-100190,lt-100190,02:00:00:87:239:36,Temporary loan for coverage period - SYN-LT-100190,"Unit 4002, 60 Example Street, Example District, Example City",+63 900 135 3620,Deployed,IT Support Queue,Y,,,,
EMP-0699,"PLACEHOLDER, BLAIR","ExampleView 27"" QHD Monitor",LT-100550,SYN-QKCNS3QL,,lt-100550,lt-100550,02:00:00:21:129:246,Broken screen replacement - SYN-LT-100550,"Unit 2902, 84 Example Street, Example District, Example City",+63 900 699 5891,Deployed,Support Technician B,Y,,,,
EMP-0585,"SMITH, OAKLEY","ExampleView 27"" QHD Monitor",LT-100280,SYN-KB7U8YAC,,lt-100280,lt-100280,02:00:00:83:40:242,Temporary loan for coverage period - SYN-LT-100280,"Unit 1302, 88 Example Street, Example District, Example City",+63 900 585 3295,Deployed,Support Technician B,Y,,,,
EMP-0733,"MILLER, HARPER","ExampleTower SFF (i5, 16GB, 512GB SSD)",LT-100028,SYN-44GZ3W1Q,,lt-100028,lt-100028,02:00:00:30:244:37,Broken screen replacement - SYN-LT-100028,"Unit 902, 36 Example Street, Example District, Example City",+63 900 733 6103,Deployed,Support Technician A,Y,,,,
EMP-0743,"BROWN, GRAY","ExampleView 24"" IPS Monitor",LT-100337,SYN-NKZUQZ7H,,lt-100337,lt-100337,02:00:00:172:183:90,New starter onboarding - device SYN-LT-100337,"Unit 2702, 44 Example Street, Example District, Example City",+63 900 743 6582,Deployed,IT Support Queue,N,,,,
EMP-0535,"TESTER, JAMIE","ExampleTower SFF (i5, 16GB, 512GB SSD)",LT-100308,SYN-FDL4BAF9,,lt-100308,lt-100308,02:00:00:163:234:124,Scheduled refresh of legacy device SYN-LT-100308,"Unit 702, 44 Example Street, Example District, Example City",+63 900 535 7377,Deployed,Support Technician A,Y,,,,
EMP-0199,"BROWN, TATUM","ExamplePad 11 Tablet (8GB, 128GB)",LT-100569,SYN-DF1DY6GV,,lt-100569,lt-100569,02:00:00:118:135:173,New starter onboarding - device SYN-LT-100569,"Unit 102, 54 Example Street, Example District, Example City",+63 900 199 5806,Deployed,Support Technician A,Y,,,,
EMP-0364,"SAMPLE, TATUM","ExampleView 24"" IPS Monitor",LT-100078,SYN-HFR8AGQP,,lt-100078,lt-100078,02:00:00:88:217:41,Laptop replacement - hardware fault on SYN-LT-100078,"Unit 702, 21 Example Street, Example District, Example City",+63 900 364 6822,For Pickup,IT Support Queue,Y,,,,
EMP-0697,"JOHNSON, LEE","ExampleTower Mini (i7, 32GB, 1TB SSD)",LT-100126,SYN-YHY4N0WL,,lt-100126,lt-100126,02:00:00:247:225:167,Offboarding return and sanitization - SYN-LT-100126,"Unit 1402, 65 Example Street, Example District, Example City",+63 900 697 1880,For Pickup,Support Technician A,Y,,,,
EMP-0525,"WILLIAMS, ALEX","ExampleView 24"" IPS Monitor",LT-100465,SYN-E77W9NPX,,lt-100465,lt-100465,02:00:00:122:33:46,Scheduled refresh of legacy device SYN-LT-100465,"Unit 2402, 24 Example Street, Example District, Example City",+63 900 525 5946,Ready for Release,Support Technician A,Y,,,,
EMP-0610,"DOE, REESE","ExampleTower Mini (i7, 32GB, 1TB SSD)",LT-100326,SYN-Y1MFT30U,,lt-100326,lt-100326,02:00:00:241:06:50,New starter onboarding - device SYN-LT-100326,"Unit 1102, 60 Example Street, Example District, Example City",+63 900 610 5580,For Pickup,Support Technician B,N,,,,
EMP-0363,"PLACEHOLDER, ELLIS","ExampleBook Pro 14 (i5, 16GB, 512GB SSD)",LT-100117,SYN-36SAX0DB,,lt-100117,lt-100117,02:00:00:79:131:04,Laptop replacement - hardware fault on SYN-LT-100117,"Unit 602, 16 Example Street, Example District, Example City",+63 900 363 2257,Ready for Release,Support Technician B,Y,,,,
EMP-0039,"BROWN, KAI","ExampleTower Mini (i7, 32GB, 1TB SSD)",LT-100338,SYN-LYM280Y6,,lt-100338,lt-100338,02:00:00:208:103:109,Scheduled refresh of legacy device SYN-LT-100338,"Unit 1702, 58 Example Street, Example District, Example City",+63 900 039 8291,Ready for Release,Support Technician A,Y,,,,
EMP-0435,"DOE, BLAIR",,,,,,,,Pending device allocation,"Unit 802, 90 Example Street, Example District, Example City",+63 900 435 4136,Deployed,IT Support Queue,N,,,,
EMP-0342,"DOE, QUINN","ExampleView 27"" QHD Monitor",LT-100052,SYN-U2XT6AZS,,lt-100052,lt-100052,02:00:00:91:168:128,New starter onboarding - device SYN-LT-100052,"Unit 2802, 87 Example Street, Example District, Example City",+63 900 342 8385,Deployed,Support Technician A,Y,,,,
EMP-0245,"PLACEHOLDER, TATUM","ExampleBook Air 13 (i7, 8GB, 256GB SSD)",LT-100033,SYN-UTLGRB7K,,lt-100033,lt-100033,02:00:00:05:194:151,Temporary loan for coverage period - SYN-LT-100033,"Unit 2002, 59 Example Street, Example District, Example City",+63 900 245 8451,For Pickup,Support Technician A,Y,,,,
EMP-0438,"WILLIAMS, CASEY","ExamplePad 11 Tablet (8GB, 128GB)",LT-100353,SYN-2EYK9HFS,,lt-100353,lt-100353,02:00:00:35:145:178,New starter onboarding - device SYN-LT-100353,"Unit 3002, 63 Example Street, Example District, Example City",+63 900 438 1360,Ready for Release,Support Technician A,Y,,,,
EMP-0663,"CLARK, NOEL","ExampleStation 15 (i5, 16GB, 1TB HDD)",LT-100418,SYN-M6KLYZBE,,lt-100418,lt-100418,02:00:00:41:155:147,Offboarding return and sanitization - SYN-LT-100418,"Unit 2902, 18 Example Street, Example District, Example City",+63 900 663 1487,Ready for Release,IT Support Queue,Y,,,,
EMP-0512,"SAMPLE, DANA","ExamplePad 11 Tablet (8GB, 128GB)",LT-100464,SYN-N2F9BHV0,,lt-100464,lt-100464,02:00:00:254:241:241,Broken screen replacement - SYN-LT-100464,"Unit 3002, 32 Example Street, Example District, Example City",+63 900 512 8100,Ready for Release,IT Support Queue,Y,,,,
EMP-0762,"SMITH, MORGAN","ExampleTower Mini (i7, 32GB, 1TB SSD)",LT-100324,SYN-UF4SZ8ZM,,lt-100324,lt-100324,02:00:00:128:238:211,Temporary loan for coverage period - SYN-LT-100324,"Unit 402, 69 Example Street, Example District, Example City",+63 900 762 8846,Deployed,Support Technician A,Y,,,,
EMP-0333,"SMITH, JAMIE",,,,,,,,Pending device allocation,"Unit 3702, 41 Example Street, Example District, Example City",+63 900 333 3991,Retracted,Support Technician A,N,,,,
EMP-0421,"TESTER, OAKLEY","ExampleBook Pro 14 (i5, 16GB, 512GB SSD)",LT-100456,SYN-0XKXKUHV,,lt-100456,lt-100456,02:00:00:190:184:68,New starter onboarding - device SYN-LT-100456,"Unit 402, 82 Example Street, Example District, Example City",+63 900 421 6739,For Pickup,Support Technician B,N,,,,
EMP-0177,"PLACEHOLDER, ELLIS",,,,,,,,Pending device allocation,"Unit 1702, 10 Example Street, Example District, Example City",+63 900 177 3445,For Repair,Support Technician B,N,,,,
EMP-0317,"DOE, REESE",,,,,,,,Pending device allocation,"Unit 2602, 13 Example Street, Example District, Example City",+63 900 317 5876,Ready for Release,IT Support Queue,N,,,,
EMP-0531,"CLARK, ALEX","ExampleView 27"" QHD Monitor",LT-100031,SYN-JGUHYGS0,,lt-100031,lt-100031,02:00:00:111:119:130,Laptop replacement - hardware fault on SYN-LT-100031,"Unit 1502, 41 Example Street, Example District, Example City",+63 900 531 6103,Ready for Release,IT Support Queue,Y,,,,
EMP-0287,"SAMPLE, PARKER",,,,,,,,Pending device allocation,"Unit 4002, 45 Example Street, Example District, Example City",+63 900 287 0513,For Repair,Support Technician A,N,,,,
EMP-0122,"SAMPLE, INDIGO","ExampleBook Air 13 (i7, 8GB, 256GB SSD)",LT-100196,SYN-5Q61Y8RH,,lt-100196,lt-100196,02:00:00:144:25:253,Broken screen replacement - SYN-LT-100196,"Unit 3102, 89 Example Street, Example District, Example City",+63 900 122 8360,Ready for Release,Support Technician B,Y,,,,
EMP-0186,"DOE, ALEX","ExampleView 27"" QHD Monitor",LT-100268,SYN-GLXQ1F47,,lt-100268,lt-100268,02:00:00:159:173:95,Temporary loan for coverage period - SYN-LT-100268,"Unit 2102, 36 Example Street, Example District, Example City",+63 900 186 2910,Deployed,Support Technician B,N,,,,
EMP-0629,"PLACEHOLDER, REESE","ExampleBook Pro 14 (i5, 16GB, 512GB SSD)",LT-100386,SYN-PUCLR6J7,,lt-100386,lt-100386,02:00:00:55:112:246,Scheduled refresh of legacy device SYN-LT-100386,"Unit 3602, 41 Example Street, Example District, Example City",+63 900 629 1070,Deployed,Support Technician B,Y,,,,
EMP-0183,"WILLIAMS, ALEX","ExampleBook Air 13 (i7, 8GB, 256GB SSD)",LT-100260,SYN-TXZYLRMN,,lt-100260,lt-100260,02:00:00:70:09:05,Broken screen replacement - SYN-LT-100260,"Unit 2802, 1 Example Street, Example District, Example City",+63 900 183 4051,Ready for Release,Support Technician B,Y,,,,
EMP-0364,"SAMPLE, TATUM",,,,,,,,Pending device allocation,"Unit 3002, 83 Example Street, Example District, Example City",+63 900 364 6822,For Pickup,IT Support Queue,N,,,,
EMP-0167,"WILLIAMS, PARKER",,,,,,,,Pending device allocation,"Unit 2802, 27 Example Street, Example District, Example City",+63 900 167 8454,For Pickup,Support Technician B,N,,,,
EMP-0514,"MILLER, LEE","ExampleBook Pro 14 (i5, 16GB, 512GB SSD)",LT-100131,SYN-2J7RGYNW,,lt-100131,lt-100131,02:00:00:161:05:254,Offboarding return and sanitization - SYN-LT-100131,"Unit 1902, 14 Example Street, Example District, Example City",+63 900 514 1934,Retracted,Support Technician A,N,,,,
EMP-0602,"MILLER, REESE",,,,,,,,Pending device allocation,"Unit 1802, 75 Example Street, Example District, Example City",+63 900 602 8737,Deployed,Support Technician B,N,,,,
EMP-0670,"SAMPLE, DANA",,,,,,,,Pending device allocation,"Unit 602, 24 Example Street, Example District, Example City",+63 900 670 0843,Retracted,Support Technician A,N,,,,
EMP-0650,"SAMPLE, INDIGO","ExampleTower SFF (i5, 16GB, 512GB SSD)",LT-100118,SYN-Y4192F62,,lt-100118,lt-100118,02:00:00:165:125:194,Scheduled refresh of legacy device SYN-LT-100118,"Unit 1202, 20 Example Street, Example District, Example City",+63 900 650 9050,Deployed,IT Support Queue,N,,,,
EMP-0022,"SMITH, KAI","ExampleBook Pro 14 (i5, 16GB, 512GB SSD)",LT-100557,SYN-SL63WMQQ,,lt-100557,lt-100557,02:00:00:197:189:37,Scheduled refresh of legacy device SYN-LT-100557,"Unit 1402, 2 Example Street, Example District, Example City",+63 900 022 1770,Deployed,Support Technician B,Y,,,,
EMP-0640,"PLACEHOLDER, KAI","ExampleBook Air 13 (i7, 8GB, 256GB SSD)",LT-100238,SYN-P60WWDCZ,,lt-100238,lt-100238,02:00:00:117:194:181,Broken screen replacement - SYN-LT-100238,"Unit 3802, 72 Example Street, Example District, Example City",+63 900 640 4188,Ready for Release,Support Technician A,Y,,,,
EMP-0694,"DOE, KAI",,,,,,,,Pending device allocation,"Unit 1702, 86 Example Street, Example District, Example City",+63 900 694 6610,Ready for Release,Support Technician A,N,,,,
EMP-0455,"SMITH, HARPER","ExampleView 27"" QHD Monitor",LT-100252,SYN-4LV93FYR,,lt-100252,lt-100252,02:00:00:118:157:61,New starter onboarding - device SYN-LT-100252,"Unit 3202, 69 Example Street, Example District, Example City",+63 900 455 0322,For Pickup,IT Support Queue,N,,,,
EMP-0533,"SAMPLE, NOEL",,,,,,,,Pending device allocation,"Unit 4002, 32 Example Street, Example District, Example City",+63 900 533 7649,Retracted,Support Technician A,N,,,,
EMP-0080,"JOHNSON, PARKER","ExampleTower SFF (i5, 16GB, 512GB SSD)",LT-100198,SYN-Q0DRZJW0,,lt-100198,lt-100198,02:00:00:71:111:27,Temporary loan for coverage period - SYN-LT-100198,"Unit 3202, 51 Example Street, Example District, Example City",+63 900 080 1811,Ready for Release,IT Support Queue,N,,,,
EMP-0734,"SMITH, SAWYER","ExampleStation 15 (i5, 16GB, 1TB HDD)",LT-100355,SYN-EUA9FF6B,,lt-100355,lt-100355,02:00:00:161:118:104,Temporary loan for coverage period - SYN-LT-100355,"Unit 1502, 86 Example Street, Example District, Example City",+63 900 734 1918,For Pickup,Support Technician B,Y,,,,
EMP-0359,"PLACEHOLDER, GRAY",,,,,,,,Pending device allocation,"Unit 3102, 67 Example Street, Example District, Example City",+63 900 359 4198,Retracted,Support Technician A,N,,,,
EMP-0567,"WILLIAMS, FRANKIE",,,,,,,,Pending device allocation,"Unit 2002, 3 Example Street, Example District, Example City",+63 900 567 6287,For Pickup,Support Technician A,N,,,,
EMP-0515,"BROWN, ELLIS","ExampleBook Air 13 (i7, 8GB, 256GB SSD)",LT-100079,SYN-2G7KEWX5,,lt-100079,lt-100079,02:00:00:234:131:05,Scheduled refresh of legacy device SYN-LT-100079,"Unit 1302, 8 Example Street, Example District, Example City",+63 900 515 5748,Retracted,Support Technician A,Y,,,,
EMP-0679,"WILLIAMS, NOEL","ExampleBook Air 13 (i7, 8GB, 256GB SSD)",LT-100029,SYN-CSPGLE87,,lt-100029,lt-100029,02:00:00:194:250:242,Offboarding return and sanitization - SYN-LT-100029,"Unit 3602, 64 Example Street, Example District, Example City",+63 900 679 8285,Retracted,Support Technician A,Y,,,,
EMP-0310,"SMITH, ALEX","ExampleBook Air 13 (i7, 8GB, 256GB SSD)",LT-100159,SYN-X7S320Z0,,lt-100159,lt-100159,02:00:00:15:247:13,Scheduled refresh of legacy device SYN-LT-100159,"Unit 1102, 36 Example Street, Example District, Example City",+63 900 310 1129,For Pickup,Support Technician B,Y,,,,
EMP-0352,"WILLIAMS, FRANKIE","ExampleBook Pro 14 (i5, 16GB, 512GB SSD)",LT-100357,SYN-MU2JTL6T,,lt-100357,lt-100357,02:00:00:05:128:191,Laptop replacement - hardware fault on SYN-LT-100357,"Unit 1602, 52 Example Street, Example District, Example City",+63 900 352 9627,Deployed,Support Technician B,Y,,,,
EMP-0742,"MILLER, INDIGO","ExampleBook Pro 14 (i5, 16GB, 512GB SSD)",LT-100547,SYN-WZ3FBCU6,,lt-100547,lt-100547,02:00:00:25:105:187,Temporary loan for coverage period - SYN-LT-100547,"Unit 1902, 72 Example Street, Example District, Example City",+63 900 742 4859,Deployed,Support Technician B,N,,,,
EMP-0449,"TESTER, KAI","ExampleBook Air 13 (i7, 8GB, 256GB SSD)",LT-100100,SYN-7LRWBU48,,lt-100100,lt-100100,02:00:00:237:62:223,Temporary loan for coverage period - SYN-LT-100100,"Unit 1802, 62 Example Street, Example District, Example City",+63 900 449 3816,Ready for Release,Support Technician A,N,,,,
EMP-0699,"PLACEHOLDER, BLAIR","ExampleStation 15 (i5, 16GB, 1TB HDD)",LT-100551,SYN-8LCBEPSA,,lt-100551,lt-100551,02:00:00:237:23:54,New starter onboarding - device SYN-LT-100551,"Unit 202, 75 Example Street, Example District, Example City",+63 900 699 5891,Deployed,IT Support Queue,N,,,,
EMP-0596,"CLARK, SAWYER","ExampleTower Mini (i7, 32GB, 1TB SSD)",LT-100324,SYN-HA956EMQ,,lt-100324,lt-100324,02:00:00:132:10:191,Offboarding return and sanitization - SYN-LT-100324,"Unit 3902, 88 Example Street, Example District, Example City",+63 900 596 1147,Deployed,Support Technician B,Y,,,,
EMP-0658,"SAMPLE, NOEL","ExampleStation 15 (i5, 16GB, 1TB HDD)",LT-100107,SYN-F17AMQVR,,lt-100107,lt-100107,02:00:00:52:36:148,Temporary loan for coverage period - SYN-LT-100107,"Unit 2602, 48 Example Street, Example District, Example City",+63 900 658 9439,For Repair,IT Support Queue,Y,,,,
EMP-0107,"SAMPLE, INDIGO","ExampleTower Mini (i7, 32GB, 1TB SSD)",LT-100192,SYN-Y63QZQ5W,,lt-100192,lt-100192,02:00:00:136:64:240,Scheduled refresh of legacy device SYN-LT-100192,"Unit 402, 86 Example Street, Example District, Example City",+63 900 107 7754,Retracted,Support Technician A,N,,,,
EMP-0688,"DOE, CASEY","ExamplePad 11 Tablet (8GB, 128GB)",LT-100591,SYN-Z36WDS81,,lt-100591,lt-100591,02:00:00:173:64:136,Scheduled refresh of legacy device SYN-LT-100591,"Unit 3102, 14 Example Street, Example District, Example City",+63 900 688 5151,Deployed,Support Technician B,Y,,,,
EMP-0248,"PLACEHOLDER, INDIGO","ExampleView 24"" IPS Monitor",LT-100305,SYN-VFXV2HZL,,lt-100305,lt-100305,02:00:00:216:231:86,Scheduled refresh of legacy device SYN-LT-100305,"Unit 3202, 40 Example Street, Example District, Example City",+63 900 248 2304,For Repair,Support Technician B,Y,,,,
EMP-0692,"BROWN, GRAY",,,,,,,,Pending device allocation,"Unit 2002, 21 Example Street, Example District, Example City",+63 900 692 1316,Ready for Release,Support Technician B,N,,,,
EMP-0509,"JOHNSON, JAMIE","ExampleStation 15 (i5, 16GB, 1TB HDD)",LT-100494,SYN-7SZAWCHQ,,lt-100494,lt-100494,02:00:00:90:91:248,Temporary loan for coverage period - SYN-LT-100494,"Unit 2502, 20 Example Street, Example District, Example City",+63 900 509 2983,For Pickup,IT Support Queue,N,,,,
EMP-0643,"SAMPLE, DANA","ExampleView 27"" QHD Monitor",LT-100376,SYN-GSEN6CLN,,lt-100376,lt-100376,02:00:00:104:130:148,Scheduled refresh of legacy device SYN-LT-100376,"Unit 902, 84 Example Street, Example District, Example City",+63 900 643 5163,Deployed,Support Technician A,N,,,,
EMP-0621,"SAMPLE, JAMIE","ExamplePad 11 Tablet (8GB, 128GB)",LT-100002,SYN-5WJ5J02Y,,lt-100002,lt-100002,02:00:00:65:91:120,New starter onboarding - device SYN-LT-100002,"Unit 3802, 64 Example Street, Example District, Example City",+63 900 621 8946,Retracted,Support Technician B,N,,,,
EMP-0245,"PLACEHOLDER, TATUM",,,,,,,,Pending device allocation,"Unit 3602, 75 Example Street, Example District, Example City",+63 900 245 8451,Ready for Release,Support Technician A,N,,,,
EMP-0269,"SAMPLE, FRANKIE","ExampleBook Air 13 (i7, 8GB, 256GB SSD)",LT-100149,SYN-SM44LXYX,,lt-100149,lt-100149,02:00:00:24:119:164,Scheduled refresh of legacy device SYN-LT-100149,"Unit 102, 3 Example Street, Example District, Example City",+63 900 269 9491,For Pickup,Support Technician A,Y,,,,
EMP-0503,"PLACEHOLDER, HARPER",,,,,,,,Pending device allocation,"Unit 3202, 30 Example Street, Example District, Example City",+63 900 503 2813,Deployed,Support Technician B,N,,,,
EMP-0458,"SAMPLE, CASEY","ExampleBook Pro 14 (i5, 16GB, 512GB SSD)",LT-100072,SYN-L8NUBFX1,,lt-100072,lt-100072,02:00:00:184:178:157,Offboarding return and sanitization - SYN-LT-100072,"Unit 3002, 72 Example Street, Example District, Example City",+63 900 458 6307,Deployed,IT Support Queue,N,,,,
EMP-0247,"PLACEHOLDER, JAMIE","ExampleView 27"" QHD Monitor",LT-100334,SYN-FF6K2WLX,,lt-100334,lt-100334,02:00:00:187:139:236,New starter onboarding - device SYN-LT-100334,"Unit 3202, 88 Example Street, Example District, Example City",+63 900 247 6465,For Repair,Support Technician B,N,,,,
EMP-0119,"SAMPLE, LEE","ExampleStation 15 (i5, 16GB, 1TB HDD)",LT-100496,SYN-ZTZX2U3J,,lt-100496,lt-100496,02:00:00:221:43:17,New starter onboarding - device SYN-LT-100496,"Unit 3702, 16 Example Street, Example District, Example City",+63 900 119 0653,Retracted,IT Support Queue,N,,,,
EMP-0544,"CLARK, ELLIS","ExamplePad 11 Tablet (8GB, 128GB)",LT-100076,SYN-F6LHP6XT,,lt-100076,lt-100076,02:00:00:145:19:130,New starter onboarding - device SYN-LT-100076,"Unit 3602, 48 Example Street, Example District, Example City",+63 900 544 4872,For Repair,Support Technician B,N,,,,
EMP-0661,"CLARK, LEE","ExampleBook Pro 14 (i5, 16GB, 512GB SSD)",LT-100499,SYN-AA9N8U9K,,lt-100499,lt-100499,02:00:00:213:203:238,Scheduled refresh of legacy device SYN-LT-100499,"Unit 102, 21 Example Street, Example District, Example City",+63 900 661 8420,Deployed,IT Support Queue,N,,,,
EMP-0060,"MILLER, REESE","ExamplePad 11 Tablet (8GB, 128GB)",LT-100142,SYN-V4PSBFQY,,lt-100142,lt-100142,02:00:00:99:122:110,Offboarding return and sanitization - SYN-LT-100142,"Unit 3202, 28 Example Street, Example District, Example City",+63 900 060 9172,Deployed,Support Technician B,Y,,,,
EMP-0253,"WILLIAMS, OAKLEY","ExampleView 24"" IPS Monitor",LT-100054,SYN-WMW7A664,,lt-100054,lt-100054,02:00:00:152:186:53,Broken screen replacement - SYN-LT-100054,"Unit 1702, 29 Example Street, Example District, Example City",+63 900 253 7929,Deployed,Support Technician A,Y,,,,
EMP-0066,"SMITH, HARPER","ExampleStation 15 (i5, 16GB, 1TB HDD)",LT-100029,SYN-9HGZ6F1U,,lt-100029,lt-100029,02:00:00:20:174:218,Offboarding return and sanitization - SYN-LT-100029,"Unit 302, 61 Example Street, Example District, Example City",+63 900 066 5452,Deployed,Support Technician A,Y,,,,
EMP-0547,"SMITH, CASEY","ExampleTower Mini (i7, 32GB, 1TB SSD)",LT-100274,SYN-RN7DQ3EB,,lt-100274,lt-100274,02:00:00:196:195:250,New starter onboarding - device SYN-LT-100274,"Unit 3302, 9 Example Street, Example District, Example City",+63 900 547 0982,Ready for Release,IT Support Queue,N,,,,
EMP-0627,"CLARK, MORGAN","ExampleTower Mini (i7, 32GB, 1TB SSD)",LT-100569,SYN-U4HC6FYJ,,lt-100569,lt-100569,02:00:00:237:113:103,Laptop replacement - hardware fault on SYN-LT-100569,"Unit 1102, 35 Example Street, Example District, Example City",+63 900 627 9029,Retracted,IT Support Queue,Y,,,,
EMP-0431,"CLARK, HARPER","ExampleView 24"" IPS Monitor",LT-100075,SYN-38MJTM26,,lt-100075,lt-100075,02:00:00:80:164:108,Laptop replacement - hardware fault on SYN-LT-100075,"Unit 1802, 67 Example Street, Example District, Example City",+63 900 431 4197,For Pickup,Support Technician B,Y,,,,
EMP-0597,"DOE, LEE","ExampleBook Air 13 (i7, 8GB, 256GB SSD)",LT-100301,SYN-7E17GNX9,,lt-100301,lt-100301,02:00:00:51:230:31,Broken screen replacement - SYN-LT-100301,"Unit 3402, 64 Example Street, Example District, Example City",+63 900 597 4599,Deployed,IT Support Queue,Y,,,,
EMP-0631,"TESTER, SAWYER","ExampleView 27"" QHD Monitor",LT-100509,SYN-LH5ML65W,,lt-100509,lt-100509,02:00:00:220:127:96,New starter onboarding - device SYN-LT-100509,"Unit 1602, 34 Example Street, Example District, Example City",+63 900 631 0511,For Pickup,IT Support Queue,Y,,,,
EMP-0434,"CLARK, DANA",,,,,,,,Pending device allocation,"Unit 1902, 77 Example Street, Example District, Example City",+63 900 434 6641,For Pickup,Support Technician A,N,,,,
EMP-0311,"DOE, CASEY","ExampleBook Pro 14 (i5, 16GB, 512GB SSD)",LT-100054,SYN-PG7KJ018,,lt-100054,lt-100054,02:00:00:25:86:177,Broken screen replacement - SYN-LT-100054,"Unit 1302, 12 Example Street, Example District, Example City",+63 900 311 0142,For Repair,Support Technician B,N,,,,
EMP-0723,"CLARK, MORGAN",,,,,,,,Pending device allocation,"Unit 2602, 2 Example Street, Example District, Example City",+63 900 723 0954,Ready for Release,IT Support Queue,N,,,,
EMP-0585,"SMITH, OAKLEY","ExampleView 27"" QHD Monitor",LT-100547,SYN-21XUQLH2,,lt-100547,lt-100547,02:00:00:172:73:184,New starter onboarding - device SYN-LT-100547,"Unit 3102, 28 Example Street, Example District, Example City",+63 900 585 3295,Retracted,Support Technician B,N,,,,
EMP-0564,"WILLIAMS, REESE","ExampleBook Pro 14 (i5, 16GB, 512GB SSD)",LT-100097,SYN-FNGLYSGR,,lt-100097,lt-100097,02:00:00:242:239:22,Laptop replacement - hardware fault on SYN-LT-100097,"Unit 502, 88 Example Street, Example District, Example City",+63 900 564 6816,For Repair,Support Technician B,Y,,,,
EMP-0347,"CLARK, TATUM","ExampleBook Pro 14 (i5, 16GB, 512GB SSD)",LT-100565,SYN-J7B80Q8V,,lt-100565,lt-100565,02:00:00:226:210:249,New starter onboarding - device SYN-LT-100565,"Unit 1602, 80 Example Street, Example District, Example City",+63 900 347 3143,Deployed,Support Technician A,N,,,,
EMP-0702,"SMITH, GRAY","ExampleTower Mini (i7, 32GB, 1TB SSD)",LT-100375,SYN-XH2MLEFP,,lt-100375,lt-100375,02:00:00:103:241:103,Broken screen replacement - SYN-LT-100375,"Unit 2602, 5 Example Street, Example District, Example City",+63 900 702 2166,Ready for Release,Support Technician B,Y,,,,
EMP-0617,"WILLIAMS, LEE","ExampleStation 15 (i5, 16GB, 1TB HDD)",LT-100167,SYN-EQ2ADN2W,,lt-100167,lt-100167,02:00:00:102:130:193,Temporary loan for coverage period - SYN-LT-100167,"Unit 2802, 50 Example Street, Example District, Example City",+63 900 617 9728,Deployed,IT Support Queue,Y,,,,
EMP-0213,"SMITH, ELLIS","ExampleView 27"" QHD Monitor",LT-100094,SYN-85NDV3XT,,lt-100094,lt-100094,02:00:00:13:95:32,Temporary loan for coverage period - SYN-LT-100094,"Unit 1502, 47 Example Street, Example District, Example City",+63 900 213 4712,For Repair,Support Technician B,N,,,,
EMP-0388,"SAMPLE, INDIGO","ExamplePad 11 Tablet (8GB, 128GB)",LT-100027,SYN-8JA0SAJ2,,lt-100027,lt-100027,02:00:00:130:231:37,New starter onboarding - device SYN-LT-100027,"Unit 2602, 53 Example Street, Example District, Example City",+63 900 388 9540,Retracted,Support Technician A,N,,,,
EMP-0249,"MILLER, GRAY","ExampleBook Pro 14 (i5, 16GB, 512GB SSD)",LT-100474,SYN-T2YYZVMK,,lt-100474,lt-100474,02:00:00:57:36:246,New starter onboarding - device SYN-LT-100474,"Unit 3502, 77 Example Street, Example District, Example City",+63 900 249 6261,Deployed,Support Technician B,Y,,,,
EMP-0787,"BROWN, GRAY","ExampleBook Air 13 (i7, 8GB, 256GB SSD)",LT-100502,SYN-BSVUN067,,lt-100502,lt-100502,02:00:00:225:146:55,Laptop replacement - hardware fault on SYN-LT-100502,"Unit 1402, 56 Example Street, Example District, Example City",+63 900 787 3094,Deployed,Support Technician B,Y,,,,
EMP-0565,"JOHNSON, ALEX",,,,,,,,Pending device allocation,"Unit 4002, 68 Example Street, Example District, Example City",+63 900 565 8066,Deployed,IT Support Queue,N,,,,
EMP-0740,"SAMPLE, PARKER","ExampleView 24"" IPS Monitor",LT-100400,SYN-JKTMU5YG,,lt-100400,lt-100400,02:00:00:87:174:197,Temporary loan for coverage period - SYN-LT-100400,"Unit 602, 29 Example Street, Example District, Example City",+63 900 740 9706,For Repair,Support Technician A,Y,,,,
EMP-0395,"JOHNSON, PARKER","ExampleTower Mini (i7, 32GB, 1TB SSD)",LT-100244,SYN-E2UP3J1W,,lt-100244,lt-100244,02:00:00:97:106:192,New starter onboarding - device SYN-LT-100244,"Unit 3102, 28 Example Street, Example District, Example City",+63 900 395 5075,Deployed,Support Technician B,N,,,,
EMP-0717,"BROWN, REESE",,,,,,,,Pending device allocation,"Unit 3402, 79 Example Street, Example District, Example City",+63 900 717 9576,Retracted,Support Technician B,N,,,,
EMP-0478,"SAMPLE, SAWYER","ExampleTower Mini (i7, 32GB, 1TB SSD)",LT-100382,SYN-TQ17HSSF,,lt-100382,lt-100382,02:00:00:65:149:12,New starter onboarding - device SYN-LT-100382,"Unit 3702, 80 Example Street, Example District, Example City",+63 900 478 4546,For Repair,IT Support Queue,Y,,,,
EMP-0780,"JOHNSON, REESE","ExampleView 24"" IPS Monitor",LT-100340,SYN-VKRAEYD9,,lt-100340,lt-100340,02:00:00:78:58:215,Scheduled refresh of legacy device SYN-LT-100340,"Unit 3902, 86 Example Street, Example District, Example City",+63 900 780 6896,Ready for Release,IT Support Queue,N,,,,
EMP-0584,"MILLER, BLAIR","ExampleBook Air 13 (i7, 8GB, 256GB SSD)",LT-100157,SYN-6EQF2J8H,,lt-100157,lt-100157,02:00:00:145:117:30,Broken screen replacement - SYN-LT-100157,"Unit 2702, 15 Example Street, Example District, Example City",+63 900 584 3416,Ready for Release,IT Support Queue,Y,,,,
EMP-0640,"PLACEHOLDER, KAI",,,,,,,,Pending device allocation,"Unit 2102, 40 Example Street, Example District, Example City",+63 900 640 4188,Deployed,Support Technician B,N,,,,
EMP-0234,"SAMPLE, CASEY","ExamplePad 11 Tablet (8GB, 128GB)",LT-100417,SYN-Z8G2DBTZ,,lt-100417,lt-100417,02:00:00:132:245:108,Laptop replacement - hardware fault on SYN-LT-100417,"Unit 3802, 73 Example Street, Example District, Example City",+63 900 234 8173,For Pickup,IT Support Queue,N,,,,
EMP-0701,"DOE, HARPER","ExampleBook Air 13 (i7, 8GB, 256GB SSD)",LT-100258,SYN-053V2ACN,,lt-100258,lt-100258,02:00:00:33:184:227,New starter onboarding - device SYN-LT-100258,"Unit 1902, 11 Example Street, Example District, Example City",+63 900 701 0692,Deployed,Support Technician A,Y,,,,
EMP-0071,"DOE, LEE","ExampleTower Mini (i7, 32GB, 1TB SSD)",LT-100116,SYN-SSKZMF9R,,lt-100116,lt-100116,02:00:00:43:57:81,Laptop replacement - hardware fault on SYN-LT-100116,"Unit 2602, 61 Example Street, Example District, Example City",+63 900 071 3743,For Repair,Support Technician B,Y,,,,
EMP-0366,"SAMPLE, ELLIS","ExampleStation 15 (i5, 16GB, 1TB HDD)",LT-100376,SYN-RT3YAC55,,lt-100376,lt-100376,02:00:00:254:60:81,Temporary loan for coverage period - SYN-LT-100376,"Unit 3002, 66 Example Street, Example District, Example City",+63 900 366 7638,Deployed,Support Technician A,Y,,,,
EMP-0041,"SMITH, TATUM","ExampleStation 15 (i5, 16GB, 1TB HDD)",LT-100326,SYN-B6C692F0,,lt-100326,lt-100326,02:00:00:73:158:200,Scheduled refresh of legacy device SYN-LT-100326,"Unit 4002, 61 Example Street, Example District, Example City",+63 900 041 2202,Deployed,IT Support Queue,Y,,,,
EMP-0659,"WILLIAMS, PARKER",,,,,,,,Pending device allocation,"Unit 3402, 14 Example Street, Example District, Example City",+63 900 659 2691,Deployed,Support Technician B,N,,,,
EMP-0243,"BROWN, FRANKIE","ExampleBook Pro 14 (i5, 16GB, 512GB SSD)",LT-100192,SYN-RBYKQ9KV,,lt-100192,lt-100192,02:00:00:129:61:88,Broken screen replacement - SYN-LT-100192,"Unit 2602, 40 Example Street, Example District, Example City",+63 900 243 0767,Deployed,Support Technician A,Y,,,,
EMP-0591,"SAMPLE, ELLIS","ExampleBook Pro 14 (i5, 16GB, 512GB SSD)",LT-100592,SYN-EBKSCVB1,,lt-100592,lt-100592,02:00:00:166:255:48,Laptop replacement - hardware fault on SYN-LT-100592,"Unit 502, 86 Example Street, Example District, Example City",+63 900 591 4751,Ready for Release,Support Technician A,Y,,,,
EMP-0006,"SMITH, NOEL","ExampleBook Air 13 (i7, 8GB, 256GB SSD)",LT-100309,SYN-Y6DT8VXD,,lt-100309,lt-100309,02:00:00:208:228:200,Offboarding return and sanitization - SYN-LT-100309,"Unit 1102, 52 Example Street, Example District, Example City",+63 900 006 1222,Deployed,Support Technician B,N,,,,
EMP-0329,"DOE, ALEX","ExampleStation 15 (i5, 16GB, 1TB HDD)",LT-100006,SYN-E01AYV1B,,lt-100006,lt-100006,02:00:00:108:71:184,New starter onboarding - device SYN-LT-100006,"Unit 2502, 47 Example Street, Example District, Example City",+63 900 329 5575,Deployed,IT Support Queue,Y,,,,
EMP-0143,"SMITH, ELLIS","ExampleTower Mini (i7, 32GB, 1TB SSD)",LT-100404,SYN-LGWZRXC5,,lt-100404,lt-100404,02:00:00:137:162:64,Scheduled refresh of legacy device SYN-LT-100404,"Unit 1102, 87 Example Street, Example District, Example City",+63 900 143 9229,Ready for Release,Support Technician A,Y,,,,
EMP-0019,"SAMPLE, BLAIR","ExampleView 27"" QHD Monitor",LT-100502,SYN-H0VHEXBR,,lt-100502,lt-100502,02:00:00:203:127:104,Offboarding return and sanitization - SYN-LT-100502,"Unit 3502, 5 Example Street, Example District, Example City",+63 900 019 7186,For Repair,IT Support Queue,Y,,,,
EMP-0790,"CLARK, QUINN","ExampleTower SFF (i5, 16GB, 512GB SSD)",LT-100108,SYN-CJQ5Y0PA,,lt-100108,lt-100108,02:00:00:39:144:252,New starter onboarding - device SYN-LT-100108,"Unit 1902, 47 Example Street, Example District, Example City",+63 900 790 3844,For Pickup,Support Technician B,N,,,,
EMP-0241,"MILLER, GRAY","ExamplePad 11 Tablet (8GB, 128GB)",LT-100136,SYN-ZW2Z296P,,lt-100136,lt-100136,02:00:00:252:237:183,New starter onboarding - device SYN-LT-100136,"Unit 1902, 43 Example Street, Example District, Example City",+63 900 241 4078,Retracted,Support Technician B,N,,,,
EMP-0688,"DOE, CASEY","ExampleBook Pro 14 (i5, 16GB, 512GB SSD)",LT-100318,SYN-5BKWZ8ZT,,lt-100318,lt-100318,02:00:00:228:176:151,New starter onboarding - device SYN-LT-100318,"Unit 1102, 26 Example Street, Example District, Example City",+63 900 688 5151,Deployed,IT Support Queue,N,,,,
EMP-0733,"MILLER, HARPER","ExamplePad 11 Tablet (8GB, 128GB)",LT-100044,SYN-8TL94B3R,,lt-100044,lt-100044,02:00:00:34:149:149,Laptop replacement - hardware fault on SYN-LT-100044,"Unit 3702, 76 Example Street, Example District, Example City",+63 900 733 6103,Deployed,IT Support Queue,N,,,,
EMP-0726,"DOE, KAI",,,,,,,,Pending device allocation,"Unit 2402, 48 Example Street, Example District, Example City",+63 900 726 4696,Deployed,Support Technician A,N,,,,
EMP-0396,"TESTER, TATUM","ExampleBook Air 13 (i7, 8GB, 256GB SSD)",LT-100464,SYN-AF60WG9U,,lt-100464,lt-100464,02:00:00:67:38:153,Temporary loan for coverage period - SYN-LT-100464,"Unit 1002, 54 Example Street, Example District, Example City",+63 900 396 4360,For Pickup,IT Support Queue,N,,,,
EMP-0511,"SAMPLE, SAWYER","ExampleTower SFF (i5, 16GB, 512GB SSD)",LT-100427,SYN-TQX40JGK,,lt-100427,lt-100427,02:00:00:72:36:72,Broken screen replacement - SYN-LT-100427,"Unit 1202, 6 Example Street, Example District, Example City",+63 900 511 8856,For Pickup,Support Technician B,N,,,,
EMP-0584,"MILLER, BLAIR","ExampleBook Air 13 (i7, 8GB, 256GB SSD)",LT-100508,SYN-DB5N73XG,,lt-100508,lt-100508,02:00:00:222:149:88,Offboarding return and sanitization - SYN-LT-100508,"Unit 502, 52 Example Street, Example District, Example City",+63 900 584 3416,Retracted,IT Support Queue,Y,,,,
EMP-0411,"WILLIAMS, DANA","ExampleBook Pro 14 (i5, 16GB, 512GB SSD)",LT-100501,SYN-DGSTCAAB,,lt-100501,lt-100501,02:00:00:77:119:120,Temporary loan for coverage period - SYN-LT-100501,"Unit 2102, 72 Example Street, Example District, Example City",+63 900 411 2100,Deployed,IT Support Queue,Y,,,,
EMP-0659,"WILLIAMS, PARKER","ExampleBook Pro 14 (i5, 16GB, 512GB SSD)",LT-100125,SYN-JC3C0Q8Q,,lt-100125,lt-100125,02:00:00:51:159:00,Scheduled refresh of legacy device SYN-LT-100125,"Unit 2902, 61 Example Street, Example District, Example City",+63 900 659 2691,Deployed,Support Technician A,Y,,,,
EMP-0026,"MILLER, QUINN","ExampleBook Air 13 (i7, 8GB, 256GB SSD)",LT-100005,SYN-503ER9GX,,lt-100005,lt-100005,02:00:00:74:10:79,Offboarding return and sanitization - SYN-LT-100005,"Unit 502, 71 Example Street, Example District, Example City",+63 900 026 0015,Deployed,Support Technician B,Y,,,,
EMP-0671,"SMITH, GRAY","ExampleView 24"" IPS Monitor",LT-100185,SYN-41A6284R,,lt-100185,lt-100185,02:00:00:161:127:171,New starter onboarding - device SYN-LT-100185,"Unit 3002, 66 Example Street, Example District, Example City",+63 900 671 3609,Retracted,Support Technician A,N,,,,
EMP-0543,"DOE, DANA","ExampleStation 15 (i5, 16GB, 1TB HDD)",LT-100158,SYN-FEVBVZS5,,lt-100158,lt-100158,02:00:00:155:110:88,Broken screen replacement - SYN-LT-100158,"Unit 702, 11 Example Street, Example District, Example City",+63 900 543 2113,Retracted,Support Technician A,Y,,,,
EMP-0028,"BROWN, KAI","ExampleStation 15 (i5, 16GB, 1TB HDD)",LT-100573,SYN-B4UNR0SS,,lt-100573,lt-100573,02:00:00:38:177:33,Offboarding return and sanitization - SYN-LT-100573,"Unit 402, 83 Example Street, Example District, Example City",+63 900 028 4295,Retracted,Support Technician B,Y,,,,
EMP-0346,"SAMPLE, BLAIR","ExampleBook Pro 14 (i5, 16GB, 512GB SSD)",LT-100234,SYN-P76E9SKT,,lt-100234,lt-100234,02:00:00:61:112:33,Temporary loan for coverage period - SYN-LT-100234,"Unit 602, 51 Example Street, Example District, Example City",+63 900 346 6529,For Pickup,Support Technician A,Y,,,,
EMP-0108,"CLARK, JAMIE",,,,,,,,Pending device allocation,"Unit 2902, 61 Example Street, Example District, Example City",+63 900 108 2691,Deployed,Support Technician A,N,,,,
EMP-0168,"JOHNSON, DANA","ExampleTower Mini (i7, 32GB, 1TB SSD)",LT-100272,SYN-KSBY1GG2,,lt-100272,lt-100272,02:00:00:82:234:155,Scheduled refresh of legacy device SYN-LT-100272,"Unit 102, 80 Example Street, Example District, Example City",+63 900 168 7768,For Pickup,IT Support Queue,N,,,,
EMP-0466,"BROWN, HARPER","ExampleTower SFF (i5, 16GB, 512GB SSD)",LT-100012,SYN-PH18JL9G,,lt-100012,lt-100012,02:00:00:52:120:104,Broken screen replacement - SYN-LT-100012,"Unit 902, 52 Example Street, Example District, Example City",+63 900 466 1844,Deployed,Support Technician B,Y,,,,
EMP-0421,"TESTER, OAKLEY","ExampleView 27"" QHD Monitor",LT-100091,SYN-T5QUF69J,,lt-100091,lt-100091,02:00:00:234:206:222,Offboarding return and sanitization - SYN-LT-100091,"Unit 3902, 65 Example Street, Example District, Example City",+63 900 421 6739,For Repair,Support Technician A,Y,,,,
EMP-0123,"DOE, HARPER","ExampleBook Pro 14 (i5, 16GB, 512GB SSD)",LT-100533,SYN-LJWDV16P,,lt-100533,lt-100533,02:00:00:69:125:212,Laptop replacement - hardware fault on SYN-LT-100533,"Unit 802, 20 Example Street, Example District, Example City",+63 900 123 1115,For Repair,Support Technician A,Y,,,,
EMP-0568,"DOE, GRAY","ExampleBook Pro 14 (i5, 16GB, 512GB SSD)",LT-100084,SYN-JLT0SWZ0,,lt-100084,lt-100084,02:00:00:233:92:30,Laptop replacement - hardware fault on SYN-LT-100084,"Unit 2502, 83 Example Street, Example District, Example City",+63 900 568 3142,For Repair,Support Technician A,Y,,,,
EMP-0012,"CLARK, BLAIR","ExampleBook Pro 14 (i5, 16GB, 512GB SSD)",LT-100331,SYN-T61HTLTU,,lt-100331,lt-100331,02:00:00:255:30:15,Offboarding return and sanitization - SYN-LT-100331,"Unit 4002, 73 Example Street, Example District, Example City",+63 900 012 8515,For Repair,IT Support Queue,Y,,,,
EMP-0542,"PLACEHOLDER, PARKER",,,,,,,,Pending device allocation,"Unit 3002, 52 Example Street, Example District, Example City",+63 900 542 4434,For Repair,Support Technician B,N,,,,
EMP-0488,"DOE, JAMIE","ExampleStation 15 (i5, 16GB, 1TB HDD)",LT-100502,SYN-FF4DB7QC,,lt-100502,lt-100502,02:00:00:141:143:59,Laptop replacement - hardware fault on SYN-LT-100502,"Unit 1002, 83 Example Street, Example District, Example City",+63 900 488 1717,Retracted,IT Support Queue,Y,,,,
EMP-0198,"SMITH, GRAY","ExampleBook Pro 14 (i5, 16GB, 512GB SSD)",LT-100351,SYN-JQF9JD1C,,lt-100351,lt-100351,02:00:00:236:71:239,Offboarding return and sanitization - SYN-LT-100351,"Unit 3502, 63 Example Street, Example District, Example City",+63 900 198 5757,Deployed,Support Technician B,N,,,,
EMP-0536,"PLACEHOLDER, PARKER","ExamplePad 11 Tablet (8GB, 128GB)",LT-100277,SYN-10H0E35K,,lt-100277,lt-100277,02:00:00:102:177:186,Temporary loan for coverage period - SYN-LT-100277,"Unit 702, 25 Example Street, Example District, Example City",+63 900 536 9255,Deployed,Support Technician B,Y,,,,
EMP-0122,"SAMPLE, INDIGO","ExampleTower Mini (i7, 32GB, 1TB SSD)",LT-100065,SYN-G4R0ZGAB,,lt-100065,lt-100065,02:00:00:235:175:251,Scheduled refresh of legacy device SYN-LT-100065,"Unit 902, 45 Example Street, Example District, Example City",+63 900 122 8360,Deployed,Support Technician B,N,,,,
EMP-0487,"SMITH, MORGAN","ExampleTower Mini (i7, 32GB, 1TB SSD)",LT-100488,SYN-XD03UMSS,,lt-100488,lt-100488,02:00:00:193:181:96,New starter onboarding - device SYN-LT-100488,"Unit 1302, 47 Example Street, Example District, Example City",+63 900 487 9447,For Pickup,Support Technician B,N,,,,
EMP-0372,"WILLIAMS, TATUM","ExampleBook Air 13 (i7, 8GB, 256GB SSD)",LT-100437,SYN-GXEKHBXT,,lt-100437,lt-100437,02:00:00:207:151:49,Broken screen replacement - SYN-LT-100437,"Unit 2302, 82 Example Street, Example District, Example City",+63 900 372 0945,Deployed,Support Technician B,N,,,,
EMP-0126,"MILLER, ELLIS","ExampleBook Air 13 (i7, 8GB, 256GB SSD)",LT-100516,SYN-E2AY8BJA,,lt-100516,lt-100516,02:00:00:242:216:36,New starter onboarding - device SYN-LT-100516,"Unit 1402, 53 Example Street, Example District, Example City",+63 900 126 4749,For Pickup,IT Support Queue,Y,,,,
EMP-0418,"WILLIAMS, OAKLEY",,,,,,,,Pending device allocation,"Unit 702, 14 Example Street, Example District, Example City",+63 900 418 0523,Retracted,Support Technician A,N,,,,
EMP-0379,"SAMPLE, TATUM","ExampleBook Air 13 (i7, 8GB, 256GB SSD)",LT-100046,SYN-FDJFWAP8,,lt-100046,lt-100046,02:00:00:140:150:50,Laptop replacement - hardware fault on SYN-LT-100046,"Unit 1002, 84 Example Street, Example District, Example City",+63 900 379 5576,Ready for Release,Support Technician A,Y,,,,
EMP-0534,"BROWN, KAI","ExampleBook Air 13 (i7, 8GB, 256GB SSD)",LT-100279,SYN-WXDZ2C54,,lt-100279,lt-100279,02:00:00:224:226:163,New starter onboarding - device SYN-LT-100279,"Unit 1702, 79 Example Street, Example District, Example City",+63 900 534 1864,Deployed,Support Technician A,Y,,,,
EMP-0800,"CLARK, REESE","ExampleBook Pro 14 (i5, 16GB, 512GB SSD)",LT-100077,SYN-2F2AC0DT,,lt-100077,lt-100077,02:00:00:80:51:28,Laptop replacement - hardware fault on SYN-LT-100077,"Unit 502, 8 Example Street, Example District, Example City",+63 900 800 3881,For Repair,Support Technician A,Y,,,,
EMP-0143,"SMITH, ELLIS","ExampleView 27"" QHD Monitor",LT-100113,SYN-BLB5U68N,,lt-100113,lt-100113,02:00:00:249:46:133,Offboarding return and sanitization - SYN-LT-100113,"Unit 902, 14 Example Street, Example District, Example City",+63 900 143 9229,Deployed,Support Technician A,Y,,,,
EMP-0448,"JOHNSON, BLAIR","ExampleView 24"" IPS Monitor",LT-100558,SYN-79D47496,,lt-100558,lt-100558,02:00:00:183:159:55,Offboarding return and sanitization - SYN-LT-100558,"Unit 1502, 81 Example Street, Example District, Example City",+63 900 448 3685,Deployed,Support Technician B,Y,,,,
EMP-0630,"DOE, CASEY","ExampleTower Mini (i7, 32GB, 1TB SSD)",LT-100429,SYN-79RE914B,,lt-100429,lt-100429,02:00:00:14:169:164,Temporary loan for coverage period - SYN-LT-100429,"Unit 3602, 37 Example Street, Example District, Example City",+63 900 630 9194,Deployed,IT Support Queue,Y,,,,
EMP-0574,"BROWN, TATUM","ExampleView 27"" QHD Monitor",LT-100366,SYN-1D8ZGTGZ,,lt-100366,lt-100366,02:00:00:126:247:177,Scheduled refresh of legacy device SYN-LT-100366,"Unit 2402, 9 Example Street, Example District, Example City",+63 900 574 8539,For Repair,IT Support Queue,Y,,,,
EMP-0217,"SMITH, TATUM","ExampleView 24"" IPS Monitor",LT-100407,SYN-X69CXTR9,,lt-100407,lt-100407,02:00:00:31:109:123,Offboarding return and sanitization - SYN-LT-100407,"Unit 1902, 27 Example Street, Example District, Example City",+63 900 217 2003,For Pickup,IT Support Queue,N,,,,
EMP-0722,"MILLER, HARPER",,,,,,,,Pending device allocation,"Unit 1502, 20 Example Street, Example District, Example City",+63 900 722 3393,Deployed,IT Support Queue,N,,,,
EMP-0294,"PLACEHOLDER, TATUM","ExamplePad 11 Tablet (8GB, 128GB)",LT-100316,SYN-GLNUD8EY,,lt-100316,lt-100316,02:00:00:115:22:185,Temporary loan for coverage period - SYN-LT-100316,"Unit 2702, 53 Example Street, Example District, Example City",+63 900 294 1213,For Pickup,Support Technician A,N,,,,
EMP-0253,"WILLIAMS, OAKLEY","ExampleView 24"" IPS Monitor",LT-100293,SYN-P892NBKH,,lt-100293,lt-100293,02:00:00:223:33:163,Broken screen replacement - SYN-LT-100293,"Unit 302, 61 Example Street, Example District, Example City",+63 900 253 7929,Ready for Release,IT Support Queue,N,,,,
EMP-0744,"SAMPLE, FRANKIE","ExampleBook Air 13 (i7, 8GB, 256GB SSD)",LT-100529,SYN-DL19FLTE,,lt-100529,lt-100529,02:00:00:236:83:32,Scheduled refresh of legacy device SYN-LT-100529,"Unit 3902, 41 Example Street, Example District, Example City",+63 900 744 1246,Retracted,IT Support Queue,Y,,,,
EMP-0741,"DOE, TATUM","ExampleBook Pro 14 (i5, 16GB, 512GB SSD)",LT-100262,SYN-57AGUD05,,lt-100262,lt-100262,02:00:00:43:171:128,Offboarding return and sanitization - SYN-LT-100262,"Unit 2602, 32 Example Street, Example District, Example City",+63 900 741 2362,Retracted,IT Support Queue,Y,,,,
EMP-0362,"TESTER, LEE","ExampleTower SFF (i5, 16GB, 512GB SSD)",LT-100471,SYN-315SEU40,,lt-100471,lt-100471,02:00:00:110:217:209,New starter onboarding - device SYN-LT-100471,"Unit 4002, 42 Example Street, Example District, Example City",+63 900 362 5502,Deployed,Support Technician A,N,,,,
EMP-0017,"SAMPLE, CASEY","ExampleView 24"" IPS Monitor",LT-100513,SYN-2JTP1E75,,lt-100513,lt-100513,02:00:00:62:86:187,Temporary loan for coverage period - SYN-LT-100513,"Unit 3002, 38 Example Street, Example District, Example City",+63 900 017 0666,Deployed,Support Technician A,Y,,,,
EMP-0471,"JOHNSON, QUINN","ExampleStation 15 (i5, 16GB, 1TB HDD)",LT-100213,SYN-C1G5K9X8,,lt-100213,lt-100213,02:00:00:126:77:67,Offboarding return and sanitization - SYN-LT-100213,"Unit 202, 61 Example Street, Example District, Example City",+63 900 471 4970,For Pickup,IT Support Queue,Y,,,,
EMP-0557,"TESTER, ELLIS","ExamplePad 11 Tablet (8GB, 128GB)",LT-100131,SYN-CBJCT628,,lt-100131,lt-100131,02:00:00:191:140:95,Offboarding return and sanitization - SYN-LT-100131,"Unit 202, 9 Example Street, Example District, Example City",+63 900 557 3696,Deployed,IT Support Queue,N,,,,
EMP-0201,"CLARK, REESE","ExamplePad 11 Tablet (8GB, 128GB)",LT-100037,SYN-81KXMEZW,,lt-100037,lt-100037,02:00:00:69:117:126,Offboarding return and sanitization - SYN-LT-100037,"Unit 3802, 62 Example Street, Example District, Example City",+63 900 201 6718,Deployed,Support Technician B,N,,,,
EMP-0797,"SAMPLE, PARKER","ExampleTower Mini (i7, 32GB, 1TB SSD)",LT-100014,SYN-Q7630J37,,lt-100014,lt-100014,02:00:00:50:137:248,Offboarding return and sanitization - SYN-LT-100014,"Unit 2702, 80 Example Street, Example District, Example City",+63 900 797 2772,Retracted,Support Technician B,Y,,,,
EMP-0252,"SAMPLE, ELLIS","ExampleBook Air 13 (i7, 8GB, 256GB SSD)",LT-100089,SYN-KW3X18JN,,lt-100089,lt-100089,02:00:00:58:03:101,Broken screen replacement - SYN-LT-100089,"Unit 3102, 29 Example Street, Example District, Example City",+63 900 252 8450,Ready for Release,Support Technician A,Y,,,,
EMP-0274,"SAMPLE, BLAIR","ExampleBook Pro 14 (i5, 16GB, 512GB SSD)",LT-100359,SYN-141244QK,,lt-100359,lt-100359,02:00:00:73:41:124,New starter onboarding - device SYN-LT-100359,"Unit 502, 3 Example Street, Example District, Example City",+63 900 274 7829,For Pickup,Support Technician A,N,,,,
EMP-0778,"SMITH, GRAY",,,,,,,,Pending device allocation,"Unit 202, 24 Example Street, Example District, Example City",+63 900 778 7799,Ready for Release,Support Technician A,N,,,,
EMP-0590,"SMITH, ELLIS","ExampleStation 15 (i5, 16GB, 1TB HDD)",LT-100067,SYN-TWZN4TUE,,lt-100067,lt-100067,02:00:00:116:94:109,Broken screen replacement - SYN-LT-100067,"Unit 1502, 88 Example Street, Example District, Example City",+63 900 590 5351,For Repair,Support Technician A,Y,,,,
EMP-0253,"WILLIAMS, OAKLEY","ExampleStation 15 (i5, 16GB, 1TB HDD)",LT-100524,SYN-ZQDRT90K,,lt-100524,lt-100524,02:00:00:160:132:112,Laptop replacement - hardware fault on SYN-LT-100524,"Unit 3402, 47 Example Street, Example District, Example City",+63 900 253 7929,For Pickup,Support Technician A,Y,,,,
EMP-0612,"TESTER, PARKER","ExampleStation 15 (i5, 16GB, 1TB HDD)",LT-100348,SYN-YGKYW87M,,lt-100348,lt-100348,02:00:00:22:46:164,Temporary loan for coverage period - SYN-LT-100348,"Unit 2802, 58 Example Street, Example District, Example City",+63 900 612 0158,For Repair,IT Support Queue,Y,,,,
EMP-0518,"BROWN, NOEL","ExampleTower Mini (i7, 32GB, 1TB SSD)",LT-100058,SYN-VU12A3D7,,lt-100058,lt-100058,02:00:00:80:234:151,Temporary loan for coverage period - SYN-LT-100058,"Unit 1002, 26 Example Street, Example District, Example City",+63 900 518 9927,Ready for Release,Support Technician A,N,,,,
EMP-0652,"SAMPLE, REESE",,,,,,,,Pending device allocation,"Unit 3502, 82 Example Street, Example District, Example City",+63 900 652 0720,For Repair,Support Technician B,N,,,,
EMP-0695,"DOE, SAWYER","ExampleStation 15 (i5, 16GB, 1TB HDD)",LT-100074,SYN-NR6QVGDW,,lt-100074,lt-100074,02:00:00:217:224:04,Temporary loan for coverage period - SYN-LT-100074,"Unit 2902, 82 Example Street, Example District, Example City",+63 900 695 0165,Ready for Release,Support Technician A,Y,,,,
EMP-0029,"TESTER, DANA",,,,,,,,Pending device allocation,"Unit 2702, 34 Example Street, Example District, Example City",+63 900 029 3219,For Pickup,Support Technician B,N,,,,
EMP-0300,"BROWN, REESE","ExampleView 27"" QHD Monitor",LT-100593,SYN-QF8VMYQJ,,lt-100593,lt-100593,02:00:00:144:17:130,Broken screen replacement - SYN-LT-100593,"Unit 3002, 42 Example Street, Example District, Example City",+63 900 300 6302,For Pickup,Support Technician B,N,,,,
EMP-0075,"CLARK, CASEY","ExampleView 27"" QHD Monitor",LT-100000,SYN-ZVETL0T9,,lt-100000,lt-100000,02:00:00:147:114:01,Scheduled refresh of legacy device SYN-LT-100000,"Unit 1102, 23 Example Street, Example District, Example City",+63 900 075 9719,Deployed,Support Technician A,N,,,,
EMP-0371,"MILLER, ELLIS","ExampleStation 15 (i5, 16GB, 1TB HDD)",LT-100544,SYN-96DPP4YX,,lt-100544,lt-100544,02:00:00:75:110:24,New starter onboarding - device SYN-LT-100544,"Unit 2902, 16 Example Street, Example District, Example City",+63 900 371 2917,Ready for Release,Support Technician B,Y,,,,
EMP-0588,"CLARK, QUINN","ExamplePad 11 Tablet (8GB, 128GB)",LT-100184,SYN-2GP1M5YV,,lt-100184,lt-100184,02:00:00:108:88:212,Broken screen replacement - SYN-LT-100184,"Unit 4002, 85 Example Street, Example District, Example City",+63 900 588 6869,For Repair,Support Technician B,Y,,,,
EMP-0302,"BROWN, ALEX",,,,,,,,Pending device allocation,"Unit 2202, 20 Example Street, Example District, Example City",+63 900 302 9889,Ready for Release,IT Support Queue,N,,,,
EMP-0169,"DOE, ELLIS",,,,,,,,Pending device allocation,"Unit 3502, 13 Example Street, Example District, Example City",+63 900 169 4024,Deployed,Support Technician A,N,,,,
EMP-0360,"BROWN, ELLIS","ExampleTower SFF (i5, 16GB, 512GB SSD)",LT-100308,SYN-T5NJ8B66,,lt-100308,lt-100308,02:00:00:167:232:15,New starter onboarding - device SYN-LT-100308,"Unit 202, 68 Example Street, Example District, Example City",+63 900 360 9861,Ready for Release,Support Technician A,N,,,,
EMP-0037,"DOE, BLAIR","ExampleStation 15 (i5, 16GB, 1TB HDD)",LT-100082,SYN-WMJENZCZ,,lt-100082,lt-100082,02:00:00:03:220:213,New starter onboarding - device SYN-LT-100082,"Unit 3402, 65 Example Street, Example District, Example City",+63 900 037 7979,Deployed,IT Support Queue,Y,,,,
EMP-0642,"SAMPLE, QUINN","ExampleStation 15 (i5, 16GB, 1TB HDD)",LT-100242,SYN-218NSQNM,,lt-100242,lt-100242,02:00:00:184:21:21,Temporary loan for coverage period - SYN-LT-100242,"Unit 2502, 70 Example Street, Example District, Example City",+63 900 642 1444,Deployed,Support Technician B,Y,,,,
EMP-0104,"WILLIAMS, DANA",,,,,,,,Pending device allocation,"Unit 502, 90 Example Street, Example District, Example City",+63 900 104 4772,Deployed,IT Support Queue,N,,,,
EMP-0673,"SAMPLE, GRAY",,,,,,,,Pending device allocation,"Unit 2802, 54 Example Street, Example District, Example City",+63 900 673 3937,Deployed,Support Technician A,N,,,,
EMP-0768,"JOHNSON, ALEX","ExampleStation 15 (i5, 16GB, 1TB HDD)",LT-100425,SYN-UHGNBLH8,,lt-100425,lt-100425,02:00:00:75:95:176,Temporary loan for coverage period - SYN-LT-100425,"Unit 2602, 68 Example Street, Example District, Example City",+63 900 768 3142,For Repair,IT Support Queue,Y,,,,
EMP-0456,"SMITH, SAWYER",,,,,,,,Pending device allocation,"Unit 1602, 8 Example Street, Example District, Example City",+63 900 456 6481,For Pickup,IT Support Queue,N,,,,
EMP-0572,"MILLER, NOEL","ExampleBook Air 13 (i7, 8GB, 256GB SSD)",LT-100411,SYN-931BDV9W,,lt-100411,lt-100411,02:00:00:37:221:41,Scheduled refresh of legacy device SYN-LT-100411,"Unit 1702, 6 Example Street, Example District, Example City",+63 900 572 0311,Ready for Release,Support Technician A,N,,,,
EMP-0002,"SMITH, MORGAN","ExamplePad 11 Tablet (8GB, 128GB)",LT-100544,SYN-5A4SPV4T,,lt-100544,lt-100544,02:00:00:212:252:146,Temporary loan for coverage period - SYN-LT-100544,"Unit 2702, 73 Example Street, Example District, Example City",+63 900 002 6455,Ready for Release,Support Technician B,Y,,,,
EMP-0047,"JOHNSON, NOEL","ExampleView 27"" QHD Monitor",LT-100549,SYN-ZQUUCBYZ,,lt-100549,lt-100549,02:00:00:84:201:193,Scheduled refresh of legacy device SYN-LT-100549,"Unit 302, 59 Example Street, Example District, Example City",+63 900 047 9547,Retracted,IT Support Queue,Y,,,,
EMP-0488,"DOE, JAMIE","ExampleView 27"" QHD Monitor",LT-100016,SYN-JLJNHE30,,lt-100016,lt-100016,02:00:00:40:240:224,Scheduled refresh of legacy device SYN-LT-100016,"Unit 2002, 5 Example Street, Example District, Example City",+63 900 488 1717,Retracted,Support Technician B,N,,,,
EMP-0752,"MILLER, GRAY",,,,,,,,Pending device allocation,"Unit 3102, 65 Example Street, Example District, Example City",+63 900 752 8158,Deployed,IT Support Queue,N,,,,
EMP-0399,"BROWN, TATUM","ExampleView 24"" IPS Monitor",LT-100159,SYN-PEU9BTSG,,lt-100159,lt-100159,02:00:00:241:147:66,Offboarding return and sanitization - SYN-LT-100159,"Unit 502, 22 Example Street, Example District, Example City",+63 900 399 4864,For Repair,Support Technician B,Y,,,,
EMP-0570,"PLACEHOLDER, QUINN","ExampleTower SFF (i5, 16GB, 512GB SSD)",LT-100107,SYN-J4U32FKG,,lt-100107,lt-100107,02:00:00:158:00:40,Broken screen replacement - SYN-LT-100107,"Unit 3502, 28 Example Street, Example District, Example City",+63 900 570 0435,Deployed,IT Support Queue,Y,,,,
EMP-0580,"TESTER, DANA","ExampleBook Air 13 (i7, 8GB, 256GB SSD)",LT-100233,SYN-HUWZSX3J,,lt-100233,lt-100233,02:00:00:121:92:127,Broken screen replacement - SYN-LT-100233,"Unit 1002, 83 Example Street, Example District, Example City",+63 900 580 7690,Retracted,Support Technician B,Y,,,,
EMP-0669,"PLACEHOLDER, CASEY","ExampleView 27"" QHD Monitor",LT-100583,SYN-2KA1PRC3,,lt-100583,lt-100583,02:00:00:221:149:09,Broken screen replacement - SYN-LT-100583,"Unit 2702, 16 Example Street, Example District, Example City",+63 900 669 9460,Ready for Release,IT Support Queue,Y,,,,
EMP-0041,"SMITH, TATUM","ExampleView 24"" IPS Monitor",LT-100240,SYN-UZ0CWAXW,,lt-100240,lt-100240,02:00:00:32:153:77,Laptop replacement - hardware fault on SYN-LT-100240,"Unit 3702, 6 Example Street, Example District, Example City",+63 900 041 2202,Deployed,Support Technician A,Y,,,,
EMP-0738,"CLARK, FRANKIE","ExampleStation 15 (i5, 16GB, 1TB HDD)",LT-100235,SYN-VGALFC6R,,lt-100235,lt-100235,02:00:00:78:133:233,Offboarding return and sanitization - SYN-LT-100235,"Unit 3302, 78 Example Street, Example District, Example City",+63 900 738 5526,Deployed,Support Technician A,Y,,,,
EMP-0029,"TESTER, DANA","ExampleTower SFF (i5, 16GB, 512GB SSD)",LT-100362,SYN-6TBYVXTX,,lt-100362,lt-100362,02:00:00:48:58:102,New starter onboarding - device SYN-LT-100362,"Unit 1102, 37 Example Street, Example District, Example City",+63 900 029 3219,For Repair,IT Support Queue,N,,,,
EMP-0530,"JOHNSON, OAKLEY","ExampleBook Pro 14 (i5, 16GB, 512GB SSD)",LT-100162,SYN-0S1XB94W,,lt-100162,lt-100162,02:00:00:202:196:164,Temporary loan for coverage period - SYN-LT-100162,"Unit 502, 7 Example Street, Example District, Example City",+63 900 530 1654,For Repair,IT Support Queue,Y,,,,
EMP-0778,"SMITH, GRAY","ExampleBook Pro 14 (i5, 16GB, 512GB SSD)",LT-100374,SYN-ZTM31Q4E,,lt-100374,lt-100374,02:00:00:91:25:133,New starter onboarding - device SYN-LT-100374,"Unit 3402, 60 Example Street, Example District, Example City",+63 900 778 7799,Retracted,Support Technician B,Y,,,,
EMP-0639,"DOE, REESE",,,,,,,,Pending device allocation,"Unit 2902, 41 Example Street, Example District, Example City",+63 900 639 0279,For Pickup,Support Technician A,N,,,,
EMP-0550,"WILLIAMS, NOEL","ExampleTower Mini (i7, 32GB, 1TB SSD)",LT-100578,SYN-B3GZFJL8,,lt-100578,lt-100578,02:00:00:206:88:56,Broken screen replacement - SYN-LT-100578,"Unit 3102, 87 Example Street, Example District, Example City",+63 900 550 8327,Ready for Release,Support Technician B,N,,,,
EMP-0022,"SMITH, KAI",,,,,,,,Pending device allocation,"Unit 1202, 2 Example Street, Example District, Example City",+63 900 022 1770,Retracted,Support Technician A,N,,,,
EMP-0087,"SAMPLE, QUINN",,,,,,,,Pending device allocation,"Unit 3502, 84 Example Street, Example District, Example City",+63 900 087 1398,Ready for Release,Support Technician B,N,,,,
EMP-0219,"DOE, SAWYER","ExampleView 27"" QHD Monitor",LT-100182,SYN-JJEXYH68,,lt-100182,lt-100182,02:00:00:81:123:236,Scheduled refresh of legacy device SYN-LT-100182,"Unit 2502, 46 Example Street, Example District, Example City",+63 900 219 0373,Deployed,Support Technician A,Y,,,,
EMP-0586,"DOE, BLAIR","ExampleStation 15 (i5, 16GB, 1TB HDD)",LT-100251,SYN-E8LVS84X,,lt-100251,lt-100251,02:00:00:203:227:43,Broken screen replacement - SYN-LT-100251,"Unit 102, 9 Example Street, Example District, Example City",+63 900 586 0165,Deployed,Support Technician A,Y,,,,
EMP-0156,"BROWN, ELLIS","ExampleBook Air 13 (i7, 8GB, 256GB SSD)",LT-100143,SYN-XESW5X0E,,lt-100143,lt-100143,02:00:00:38:89:54,Scheduled refresh of legacy device SYN-LT-100143,"Unit 802, 62 Example Street, Example District, Example City",+63 900 156 5387,For Pickup,IT Support Queue,N,,,,
EMP-0076,"MILLER, QUINN","ExampleView 24"" IPS Monitor",LT-100218,SYN-BHHTL0WW,,lt-100218,lt-100218,02:00:00:00:148:161,Scheduled refresh of legacy device SYN-LT-100218,"Unit 1502, 53 Example Street, Example District, Example City",+63 900 076 1094,Deployed,Support Technician B,Y,,,,
EMP-0628,"WILLIAMS, DANA","ExampleTower Mini (i7, 32GB, 1TB SSD)",LT-100248,SYN-FGHVML07,,lt-100248,lt-100248,02:00:00:143:255:98,New starter onboarding - device SYN-LT-100248,"Unit 202, 59 Example Street, Example District, Example City",+63 900 628 8051,Ready for Release,IT Support Queue,Y,,,,
EMP-0635,"JOHNSON, JAMIE","ExampleStation 15 (i5, 16GB, 1TB HDD)",LT-100275,SYN-Y0FNE7GY,,lt-100275,lt-100275,02:00:00:251:22:210,Broken screen replacement - SYN-LT-100275,"Unit 1502, 11 Example Street, Example District, Example City",+63 900 635 8790,For Pickup,IT Support Queue,Y,,,,
EMP-0515,"BROWN, ELLIS",,,,,,,,Pending device allocation,"Unit 902, 46 Example Street, Example District, Example City",+63 900 515 5748,For Repair,Support Technician B,N,,,,
EMP-0722,"MILLER, HARPER","ExampleBook Air 13 (i7, 8GB, 256GB SSD)",LT-100471,SYN-LF4WSDBT,,lt-100471,lt-100471,02:00:00:138:109:96,New starter onboarding - device SYN-LT-100471,"Unit 2502, 16 Example Street, Example District, Example City",+63 900 722 3393,Deployed,Support Technician B,N,,,,
EMP-0501,"SMITH, ALEX","ExampleView 27"" QHD Monitor",LT-100246,SYN-FF2EPXC3,,lt-100246,lt-100246,02:00:00:76:108:184,Offboarding return and sanitization - SYN-LT-100246,"Unit 1702, 45 Example Street, Example District, Example City",+63 900 501 8826,Ready for Release,IT Support Queue,N,,,,
EMP-0429,"WILLIAMS, FRANKIE","ExampleStation 15 (i5, 16GB, 1TB HDD)",LT-100295,SYN-JW4LSNEV,,lt-100295,lt-100295,02:00:00:153:62:94,Scheduled refresh of legacy device SYN-LT-100295,"Unit 1202, 52 Example Street, Example District, Example City",+63 900 429 1770,Deployed,Support Technician A,Y,,,,
EMP-0431,"CLARK, HARPER","ExampleTower Mini (i7, 32GB, 1TB SSD)",LT-100153,SYN-8C13UT6U,,lt-100153,lt-100153,02:00:00:204:157:127,Temporary loan for coverage period - SYN-LT-100153,"Unit 3502, 15 Example Street, Example District, Example City",+63 900 431 4197,Retracted,IT Support Queue,Y,,,,
EMP-0633,"DOE, ELLIS","ExamplePad 11 Tablet (8GB, 128GB)",LT-100348,SYN-Q3B1DVS7,,lt-100348,lt-100348,02:00:00:04:14:215,Broken screen replacement - SYN-LT-100348,"Unit 202, 51 Example Street, Example District, Example City",+63 900 633 6860,Deployed,Support Technician B,Y,,,,
EMP-0682,"PLACEHOLDER, BLAIR","ExampleView 24"" IPS Monitor",LT-100153,SYN-VQ8AM5SZ,,lt-100153,lt-100153,02:00:00:147:86:39,New starter onboarding - device SYN-LT-100153,"Unit 3702, 45 Example Street, Example District, Example City",+63 900 682 4928,Deployed,Support Technician A,Y,,,,
EMP-0652,"SAMPLE, REESE","ExampleTower Mini (i7, 32GB, 1TB SSD)",LT-100585,SYN-WU8FKFNX,,lt-100585,lt-100585,02:00:00:239:254:131,Offboarding return and sanitization - SYN-LT-100585,"Unit 2102, 42 Example Street, Example District, Example City",+63 900 652 0720,Retracted,Support Technician B,N,,,,
EMP-0505,"SAMPLE, JAMIE",,,,,,,,Pending device allocation,"Unit 702, 44 Example Street, Example District, Example City",+63 900 505 2618,For Repair,Support Technician A,N,,,,
EMP-0292,"BROWN, KAI","ExampleView 24"" IPS Monitor",LT-100051,SYN-ELP8RQT5,,lt-100051,lt-100051,02:00:00:148:15:141,Laptop replacement - hardware fault on SYN-LT-100051,"Unit 2302, 67 Example Street, Example District, Example City",+63 900 292 3663,For Repair,Support Technician B,Y,,,,
EMP-0084,"SAMPLE, HARPER","ExampleStation 15 (i5, 16GB, 1TB HDD)",LT-100417,SYN-H262FQRJ,,lt-100417,lt-100417,02:00:00:168:209:196,Laptop replacement - hardware fault on SYN-LT-100417,"Unit 2602, 56 Example Street, Example District, Example City",+63 900 084 0866,For Pickup,Support Technician B,Y,,,,
EMP-0096,"SMITH, GRAY","ExampleTower Mini (i7, 32GB, 1TB SSD)",LT-100032,SYN-4UW99V5X,,lt-100032,lt-100032,02:00:00:250:166:108,New starter onboarding - device SYN-LT-100032,"Unit 2902, 24 Example Street, Example District, Example City",+63 900 096 6372,Retracted,Support Technician B,Y,,,,
EMP-0378,"SAMPLE, INDIGO","ExampleBook Pro 14 (i5, 16GB, 512GB SSD)",LT-100037,SYN-RCL4YTLG,,lt-100037,lt-100037,02:00:00:18:232:88,Laptop replacement - hardware fault on SYN-LT-100037,"Unit 1102, 90 Example Street, Example District, Example City",+63 900 378 4967,Retracted,Support Technician A,Y,,,,
EMP-0720,"CLARK, HARPER","ExampleView 24"" IPS Monitor",LT-100040,SYN-8WR9JSGP,,lt-100040,lt-100040,02:00:00:70:47:125,Broken screen replacement - SYN-LT-100040,"Unit 3602, 88 Example Street, Example District, Example City",+63 900 720 3302,For Repair,Support Technician A,Y,,,,
EMP-0142,"PLACEHOLDER, ELLIS","ExampleView 24"" IPS Monitor",LT-100101,SYN-WS96BJKP,,lt-100101,lt-100101,02:00:00:200:04:169,New starter onboarding - device SYN-LT-100101,"Unit 3002, 36 Example Street, Example District, Example City",+63 900 142 9910,Retracted,Support Technician B,Y,,,,
EMP-0685,"JOHNSON, KAI","ExampleView 24"" IPS Monitor",LT-100550,SYN-PEKR51J6,,lt-100550,lt-100550,02:00:00:151:250:125,New starter onboarding - device SYN-LT-100550,"Unit 2102, 38 Example Street, Example District, Example City",+63 900 685 3081,Retracted,Support Technician B,Y,,,,
EMP-0143,"SMITH, ELLIS","ExampleView 24"" IPS Monitor",LT-100007,SYN-KJZXGSTL,,lt-100007,lt-100007,02:00:00:92:13:197,Broken screen replacement - SYN-LT-100007,"Unit 1402, 72 Example Street, Example District, Example City",+63 900 143 9229,Deployed,Support Technician B,Y,,,,
EMP-0190,"DOE, ALEX","ExampleView 24"" IPS Monitor",LT-100395,SYN-76QTQ5A8,,lt-100395,lt-100395,02:00:00:139:38:223,Temporary loan for coverage period - SYN-LT-100395,"Unit 2702, 29 Example Street, Example District, Example City",+63 900 190 4661,Retracted,Support Technician A,N,,,,
EMP-0209,"DOE, OAKLEY",,,,,,,,Pending device allocation,"Unit 2802, 49 Example Street, Example District, Example City",+63 900 209 2621,For Repair,Support Technician A,N,,,,
EMP-0520,"CLARK, CASEY","ExampleTower SFF (i5, 16GB, 512GB SSD)",LT-100160,SYN-60SEJVKN,,lt-100160,lt-100160,02:00:00:17:138:05,Scheduled refresh of legacy device SYN-LT-100160,"Unit 2802, 27 Example Street, Example District, Example City",+63 900 520 8408,For Pickup,Support Technician B,Y,,,,
EMP-0038,"PLACEHOLDER, REESE","ExamplePad 11 Tablet (8GB, 128GB)",LT-100246,SYN-NY6N2A6H,,lt-100246,lt-100246,02:00:00:251:216:55,Temporary loan for coverage period - SYN-LT-100246,"Unit 2502, 33 Example Street, Example District, Example City",+63 900 038 8325,For Pickup,Support Technician A,Y,,,,
EMP-0160,"TESTER, REESE","ExampleBook Air 13 (i7, 8GB, 256GB SSD)",LT-100231,SYN-EG6Q6SS2,,lt-100231,lt-100231,02:00:00:123:52:95,New starter onboarding - device SYN-LT-100231,"Unit 802, 63 Example Street, Example District, Example City",+63 900 160 0637,Deployed,IT Support Queue,N,,,,
EMP-0266,"SMITH, ELLIS","ExampleView 27"" QHD Monitor",LT-100081,SYN-TFD7FBUX,,lt-100081,lt-100081,02:00:00:144:37:32,New starter onboarding - device SYN-LT-100081,"Unit 502, 7 Example Street, Example District, Example City",+63 900 266 0629,Deployed,Support Technician A,Y,,,,
EMP-0698,"WILLIAMS, CASEY","ExamplePad 11 Tablet (8GB, 128GB)",LT-100495,SYN-NGUJJV28,,lt-100495,lt-100495,02:00:00:03:170:243,Laptop replacement - hardware fault on SYN-LT-100495,"Unit 3802, 46 Example Street, Example District, Example City",+63 900 698 8923,Retracted,Support Technician A,Y,,,,
EMP-0656,"SMITH, KAI","ExampleTower Mini (i7, 32GB, 1TB SSD)",LT-100104,SYN-EHZJ05DJ,,lt-100104,lt-100104,02:00:00:84:82:251,Temporary loan for coverage period - SYN-LT-100104,"Unit 702, 16 Example Street, Example District, Example City",+63 900 656 8526,For Pickup,Support Technician B,Y,,,,
EMP-0346,"SAMPLE, BLAIR",,,,,,,,Pending device allocation,"Unit 1002, 3 Example Street, Example District, Example City",+63 900 346 6529,For Repair,Support Technician B,N,,,,
EMP-0281,"TESTER, PARKER","ExampleTower Mini (i7, 32GB, 1TB SSD)",LT-100579,SYN-UMJ3679P,,lt-100579,lt-100579,02:00:00:148:122:34,Temporary loan for coverage period - SYN-LT-100579,"Unit 202, 50 Example Street, Example District, Example City",+63 900 281 3863,Deployed,Support Technician A,Y,,,,
EMP-0781,"SMITH, HARPER","ExampleView 27"" QHD Monitor",LT-100369,SYN-SB1MPG0A,,lt-100369,lt-100369,02:00:00:86:247:67,Broken screen replacement - SYN-LT-100369,"Unit 1102, 20 Example Street, Example District, Example City",+63 900 781 5762,For Pickup,Support Technician B,Y,,,,
EMP-0270,"CLARK, KAI",,,,,,,,Pending device allocation,"Unit 3202, 48 Example Street, Example District, Example City",+63 900 270 9773,Deployed,IT Support Queue,N,,,,
EMP-0231,"MILLER, FRANKIE","ExampleBook Pro 14 (i5, 16GB, 512GB SSD)",LT-100061,SYN-EXP1VHX9,,lt-100061,lt-100061,02:00:00:23:136:232,New starter onboarding - device SYN-LT-100061,"Unit 4002, 19 Example Street, Example District, Example City",+63 900 231 2815,For Pickup,Support Technician B,Y,,,,
EMP-0095,"DOE, MORGAN","ExampleBook Air 13 (i7, 8GB, 256GB SSD)",LT-100010,SYN-3680QQ15,,lt-100010,lt-100010,02:00:00:86:135:45,New starter onboarding - device SYN-LT-100010,"Unit 2702, 73 Example Street, Example District, Example City",+63 900 095 8124,Retracted,Support Technician B,N,,,,
EMP-0262,"SAMPLE, CASEY","ExampleView 24"" IPS Monitor",LT-100307,SYN-2M2SFUBW,,lt-100307,lt-100307,02:00:00:180:181:109,Broken screen replacement - SYN-LT-100307,"Unit 1602, 47 Example Street, Example District, Example City",+63 900 262 5599,Deployed,Support Technician A,Y,,,,
EMP-0115,"TESTER, TATUM",,,,,,,,Pending device allocation,"Unit 2402, 16 Example Street, Example District, Example City",+63 900 115 2495,Ready for Release,Support Technician B,N,,,,
EMP-0800,"CLARK, REESE",,,,,,,,Pending device allocation,"Unit 1202, 66 Example Street, Example District, Example City",+63 900 800 3881,Retracted,IT Support Queue,N,,,,
EMP-0249,"MILLER, GRAY","ExampleBook Pro 14 (i5, 16GB, 512GB SSD)",LT-100569,SYN-R91CJAU5,,lt-100569,lt-100569,02:00:00:58:166:203,Broken screen replacement - SYN-LT-100569,"Unit 602, 12 Example Street, Example District, Example City",+63 900 249 6261,Deployed,Support Technician B,Y,,,,
EMP-0194,"TESTER, QUINN",,,,,,,,Pending device allocation,"Unit 1102, 54 Example Street, Example District, Example City",+63 900 194 4419,For Repair,Support Technician B,N,,,,
EMP-0627,"CLARK, MORGAN",,,,,,,,Pending device allocation,"Unit 1202, 89 Example Street, Example District, Example City",+63 900 627 9029,Retracted,IT Support Queue,N,,,,
EMP-0570,"PLACEHOLDER, QUINN","ExampleView 24"" IPS Monitor",LT-100028,SYN-H8VAGBUZ,,lt-100028,lt-100028,02:00:00:57:158:204,Laptop replacement - hardware fault on SYN-LT-100028,"Unit 102, 50 Example Street, Example District, Example City",+63 900 570 0435,Ready for Release,Support Technician B,N,,,,
EMP-0385,"DOE, OAKLEY","ExampleTower SFF (i5, 16GB, 512GB SSD)",LT-100243,SYN-JYCJ2BKX,,lt-100243,lt-100243,02:00:00:134:249:247,New starter onboarding - device SYN-LT-100243,"Unit 1002, 14 Example Street, Example District, Example City",+63 900 385 0797,For Pickup,Support Technician B,N,,,,
EMP-0253,"WILLIAMS, OAKLEY","ExampleTower SFF (i5, 16GB, 512GB SSD)",LT-100252,SYN-2TE8ZQ23,,lt-100252,lt-100252,02:00:00:60:244:234,Offboarding return and sanitization - SYN-LT-100252,"Unit 2602, 18 Example Street, Example District, Example City",+63 900 253 7929,Retracted,IT Support Queue,N,,,,
EMP-0381,"PLACEHOLDER, ELLIS","ExampleStation 15 (i5, 16GB, 1TB HDD)",LT-100569,SYN-YC14RGGN,,lt-100569,lt-100569,02:00:00:222:134:199,Temporary loan for coverage period - SYN-LT-100569,"Unit 702, 9 Example Street, Example District, Example City",+63 900 381 5381,For Repair,Support Technician B,N,,,,
EMP-0011,"MILLER, JAMIE","ExampleBook Air 13 (i7, 8GB, 256GB SSD)",LT-100137,SYN-0119E726,,lt-100137,lt-100137,02:00:00:132:248:107,Laptop replacement - hardware fault on SYN-LT-100137,"Unit 2502, 53 Example Street, Example District, Example City",+63 900 011 5365,Deployed,Support Technician B,Y,,,,
EMP-0196,"MILLER, BLAIR","ExampleTower Mini (i7, 32GB, 1TB SSD)",LT-100288,SYN-ANFMQZPR,,lt-100288,lt-100288,02:00:00:17:224:33,Temporary loan for coverage period - SYN-LT-100288,"Unit 702, 32 Example Street, Example District, Example City",+63 900 196 0570,Retracted,Support Technician A,Y,,,,
EMP-0030,"CLARK, GRAY",,,,,,,,Pending device allocation,"Unit 3302, 36 Example Street, Example District, Example City",+63 900 030 9601,Deployed,Support Technician A,N,,,,
EMP-0200,"PLACEHOLDER, OAKLEY","ExampleTower SFF (i5, 16GB, 512GB SSD)",LT-100010,SYN-WM841JEL,,lt-100010,lt-100010,02:00:00:237:20:190,Laptop replacement - hardware fault on SYN-LT-100010,"Unit 3902, 75 Example Street, Example District, Example City",+63 900 200 8515,Retracted,Support Technician A,N,,,,
EMP-0705,"MILLER, HARPER","ExampleStation 15 (i5, 16GB, 1TB HDD)",LT-100172,SYN-0CYG9028,,lt-100172,lt-100172,02:00:00:161:207:120,Broken screen replacement - SYN-LT-100172,"Unit 1602, 38 Example Street, Example District, Example City",+63 900 705 5532,For Repair,Support Technician B,N,,,,
EMP-0015,"JOHNSON, JAMIE","ExampleTower SFF (i5, 16GB, 512GB SSD)",LT-100563,SYN-7SR826W6,,lt-100563,lt-100563,02:00:00:219:188:63,New starter onboarding - device SYN-LT-100563,"Unit 3402, 54 Example Street, Example District, Example City",+63 900 015 7319,Retracted,Support Technician B,Y,,,,
EMP-0404,"BROWN, INDIGO","ExampleView 27"" QHD Monitor",LT-100057,SYN-YN8WJ2RP,,lt-100057,lt-100057,02:00:00:221:17:37,Scheduled refresh of legacy device SYN-LT-100057,"Unit 902, 31 Example Street, Example District, Example City",+63 900 404 9042,Retracted,IT Support Queue,N,,,,
EMP-0596,"CLARK, SAWYER",,,,,,,,Pending device allocation,"Unit 3002, 87 Example Street, Example District, Example City",+63 900 596 1147,Ready for Release,Support Technician A,N,,,,
EMP-0404,"BROWN, INDIGO","ExamplePad 11 Tablet (8GB, 128GB)",LT-100569,SYN-VZU3EJAL,,lt-100569,lt-100569,02:00:00:143:214:26,Broken screen replacement - SYN-LT-100569,"Unit 702, 70 Example Street, Example District, Example City",+63 900 404 9042,Deployed,Support Technician B,Y,,,,
EMP-0511,"SAMPLE, SAWYER",,,,,,,,Pending device allocation,"Unit 402, 40 Example Street, Example District, Example City",+63 900 511 8856,Ready for Release,Support Technician B,N,,,,
EMP-0202,"JOHNSON, SAWYER",,,,,,,,Pending device allocation,"Unit 2602, 24 Example Street, Example District, Example City",+63 900 202 1972,For Pickup,Support Technician B,N,,,,
EMP-0487,"SMITH, MORGAN","ExampleView 24"" IPS Monitor",LT-100371,SYN-L3KTBF53,,lt-100371,lt-100371,02:00:00:44:188:230,Offboarding return and sanitization - SYN-LT-100371,"Unit 902, 39 Example Street, Example District, Example City",+63 900 487 9447,Deployed,Support Technician B,Y,,,,
EMP-0757,"SAMPLE, JAMIE","ExampleTower SFF (i5, 16GB, 512GB SSD)",LT-100357,SYN-YEFT787N,,lt-100357,lt-100357,02:00:00:153:98:224,Broken screen replacement - SYN-LT-100357,"Unit 2702, 48 Example Street, Example District, Example City",+63 900 757 0952,For Repair,Support Technician B,Y,,,,
EMP-0476,"TESTER, MORGAN","ExampleView 24"" IPS Monitor",LT-100557,SYN-V4WG6CJ0,,lt-100557,lt-100557,02:00:00:228:206:135,Offboarding return and sanitization - SYN-LT-100557,"Unit 1302, 32 Example Street, Example District, Example City",+63 900 476 8094,Deployed,Support Technician B,Y,,,,
EMP-0614,"DOE, REESE",,,,,,,,Pending device allocation,"Unit 2202, 14 Example Street, Example District, Example City",+63 900 614 1429,For Repair,IT Support Queue,N,,,,
EMP-0563,"TESTER, FRANKIE","ExampleBook Pro 14 (i5, 16GB, 512GB SSD)",LT-100126,SYN-AKJFEUWX,,lt-100126,lt-100126,02:00:00:150:209:203,Laptop replacement - hardware fault on SYN-LT-100126,"Unit 2902, 18 Example Street, Example District, Example City",+63 900 563 6444,Retracted,Support Technician A,Y,,,,
EMP-0517,"SAMPLE, JAMIE","ExampleView 24"" IPS Monitor",LT-100213,SYN-3H1V7VTR,,lt-100213,lt-100213,02:00:00:207:33:100,Offboarding return and sanitization - SYN-LT-100213,"Unit 2602, 69 Example Street, Example District, Example City",+63 900 517 0817,For Pickup,Support Technician B,Y,,,,
EMP-0171,"WILLIAMS, CASEY","ExampleView 24"" IPS Monitor",LT-100178,SYN-8P6BSA89,,lt-100178,lt-100178,02:00:00:131:162:166,Offboarding return and sanitization - SYN-LT-100178,"Unit 802, 28 Example Street, Example District, Example City",+63 900 171 7232,Ready for Release,IT Support Queue,Y,,,,
EMP-0713,"TESTER, OAKLEY",,,,,,,,Pending device allocation,"Unit 1802, 69 Example Street, Example District, Example City",+63 900 713 9772,Deployed,Support Technician B,N,,,,
EMP-0750,"TESTER, CASEY","ExampleView 24"" IPS Monitor",LT-100102,SYN-GS9FPHCJ,,lt-100102,lt-100102,02:00:00:186:247:140,Temporary loan for coverage period - SYN-LT-100102,"Unit 4002, 78 Example Street, Example District, Example City",+63 900 750 1026,Deployed,Support Technician A,N,,,,
EMP-0687,"TESTER, GRAY",,,,,,,,Pending device allocation,"Unit 3702, 15 Example Street, Example District, Example City",+63 900 687 5943,Retracted,Support Technician A,N,,,,
EMP-0264,"TESTER, INDIGO","ExampleStation 15 (i5, 16GB, 1TB HDD)",LT-100380,SYN-XMQ4K83E,,lt-100380,lt-100380,02:00:00:118:169:239,Laptop replacement - hardware fault on SYN-LT-100380,"Unit 3602, 87 Example Street, Example District, Example City",+63 900 264 1847,For Pickup,Support Technician A,Y,,,,
EMP-0026,"MILLER, QUINN",,,,,,,,Pending device allocation,"Unit 2102, 84 Example Street, Example District, Example City",+63 900 026 0015,Ready for Release,Support Technician B,N,,,,
EMP-0784,"PLACEHOLDER, FRANKIE","ExampleBook Air 13 (i7, 8GB, 256GB SSD)",LT-100587,SYN-KYH9PB51,,lt-100587,lt-100587,02:00:00:245:132:212,Temporary loan for coverage period - SYN-LT-100587,"Unit 1402, 59 Example Street, Example District, Example City",+63 900 784 7393,Deployed,IT Support Queue,Y,,,,
EMP-0350,"JOHNSON, ALEX","ExampleTower SFF (i5, 16GB, 512GB SSD)",LT-100462,SYN-EXED6TAF,,lt-100462,lt-100462,02:00:00:55:07:77,Temporary loan for coverage period - SYN-LT-100462,"Unit 802, 26 Example Street, Example District, Example City",+63 900 350 8672,For Pickup,Support Technician A,Y,,,,
EMP-0720,"CLARK, HARPER",,,,,,,,Pending device allocation,"Unit 2602, 63 Example Street, Example District, Example City",+63 900 720 3302,For Pickup,IT Support Queue,N,,,,
EMP-0628,"WILLIAMS, DANA",,,,,,,,Pending device allocation,"Unit 1602, 31 Example Street, Example District, Example City",+63 900 628 8051,Deployed,Support Technician B,N,,,,
EMP-0664,"SMITH, SAWYER",,,,,,,,Pending device allocation,"Unit 2502, 82 Example Street, Example District, Example City",+63 900 664 4557,Ready for Release,Support Technician A,N,,,,
EMP-0656,"SMITH, KAI",,,,,,,,Pending device allocation,"Unit 502, 63 Example Street, Example District, Example City",+63 900 656 8526,Retracted,Support Technician A,N,,,,
EMP-0127,"DOE, INDIGO","ExamplePad 11 Tablet (8GB, 128GB)",LT-100386,SYN-Y6JF749M,,lt-100386,lt-100386,02:00:00:41:196:237,Offboarding return and sanitization - SYN-LT-100386,"Unit 2802, 87 Example Street, Example District, Example City",+63 900 127 7381,Deployed,Support Technician A,Y,,,,
EMP-0348,"CLARK, MORGAN","ExampleStation 15 (i5, 16GB, 1TB HDD)",LT-100127,SYN-6BKX45DG,,lt-100127,lt-100127,02:00:00:223:96:119,New starter onboarding - device SYN-LT-100127,"Unit 1102, 3 Example Street, Example District, Example City",+63 900 348 4698,Ready for Release,Support Technician A,Y,,,,
EMP-0300,"BROWN, REESE",,,,,,,,Pending device allocation,"Unit 2002, 41 Example Street, Example District, Example City",+63 900 300 6302,Retracted,Support Technician A,N,,,,
EMP-0660,"SMITH, SAWYER",,,,,,,,Pending device allocation,"Unit 302, 30 Example Street, Example District, Example City",+63 900 660 3912,For Pickup,Support Technician A,N,,,,
EMP-0063,"WILLIAMS, QUINN","ExampleTower SFF (i5, 16GB, 512GB SSD)",LT-100143,SYN-LJRQN5EG,,lt-100143,lt-100143,02:00:00:46:107:154,Scheduled refresh of legacy device SYN-LT-100143,"Unit 3402, 28 Example Street, Example District, Example City",+63 900 063 8152,For Repair,Support Technician A,N,,,,
EMP-0586,"DOE, BLAIR","ExamplePad 11 Tablet (8GB, 128GB)",LT-100136,SYN-XNEGZB93,,lt-100136,lt-100136,02:00:00:107:93:253,Temporary loan for coverage period - SYN-LT-100136,"Unit 2402, 20 Example Street, Example District, Example City",+63 900 586 0165,Ready for Release,Support Technician A,N,,,,
EMP-0298,"MILLER, BLAIR","ExampleBook Air 13 (i7, 8GB, 256GB SSD)",LT-100363,SYN-2066TMKB,,lt-100363,lt-100363,02:00:00:252:240:243,Offboarding return and sanitization - SYN-LT-100363,"Unit 2302, 25 Example Street, Example District, Example City",+63 900 298 3600,For Pickup,Support Technician B,Y,,,,
EMP-0701,"DOE, HARPER","ExampleTower SFF (i5, 16GB, 512GB SSD)",LT-100207,SYN-4RRH2VJB,,lt-100207,lt-100207,02:00:00:210:24:208,Offboarding return and sanitization - SYN-LT-100207,"Unit 2702, 48 Example Street, Example District, Example City",+63 900 701 0692,Deployed,IT Support Queue,Y,,,,
EMP-0465,"JOHNSON, TATUM","ExampleView 24"" IPS Monitor",LT-100582,SYN-LG1EHKM8,,lt-100582,lt-100582,02:00:00:28:168:47,Broken screen replacement - SYN-LT-100582,"Unit 3802, 48 Example Street, Example District, Example City",+63 900 465 5239,Retracted,IT Support Queue,Y,,,,
EMP-0001,"SAMPLE, GRAY","ExampleView 27"" QHD Monitor",LT-100439,SYN-7E7PMK9E,,lt-100439,lt-100439,02:00:00:162:201:59,Laptop replacement - hardware fault on SYN-LT-100439,"Unit 2402, 12 Example Street, Example District, Example City",+63 900 001 2923,Deployed,Support Technician A,N,,,,
EMP-0086,"SAMPLE, SAWYER","ExampleTower Mini (i7, 32GB, 1TB SSD)",LT-100008,SYN-EJZK6D1P,,lt-100008,lt-100008,02:00:00:29:232:141,Scheduled refresh of legacy device SYN-LT-100008,"Unit 3902, 5 Example Street, Example District, Example City",+63 900 086 5416,Deployed,Support Technician B,Y,,,,
EMP-0254,"SAMPLE, TATUM","ExampleStation 15 (i5, 16GB, 1TB HDD)",LT-100034,SYN-B5L16U0A,,lt-100034,lt-100034,02:00:00:24:181:234,New starter onboarding - device SYN-LT-100034,"Unit 1902, 31 Example Street, Example District, Example City",+63 900 254 1397,Deployed,Support Technician A,Y,,,,
EMP-0233,"DOE, ALEX","ExampleStation 15 (i5, 16GB, 1TB HDD)",LT-100590,SYN-2QB24DNA,,lt-100590,lt-100590,02:00:00:15:156:109,Laptop replacement - hardware fault on SYN-LT-100590,"Unit 3202, 46 Example Street, Example District, Example City",+63 900 233 8251,Retracted,IT Support Queue,Y,,,,
EMP-0722,"MILLER, HARPER","ExamplePad 11 Tablet (8GB, 128GB)",LT-100361,SYN-64ALXMPS,,lt-100361,lt-100361,02:00:00:253:15:118,Offboarding return and sanitization - SYN-LT-100361,"Unit 2302, 58 Example Street, Example District, Example City",+63 900 722 3393,For Repair,IT Support Queue,Y,,,,
EMP-0767,"SAMPLE, REESE","ExamplePad 11 Tablet (8GB, 128GB)",LT-100369,SYN-W3FU2JZ4,,lt-100369,lt-100369,02:00:00:09:04:109,Temporary loan for coverage period - SYN-LT-100369,"Unit 2702, 68 Example Street, Example District, Example City",+63 900 767 7020,Ready for Release,IT Support Queue,N,,,,
EMP-0626,"SMITH, HARPER","ExampleTower Mini (i7, 32GB, 1TB SSD)",LT-100112,SYN-Q4R44D0Y,,lt-100112,lt-100112,02:00:00:79:22:253,Offboarding return and sanitization - SYN-LT-100112,"Unit 3402, 79 Example Street, Example District, Example City",+63 900 626 6627,Deployed,Support Technician B,Y,,,,
EMP-0505,"SAMPLE, JAMIE","ExampleView 24"" IPS Monitor",LT-100086,SYN-8B0LRRYM,,lt-100086,lt-100086,02:00:00:200:188:17,Temporary loan for coverage period - SYN-LT-100086,"Unit 1302, 29 Example Street, Example District, Example City",+63 900 505 2618,Deployed,Support Technician B,Y,,,,
EMP-0221,"DOE, INDIGO","ExampleTower SFF (i5, 16GB, 512GB SSD)",LT-100276,SYN-XPECALSQ,,lt-100276,lt-100276,02:00:00:247:06:86,Offboarding return and sanitization - SYN-LT-100276,"Unit 2202, 67 Example Street, Example District, Example City",+63 900 221 3482,Deployed,IT Support Queue,Y,,,,
EMP-0024,"BROWN, KAI",,,,,,,,Pending device allocation,"Unit 1702, 49 Example Street, Example District, Example City",+63 900 024 3651,For Repair,Support Technician B,N,,,,
EMP-0490,"CLARK, INDIGO","ExampleBook Pro 14 (i5, 16GB, 512GB SSD)",LT-100006,SYN-2T4UVJVA,,lt-100006,lt-100006,02:00:00:67:250:123,New starter onboarding - device SYN-LT-100006,"Unit 1302, 13 Example Street, Example District, Example City",+63 900 490 3961,Retracted,Support Technician B,Y,,,,
EMP-0414,"WILLIAMS, KAI","ExampleStation 15 (i5, 16GB, 1TB HDD)",LT-100437,SYN-D60E22E8,,lt-100437,lt-100437,02:00:00:231:98:16,New starter onboarding - device SYN-LT-100437,"Unit 3802, 2 Example Street, Example District, Example City",+63 900 414 6172,Retracted,Support Technician A,Y,,,,
EMP-0239,"BROWN, CASEY","ExampleView 24"" IPS Monitor",LT-100357,SYN-NJNG6NFR,,lt-100357,lt-100357,02:00:00:143:136:124,New starter onboarding - device SYN-LT-100357,"Unit 1202, 7 Example Street, Example District, Example City",+63 900 239 8314,Deployed,Support Technician B,N,,,,
EMP-0654,"PLACEHOLDER, FRANKIE","ExampleTower SFF (i5, 16GB, 512GB SSD)",LT-100526,SYN-E12RXBC5,,lt-100526,lt-100526,02:00:00:101:190:00,Broken screen replacement - SYN-LT-100526,"Unit 3502, 63 Example Street, Example District, Example City",+63 900 654 7494,Deployed,Support Technician A,Y,,,,
EMP-0203,"SAMPLE, INDIGO","ExampleTower SFF (i5, 16GB, 512GB SSD)",LT-100090,SYN-2WX0T942,,lt-100090,lt-100090,02:00:00:243:224:197,New starter onboarding - device SYN-LT-100090,"Unit 2202, 70 Example Street, Example District, Example City",+63 900 203 7711,Ready for Release,Support Technician A,Y,,,,
EMP-0613,"BROWN, PARKER","ExamplePad 11 Tablet (8GB, 128GB)",LT-100474,SYN-ETJQPCKL,,lt-100474,lt-100474,02:00:00:185:184:185,New starter onboarding - device SYN-LT-100474,"Unit 602, 16 Example Street, Example District, Example City",+63 900 613 5808,For Repair,Support Technician A,Y,,,,
EMP-0672,"DOE, FRANKIE","ExampleBook Air 13 (i7, 8GB, 256GB SSD)",LT-100264,SYN-EJ2VXA54,,lt-100264,lt-100264,02:00:00:40:248:229,Broken screen replacement - SYN-LT-100264,"Unit 3302, 26 Example Street, Example District, Example City",+63 900 672 5366,Deployed,Support Technician B,Y,,,,
EMP-0435,"DOE, BLAIR","ExampleTower Mini (i7, 32GB, 1TB SSD)",LT-100521,SYN-80K5RLD2,,lt-100521,lt-100521,02:00:00:183:169:72,Offboarding return and sanitization - SYN-LT-100521,"Unit 2402, 26 Example Street, Example District, Example City",+63 900 435 4136,Retracted,Support Technician A,N,,,,
EMP-0364,"SAMPLE, TATUM","ExampleTower Mini (i7, 32GB, 1TB SSD)",LT-100496,SYN-DY0WJW9M,,lt-100496,lt-100496,02:00:00:78:242:102,Scheduled refresh of legacy device SYN-LT-100496,"Unit 3802, 78 Example Street, Example District, Example City",+63 900 364 6822,Retracted,Support Technician B,N,,,,
EMP-0085,"MILLER, LEE","ExamplePad 11 Tablet (8GB, 128GB)",LT-100200,SYN-DCC6SB71,,lt-100200,lt-100200,02:00:00:143:255:80,Broken screen replacement - SYN-LT-100200,"Unit 102, 85 Example Street, Example District, Example City",+63 900 085 5328,Deployed,Support Technician B,Y,,,,
EMP-0274,"SAMPLE, BLAIR","ExampleBook Air 13 (i7, 8GB, 256GB SSD)",LT-100242,SYN-6F6M8CJR,,lt-100242,lt-100242,02:00:00:199:171:128,Scheduled refresh of legacy device SYN-LT-100242,"Unit 3302, 7 Example Street, Example District, Example City",+63 900 274 7829,Deployed,Support Technician A,Y,,,,
EMP-0026,"MILLER, QUINN","ExampleTower Mini (i7, 32GB, 1TB SSD)",LT-100159,SYN-PE0GEQKT,,lt-100159,lt-100159,02:00:00:154:236:100,Scheduled refresh of legacy device SYN-LT-100159,"Unit 2002, 43 Example Street, Example District, Example City",+63 900 026 0015,For Pickup,IT Support Queue,N,,,,
EMP-0162,"WILLIAMS, TATUM","ExampleTower SFF (i5, 16GB, 512GB SSD)",LT-100247,SYN-NLA2BHFD,,lt-100247,lt-100247,02:00:00:230:189:250,Broken screen replacement - SYN-LT-100247,"Unit 2602, 58 Example Street, Example District, Example City",+63 900 162 0505,For Pickup,IT Support Queue,Y,,,,
EMP-0221,"DOE, INDIGO","ExampleView 24"" IPS Monitor",LT-100120,SYN-51UDR2KM,,lt-100120,lt-100120,02:00:00:10:20:98,Broken screen replacement - SYN-LT-100120,"Unit 202, 10 Example Street, Example District, Example City",+63 900 221 3482,For Pickup,Support Technician B,Y,,,,
EMP-0704,"WILLIAMS, ALEX","ExampleBook Pro 14 (i5, 16GB, 512GB SSD)",LT-100110,SYN-6PYQ841M,,lt-100110,lt-100110,02:00:00:10:61:97,Scheduled refresh of legacy device SYN-LT-100110,"Unit 2602, 40 Example Street, Example District, Example City",+63 900 704 4007,Deployed,Support Technician A,Y,,,,
EMP-0354,"JOHNSON, QUINN","ExampleStation 15 (i5, 16GB, 1TB HDD)",LT-100226,SYN-XJBZGBY0,,lt-100226,lt-100226,02:00:00:63:211:114,Temporary loan for coverage period - SYN-LT-100226,"Unit 702, 35 Example Street, Example District, Example City",+63 900 354 2054,Ready for Release,IT Support Queue,Y,,,,
EMP-0288,"TESTER, JAMIE",,,,,,,,Pending device allocation,"Unit 3902, 68 Example Street, Example District, Example City",+63 900 288 3928,Retracted,IT Support Queue,N,,,,
EMP-0552,"MILLER, REESE",,,,,,,,Pending device allocation,"Unit 3302, 47 Example Street, Example District, Example City",+63 900 552 1979,Deployed,Support Technician B,N,,,,
EMP-0558,"BROWN, QUINN","ExampleView 27"" QHD Monitor",LT-100433,SYN-TVBHNNJ2,,lt-100433,lt-100433,02:00:00:229:137:206,Broken screen replacement - SYN-LT-100433,"Unit 3002, 8 Example Street, Example District, Example City",+63 900 558 3925,Deployed,Support Technician B,N,,,,
EMP-0158,"BROWN, NOEL",,,,,,,,Pending device allocation,"Unit 902, 2 Example Street, Example District, Example City",+63 900 158 1120,For Repair,Support Technician A,N,,,,
EMP-0462,"DOE, HARPER",,,,,,,,Pending device allocation,"Unit 3502, 81 Example Street, Example District, Example City",+63 900 462 6389,Ready for Release,Support Technician A,N,,,,
EMP-0541,"JOHNSON, DANA","ExampleView 27"" QHD Monitor",LT-100248,SYN-033Z9MZR,,lt-100248,lt-100248,02:00:00:247:07:214,Broken screen replacement - SYN-LT-100248,"Unit 2102, 25 Example Street, Example District, Example City",+63 900 541 8793,For Repair,Support Technician A,N,,,,
EMP-0418,"WILLIAMS, OAKLEY","ExampleView 27"" QHD Monitor",LT-100066,SYN-188RMPW0,,lt-100066,lt-100066,02:00:00:234:117:62,Scheduled refresh of legacy device SYN-LT-100066,"Unit 302, 4 Example Street, Example District, Example City",+63 900 418 0523,Retracted,IT Support Queue,N,,,,
EMP-0252,"SAMPLE, ELLIS","ExamplePad 11 Tablet (8GB, 128GB)",LT-100371,SYN-04D62ZKC,,lt-100371,lt-100371,02:00:00:74:230:76,New starter onboarding - device SYN-LT-100371,"Unit 202, 55 Example Street, Example District, Example City",+63 900 252 8450,Retracted,Support Technician A,Y,,,,
EMP-0092,"CLARK, REESE",,,,,,,,Pending device allocation,"Unit 1202, 25 Example Street, Example District, Example City",+63 900 092 0921,For Repair,Support Technician A,N,,,,
EMP-0318,"TESTER, BLAIR","ExamplePad 11 Tablet (8GB, 128GB)",LT-100476,SYN-NXFGEDKL,,lt-100476,lt-100476,02:00:00:184:61:92,Laptop replacement - hardware fault on SYN-LT-100476,"Unit 1802, 14 Example Street, Example District, Example City",+63 900 318 3469,For Pickup,IT Support Queue,N,,,,
EMP-0795,"MILLER, PARKER","ExampleTower Mini (i7, 32GB, 1TB SSD)",LT-100541,SYN-QHME8J24,,lt-100541,lt-100541,02:00:00:120:147:126,Laptop replacement - hardware fault on SYN-LT-100541,"Unit 1602, 15 Example Street, Example District, Example City",+63 900 795 8177,Deployed,Support Technician A,Y,,,,
EMP-0211,"SAMPLE, REESE","ExampleStation 15 (i5, 16GB, 1TB HDD)",LT-100478,SYN-8U4A527V,,lt-100478,lt-100478,02:00:00:210:229:78,New starter onboarding - device SYN-LT-100478,"Unit 1402, 36 Example Street, Example District, Example City",+63 900 211 9466,For Repair,IT Support Queue,Y,,,,
EMP-0083,"BROWN, PARKER",,,,,,,,Pending device allocation,"Unit 3402, 34 Example Street, Example District, Example City",+63 900 083 6228,For Repair,Support Technician B,N,,,,
EMP-0542,"PLACEHOLDER, PARKER","ExampleView 27"" QHD Monitor",LT-100570,SYN-Q02HX93C,,lt-100570,lt-100570,02:00:00:187:249:143,Offboarding return and sanitization - SYN-LT-100570,"Unit 3902, 37 Example Street, Example District, Example City",+63 900 542 4434,Ready for Release,Support Technician A,Y,,,,
EMP-0425,"PLACEHOLDER, NOEL","ExamplePad 11 Tablet (8GB, 128GB)",LT-100059,SYN-ZKE0UZJ0,,lt-100059,lt-100059,02:00:00:134:153:92,Broken screen replacement - SYN-LT-100059,"Unit 2002, 75 Example Street, Example District, Example City",+63 900 425 0573,Deployed,IT Support Queue,N,,,,
EMP-0035,"PLACEHOLDER, PARKER","ExampleTower Mini (i7, 32GB, 1TB SSD)",LT-100567,SYN-6ZP06RU5,,lt-100567,lt-100567,02:00:00:103:175:88,Broken screen replacement - SYN-LT-100567,"Unit 902, 65 Example Street, Example District, Example City",+63 900 035 1410,Ready for Release,IT Support Queue,Y,,,,
EMP-0677,"MILLER, QUINN","ExampleView 27"" QHD Monitor",LT-100104,SYN-J3V7JJXN,,lt-100104,lt-100104,02:00:00:07:191:62,Offboarding return and sanitization - SYN-LT-100104,"Unit 1902, 4 Example Street, Example District, Example City",+63 900 677 3690,For Pickup,IT Support Queue,N,,,,
EMP-0094,"BROWN, GRAY","ExampleView 24"" IPS Monitor",LT-100310,SYN-LA5HWHU2,,lt-100310,lt-100310,02:00:00:121:08:151,Offboarding return and sanitization - SYN-LT-100310,"Unit 1302, 18 Example Street, Example District, Example City",+63 900 094 3853,For Pickup,IT Support Queue,Y,,,,
EMP-0044,"BROWN, SAWYER","ExampleTower Mini (i7, 32GB, 1TB SSD)",LT-100264,SYN-SGFYC0ZD,,lt-100264,lt-100264,02:00:00:252:65:83,Temporary loan for coverage period - SYN-LT-100264,"Unit 502, 59 Example Street, Example District, Example City",+63 900 044 6156,Ready for Release,IT Support Queue,N,,,,
EMP-0252,"SAMPLE, ELLIS","ExampleTower SFF (i5, 16GB, 512GB SSD)",LT-100301,SYN-QP1TL298,,lt-100301,lt-100301,02:00:00:58:227:241,Scheduled refresh of legacy device SYN-LT-100301,"Unit 3002, 66 Example Street, Example District, Example City",+63 900 252 8450,Ready for Release,Support Technician B,Y,,,,
EMP-0115,"TESTER, TATUM",,,,,,,,Pending device allocation,"Unit 2602, 33 Example Street, Example District, Example City",+63 900 115 2495,Deployed,Support Technician A,N,,,,
EMP-0251,"JOHNSON, TATUM","ExampleBook Air 13 (i7, 8GB, 256GB SSD)",LT-100413,SYN-X7HZ3KGL,,lt-100413,lt-100413,02:00:00:26:219:178,Temporary loan for coverage period - SYN-LT-100413,"Unit 302, 67 Example Street, Example District, Example City",+63 900 251 4758,Deployed,IT Support Queue,Y,,,,
EMP-0321,"SAMPLE, DANA","ExampleView 24"" IPS Monitor",LT-100491,SYN-3FM40DH6,,lt-100491,lt-100491,02:00:00:126:49:63,New starter onboarding - device SYN-LT-100491,"Unit 402, 41 Example Street, Example District, Example City",+63 900 321 2267,Retracted,IT Support Queue,N,,,,
EMP-0399,"BROWN, TATUM","ExampleView 27"" QHD Monitor",LT-100424,SYN-FJUSW78J,,lt-100424,lt-100424,02:00:00:155:80:112,New starter onboarding - device SYN-LT-100424,"Unit 602, 46 Example Street, Example District, Example City",+63 900 399 4864,For Repair,Support Technician A,N,,,,
EMP-0752,"MILLER, GRAY","ExampleTower Mini (i7, 32GB, 1TB SSD)",LT-100065,SYN-PACWMTZ1,,lt-100065,lt-100065,02:00:00:175:188:110,Temporary loan for coverage period - SYN-LT-100065,"Unit 1202, 28 Example Street, Example District, Example City",+63 900 752 8158,Deployed,Support Technician B,N,,,,
EMP-0292,"BROWN, KAI","ExampleBook Air 13 (i7, 8GB, 256GB SSD)",LT-100020,SYN-Y5K1EMMN,,lt-100020,lt-100020,02:00:00:62:252:130,Scheduled refresh of legacy device SYN-LT-100020,"Unit 3902, 54 Example Street, Example District, Example City",+63 900 292 3663,For Pickup,IT Support Queue,Y,,,,
EMP-0632,"DOE, BLAIR","ExampleView 24"" IPS Monitor",LT-100522,SYN-VH0KFRZG,,lt-100522,lt-100522,02:00:00:100:130:118,Offboarding return and sanitization - SYN-LT-100522,"Unit 1702, 82 Example Street, Example District, Example City",+63 900 632 7679,Retracted,IT Support Queue,N,,,,
EMP-0137,"WILLIAMS, TATUM","ExamplePad 11 Tablet (8GB, 128GB)",LT-100172,SYN-87VGQQWM,,lt-100172,lt-100172,02:00:00:67:39:195,Laptop replacement - hardware fault on SYN-LT-100172,"Unit 1502, 78 Example Street, Example District, Example City",+63 900 137 5395,Ready for Release,IT Support Queue,Y,,,,
EMP-0096,"SMITH, GRAY","ExampleTower SFF (i5, 16GB, 512GB SSD)",LT-100086,SYN-07V5KZTC,,lt-100086,lt-100086,02:00:00:131:21:164,New starter onboarding - device SYN-LT-100086,"Unit 202, 70 Example Street, Example District, Example City",+63 900 096 6372,Deployed,Support Technician A,Y,,,,
EMP-0088,"SAMPLE, MORGAN","ExampleStation 15 (i5, 16GB, 1TB HDD)",LT-100548,SYN-PR8L2KBL,,lt-100548,lt-100548,02:00:00:15:30:191,Scheduled refresh of legacy device SYN-LT-100548,"Unit 3202, 61 Example Street, Example District, Example City",+63 900 088 3520,For Repair,Support Technician B,N,,,,
EMP-0546,"JOHNSON, SAWYER",,,,,,,,Pending device allocation,"Unit 202, 10 Example Street, Example District, Example City",+63 900 546 5221,Ready for Release,Support Technician A,N,,,,
EMP-0183,"WILLIAMS, ALEX","ExampleTower SFF (i5, 16GB, 512GB SSD)",LT-100035,SYN-BPF0B7TC,,lt-100035,lt-100035,02:00:00:120:14:210,Broken screen replacement - SYN-LT-100035,"Unit 1002, 23 Example Street, Example District, Example City",+63 900 183 4051,Retracted,Support Technician B,Y,,,,
EMP-0212,"JOHNSON, FRANKIE","ExamplePad 11 Tablet (8GB, 128GB)",LT-100034,SYN-K1S6H3UH,,lt-100034,lt-100034,02:00:00:116:238:59,Laptop replacement - hardware fault on SYN-LT-100034,"Unit 1202, 16 Example Street, Example District, Example City",+63 900 212 6376,Deployed,Support Technician A,N,,,,
EMP-0339,"SMITH, GRAY","ExampleView 27"" QHD Monitor",LT-100237,SYN-1ZVJEY4P,,lt-100237,lt-100237,02:00:00:189:190:67,Offboarding return and sanitization - SYN-LT-100237,"Unit 502, 65 Example Street, Example District, Example City",+63 900 339 8173,For Pickup,IT Support Queue,Y,,,,
EMP-0747,"SMITH, HARPER","ExampleTower Mini (i7, 32GB, 1TB SSD)",LT-100388,SYN-VSRJ66WW,,lt-100388,lt-100388,02:00:00:134:155:46,Broken screen replacement - SYN-LT-100388,"Unit 2702, 32 Example Street, Example District, Example City",+63 900 747 8997,For Pickup,IT Support Queue,N,,,,
EMP-0063,"WILLIAMS, QUINN","ExampleTower Mini (i7, 32GB, 1TB SSD)",LT-100252,SYN-TTCK1TFF,,lt-100252,lt-100252,02:00:00:215:49:86,Scheduled refresh of legacy device SYN-LT-100252,"Unit 4002, 48 Example Street, Example District, Example City",+63 900 063 8152,For Repair,IT Support Queue,N,,,,
EMP-0186,"DOE, ALEX","ExampleStation 15 (i5, 16GB, 1TB HDD)",LT-100165,SYN-E6UHFBJG,,lt-100165,lt-100165,02:00:00:76:179:140,Laptop replacement - hardware fault on SYN-LT-100165,"Unit 3602, 52 Example Street, Example District, Example City",+63 900 186 2910,For Repair,Support Technician A,N,,,,
EMP-0772,"WILLIAMS, FRANKIE",,,,,,,,Pending device allocation,"Unit 3502, 27 Example Street, Example District, Example City",+63 900 772 6329,Ready for Release,Support Technician B,N,,,,
EMP-0109,"SAMPLE, JAMIE","ExampleView 27"" QHD Monitor",LT-100041,SYN-QLPCBH8R,,lt-100041,lt-100041,02:00:00:16:104:65,Scheduled refresh of legacy device SYN-LT-100041,"Unit 1202, 6 Example Street, Example District, Example City",+63 900 109 2704,For Repair,IT Support Queue,Y,,,,
EMP-0627,"CLARK, MORGAN","ExampleBook Air 13 (i7, 8GB, 256GB SSD)",LT-100106,SYN-J4LEZHZL,,lt-100106,lt-100106,02:00:00:64:17:66,Temporary loan for coverage period - SYN-LT-100106,"Unit 3702, 73 Example Street, Example District, Example City",+63 900 627 9029,For Repair,Support Technician A,Y,,,,
EMP-0055,"MILLER, FRANKIE","ExampleTower SFF (i5, 16GB, 512GB SSD)",LT-100137,SYN-VYDYV3JL,,lt-100137,lt-100137,02:00:00:186:07:164,Temporary loan for coverage period - SYN-LT-100137,"Unit 1102, 40 Example Street, Example District, Example City",+63 900 055 4242,For Pickup,Support Technician B,Y,,,,
EMP-0380,"JOHNSON, INDIGO","ExamplePad 11 Tablet (8GB, 128GB)",LT-100416,SYN-QRC1VL5R,,lt-100416,lt-100416,02:00:00:77:174:35,Temporary loan for coverage period - SYN-LT-100416,"Unit 202, 83 Example Street, Example District, Example City",+63 900 380 5992,Ready for Release,Support Technician B,N,,,,
EMP-0420,"PLACEHOLDER, REESE","ExampleStation 15 (i5, 16GB, 1TB HDD)",LT-100336,SYN-LTC1SSER,,lt-100336,lt-100336,02:00:00:99:142:45,New starter onboarding - device SYN-LT-100336,"Unit 1902, 18 Example Street, Example District, Example City",+63 900 420 0966,For Pickup,Support Technician A,N,,,,
EMP-0006,"SMITH, NOEL","ExampleBook Pro 14 (i5, 16GB, 512GB SSD)",LT-100437,SYN-9HWRJUYB,,lt-100437,lt-100437,02:00:00:154:09:12,Scheduled refresh of legacy device SYN-LT-100437,"Unit 1902, 55 Example Street, Example District, Example City",+63 900 006 1222,Ready for Release,Support Technician B,N,,,,
EMP-0533,"SAMPLE, NOEL","ExampleTower SFF (i5, 16GB, 512GB SSD)",LT-100315,SYN-69JR377D,,lt-100315,lt-100315,02:00:00:248:96:192,Temporary loan for coverage period - SYN-LT-100315,"Unit 102, 54 Example Street, Example District, Example City",+63 900 533 7649,Retracted,Support Technician B,Y,,,,
EMP-0237,"BROWN, NOEL",,,,,,,,Pending device allocation,"Unit 3102, 81 Example Street, Example District, Example City",+63 900 237 9819,For Repair,IT Support Queue,N,,,,
EMP-0667,"SAMPLE, JAMIE","ExampleStation 15 (i5, 16GB, 1TB HDD)",LT-100533,SYN-0NSLXQEY,,lt-100533,lt-100533,02:00:00:99:74:119,Laptop replacement - hardware fault on SYN-LT-100533,"Unit 4002, 38 Example Street, Example District, Example City",+63 900 667 3089,For Repair,Support Technician B,Y,,,,
EMP-0784,"PLACEHOLDER, FRANKIE","ExampleView 24"" IPS Monitor",LT-100405,SYN-9QVTD8YR,,lt-100405,lt-100405,02:00:00:128:248:104,Temporary loan for coverage period - SYN-LT-100405,"Unit 202, 80 Example Street, Example District, Example City",+63 900 784 7393,Ready for Release,Support Technician B,N,,,,
EMP-0299,"BROWN, NOEL","ExampleView 24"" IPS Monitor",LT-100116,SYN-Y0JT39EA,,lt-100116,lt-100116,02:00:00:239:33:240,Broken screen replacement - SYN-LT-100116,"Unit 3602, 63 Example Street, Example District, Example City",+63 900 299 6347,For Repair,Support Technician A,N,,,,
EMP-0750,"TESTER, CASEY","ExampleStation 15 (i5, 16GB, 1TB HDD)",LT-100384,SYN-1746L351,,lt-100384,lt-100384,02:00:00:68:200:19,New starter onboarding - device SYN-LT-100384,"Unit 2202, 83 Example Street, Example District, Example City",+63 900 750 1026,Retracted,Support Technician A,N,,,,
EMP-0114,"TESTER, LEE","ExamplePad 11 Tablet (8GB, 128GB)",LT-100413,SYN-LZ3WY7EA,,lt-100413,lt-100413,02:00:00:22:78:167,Temporary loan for coverage period - SYN-LT-100413,"Unit 1502, 88 Example Street, Example District, Example City",+63 900 114 5477,Deployed,Support Technician A,N,,,,
EMP-0486,"SMITH, REESE","ExamplePad 11 Tablet (8GB, 128GB)",LT-100324,SYN-NMZXFVXY,,lt-100324,lt-100324,02:00:00:87:193:205,Temporary loan for coverage period - SYN-LT-100324,"Unit 3802, 85 Example Street, Example District, Example City",+63 900 486 3692,For Pickup,Support Technician A,Y,,,,
EMP-0035,"PLACEHOLDER, PARKER","ExampleBook Pro 14 (i5, 16GB, 512GB SSD)",LT-100379,SYN-3RBS7RS4,,lt-100379,lt-100379,02:00:00:245:11:31,Scheduled refresh of legacy device SYN-LT-100379,"Unit 3202, 60 Example Street, Example District, Example City",+63 900 035 1410,Retracted,Support Technician A,N,,,,
EMP-0517,"SAMPLE, JAMIE","ExampleBook Air 13 (i7, 8GB, 256GB SSD)",LT-100364,SYN-ASQQQZBH,,lt-100364,lt-100364,02:00:00:209:19:48,Scheduled refresh of legacy device SYN-LT-100364,"Unit 3202, 73 Example Street, Example District, Example City",+63 900 517 0817,Deployed,IT Support Queue,Y,,,,
EMP-0193,"JOHNSON, PARKER","ExamplePad 11 Tablet (8GB, 128GB)",LT-100016,SYN-CM3R3A3K,,lt-100016,lt-100016,02:00:00:208:59:137,Scheduled refresh of legacy device SYN-LT-100016,"Unit 2302, 53 Example Street, Example District, Example City",+63 900 193 6444,Retracted,Support Technician A,N,,,,
EMP-0454,"DOE, OAKLEY","ExampleBook Air 13 (i7, 8GB, 256GB SSD)",LT-100332,SYN-PT95A76R,,lt-100332,lt-100332,02:00:00:145:65:171,Offboarding return and sanitization - SYN-LT-100332,"Unit 3002, 67 Example Street, Example District, Example City",+63 900 454 8610,For Repair,Support Technician A,Y,,,,
EMP-0301,"TESTER, MORGAN","ExampleTower SFF (i5, 16GB, 512GB SSD)",LT-100337,SYN-LBRQTS3S,,lt-100337,lt-100337,02:00:00:57:116:102,Offboarding return and sanitization - SYN-LT-100337,"Unit 1902, 5 Example Street, Example District, Example City",+63 900 301 9185,Retracted,IT Support Queue,N,,,,
EMP-0735,"TESTER, HARPER","ExampleBook Pro 14 (i5, 16GB, 512GB SSD)",LT-100453,SYN-LNBALQQ7,,lt-100453,lt-100453,02:00:00:158:59:109,Scheduled refresh of legacy device SYN-LT-100453,"Unit 402, 15 Example Street, Example District, Example City",+63 900 735 2322,For Pickup,IT Support Queue,N,,,,
EMP-0758,"DOE, QUINN","ExampleView 24"" IPS Monitor",LT-100464,SYN-M0ZF6C7B,,lt-100464,lt-100464,02:00:00:86:128:31,Offboarding return and sanitization - SYN-LT-100464,"Unit 3502, 87 Example Street, Example District, Example City",+63 900 758 9979,For Repair,IT Support Queue,Y,,,,
EMP-0559,"CLARK, CASEY",,,,,,,,Pending device allocation,"Unit 1202, 72 Example Street, Example District, Example City",+63 900 559 2041,Ready for Release,Support Technician A,N,,,,
EMP-0256,"WILLIAMS, DANA","ExampleStation 15 (i5, 16GB, 1TB HDD)",LT-100493,SYN-06XWMWCX,,lt-100493,lt-100493,02:00:00:123:230:216,Broken screen replacement - SYN-LT-100493,"Unit 1302, 80 Example Street, Example District, Example City",+63 900 256 1216,Ready for Release,Support Technician A,Y,,,,
EMP-0145,"WILLIAMS, TATUM","ExampleTower SFF (i5, 16GB, 512GB SSD)",LT-100029,SYN-0Z5NHLU4,,lt-100029,lt-100029,02:00:00:42:185:21,Laptop replacement - hardware fault on SYN-LT-100029,"Unit 3502, 77 Example Street, Example District, Example City",+63 900 145 8756,Retracted,IT Support Queue,Y,,,,
EMP-0233,"DOE, ALEX","ExamplePad 11 Tablet (8GB, 128GB)",LT-100121,SYN-16UZHSR0,,lt-100121,lt-100121,02:00:00:34:25:69,Temporary loan for coverage period - SYN-LT-100121,"Unit 1002, 55 Example Street, Example District, Example City",+63 900 233 8251,For Pickup,Support Technician A,Y,,,,
EMP-0140,"TESTER, LEE","ExampleView 24"" IPS Monitor",LT-100020,SYN-0UZE8DDP,,lt-100020,lt-100020,02:00:00:85:137:161,New starter onboarding - device SYN-LT-100020,"Unit 2402, 16 Example Street, Example District, Example City",+63 900 140 1942,Deployed,Support Technician A,N,,,,
EMP-0024,"BROWN, KAI","ExampleStation 15 (i5, 16GB, 1TB HDD)",LT-100242,SYN-QB218N94,,lt-100242,lt-100242,02:00:00:47:246:179,Temporary loan for coverage period - SYN-LT-100242,"Unit 1102, 56 Example Street, Example District, Example City",+63 900 024 3651,Ready for Release,IT Support Queue,Y,,,,
EMP-0441,"BROWN, KAI","ExamplePad 11 Tablet (8GB, 128GB)",LT-100464,SYN-FHV2DCHA,,lt-100464,lt-100464,02:00:00:129:178:09,Broken screen replacement - SYN-LT-100464,"Unit 2002, 85 Example Street, Example District, Example City",+63 900 441 0296,Ready for Release,IT Support Queue,N,,,,
EMP-0445,"JOHNSON, FRANKIE","ExampleBook Pro 14 (i5, 16GB, 512GB SSD)",LT-100163,SYN-KV2JP18Y,,lt-100163,lt-100163,02:00:00:33:101:74,Temporary loan for coverage period - SYN-LT-100163,"Unit 3302, 76 Example Street, Example District, Example City",+63 900 445 6867,Retracted,Support Technician A,Y,,,,
EMP-0787,"BROWN, GRAY","ExampleBook Pro 14 (i5, 16GB, 512GB SSD)",LT-100121,SYN-GMHCB6XX,,lt-100121,lt-100121,02:00:00:62:234:06,Broken screen replacement - SYN-LT-100121,"Unit 1302, 88 Example Street, Example District, Example City",+63 900 787 3094,Ready for Release,Support Technician A,N,,,,
EMP-0131,"CLARK, FRANKIE","ExampleView 24"" IPS Monitor",LT-100451,SYN-C2Z0BTRN,,lt-100451,lt-100451,02:00:00:21:14:51,Laptop replacement - hardware fault on SYN-LT-100451,"Unit 1102, 56 Example Street, Example District, Example City",+63 900 131 4649,Ready for Release,IT Support Queue,Y,,,,
EMP-0198,"SMITH, GRAY","ExampleBook Pro 14 (i5, 16GB, 512GB SSD)",LT-100295,SYN-LJBTWQJK,,lt-100295,lt-100295,02:00:00:195:75:241,Broken screen replacement - SYN-LT-100295,"Unit 3502, 17 Example Street, Example District, Example City",+63 900 198 5757,Retracted,Support Technician A,Y,,,,
EMP-0744,"SAMPLE, FRANKIE","ExampleTower SFF (i5, 16GB, 512GB SSD)",LT-100254,SYN-ELRK4457,,lt-100254,lt-100254,02:00:00:27:191:192,Offboarding return and sanitization - SYN-LT-100254,"Unit 602, 66 Example Street, Example District, Example City",+63 900 744 1246,Ready for Release,IT Support Queue,Y,,,,
EMP-0777,"JOHNSON, DANA","ExampleTower Mini (i7, 32GB, 1TB SSD)",LT-100004,SYN-23F6334V,,lt-100004,lt-100004,02:00:00:195:166:103,Laptop replacement - hardware fault on SYN-LT-100004,"Unit 1302, 38 Example Street, Example District, Example City",+63 900 777 2126,Deployed,Support Technician A,Y,,,,
EMP-0699,"PLACEHOLDER, BLAIR","ExampleBook Air 13 (i7, 8GB, 256GB SSD)",LT-100245,SYN-H6JQNL73,,lt-100245,lt-100245,02:00:00:18:80:240,Temporary loan for coverage period - SYN-LT-100245,"Unit 2602, 15 Example Street, Example District, Example City",+63 900 699 5891,For Repair,Support Technician B,Y,,,,
EMP-0752,"MILLER, GRAY","ExampleView 27"" QHD Monitor",LT-100095,SYN-4ZFYT90S,,lt-100095,lt-100095,02:00:00:135:88:170,Temporary loan for coverage period - SYN-LT-100095,"Unit 302, 52 Example Street, Example District, Example City",+63 900 752 8158,For Pickup,Support Technician B,Y,,,,
EMP-0119,"SAMPLE, LEE","ExampleBook Air 13 (i7, 8GB, 256GB SSD)",LT-100363,SYN-W3VGPF2P,,lt-100363,lt-100363,02:00:00:111:115:202,Laptop replacement - hardware fault on SYN-LT-100363,"Unit 1002, 20 Example Street, Example District, Example City",+63 900 119 0653,Ready for Release,Support Technician A,N,,,,
EMP-0467,"SMITH, MORGAN","ExampleBook Air 13 (i7, 8GB, 256GB SSD)",LT-100499,SYN-HXRRZC0X,,lt-100499,lt-100499,02:00:00:229:71:56,Laptop replacement - hardware fault on SYN-LT-100499,"Unit 702, 81 Example Street, Example District, Example City",+63 900 467 4320,Deployed,Support Technician B,Y,,,,
EMP-0615,"WILLIAMS, KAI",,,,,,,,Pending device allocation,"Unit 1502, 56 Example Street, Example District, Example City",+63 900 615 5738,Deployed,IT Support Queue,N,,,,
EMP-0599,"SMITH, JAMIE","ExampleBook Pro 14 (i5, 16GB, 512GB SSD)",LT-100083,SYN-B58VS4QW,,lt-100083,lt-100083,02:00:00:56:145:54,New starter onboarding - device SYN-LT-100083,"Unit 3402, 74 Example Street, Example District, Example City",+63 900 599 5769,For Pickup,IT Support Queue,Y,,,,
EMP-0593,"SAMPLE, LEE","ExampleTower SFF (i5, 16GB, 512GB SSD)",LT-100214,SYN-2QCCGAP1,,lt-100214,lt-100214,02:00:00:116:60:142,Scheduled refresh of legacy device SYN-LT-100214,"Unit 2002, 27 Example Street, Example District, Example City",+63 900 593 2814,Deployed,Support Technician B,Y,,,,
EMP-0116,"CLARK, JAMIE","ExampleTower SFF (i5, 16GB, 512GB SSD)",LT-100039,SYN-3FV6DCKD,,lt-100039,lt-100039,02:00:00:14:69:197,Offboarding return and sanitization - SYN-LT-100039,"Unit 302, 69 Example Street, Example District, Example City",+63 900 116 0754,Ready for Release,IT Support Queue,N,,,,
EMP-0522,"TESTER, JAMIE","ExamplePad 11 Tablet (8GB, 128GB)",LT-100000,SYN-T2HCARFN,,lt-100000,lt-100000,02:00:00:05:37:129,Offboarding return and sanitization - SYN-LT-100000,"Unit 2502, 34 Example Street, Example District, Example City",+63 900 522 1390,Ready for Release,IT Support Queue,Y,,,,
EMP-0315,"DOE, REESE",,,,,,,,Pending device allocation,"Unit 1302, 71 Example Street, Example District, Example City",+63 900 315 6506,Retracted,Support Technician A,N,,,,
EMP-0666,"DOE, MORGAN",,,,,,,,Pending device allocation,"Unit 1902, 14 Example Street, Example District, Example City",+63 900 666 0941,For Repair,Support Technician B,N,,,,
EMP-0130,"CLARK, INDIGO","ExampleStation 15 (i5, 16GB, 1TB HDD)",LT-100013,SYN-KANBYYAC,,lt-100013,lt-100013,02:00:00:87:64:197,Temporary loan for coverage period - SYN-LT-100013,"Unit 802, 5 Example Street, Example District, Example City",+63 900 130 8013,For Pickup,Support Technician A,N,,,,
EMP-0275,"TESTER, QUINN","ExampleView 27"" QHD Monitor",LT-100543,SYN-KK2LRKY4,,lt-100543,lt-100543,02:00:00:103:22:174,Laptop replacement - hardware fault on SYN-LT-100543,"Unit 1902, 13 Example Street, Example District, Example City",+63 900 275 1094,Ready for Release,IT Support Queue,N,,,,
EMP-0027,"SAMPLE, BLAIR","ExampleView 27"" QHD Monitor",LT-100061,SYN-99879X57,,lt-100061,lt-100061,02:00:00:49:52:177,New starter onboarding - device SYN-LT-100061,"Unit 3602, 85 Example Street, Example District, Example City",+63 900 027 6383,For Repair,IT Support Queue,Y,,,,
EMP-0735,"TESTER, HARPER","ExampleTower SFF (i5, 16GB, 512GB SSD)",LT-100354,SYN-AHBX51NA,,lt-100354,lt-100354,02:00:00:151:147:62,Laptop replacement - hardware fault on SYN-LT-100354,"Unit 1302, 55 Example Street, Example District, Example City",+63 900 735 2322,Deployed,Support Technician A,N,,,,
EMP-0767,"SAMPLE, REESE","ExampleView 24"" IPS Monitor",LT-100559,SYN-LD9DQNUM,,lt-100559,lt-100559,02:00:00:45:199:194,New starter onboarding - device SYN-LT-100559,"Unit 3602, 21 Example Street, Example District, Example City",+63 900 767 7020,Deployed,Support Technician B,Y,,,,
EMP-0386,"MILLER, INDIGO",,,,,,,,Pending device allocation,"Unit 1802, 64 Example Street, Example District, Example City",+63 900 386 0898,Retracted,Support Technician B,N,,,,
EMP-0483,"SAMPLE, HARPER","ExampleBook Pro 14 (i5, 16GB, 512GB SSD)",LT-100338,SYN-36JWPN37,,lt-100338,lt-100338,02:00:00:172:63:172,New starter onboarding - device SYN-LT-100338,"Unit 1002, 23 Example Street, Example District, Example City",+63 900 483 4025,Deployed,Support Technician A,Y,,,,
EMP-0419,"DOE, TATUM","ExampleBook Air 13 (i7, 8GB, 256GB SSD)",LT-100080,SYN-VKXYRSM9,,lt-100080,lt-100080,02:00:00:70:243:152,Offboarding return and sanitization - SYN-LT-100080,"Unit 3902, 70 Example Street, Example District, Example City",+63 900 419 1572,For Repair,Support Technician B,Y,,,,
EMP-0597,"DOE, LEE","ExampleBook Air 13 (i7, 8GB, 256GB SSD)",LT-100454,SYN-HU0GGGAC,,lt-100454,lt-100454,02:00:00:98:31:63,Temporary loan for coverage period - SYN-LT-100454,"Unit 702, 24 Example Street, Example District, Example City",+63 900 597 4599,Retracted,Support Technician A,Y,,,,
EMP-0347,"CLARK, TATUM",,,,,,,,Pending device allocation,"Unit 802, 65 Example Street, Example District, Example City",+63 900 347 3143,Deployed,Support Technician A,N,,,,
EMP-0326,"CLARK, SAWYER","ExampleTower SFF (i5, 16GB, 512GB SSD)",LT-100524,SYN-9EC6J9D0,,lt-100524,lt-100524,02:00:00:183:166:104,New starter onboarding - device SYN-LT-100524,"Unit 302, 7 Example Street, Example District, Example City",+63 900 326 3791,For Pickup,Support Technician A,Y,,,,
EMP-0707,"MILLER, ALEX","ExampleView 27"" QHD Monitor",LT-100064,SYN-XN9G6673,,lt-100064,lt-100064,02:00:00:204:96:212,Laptop replacement - hardware fault on SYN-LT-100064,"Unit 3902, 14 Example Street, Example District, Example City",+63 900 707 0771,For Pickup,Support Technician B,N,,,,
EMP-0536,"PLACEHOLDER, PARKER","ExampleBook Pro 14 (i5, 16GB, 512GB SSD)",LT-100474,SYN-0W5CP7FU,,lt-100474,lt-100474,02:00:00:238:231:244,Laptop replacement - hardware fault on SYN-LT-100474,"Unit 3502, 21 Example Street, Example District, Example City",+63 900 536 9255,Retracted,IT Support Queue,Y,,,,
EMP-0380,"JOHNSON, INDIGO","ExampleView 24"" IPS Monitor",LT-100361,SYN-B2E9ELZF,,lt-100361,lt-100361,02:00:00:79:145:62,Temporary loan for coverage period - SYN-LT-100361,"Unit 2402, 70 Example Street, Example District, Example City",+63 900 380 5992,Retracted,Support Technician B,Y,,,,
EMP-0800,"CLARK, REESE",,,,,,,,Pending device allocation,"Unit 2902, 86 Example Street, Example District, Example City",+63 900 800 3881,For Pickup,IT Support Queue,N,,,,
EMP-0693,"JOHNSON, QUINN",,,,,,,,Pending device allocation,"Unit 602, 45 Example Street, Example District, Example City",+63 900 693 3586,For Pickup,IT Support Queue,N,,,,
EMP-0096,"SMITH, GRAY","ExampleTower Mini (i7, 32GB, 1TB SSD)",LT-100358,SYN-SRHJMMYJ,,lt-100358,lt-100358,02:00:00:79:04:157,Temporary loan for coverage period - SYN-LT-100358,"Unit 3602, 82 Example Street, Example District, Example City",+63 900 096 6372,Ready for Release,Support Technician A,N,,,,
EMP-0593,"SAMPLE, LEE","ExampleTower SFF (i5, 16GB, 512GB SSD)",LT-100341,SYN-53S1VYC7,,lt-100341,lt-100341,02:00:00:08:140:54,Broken screen replacement - SYN-LT-100341,"Unit 1002, 34 Example Street, Example District, Example City",+63 900 593 2814,Deployed,IT Support Queue,Y,,,,
EMP-0203,"SAMPLE, INDIGO","ExampleTower SFF (i5, 16GB, 512GB SSD)",LT-100406,SYN-DMNBGVV0,,lt-100406,lt-100406,02:00:00:58:170:84,Scheduled refresh of legacy device SYN-LT-100406,"Unit 1802, 2 Example Street, Example District, Example City",+63 900 203 7711,Ready for Release,IT Support Queue,Y,,,,
EMP-0576,"JOHNSON, SAWYER","ExamplePad 11 Tablet (8GB, 128GB)",LT-100245,SYN-T9FAUUJT,,lt-100245,lt-100245,02:00:00:175:240:220,New starter onboarding - device SYN-LT-100245,"Unit 1602, 62 Example Street, Example District, Example City",+63 900 576 7557,Deployed,IT Support Queue,Y,,,,
EMP-0183,"WILLIAMS, ALEX","ExampleTower Mini (i7, 32GB, 1TB SSD)",LT-100289,SYN-90MDW6AC,,lt-100289,lt-100289,02:00:00:237:51:160,Temporary loan for coverage period - SYN-LT-100289,"Unit 4002, 53 Example Street, Example District, Example City",+63 900 183 4051,For Pickup,Support Technician B,Y,,,,
EMP-0353,"DOE, PARKER","ExampleView 24"" IPS Monitor",LT-100275,SYN-6DMPN62G,,lt-100275,lt-100275,02:00:00:232:149:33,Temporary loan for coverage period - SYN-LT-100275,"Unit 202, 32 Example Street, Example District, Example City",+63 900 353 6249,Deployed,Support Technician A,N,,,,
EMP-0229,"SMITH, ELLIS","ExampleView 27"" QHD Monitor",LT-100206,SYN-QEZGWYYP,,lt-100206,lt-100206,02:00:00:233:232:227,Broken screen replacement - SYN-LT-100206,"Unit 802, 66 Example Street, Example District, Example City",+63 900 229 2978,Deployed,IT Support Queue,N,,,,
EMP-0600,"MILLER, TATUM","ExampleBook Pro 14 (i5, 16GB, 512GB SSD)",LT-100184,SYN-94JHET2P,,lt-100184,lt-100184,02:00:00:139:254:81,Temporary loan for coverage period - SYN-LT-100184,"Unit 1002, 78 Example Street, Example District, Example City",+63 900 600 1102,Retracted,Support Technician A,Y,,,,
EMP-0271,"BROWN, KAI","ExampleStation 15 (i5, 16GB, 1TB HDD)",LT-100079,SYN-QJJAB1XX,,lt-100079,lt-100079,02:00:00:238:232:142,Temporary loan for coverage period - SYN-LT-100079,"Unit 502, 73 Example Street, Example District, Example City",+63 900 271 3048,For Repair,IT Support Queue,Y,,,,
EMP-0135,"DOE, ELLIS","ExampleBook Pro 14 (i5, 16GB, 512GB SSD)",LT-100430,SYN-R0VLTJ66,,lt-100430,lt-100430,02:00:00:230:20:119,Scheduled refresh of legacy device SYN-LT-100430,"Unit 2302, 77 Example Street, Example District, Example City",+63 900 135 3620,Retracted,Support Technician B,Y,,,,
EMP-0063,"WILLIAMS, QUINN","ExampleTower Mini (i7, 32GB, 1TB SSD)",LT-100410,SYN-WBTZT39B,,lt-100410,lt-100410,02:00:00:34:75:97,Laptop replacement - hardware fault on SYN-LT-100410,"Unit 1902, 33 Example Street, Example District, Example City",+63 900 063 8152,Deployed,Support Technician A,N,,,,
EMP-0573,"SMITH, SAWYER","ExampleBook Pro 14 (i5, 16GB, 512GB SSD)",LT-100518,SYN-DV6A95LX,,lt-100518,lt-100518,02:00:00:125:225:172,Offboarding return and sanitization - SYN-LT-100518,"Unit 402, 10 Example Street, Example District, Example City",+63 900 573 2713,Deployed,Support Technician A,Y,,,,
EMP-0614,"DOE, REESE","ExampleTower Mini (i7, 32GB, 1TB SSD)",LT-100178,SYN-7ZS51599,,lt-100178,lt-100178,02:00:00:238:241:102,Temporary loan for coverage period - SYN-LT-100178,"Unit 2402, 15 Example Street, Example District, Example City",+63 900 614 1429,Deployed,Support Technician A,Y,,,,
EMP-0101,"CLARK, HARPER",,,,,,,,Pending device allocation,"Unit 1302, 20 Example Street, Example District, Example City",+63 900 101 6568,Ready for Release,IT Support Queue,N,,,,
EMP-0003,"WILLIAMS, LEE","ExampleView 24"" IPS Monitor",LT-100470,SYN-ZCDY0BLY,,lt-100470,lt-100470,02:00:00:135:62:235,Broken screen replacement - SYN-LT-100470,"Unit 1902, 23 Example Street, Example District, Example City",+63 900 003 2139,Deployed,Support Technician B,Y,,,,
EMP-0163,"CLARK, MORGAN","ExampleTower Mini (i7, 32GB, 1TB SSD)",LT-100538,SYN-YV1QQXLB,,lt-100538,lt-100538,02:00:00:56:95:230,Temporary loan for coverage period - SYN-LT-100538,"Unit 3902, 25 Example Street, Example District, Example City",+63 900 163 8658,Deployed,Support Technician B,Y,,,,
EMP-0164,"SMITH, QUINN","ExampleView 24"" IPS Monitor",LT-100599,SYN-8L2QFCUN,,lt-100599,lt-100599,02:00:00:162:45:147,Laptop replacement - hardware fault on SYN-LT-100599,"Unit 1202, 11 Example Street, Example District, Example City",+63 900 164 9652,Retracted,IT Support Queue,Y,,,,
EMP-0710,"TESTER, SAWYER","ExampleView 24"" IPS Monitor",LT-100590,SYN-5XN2ZTL7,,lt-100590,lt-100590,02:00:00:30:83:175,Temporary loan for coverage period - SYN-LT-100590,"Unit 402, 36 Example Street, Example District, Example City",+63 900 710 3911,Deployed,Support Technician B,Y,,,,
EMP-0478,"SAMPLE, SAWYER","ExampleStation 15 (i5, 16GB, 1TB HDD)",LT-100583,SYN-P84HEPTH,,lt-100583,lt-100583,02:00:00:62:65:232,New starter onboarding - device SYN-LT-100583,"Unit 902, 85 Example Street, Example District, Example City",+63 900 478 4546,Deployed,Support Technician A,N,,,,
EMP-0664,"SMITH, SAWYER","ExampleTower Mini (i7, 32GB, 1TB SSD)",LT-100514,SYN-XVZA2F95,,lt-100514,lt-100514,02:00:00:70:220:86,Scheduled refresh of legacy device SYN-LT-100514,"Unit 2502, 1 Example Street, Example District, Example City",+63 900 664 4557,Ready for Release,IT Support Queue,Y,,,,
EMP-0696,"SAMPLE, INDIGO",,,,,,,,Pending device allocation,"Unit 3202, 78 Example Street, Example District, Example City",+63 900 696 7779,Ready for Release,Support Technician A,N,,,,
EMP-0796,"PLACEHOLDER, LEE",,,,,,,,Pending device allocation,"Unit 402, 49 Example Street, Example District, Example City",+63 900 796 9108,For Pickup,IT Support Queue,N,,,,
EMP-0479,"BROWN, MORGAN","ExampleBook Air 13 (i7, 8GB, 256GB SSD)",LT-100544,SYN-Y325HY1Q,,lt-100544,lt-100544,02:00:00:147:254:00,Offboarding return and sanitization - SYN-LT-100544,"Unit 1702, 89 Example Street, Example District, Example City",+63 900 479 7690,Retracted,Support Technician A,Y,,,,
EMP-0695,"DOE, SAWYER",,,,,,,,Pending device allocation,"Unit 1102, 6 Example Street, Example District, Example City",+63 900 695 0165,For Pickup,Support Technician B,N,,,,
EMP-0196,"MILLER, BLAIR","ExamplePad 11 Tablet (8GB, 128GB)",LT-100156,SYN-X82G7VNS,,lt-100156,lt-100156,02:00:00:165:08:106,Offboarding return and sanitization - SYN-LT-100156,"Unit 3102, 67 Example Street, Example District, Example City",+63 900 196 0570,For Pickup,Support Technician A,Y,,,,
EMP-0130,"CLARK, INDIGO","ExampleView 27"" QHD Monitor",LT-100525,SYN-AX3WUMJX,,lt-100525,lt-100525,02:00:00:128:188:215,Offboarding return and sanitization - SYN-LT-100525,"Unit 902, 44 Example Street, Example District, Example City",+63 900 130 8013,Retracted,Support Technician A,N,,,,
EMP-0273,"BROWN, FRANKIE","ExampleView 24"" IPS Monitor",LT-100076,SYN-CE4R5XGD,,lt-100076,lt-100076,02:00:00:117:53:191,New starter onboarding - device SYN-LT-100076,"Unit 402, 3 Example Street, Example District, Example City",+63 900 273 2037,For Repair,Support Technician B,Y,,,,
EMP-0400,"WILLIAMS, QUINN","ExampleView 24"" IPS Monitor",LT-100199,SYN-V5VNXFNR,,lt-100199,lt-100199,02:00:00:104:194:36,Offboarding return and sanitization - SYN-LT-100199,"Unit 1002, 10 Example Street, Example District, Example City",+63 900 400 6111,For Pickup,Support Technician A,Y,,,,
EMP-0751,"SAMPLE, ELLIS","ExampleBook Pro 14 (i5, 16GB, 512GB SSD)",LT-100398,SYN-36A61FEX,,lt-100398,lt-100398,02:00:00:33:233:155,Laptop replacement - hardware fault on SYN-LT-100398,"Unit 1102, 35 Example Street, Example District, Example City",+63 900 751 2227,For Repair,Support Technician B,Y,,,,
EMP-0313,"PLACEHOLDER, ELLIS","ExampleTower SFF (i5, 16GB, 512GB SSD)",LT-100200,SYN-ZS68FFR7,,lt-100200,lt-100200,02:00:00:124:125:140,Broken screen replacement - SYN-LT-100200,"Unit 1002, 17 Example Street, Example District, Example City",+63 900 313 7791,Deployed,Support Technician B,N,,,,
EMP-0036,"MILLER, HARPER","ExampleView 24"" IPS Monitor",LT-100461,SYN-H1949WL2,,lt-100461,lt-100461,02:00:00:13:126:50,Scheduled refresh of legacy device SYN-LT-100461,"Unit 1502, 25 Example Street, Example District, Example City",+63 900 036 5371,Retracted,IT Support Queue,Y,,,,
EMP-0639,"DOE, REESE","ExampleBook Air 13 (i7, 8GB, 256GB SSD)",LT-100248,SYN-KSNMHG2Q,,lt-100248,lt-100248,02:00:00:254:94:66,Scheduled refresh of legacy device SYN-LT-100248,"Unit 402, 71 Example Street, Example District, Example City",+63 900 639 0279,For Pickup,Support Technician A,N,,,,
EMP-0537,"BROWN, GRAY",,,,,,,,Pending device allocation,"Unit 4002, 26 Example Street, Example District, Example City",+63 900 537 4959,For Pickup,Support Technician A,N,,,,
EMP-0549,"MILLER, LEE","ExamplePad 11 Tablet (8GB, 128GB)",LT-100210,SYN-LCQN432Z,,lt-100210,lt-100210,02:00:00:104:166:210,Scheduled refresh of legacy device SYN-LT-100210,"Unit 602, 54 Example Street, Example District, Example City",+63 900 549 0703,Deployed,Support Technician B,N,,,,
EMP-0475,"JOHNSON, KAI","ExampleBook Air 13 (i7, 8GB, 256GB SSD)",LT-100396,SYN-LXGNMUS7,,lt-100396,lt-100396,02:00:00:12:123:48,New starter onboarding - device SYN-LT-100396,"Unit 3502, 87 Example Street, Example District, Example City",+63 900 475 5886,Deployed,IT Support Queue,Y,,,,
EMP-0588,"CLARK, QUINN","ExampleBook Air 13 (i7, 8GB, 256GB SSD)",LT-100443,SYN-AAAZPJQ2,,lt-100443,lt-100443,02:00:00:232:201:62,New starter onboarding - device SYN-LT-100443,"Unit 1502, 5 Example Street, Example District, Example City",+63 900 588 6869,Deployed,Support Technician B,Y,,,,
EMP-0178,"BROWN, ELLIS",,,,,,,,Pending device allocation,"Unit 2802, 80 Example Street, Example District, Example City",+63 900 178 6613,For Pickup,Support Technician B,N,,,,
EMP-0553,"MILLER, GRAY","ExampleView 27"" QHD Monitor",LT-100294,SYN-2TK5TZ24,,lt-100294,lt-100294,02:00:00:03:166:136,Scheduled refresh of legacy device SYN-LT-100294,"Unit 502, 88 Example Street, Example District, Example City",+63 900 553 8931,For Repair,IT Support Queue,Y,,,,
EMP-0299,"BROWN, NOEL","ExampleTower Mini (i7, 32GB, 1TB SSD)",LT-100598,SYN-JBLT4KJ0,,lt-100598,lt-100598,02:00:00:147:17:77,Broken screen replacement - SYN-LT-100598,"Unit 3902, 64 Example Street, Example District, Example City",+63 900 299 6347,For Repair,IT Support Queue,Y,,,,
EMP-0676,"SMITH, GRAY","ExampleView 27"" QHD Monitor",LT-100269,SYN-MN4EM0PS,,lt-100269,lt-100269,02:00:00:135:220:119,Laptop replacement - hardware fault on SYN-LT-100269,"Unit 3802, 1 Example Street, Example District, Example City",+63 900 676 1052,Deployed,Support Technician B,Y,,,,
EMP-0676,"SMITH, GRAY","ExampleTower SFF (i5, 16GB, 512GB SSD)",LT-100216,SYN-5DCZGNY1,,lt-100216,lt-100216,02:00:00:132:145:207,Laptop replacement - hardware fault on SYN-LT-100216,"Unit 202, 41 Example Street, Example District, Example City",+63 900 676 1052,Ready for Release,IT Support Queue,Y,,,,
EMP-0284,"TESTER, FRANKIE","ExamplePad 11 Tablet (8GB, 128GB)",LT-100023,SYN-R2B2R0W0,,lt-100023,lt-100023,02:00:00:76:60:185,Temporary loan for coverage period - SYN-LT-100023,"Unit 3202, 1 Example Street, Example District, Example City",+63 900 284 6416,Retracted,Support Technician B,N,,,,
EMP-0321,"SAMPLE, DANA","ExampleView 27"" QHD Monitor",LT-100515,SYN-UW2EDJST,,lt-100515,lt-100515,02:00:00:25:221:138,Broken screen replacement - SYN-LT-100515,"Unit 2702, 61 Example Street, Example District, Example City",+63 900 321 2267,Deployed,Support Technician A,N,,,,
EMP-0737,"WILLIAMS, QUINN","ExampleStation 15 (i5, 16GB, 1TB HDD)",LT-100059,SYN-AEYG167Z,,lt-100059,lt-100059,02:00:00:166:42:29,Laptop replacement - hardware fault on SYN-LT-100059,"Unit 3802, 63 Example Street, Example District, Example City",+63 900 737 8280,Retracted,Support Technician B,Y,,,,
EMP-0301,"TESTER, MORGAN","ExampleBook Air 13 (i7, 8GB, 256GB SSD)",LT-100283,SYN-C6MWDUXH,,lt-100283,lt-100283,02:00:00:70:220:105,Broken screen replacement - SYN-LT-100283,"Unit 1002, 51 Example Street, Example District, Example City",+63 900 301 9185,Ready for Release,Support Technician A,Y,,,,
EMP-0708,"CLARK, FRANKIE","ExampleStation 15 (i5, 16GB, 1TB HDD)",LT-100577,SYN-78FHCNDD,,lt-100577,lt-100577,02:00:00:36:04:84,New starter onboarding - device SYN-LT-100577,"Unit 1302, 86 Example Street, Example District, Example City",+63 900 708 5503,Retracted,Support Technician A,Y,,,,
EMP-0218,"CLARK, FRANKIE","ExamplePad 11 Tablet (8GB, 128GB)",LT-100494,SYN-DGN4W3D5,,lt-100494,lt-100494,02:00:00:88:228:128,Offboarding return and sanitization - SYN-LT-100494,"Unit 1302, 75 Example Street, Example District, Example City",+63 900 218 4024,Deployed,Support Technician B,N,,,,
EMP-0684,"SAMPLE, LEE","ExampleTower SFF (i5, 16GB, 512GB SSD)",LT-100074,SYN-3DT9TT1D,,lt-100074,lt-100074,02:00:00:98:253:00,Broken screen replacement - SYN-LT-100074,"Unit 1702, 75 Example Street, Example District, Example City",+63 900 684 8060,For Pickup,IT Support Queue,N,,,,
EMP-0206,"CLARK, INDIGO","ExamplePad 11 Tablet (8GB, 128GB)",LT-100255,SYN-Q2MBKBUD,,lt-100255,lt-100255,02:00:00:182:146:03,Offboarding return and sanitization - SYN-LT-100255,"Unit 1302, 10 Example Street, Example District, Example City",+63 900 206 8448,Deployed,Support Technician B,Y,,,,
EMP-0742,"MILLER, INDIGO","ExampleStation 15 (i5, 16GB, 1TB HDD)",LT-100134,SYN-B0GBG6Q4,,lt-100134,lt-100134,02:00:00:155:138:250,Broken screen replacement - SYN-LT-100134,"Unit 702, 1 Example Street, Example District, Example City",+63 900 742 4859,Ready for Release,Support Technician A,Y,,,,
EMP-0475,"JOHNSON, KAI","ExampleStation 15 (i5, 16GB, 1TB HDD)",LT-100009,SYN-14B1DC7X,,lt-100009,lt-100009,02:00:00:05:195:27,Scheduled refresh of legacy device SYN-LT-100009,"Unit 3402, 30 Example Street, Example District, Example City",+63 900 475 5886,For Repair,Support Technician A,N,,,,
EMP-0181,"PLACEHOLDER, PARKER","ExampleView 24"" IPS Monitor",LT-100168,SYN-1264LHPG,,lt-100168,lt-100168,02:00:00:236:33:198,Broken screen replacement - SYN-LT-100168,"Unit 3602, 85 Example Street, Example District, Example City",+63 900 181 0628,For Pickup,Support Technician A,N,,,,
EMP-0362,"TESTER, LEE",,,,,,,,Pending device allocation,"Unit 3202, 70 Example Street, Example District, Example City",+63 900 362 5502,Deployed,IT Support Queue,N,,,,
EMP-0236,"TESTER, DANA","ExamplePad 11 Tablet (8GB, 128GB)",LT-100269,SYN-J77ZDV3E,,lt-100269,lt-100269,02:00:00:120:229:198,Broken screen replacement - SYN-LT-100269,"Unit 102, 15 Example Street, Example District, Example City",+63 900 236 8332,Ready for Release,IT Support Queue,Y,,,,
EMP-0234,"SAMPLE, CASEY","ExamplePad 11 Tablet (8GB, 128GB)",LT-100486,SYN-DKLZ2F6R,,lt-100486,lt-100486,02:00:00:178:145:76,New starter onboarding - device SYN-LT-100486,"Unit 3402, 54 Example Street, Example District, Example City",+63 900 234 8173,Deployed,Support Technician A,Y,,,,
EMP-0656,"SMITH, KAI",,,,,,,,Pending device allocation,"Unit 3102, 71 Example Street, Example District, Example City",+63 900 656 8526,For Repair,IT Support Queue,N,,,,
EMP-0256,"WILLIAMS, DANA","ExampleTower SFF (i5, 16GB, 512GB SSD)",LT-100146,SYN-Q1NN2BQ6,,lt-100146,lt-100146,02:00:00:64:223:68,Temporary loan for coverage period - SYN-LT-100146,"Unit 1402, 35 Example Street, Example District, Example City",+63 900 256 1216,Deployed,Support Technician B,Y,,,,
EMP-0762,"SMITH, MORGAN","ExampleStation 15 (i5, 16GB, 1TB HDD)",LT-100369,SYN-ZMMX37CE,,lt-100369,lt-100369,02:00:00:154:57:90,Broken screen replacement - SYN-LT-100369,"Unit 1602, 52 Example Street, Example District, Example City",+63 900 762 8846,Deployed,Support Technician A,N,,,,
EMP-0349,"SAMPLE, TATUM","ExampleTower Mini (i7, 32GB, 1TB SSD)",LT-100299,SYN-EZN4GS13,,lt-100299,lt-100299,02:00:00:101:68:119,New starter onboarding - device SYN-LT-100299,"Unit 2702, 88 Example Street, Example District, Example City",+63 900 349 4137,Deployed,IT Support Queue,N,,,,
EMP-0777,"JOHNSON, DANA","ExamplePad 11 Tablet (8GB, 128GB)",LT-100541,SYN-0UJWVDC6,,lt-100541,lt-100541,02:00:00:142:248:175,Offboarding return and sanitization - SYN-LT-100541,"Unit 402, 25 Example Street, Example District, Example City",+63 900 777 2126,Deployed,IT Support Queue,Y,,,,
EMP-0273,"BROWN, FRANKIE","ExampleView 27"" QHD Monitor",LT-100199,SYN-6ULM0L64,,lt-100199,lt-100199,02:00:00:69:07:177,Laptop replacement - hardware fault on SYN-LT-100199,"Unit 1802, 13 Example Street, Example District, Example City",+63 900 273 2037,Deployed,Support Technician B,Y,,,,
EMP-0568,"DOE, GRAY","ExampleView 27"" QHD Monitor",LT-100049,SYN-QAWZQHWL,,lt-100049,lt-100049,02:00:00:144:189:87,Broken screen replacement - SYN-LT-100049,"Unit 3402, 17 Example Street, Example District, Example City",+63 900 568 3142,For Repair,Support Technician B,Y,,,,
EMP-0473,"SMITH, NOEL",,,,,,,,Pending device allocation,"Unit 1602, 22 Example Street, Example District, Example City",+63 900 473 6676,Ready for Release,IT Support Queue,N,,,,
EMP-0439,"MILLER, QUINN","ExampleTower SFF (i5, 16GB, 512GB SSD)",LT-100025,SYN-A8UZQHVC,,lt-100025,lt-100025,02:00:00:151:208:08,New starter onboarding - device SYN-LT-100025,"Unit 2402, 73 Example Street, Example District, Example City",+63 900 439 9145,Retracted,IT Support Queue,Y,,,,
EMP-0544,"CLARK, ELLIS","ExampleBook Pro 14 (i5, 16GB, 512GB SSD)",LT-100326,SYN-BY7ZK8PY,,lt-100326,lt-100326,02:00:00:85:219:168,Laptop replacement - hardware fault on SYN-LT-100326,"Unit 3702, 38 Example Street, Example District, Example City",+63 900 544 4872,Deployed,IT Support Queue,Y,,,,
EMP-0459,"WILLIAMS, KAI","ExampleTower SFF (i5, 16GB, 512GB SSD)",LT-100089,SYN-P58NN3X7,,lt-100089,lt-100089,02:00:00:216:104:206,Laptop replacement - hardware fault on SYN-LT-100089,"Unit 902, 22 Example Street, Example District, Example City",+63 900 459 7758,For Repair,Support Technician A,Y,,,,
EMP-0169,"DOE, ELLIS","ExampleBook Pro 14 (i5, 16GB, 512GB SSD)",LT-100420,SYN-G8C7X4A1,,lt-100420,lt-100420,02:00:00:05:89:106,Scheduled refresh of legacy device SYN-LT-100420,"Unit 1002, 67 Example Street, Example District, Example City",+63 900 169 4024,For Pickup,Support Technician A,Y,,,,
EMP-0781,"SMITH, HARPER","ExampleView 24"" IPS Monitor",LT-100565,SYN-H9D18P3D,,lt-100565,lt-100565,02:00:00:20:13:98,Laptop replacement - hardware fault on SYN-LT-100565,"Unit 1502, 22 Example Street, Example District, Example City",+63 900 781 5762,Retracted,Support Technician B,Y,,,,
EMP-0408,"SAMPLE, INDIGO","ExampleTower SFF (i5, 16GB, 512GB SSD)",LT-100484,SYN-CCHEAHMC,,lt-100484,lt-100484,02:00:00:51:242:106,Scheduled refresh of legacy device SYN-LT-100484,"Unit 3702, 31 Example Street, Example District, Example City",+63 900 408 9022,Deployed,IT Support Queue,N,,,,
EMP-0704,"WILLIAMS, ALEX","ExampleTower Mini (i7, 32GB, 1TB SSD)",LT-100112,SYN-3TJMLXD6,,lt-100112,lt-100112,02:00:00:128:159:240,Laptop replacement - hardware fault on SYN-LT-100112,"Unit 702, 58 Example Street, Example District, Example City",+63 900 704 4007,Ready for Release,Support Technician A,Y,,,,
EMP-0156,"BROWN, ELLIS","ExampleTower SFF (i5, 16GB, 512GB SSD)",LT-100009,SYN-JMFARDFE,,lt-100009,lt-100009,02:00:00:44:51:41,New starter onboarding - device SYN-LT-100009,"Unit 3002, 36 Example Street, Example District, Example City",+63 900 156 5387,Deployed,Support Technician B,Y,,,,
EMP-0185,"BROWN, DANA","ExampleBook Air 13 (i7, 8GB, 256GB SSD)",LT-100104,SYN-ZS9SY0HU,,lt-100104,lt-100104,02:00:00:84:195:74,Laptop replacement - hardware fault on SYN-LT-100104,"Unit 2902, 31 Example Street, Example District, Example City",+63 900 185 7255,For Pickup,IT Support Queue,N,,,,
EMP-0076,"MILLER, QUINN","ExampleBook Air 13 (i7, 8GB, 256GB SSD)",LT-100195,SYN-2PCHBU2G,,lt-100195,lt-100195,02:00:00:116:99:81,New starter onboarding - device SYN-LT-100195,"Unit 2602, 42 Example Street, Example District, Example City",+63 900 076 1094,Deployed,Support Technician A,Y,,,,
EMP-0549,"MILLER, LEE","ExampleTower Mini (i7, 32GB, 1TB SSD)",LT-100120,SYN-LGGNSR97,,lt-100120,lt-100120,02:00:00:105:167:234,Laptop replacement - hardware fault on SYN-LT-100120,"Unit 102, 47 Example Street, Example District, Example City",+63 900 549 0703,Deployed,Support Technician A,Y,,,,
EMP-0668,"BROWN, GRAY","ExampleView 27"" QHD Monitor",LT-100406,SYN-RXHTAUY5,,lt-100406,lt-100406,02:00:00:107:81:232,Offboarding return and sanitization - SYN-LT-100406,"Unit 602, 30 Example Street, Example District, Example City",+63 900 668 9875,For Repair,Support Technician A,Y,,,,
EMP-0339,"SMITH, GRAY",,,,,,,,Pending device allocation,"Unit 3502, 88 Example Street, Example District, Example City",+63 900 339 8173,Retracted,IT Support Queue,N,,,,
EMP-0500,"PLACEHOLDER, HARPER",,,,,,,,Pending device allocation,"Unit 1002, 44 Example Street, Example District, Example City",+63 900 500 7123,For Repair,IT Support Queue,N,,,,
EMP-0718,"MILLER, OAKLEY","ExampleBook Air 13 (i7, 8GB, 256GB SSD)",LT-100592,SYN-42W28EJW,,lt-100592,lt-100592,02:00:00:206:207:252,New starter onboarding - device SYN-LT-100592,"Unit 902, 87 Example Street, Example District, Example City",+63 900 718 8515,Retracted,Support Technician A,Y,,,,
EMP-0576,"JOHNSON, SAWYER","ExampleStation 15 (i5, 16GB, 1TB HDD)",LT-100515,SYN-XT2QBRTJ,,lt-100515,lt-100515,02:00:00:240:242:198,Temporary loan for coverage period - SYN-LT-100515,"Unit 3802, 7 Example Street, Example District, Example City",+63 900 576 7557,Deployed,Support Technician A,N,,,,
EMP-0105,"SAMPLE, ALEX","ExampleBook Pro 14 (i5, 16GB, 512GB SSD)",LT-100124,SYN-3JH2G7WA,,lt-100124,lt-100124,02:00:00:94:122:45,New starter onboarding - device SYN-LT-100124,"Unit 2002, 9 Example Street, Example District, Example City",+63 900 105 8291,Ready for Release,Support Technician A,Y,,,,
EMP-0606,"WILLIAMS, ELLIS","ExampleView 27"" QHD Monitor",LT-100299,SYN-CT4Q6Y1E,,lt-100299,lt-100299,02:00:00:169:117:24,Laptop replacement - hardware fault on SYN-LT-100299,"Unit 602, 62 Example Street, Example District, Example City",+63 900 606 8948,For Pickup,Support Technician A,Y,,,,
EMP-0251,"JOHNSON, TATUM","ExampleStation 15 (i5, 16GB, 1TB HDD)",LT-100217,SYN-EH3G78XN,,lt-100217,lt-100217,02:00:00:192:189:78,Temporary loan for coverage period - SYN-LT-100217,"Unit 3602, 2 Example Street, Example District, Example City",+63 900 251 4758,Retracted,IT Support Queue,Y,,,,
EMP-0178,"BROWN, ELLIS","ExampleBook Air 13 (i7, 8GB, 256GB SSD)",LT-100432,SYN-3T8TZXHM,,lt-100432,lt-100432,02:00:00:244:203:127,Broken screen replacement - SYN-LT-100432,"Unit 502, 62 Example Street, Example District, Example City",+63 900 178 6613,Deployed,Support Technician B,Y,,,,
EMP-0533,"SAMPLE, NOEL","ExamplePad 11 Tablet (8GB, 128GB)",LT-100448,SYN-MQ8Y5YQ2,,lt-100448,lt-100448,02:00:00:05:207:05,Broken screen replacement - SYN-LT-100448,"Unit 2802, 85 Example Street, Example District, Example City",+63 900 533 7649,For Pickup,Support Technician B,Y,,,,
EMP-0091,"DOE, INDIGO","ExampleTower Mini (i7, 32GB, 1TB SSD)",LT-100019,SYN-4G6H0AK5,,lt-100019,lt-100019,02:00:00:150:04:11,Temporary loan for coverage period - SYN-LT-100019,"Unit 702, 42 Example Street, Example District, Example City",+63 900 091 1914,Ready for Release,Support Technician A,Y,,,,
EMP-0476,"TESTER, MORGAN","ExampleTower Mini (i7, 32GB, 1TB SSD)",LT-100356,SYN-ZX62G03G,,lt-100356,lt-100356,02:00:00:182:236:139,New starter onboarding - device SYN-LT-100356,"Unit 1802, 48 Example Street, Example District, Example City",+63 900 476 8094,Ready for Release,IT Support Queue,Y,,,,
EMP-0370,"BROWN, OAKLEY","ExamplePad 11 Tablet (8GB, 128GB)",LT-100049,SYN-YJ4MFDZE,,lt-100049,lt-100049,02:00:00:96:193:221,Temporary loan for coverage period - SYN-LT-100049,"Unit 4002, 70 Example Street, Example District, Example City",+63 900 370 2456,For Repair,Support Technician B,N,,,,
EMP-0712,"CLARK, ELLIS","ExampleStation 15 (i5, 16GB, 1TB HDD)",LT-100452,SYN-8M2FKW7W,,lt-100452,lt-100452,02:00:00:154:216:183,Offboarding return and sanitization - SYN-LT-100452,"Unit 802, 13 Example Street, Example District, Example City",+63 900 712 6301,Deployed,Support Technician B,N,,,,
EMP-0470,"TESTER, TATUM","ExamplePad 11 Tablet (8GB, 128GB)",LT-100296,SYN-SSFEZKDU,,lt-100296,lt-100296,02:00:00:110:73:239,New starter onboarding - device SYN-LT-100296,"Unit 2602, 54 Example Street, Example District, Example City",+63 900 470 1372,Deployed,Support Technician B,N,,,,
EMP-0441,"BROWN, KAI","ExampleBook Pro 14 (i5, 16GB, 512GB SSD)",LT-100023,SYN-WTGJ7B93,,lt-100023,lt-100023,02:00:00:201:96:234,Laptop replacement - hardware fault on SYN-LT-100023,"Unit 1502, 20 Example Street, Example District, Example City",+63 900 441 0296,Deployed,IT Support Queue,Y,,,,
EMP-0481,"DOE, SAWYER","ExampleTower Mini (i7, 32GB, 1TB SSD)",LT-100343,SYN-1W9ZNUPK,,lt-100343,lt-100343,02:00:00:05:220:218,Temporary loan for coverage period - SYN-LT-100343,"Unit 802, 36 Example Street, Example District, Example City",+63 900 481 8148,For Pickup,Support Technician B,Y,,,,
EMP-0398,"PLACEHOLDER, NOEL",,,,,,,,Pending device allocation,"Unit 1502, 40 Example Street, Example District, Example City",+63 900 398 3454,Deployed,Support Technician A,N,,,,
EMP-0138,"CLARK, INDIGO","ExampleTower SFF (i5, 16GB, 512GB SSD)",LT-100007,SYN-WJHE2P0A,,lt-100007,lt-100007,02:00:00:79:242:16,Broken screen replacement - SYN-LT-100007,"Unit 3402, 28 Example Street, Example District, Example City",+63 900 138 4530,For Repair,IT Support Queue,Y,,,,
EMP-0374,"JOHNSON, CASEY","ExampleTower Mini (i7, 32GB, 1TB SSD)",LT-100100,SYN-S4PLAHW4,,lt-100100,lt-100100,02:00:00:169:190:25,Temporary loan for coverage period - SYN-LT-100100,"Unit 2402, 73 Example Street, Example District, Example City",+63 900 374 4622,For Repair,Support Technician A,Y,,,,
EMP-0423,"SMITH, BLAIR",,,,,,,,Pending device allocation,"Unit 1202, 41 Example Street, Example District, Example City",+63 900 423 6188,Deployed,Support Technician A,N,,,,
EMP-0150,"SAMPLE, JAMIE","ExamplePad 11 Tablet (8GB, 128GB)",LT-100195,SYN-LQAJGZW6,,lt-100195,lt-100195,02:00:00:154:255:217,Laptop replacement - hardware fault on SYN-LT-100195,"Unit 2502, 11 Example Street, Example District, Example City",+63 900 150 9878,For Repair,IT Support Queue,N,,,,
EMP-0452,"SMITH, NOEL",,,,,,,,Pending device allocation,"Unit 802, 13 Example Street, Example District, Example City",+63 900 452 6173,Retracted,Support Technician B,N,,,,
EMP-0615,"WILLIAMS, KAI","ExampleView 24"" IPS Monitor",LT-100438,SYN-LJFT090B,,lt-100438,lt-100438,02:00:00:243:182:211,Scheduled refresh of legacy device SYN-LT-100438,"Unit 2902, 1 Example Street, Example District, Example City",+63 900 615 5738,For Repair,Support Technician A,N,,,,
EMP-0783,"CLARK, TATUM","ExampleView 24"" IPS Monitor",LT-100416,SYN-25E7KFQ0,,lt-100416,lt-100416,02:00:00:243:106:170,New starter onboarding - device SYN-LT-100416,"Unit 802, 36 Example Street, Example District, Example City",+63 900 783 8097,Deployed,IT Support Queue,Y,,,,
EMP-0443,"WILLIAMS, PARKER",,,,,,,,Pending device allocation,"Unit 3802, 55 Example Street, Example District, Example City",+63 900 443 5467,Ready for Release,Support Technician B,N,,,,
EMP-0011,"MILLER, JAMIE","ExampleStation 15 (i5, 16GB, 1TB HDD)",LT-100040,SYN-4970FVYK,,lt-100040,lt-100040,02:00:00:165:03:76,New starter onboarding - device SYN-LT-100040,"Unit 1802, 21 Example Street, Example District, Example City",+63 900 011 5365,For Pickup,Support Technician A,Y,,,,
EMP-0321,"SAMPLE, DANA","ExampleTower SFF (i5, 16GB, 512GB SSD)",LT-100465,SYN-E4SKPPYC,,lt-100465,lt-100465,02:00:00:248:51:253,Temporary loan for coverage period - SYN-LT-100465,"Unit 2202, 5 Example Street, Example District, Example City",+63 900 321 2267,Deployed,Support Technician B,Y,,,,
EMP-0674,"DOE, KAI","ExampleTower SFF (i5, 16GB, 512GB SSD)",LT-100114,SYN-6X8KLB31,,lt-100114,lt-100114,02:00:00:95:240:244,New starter onboarding - device SYN-LT-100114,"Unit 3502, 2 Example Street, Example District, Example City",+63 900 674 6520,For Repair,IT Support Queue,Y,,,,
EMP-0435,"DOE, BLAIR","ExampleView 24"" IPS Monitor",LT-100518,SYN-0VQAJ6RK,,lt-100518,lt-100518,02:00:00:50:206:91,New starter onboarding - device SYN-LT-100518,"Unit 2502, 12 Example Street, Example District, Example City",+63 900 435 4136,Deployed,Support Technician A,N,,,,
EMP-0063,"WILLIAMS, QUINN","ExampleStation 15 (i5, 16GB, 1TB HDD)",LT-100473,SYN-SYPXN6P9,,lt-100473,lt-100473,02:00:00:167:18:218,Scheduled refresh of legacy device SYN-LT-100473,"Unit 402, 27 Example Street, Example District, Example City",+63 900 063 8152,Retracted,Support Technician B,Y,,,,
EMP-0012,"CLARK, BLAIR","ExamplePad 11 Tablet (8GB, 128GB)",LT-100161,SYN-HMM5ALZZ,,lt-100161,lt-100161,02:00:00:73:241:175,New starter onboarding - device SYN-LT-100161,"Unit 3202, 13 Example Street, Example District, Example City",+63 900 012 8515,Deployed,Support Technician A,Y,,,,
EMP-0139,"JOHNSON, JAMIE",,,,,,,,Pending device allocation,"Unit 1702, 35 Example Street, Example District, Example City",+63 900 139 2762,Deployed,Support Technician A,N,,,,
EMP-0306,"CLARK, KAI",,,,,,,,Pending device allocation,"Unit 2402, 49 Example Street, Example District, Example City",+63 900 306 2248,Deployed,IT Support Queue,N,,,,
EMP-0643,"SAMPLE, DANA",,,,,,,,Pending device allocation,"Unit 302, 61 Example Street, Example District, Example City",+63 900 643 5163,For Pickup,Support Technician B,N,,,,
EMP-0141,"BROWN, HARPER","ExampleTower Mini (i7, 32GB, 1TB SSD)",LT-100182,SYN-XTK4UUJV,,lt-100182,lt-100182,02:00:00:180:17:213,New starter onboarding - device SYN-LT-100182,"Unit 1502, 8 Example Street, Example District, Example City",+63 900 141 6484,Deployed,IT Support Queue,Y,,,,
EMP-0282,"WILLIAMS, PARKER","ExampleBook Pro 14 (i5, 16GB, 512GB SSD)",LT-100092,SYN-U777C1GV,,lt-100092,lt-100092,02:00:00:72:64:180,Temporary loan for coverage period - SYN-LT-100092,"Unit 1402, 73 Example Street, Example District, Example City",+63 900 282 9758,Retracted,Support Technician A,N,,,,
EMP-0534,"BROWN, KAI","ExampleView 24"" IPS Monitor",LT-100085,SYN-CDNCKQ4N,,lt-100085,lt-100085,02:00:00:72:225:23,New starter onboarding - device SYN-LT-100085,"Unit 2902, 84 Example Street, Example District, Example City",+63 900 534 1864,Ready for Release,Support Technician B,Y,,,,
EMP-0069,"WILLIAMS, NOEL","ExampleTower Mini (i7, 32GB, 1TB SSD)",LT-100151,SYN-F5ZLA3S6,,lt-100151,lt-100151,02:00:00:64:05:106,New starter onboarding - device SYN-LT-100151,"Unit 2902, 15 Example Street, Example District, Example City",+63 900 069 1758,For Repair,Support Technician B,N,,,,
EMP-0288,"TESTER, JAMIE","ExampleTower Mini (i7, 32GB, 1TB SSD)",LT-100030,SYN-W0Q7D33K,,lt-100030,lt-100030,02:00:00:185:65:218,Laptop replacement - hardware fault on SYN-LT-100030,"Unit 2502, 2 Example Street, Example District, Example City",+63 900 288 3928,For Pickup,Support Technician B,Y,,,,
EMP-0301,"TESTER, MORGAN","ExampleView 27"" QHD Monitor",LT-100511,SYN-NB7RBNDN,,lt-100511,lt-100511,02:00:00:29:252:98,Broken screen replacement - SYN-LT-100511,"Unit 302, 53 Example Street, Example District, Example City",+63 900 301 9185,Ready for Release,Support Technician B,Y,,,,
EMP-0280,"TESTER, REESE","ExampleBook Air 13 (i7, 8GB, 256GB SSD)",LT-100133,SYN-96RWS8J9,,lt-100133,lt-100133,02:00:00:226:05:02,New starter onboarding - device SYN-LT-100133,"Unit 1802, 76 Example Street, Example District, Example City",+63 900 280 3882,Ready for Release,Support Technician B,Y,,,,
EMP-0368,"SMITH, HARPER","ExampleView 27"" QHD Monitor",LT-100221,SYN-ZA0BNZZZ,,lt-100221,lt-100221,02:00:00:62:94:185,New starter onboarding - device SYN-LT-100221,"Unit 902, 42 Example Street, Example District, Example City",+63 900 368 9048,For Pickup,IT Support Queue,Y,,,,
EMP-0786,"PLACEHOLDER, QUINN","ExamplePad 11 Tablet (8GB, 128GB)",LT-100164,SYN-5ZZUFTTJ,,lt-100164,lt-100164,02:00:00:236:149:41,Broken screen replacement - SYN-LT-100164,"Unit 302, 68 Example Street, Example District, Example City",+63 900 786 2423,Retracted,Support Technician A,N,,,,
EMP-0127,"DOE, INDIGO","ExampleView 27"" QHD Monitor",LT-100031,SYN-JS1CZUBR,,lt-100031,lt-100031,02:00:00:194:251:138,New starter onboarding - device SYN-LT-100031,"Unit 1102, 49 Example Street, Example District, Example City",+63 900 127 7381,For Repair,Support Technician B,Y,,,,
EMP-0387,"PLACEHOLDER, GRAY",,,,,,,,Pending device allocation,"Unit 1702, 86 Example Street, Example District, Example City",+63 900 387 4694,Deployed,Support Technician A,N,,,,
EMP-0674,"DOE, KAI","ExampleView 27"" QHD Monitor",LT-100480,SYN-UTE2J6M5,,lt-100480,lt-100480,02:00:00:156:120:116,Scheduled refresh of legacy device SYN-LT-100480,"Unit 1702, 5 Example Street, Example District, Example City",+63 900 674 6520,For Pickup,IT Support Queue,Y,,,,
EMP-0270,"CLARK, KAI","ExampleStation 15 (i5, 16GB, 1TB HDD)",LT-100202,SYN-EYQNR2K1,,lt-100202,lt-100202,02:00:00:106:241:60,New starter onboarding - device SYN-LT-100202,"Unit 3902, 70 Example Street, Example District, Example City",+63 900 270 9773,Retracted,IT Support Queue,N,,,,
EMP-0763,"WILLIAMS, INDIGO",,,,,,,,Pending device allocation,"Unit 1102, 42 Example Street, Example District, Example City",+63 900 763 7019,Deployed,Support Technician B,N,,,,
EMP-0043,"BROWN, JAMIE",,,,,,,,Pending device allocation,"Unit 602, 66 Example Street, Example District, Example City",+63 900 043 9144,Retracted,IT Support Queue,N,,,,
EMP-0063,"WILLIAMS, QUINN","ExamplePad 11 Tablet (8GB, 128GB)",LT-100188,SYN-7FEF7N63,,lt-100188,lt-100188,02:00:00:55:244:22,Scheduled refresh of legacy device SYN-LT-100188,"Unit 2902, 31 Example Street, Example District, Example City",+63 900 063 8152,Deployed,IT Support Queue,Y,,,,
EMP-0128,"PLACEHOLDER, QUINN","ExampleView 24"" IPS Monitor",LT-100080,SYN-KHC8K1CU,,lt-100080,lt-100080,02:00:00:236:176:21,New starter onboarding - device SYN-LT-100080,"Unit 3802, 14 Example Street, Example District, Example City",+63 900 128 0945,Deployed,Support Technician A,Y,,,,
EMP-0652,"SAMPLE, REESE",,,,,,,,Pending device allocation,"Unit 2502, 29 Example Street, Example District, Example City",+63 900 652 0720,For Pickup,Support Technician B,N,,,,
EMP-0773,"SAMPLE, SAWYER","ExampleStation 15 (i5, 16GB, 1TB HDD)",LT-100508,SYN-1X84MGUW,,lt-100508,lt-100508,02:00:00:57:242:234,Scheduled refresh of legacy device SYN-LT-100508,"Unit 202, 7 Example Street, Example District, Example City",+63 900 773 8099,For Repair,Support Technician B,N,,,,
EMP-0035,"PLACEHOLDER, PARKER","ExampleTower Mini (i7, 32GB, 1TB SSD)",LT-100020,SYN-8SXCB2TW,,lt-100020,lt-100020,02:00:00:24:196:124,New starter onboarding - device SYN-LT-100020,"Unit 902, 26 Example Street, Example District, Example City",+63 900 035 1410,Ready for Release,Support Technician A,Y,,,,
EMP-0683,"WILLIAMS, SAWYER","ExampleTower Mini (i7, 32GB, 1TB SSD)",LT-100519,SYN-ELFZLCYL,,lt-100519,lt-100519,02:00:00:167:226:149,Offboarding return and sanitization - SYN-LT-100519,"Unit 3802, 78 Example Street, Example District, Example City",+63 900 683 5597,For Pickup,Support Technician B,N,,,,
EMP-0294,"PLACEHOLDER, TATUM","ExampleView 24"" IPS Monitor",LT-100452,SYN-SRM5YH1C,,lt-100452,lt-100452,02:00:00:90:54:133,New starter onboarding - device SYN-LT-100452,"Unit 3502, 12 Example Street, Example District, Example City",+63 900 294 1213,Deployed,Support Technician B,Y,,,,
EMP-0530,"JOHNSON, OAKLEY","ExampleTower Mini (i7, 32GB, 1TB SSD)",LT-100537,SYN-3H2YAN6R,,lt-100537,lt-100537,02:00:00:75:118:92,Scheduled refresh of legacy device SYN-LT-100537,"Unit 1802, 56 Example Street, Example District, Example City",+63 900 530 1654,Ready for Release,Support Technician A,N,,,,
EMP-0577,"SAMPLE, NOEL","ExampleView 24"" IPS Monitor",LT-100393,SYN-37MWNBTM,,lt-100393,lt-100393,02:00:00:112:42:81,Offboarding return and sanitization - SYN-LT-100393,"Unit 1302, 50 Example Street, Example District, Example City",+63 900 577 5594,For Pickup,Support Technician B,Y,,,,
EMP-0450,"TESTER, ALEX",,,,,,,,Pending device allocation,"Unit 4002, 49 Example Street, Example District, Example City",+63 900 450 7742,Deployed,Support Technician B,N,,,,
EMP-0654,"PLACEHOLDER, FRANKIE","ExampleStation 15 (i5, 16GB, 1TB HDD)",LT-100454,SYN-LJD0R5AD,,lt-100454,lt-100454,02:00:00:209:126:06,Offboarding return and sanitization - SYN-LT-100454,"Unit 1202, 75 Example Street, Example District, Example City",+63 900 654 7494,For Pickup,Support Technician B,Y,,,,
EMP-0606,"WILLIAMS, ELLIS","ExampleBook Pro 14 (i5, 16GB, 512GB SSD)",LT-100239,SYN-PAPDZHSE,,lt-100239,lt-100239,02:00:00:38:207:159,Offboarding return and sanitization - SYN-LT-100239,"Unit 702, 20 Example Street, Example District, Example City",+63 900 606 8948,Deployed,Support Technician A,Y,,,,
EMP-0710,"TESTER, SAWYER",,,,,,,,Pending device allocation,"Unit 602, 21 Example Street, Example District, Example City",+63 900 710 3911,Ready for Release,IT Support Queue,N,,,,
EMP-0041,"SMITH, TATUM","ExampleBook Pro 14 (i5, 16GB, 512GB SSD)",LT-100446,SYN-RDXQ5PNT,,lt-100446,lt-100446,02:00:00:203:199:54,Temporary loan for coverage period - SYN-LT-100446,"Unit 3602, 45 Example Street, Example District, Example City",+63 900 041 2202,Ready for Release,Support Technician A,Y,,,,
EMP-0531,"CLARK, ALEX","ExampleTower Mini (i7, 32GB, 1TB SSD)",LT-100061,SYN-7VPR80B0,,lt-100061,lt-100061,02:00:00:115:68:101,Scheduled refresh of legacy device SYN-LT-100061,"Unit 2102, 79 Example Street, Example District, Example City",+63 900 531 6103,For Pickup,IT Support Queue,Y,,,,
EMP-0467,"SMITH, MORGAN","ExampleTower Mini (i7, 32GB, 1TB SSD)",LT-100449,SYN-4N7T8UQN,,lt-100449,lt-100449,02:00:00:217:135:163,New starter onboarding - device SYN-LT-100449,"Unit 1102, 65 Example Street, Example District, Example City",+63 900 467 4320,Deployed,Support Technician B,Y,,,,
EMP-0233,"DOE, ALEX","ExampleBook Pro 14 (i5, 16GB, 512GB SSD)",LT-100346,SYN-P94Q89M3,,lt-100346,lt-100346,02:00:00:92:160:64,Broken screen replacement - SYN-LT-100346,"Unit 1202, 33 Example Street, Example District, Example City",+63 900 233 8251,Deployed,Support Technician B,Y,,,,
EMP-0577,"SAMPLE, NOEL","ExampleStation 15 (i5, 16GB, 1TB HDD)",LT-100360,SYN-6ANEEF44,,lt-100360,lt-100360,02:00:00:81:224:107,Broken screen replacement - SYN-LT-100360,"Unit 3502, 11 Example Street, Example District, Example City",+63 900 577 5594,Deployed,Support Technician A,N,,,,
EMP-0121,"JOHNSON, TATUM","ExampleBook Air 13 (i7, 8GB, 256GB SSD)",LT-100485,SYN-R2GGZK32,,lt-100485,lt-100485,02:00:00:220:144:241,Temporary loan for coverage period - SYN-LT-100485,"Unit 3802, 65 Example Street, Example District, Example City",+63 900 121 2918,For Pickup,IT Support Queue,Y,,,,
EMP-0094,"BROWN, GRAY","ExampleTower SFF (i5, 16GB, 512GB SSD)",LT-100049,SYN-753PPZXX,,lt-100049,lt-100049,02:00:00:187:43:138,Temporary loan for coverage period - SYN-LT-100049,"Unit 1202, 18 Example Street, Example District, Example City",+63 900 094 3853,For Repair,IT Support Queue,Y,,,,
EMP-0536,"PLACEHOLDER, PARKER","ExampleBook Air 13 (i7, 8GB, 256GB SSD)",LT-100545,SYN-TE345QGJ,,lt-100545,lt-100545,02:00:00:97:111:130,Broken screen replacement - SYN-LT-100545,"Unit 402, 54 Example Street, Example District, Example City",+63 900 536 9255,Ready for Release,Support Technician A,Y,,,,
EMP-0697,"JOHNSON, LEE","ExampleView 27"" QHD Monitor",LT-100163,SYN-GM5MYWT3,,lt-100163,lt-100163,02:00:00:174:163:113,Offboarding return and sanitization - SYN-LT-100163,"Unit 1502, 38 Example Street, Example District, Example City",+63 900 697 1880,Deployed,Support Technician B,N,,,,
EMP-0514,"MILLER, LEE","ExampleTower Mini (i7, 32GB, 1TB SSD)",LT-100108,SYN-W68D9ZK9,,lt-100108,lt-100108,02:00:00:246:179:67,Scheduled refresh of legacy device SYN-LT-100108,"Unit 2202, 44 Example Street, Example District, Example City",+63 900 514 1934,For Pickup,Support Technician B,Y,,,,
EMP-0481,"DOE, SAWYER","ExampleTower SFF (i5, 16GB, 512GB SSD)",LT-100599,SYN-40ZS6W4D,,lt-100599,lt-100599,02:00:00:183:149:214,Offboarding return and sanitization - SYN-LT-100599,"Unit 1102, 66 Example Street, Example District, Example City",+63 900 481 8148,For Pickup,Support Technician B,Y,,,,
EMP-0488,"DOE, JAMIE","ExampleBook Pro 14 (i5, 16GB, 512GB SSD)",LT-100337,SYN-LTFEKPGR,,lt-100337,lt-100337,02:00:00:119:207:213,New starter onboarding - device SYN-LT-100337,"Unit 1602, 59 Example Street, Example District, Example City",+63 900 488 1717,Deployed,Support Technician A,Y,,,,
EMP-0664,"SMITH, SAWYER","ExampleTower Mini (i7, 32GB, 1TB SSD)",LT-100230,SYN-VJ7CNZBW,,lt-100230,lt-100230,02:00:00:199:174:254,Broken screen replacement - SYN-LT-100230,"Unit 1102, 77 Example Street, Example District, Example City",+63 900 664 4557,Ready for Release,Support Technician A,Y,,,,
EMP-0157,"CLARK, GRAY","ExampleStation 15 (i5, 16GB, 1TB HDD)",LT-100021,SYN-XX8AUG6P,,lt-100021,lt-100021,02:00:00:122:225:85,New starter onboarding - device SYN-LT-100021,"Unit 3702, 37 Example Street, Example District, Example City",+63 900 157 3722,Ready for Release,Support Technician B,Y,,,,
EMP-0682,"PLACEHOLDER, BLAIR","ExampleTower SFF (i5, 16GB, 512GB SSD)",LT-100427,SYN-9TGJG1V7,,lt-100427,lt-100427,02:00:00:243:233:239,Offboarding return and sanitization - SYN-LT-100427,"Unit 402, 1 Example Street, Example District, Example City",+63 900 682 4928,Deployed,IT Support Queue,Y,,,,
EMP-0267,"PLACEHOLDER, BLAIR","ExampleBook Pro 14 (i5, 16GB, 512GB SSD)",LT-100591,SYN-4B8WWC1Z,,lt-100591,lt-100591,02:00:00:253:59:162,Scheduled refresh of legacy device SYN-LT-100591,"Unit 1002, 75 Example Street, Example District, Example City",+63 900 267 3731,Deployed,Support Technician A,N,,,,
EMP-0360,"BROWN, ELLIS","ExampleTower SFF (i5, 16GB, 512GB SSD)",LT-100231,SYN-V3UMZ3MQ,,lt-100231,lt-100231,02:00:00:27:65:45,Scheduled refresh of legacy device SYN-LT-100231,"Unit 4002, 53 Example Street, Example District, Example City",+63 900 360 9861,Ready for Release,Support Technician A,Y,,,,
EMP-0327,"CLARK, TATUM",,,,,,,,Pending device allocation,"Unit 3202, 41 Example Street, Example District, Example City",+63 900 327 2427,Ready for Release,Support Technician A,N,,,,
EMP-0425,"PLACEHOLDER, NOEL",,,,,,,,Pending device allocation,"Unit 602, 79 Example Street, Example District, Example City",+63 900 425 0573,Deployed,Support Technician A,N,,,,
EMP-0590,"SMITH, ELLIS","ExampleView 27"" QHD Monitor",LT-100380,SYN-E1TPSCWN,,lt-100380,lt-100380,02:00:00:175:69:61,Scheduled refresh of legacy device SYN-LT-100380,"Unit 3902, 2 Example Street, Example District, Example City",+63 900 590 5351,For Pickup,IT Support Queue,Y,,,,
EMP-0301,"TESTER, MORGAN","ExampleBook Air 13 (i7, 8GB, 256GB SSD)",LT-100057,SYN-YG281EVG,,lt-100057,lt-100057,02:00:00:179:215:207,Laptop replacement - hardware fault on SYN-LT-100057,"Unit 402, 78 Example Street, Example District, Example City",+63 900 301 9185,For Pickup,Support Technician A,Y,,,,
EMP-0386,"MILLER, INDIGO","ExampleStation 15 (i5, 16GB, 1TB HDD)",LT-100371,SYN-NCUAASBD,,lt-100371,lt-100371,02:00:00:235:111:113,Broken screen replacement - SYN-LT-100371,"Unit 2002, 25 Example Street, Example District, Example City",+63 900 386 0898,Deployed,Support Technician B,Y,,,,
EMP-0472,"SMITH, CASEY","ExampleBook Air 13 (i7, 8GB, 256GB SSD)",LT-100431,SYN-D5K97WN0,,lt-100431,lt-100431,02:00:00:244:254:119,New starter onboarding - device SYN-LT-100431,"Unit 2602, 27 Example Street, Example District, Example City",+63 900 472 5619,Deployed,Support Technician A,Y,,,,
EMP-0508,"JOHNSON, FRANKIE","ExampleTower SFF (i5, 16GB, 512GB SSD)",LT-100456,SYN-2GNU4CEW,,lt-100456,lt-100456,02:00:00:194:144:72,Scheduled refresh of legacy device SYN-LT-100456,"Unit 2002, 31 Example Street, Example District, Example City",+63 900 508 4658,For Pickup,IT Support Queue,Y,,,,
EMP-0153,"DOE, SAWYER","ExampleView 27"" QHD Monitor",LT-100441,SYN-2XSZUGJU,,lt-100441,lt-100441,02:00:00:132:94:127,Broken screen replacement - SYN-LT-100441,"Unit 902, 56 Example Street, Example District, Example City",+63 900 153 6761,Ready for Release,Support Technician B,Y,,,,
EMP-0283,"PLACEHOLDER, FRANKIE","ExampleBook Pro 14 (i5, 16GB, 512GB SSD)",LT-100221,SYN-DY0JMSAG,,lt-100221,lt-100221,02:00:00:89:194:34,Laptop replacement - hardware fault on SYN-LT-100221,"Unit 402, 58 Example Street, Example District, Example City",+63 900 283 6463,Deployed,IT Support Queue,Y,,,,
EMP-0723,"CLARK, MORGAN","ExamplePad 11 Tablet (8GB, 128GB)",LT-100385,SYN-RY1LNXL7,,lt-100385,lt-100385,02:00:00:39:27:236,Offboarding return and sanitization - SYN-LT-100385,"Unit 702, 48 Example Street, Example District, Example City",+63 900 723 0954,Retracted,Support Technician B,Y,,,,
EMP-0343,"MILLER, LEE","ExampleView 24"" IPS Monitor",LT-100190,SYN-1VZ3PPDZ,,lt-100190,lt-100190,02:00:00:194:36:127,Scheduled refresh of legacy device SYN-LT-100190,"Unit 3202, 40 Example Street, Example District, Example City",+63 900 343 5727,Ready for Release,Support Technician A,N,,,,
EMP-0336,"CLARK, PARKER","ExampleView 27"" QHD Monitor",LT-100301,SYN-97KHSGNL,,lt-100301,lt-100301,02:00:00:02:209:159,Laptop replacement - hardware fault on SYN-LT-100301,"Unit 102, 45 Example Street, Example District, Example City",+63 900 336 2139,Ready for Release,Support Technician A,Y,,,,
EMP-0735,"TESTER, HARPER",,,,,,,,Pending device allocation,"Unit 2702, 87 Example Street, Example District, Example City",+63 900 735 2322,Deployed,IT Support Queue,N,,,,
EMP-0739,"DOE, JAMIE","ExampleBook Air 13 (i7, 8GB, 256GB SSD)",LT-100109,SYN-33S59RRL,,lt-100109,lt-100109,02:00:00:224:16:86,Temporary loan for coverage period - SYN-LT-100109,"Unit 502, 63 Example Street, Example District, Example City",+63 900 739 8889,Deployed,Support Technician B,N,,,,
EMP-0274,"SAMPLE, BLAIR",,,,,,,,Pending device allocation,"Unit 3402, 57 Example Street, Example District, Example City",+63 900 274 7829,For Repair,Support Technician B,N,,,,
EMP-0621,"SAMPLE, JAMIE","ExampleView 24"" IPS Monitor",LT-100305,SYN-E4QYD9C9,,lt-100305,lt-100305,02:00:00:223:112:227,Offboarding return and sanitization - SYN-LT-100305,"Unit 302, 79 Example Street, Example District, Example City",+63 900 621 8946,Ready for Release,Support Technician A,Y,,,,
EMP-0324,"PLACEHOLDER, GRAY","ExampleView 27"" QHD Monitor",LT-100582,SYN-DBNAG9FY,,lt-100582,lt-100582,02:00:00:132:128:105,New starter onboarding - device SYN-LT-100582,"Unit 1002, 11 Example Street, Example District, Example City",+63 900 324 6599,Ready for Release,Support Technician A,Y,,,,
EMP-0748,"CLARK, GRAY","ExampleView 24"" IPS Monitor",LT-100417,SYN-PTY0RGYJ,,lt-100417,lt-100417,02:00:00:214:252:39,Laptop replacement - hardware fault on SYN-LT-100417,"Unit 2402, 89 Example Street, Example District, Example City",+63 900 748 2234,For Repair,IT Support Queue,Y,,,,
EMP-0325,"TESTER, JAMIE","ExamplePad 11 Tablet (8GB, 128GB)",LT-100583,SYN-43JV0SM7,,lt-100583,lt-100583,02:00:00:150:131:173,Scheduled refresh of legacy device SYN-LT-100583,"Unit 3002, 79 Example Street, Example District, Example City",+63 900 325 0441,Retracted,Support Technician B,Y,,,,
EMP-0019,"SAMPLE, BLAIR",,,,,,,,Pending device allocation,"Unit 1802, 74 Example Street, Example District, Example City",+63 900 019 7186,For Repair,Support Technician B,N,,,,
EMP-0132,"BROWN, DANA","ExampleBook Air 13 (i7, 8GB, 256GB SSD)",LT-100480,SYN-302V845Q,,lt-100480,lt-100480,02:00:00:12:122:136,Laptop replacement - hardware fault on SYN-LT-100480,"Unit 1402, 24 Example Street, Example District, Example City",+63 900 132 9601,Deployed,Support Technician B,N,,,,
EMP-0113,"BROWN, CASEY","ExamplePad 11 Tablet (8GB, 128GB)",LT-100146,SYN-MS79M5XJ,,lt-100146,lt-100146,02:00:00:254:182:186,New starter onboarding - device SYN-LT-100146,"Unit 3302, 63 Example Street, Example District, Example City",+63 900 113 1300,For Repair,Support Technician A,Y,,,,
EMP-0447,"CLARK, JAMIE",,,,,,,,Pending device allocation,"Unit 1802, 82 Example Street, Example District, Example City",+63 900 447 9093,Retracted,IT Support Queue,N,,,,
EMP-0022,"SMITH, KAI","ExamplePad 11 Tablet (8GB, 128GB)",LT-100070,SYN-CTHTC52P,,lt-100070,lt-100070,02:00:00:75:83:125,Broken screen replacement - SYN-LT-100070,"Unit 1202, 86 Example Street, Example District, Example City",+63 900 022 1770,Ready for Release,Support Technician B,N,,,,
EMP-0237,"BROWN, NOEL","ExamplePad 11 Tablet (8GB, 128GB)",LT-100463,SYN-TTVBDPVV,,lt-100463,lt-100463,02:00:00:51:240:42,Scheduled refresh of legacy device SYN-LT-100463,"Unit 1202, 60 Example Street, Example District, Example City",+63 900 237 9819,Deployed,IT Support Queue,Y,,,,
EMP-0087,"SAMPLE, QUINN","ExampleView 24"" IPS Monitor",LT-100271,SYN-Z8QYX63K,,lt-100271,lt-100271,02:00:00:163:29:99,Broken screen replacement - SYN-LT-100271,"Unit 1902, 40 Example Street, Example District, Example City",+63 900 087 1398,Ready for Release,IT Support Queue,Y,,,,
EMP-0544,"CLARK, ELLIS","ExampleTower Mini (i7, 32GB, 1TB SSD)",LT-100329,SYN-4USPUJ3U,,lt-100329,lt-100329,02:00:00:95:239:142,Temporary loan for coverage period - SYN-LT-100329,"Unit 2202, 47 Example Street, Example District, Example City",+63 900 544 4872,Deployed,Support Technician A,Y,,,,
EMP-0492,"CLARK, MORGAN","ExampleView 27"" QHD Monitor",LT-100505,SYN-TG4K4GD2,,lt-100505,lt-100505,02:00:00:108:173:139,Temporary loan for coverage period - SYN-LT-100505,"Unit 3402, 84 Example Street, Example District, Example City",+63 900 492 8008,Deployed,Support Technician B,N,,,,
EMP-0231,"MILLER, FRANKIE","ExampleView 27"" QHD Monitor",LT-100316,SYN-4ZL84EZD,,lt-100316,lt-100316,02:00:00:147:183:113,Offboarding return and sanitization - SYN-LT-100316,"Unit 2002, 61 Example Street, Example District, Example City",+63 900 231 2815,Deployed,Support Technician A,Y,,,,
EMP-0306,"CLARK, KAI","ExampleTower Mini (i7, 32GB, 1TB SSD)",LT-100214,SYN-N1FJRQ0X,,lt-100214,lt-100214,02:00:00:92:146:167,Laptop replacement - hardware fault on SYN-LT-100214,"Unit 3702, 14 Example Street, Example District, Example City",+63 900 306 2248,Retracted,Support Technician A,N,,,,
EMP-0349,"SAMPLE, TATUM","ExampleView 27"" QHD Monitor",LT-100089,SYN-GDDDJVH9,,lt-100089,lt-100089,02:00:00:226:71:189,Temporary loan for coverage period - SYN-LT-100089,"Unit 1902, 64 Example Street, Example District, Example City",+63 900 349 4137,For Pickup,Support Technician B,N,,,,
EMP-0393,"SMITH, CASEY","ExampleTower SFF (i5, 16GB, 512GB SSD)",LT-100345,SYN-B87D2K83,,lt-100345,lt-100345,02:00:00:102:186:51,Temporary loan for coverage period - SYN-LT-100345,"Unit 802, 25 Example Street, Example District, Example City",+63 900 393 1441,Deployed,Support Technician A,Y,,,,
EMP-0722,"MILLER, HARPER","ExampleTower SFF (i5, 16GB, 512GB SSD)",LT-100387,SYN-KG387PLE,,lt-100387,lt-100387,02:00:00:174:134:33,Broken screen replacement - SYN-LT-100387,"Unit 502, 48 Example Street, Example District, Example City",+63 900 722 3393,Ready for Release,Support Technician A,Y,,,,
EMP-0573,"SMITH, SAWYER",,,,,,,,Pending device allocation,"Unit 1502, 50 Example Street, Example District, Example City",+63 900 573 2713,Retracted,Support Technician A,N,,,,
EMP-0512,"SAMPLE, DANA","ExampleStation 15 (i5, 16GB, 1TB HDD)",LT-100561,SYN-D6D32NH6,,lt-100561,lt-100561,02:00:00:222:149:193,Temporary loan for coverage period - SYN-LT-100561,"Unit 402, 23 Example Street, Example District, Example City",+63 900 512 8100,For Pickup,IT Support Queue,Y,,,,
EMP-0714,"SMITH, MORGAN","ExampleBook Pro 14 (i5, 16GB, 512GB SSD)",LT-100315,SYN-YZ7X1W3L,,lt-100315,lt-100315,02:00:00:214:220:186,Broken screen replacement - SYN-LT-100315,"Unit 602, 3 Example Street, Example District, Example City",+63 900 714 4592,Deployed,Support Technician B,Y,,,,
EMP-0470,"TESTER, TATUM","ExampleBook Pro 14 (i5, 16GB, 512GB SSD)",LT-100163,SYN-1720CJNU,,lt-100163,lt-100163,02:00:00:192:71:83,Temporary loan for coverage period - SYN-LT-100163,"Unit 2702, 79 Example Street, Example District, Example City",+63 900 470 1372,For Repair,Support Technician B,N,,,,
EMP-0072,"WILLIAMS, MORGAN",,,,,,,,Pending device allocation,"Unit 2302, 2 Example Street, Example District, Example City",+63 900 072 2526,Ready for Release,Support Technician B,N,,,,
EMP-0176,"JOHNSON, QUINN","ExampleView 24"" IPS Monitor",LT-100523,SYN-MV8FDK78,,lt-100523,lt-100523,02:00:00:105:51:27,Offboarding return and sanitization - SYN-LT-100523,"Unit 2802, 52 Example Street, Example District, Example City",+63 900 176 9829,For Repair,Support Technician B,N,,,,
EMP-0470,"TESTER, TATUM",,,,,,,,Pending device allocation,"Unit 1002, 11 Example Street, Example District, Example City",+63 900 470 1372,Deployed,IT Support Queue,N,,,,
EMP-0377,"MILLER, DANA",,,,,,,,Pending device allocation,"Unit 102, 28 Example Street, Example District, Example City",+63 900 377 3838,Ready for Release,Support Technician A,N,,,,
EMP-0257,"JOHNSON, BLAIR","ExampleView 24"" IPS Monitor",LT-100271,SYN-Y26QEMZF,,lt-100271,lt-100271,02:00:00:108:162:78,Scheduled refresh of legacy device SYN-LT-100271,"Unit 2202, 31 Example Street, Example District, Example City",+63 900 257 1880,Ready for Release,IT Support Queue,Y,,,,
EMP-0634,"DOE, CASEY","ExampleView 24"" IPS Monitor",LT-100474,SYN-PPHBCXLW,,lt-100474,lt-100474,02:00:00:83:73:160,Temporary loan for coverage period - SYN-LT-100474,"Unit 2702, 9 Example Street, Example District, Example City",+63 900 634 9602,Ready for Release,Support Technician B,N,,,,
EMP-0675,"SAMPLE, TATUM","ExampleTower SFF (i5, 16GB, 512GB SSD)",LT-100562,SYN-JQTY1DY9,,lt-100562,lt-100562,02:00:00:02:82:241,Laptop replacement - hardware fault on SYN-LT-100562,"Unit 2902, 90 Example Street, Example District, Example City",+63 900 675 3740,For Pickup,Support Technician B,Y,,,,
EMP-0226,"TESTER, NOEL","ExampleBook Pro 14 (i5, 16GB, 512GB SSD)",LT-100215,SYN-UPVKUF3T,,lt-100215,lt-100215,02:00:00:175:112:106,Scheduled refresh of legacy device SYN-LT-100215,"Unit 2102, 88 Example Street, Example District, Example City",+63 900 226 2471,For Pickup,IT Support Queue,N,,,,
EMP-0687,"TESTER, GRAY","ExampleBook Pro 14 (i5, 16GB, 512GB SSD)",LT-100482,SYN-ZWHN9A80,,lt-100482,lt-100482,02:00:00:248:162:181,Temporary loan for coverage period - SYN-LT-100482,"Unit 902, 12 Example Street, Example District, Example City",+63 900 687 5943,Retracted,IT Support Queue,Y,,,,
EMP-0441,"BROWN, KAI","ExampleBook Pro 14 (i5, 16GB, 512GB SSD)",LT-100163,SYN-MUZQDBXN,,lt-100163,lt-100163,02:00:00:196:06:24,Scheduled refresh of legacy device SYN-LT-100163,"Unit 1402, 83 Example Street, Example District, Example City",+63 900 441 0296,Ready for Release,IT Support Queue,Y,,,,
EMP-0395,"JOHNSON, PARKER","ExamplePad 11 Tablet (8GB, 128GB)",LT-100470,SYN-VH8JUZA7,,lt-100470,lt-100470,02:00:00:180:101:176,New starter onboarding - device SYN-LT-100470,"Unit 802, 71 Example Street, Example District, Example City",+63 900 395 5075,Ready for Release,Support Technician B,N,,,,
EMP-0100,"JOHNSON, ALEX","ExampleTower Mini (i7, 32GB, 1TB SSD)",LT-100530,SYN-EWLWVB4F,,lt-100530,lt-100530,02:00:00:79:00:36,Offboarding return and sanitization - SYN-LT-100530,"Unit 3502, 31 Example Street, Example District, Example City",+63 900 100 5880,Deployed,IT Support Queue,Y,,,,
EMP-0298,"MILLER, BLAIR","ExampleTower Mini (i7, 32GB, 1TB SSD)",LT-100086,SYN-VBNG7CJW,,lt-100086,lt-100086,02:00:00:251:82:23,Temporary loan for coverage period - SYN-LT-100086,"Unit 1202, 85 Example Street, Example District, Example City",+63 900 298 3600,For Pickup,IT Support Queue,N,,,,
EMP-0307,"DOE, OAKLEY",,,,,,,,Pending device allocation,"Unit 1302, 46 Example Street, Example District, Example City",+63 900 307 5546,Ready for Release,Support Technician A,N,,,,
EMP-0225,"DOE, SAWYER","ExampleTower SFF (i5, 16GB, 512GB SSD)",LT-100244,SYN-KD6PGR5S,,lt-100244,lt-100244,02:00:00:50:231:137,Scheduled refresh of legacy device SYN-LT-100244,"Unit 1302, 73 Example Street, Example District, Example City",+63 900 225 4421,Ready for Release,Support Technician A,Y,,,,
EMP-0265,"JOHNSON, OAKLEY","ExampleStation 15 (i5, 16GB, 1TB HDD)",LT-100048,SYN-3R1XU0Z6,,lt-100048,lt-100048,02:00:00:60:35:139,Broken screen replacement - SYN-LT-100048,"Unit 1902, 12 Example Street, Example District, Example City",+63 900 265 9074,Ready for Release,Support Technician B,Y,,,,
EMP-0550,"WILLIAMS, NOEL",,,,,,,,Pending device allocation,"Unit 2602, 52 Example Street, Example District, Example City",+63 900 550 8327,Retracted,Support Technician A,N,,,,
EMP-0173,"PLACEHOLDER, MORGAN","ExampleBook Air 13 (i7, 8GB, 256GB SSD)",LT-100432,SYN-2UEWDFRF,,lt-100432,lt-100432,02:00:00:201:87:140,Scheduled refresh of legacy device SYN-LT-100432,"Unit 1202, 76 Example Street, Example District, Example City",+63 900 173 2627,Deployed,Support Technician B,Y,,,,
EMP-0523,"SMITH, TATUM",,,,,,,,Pending device allocation,"Unit 2502, 17 Example Street, Example District, Example City",+63 900 523 7683,For Repair,Support Technician A,N,,,,
EMP-0118,"CLARK, HARPER","ExampleBook Pro 14 (i5, 16GB, 512GB SSD)",LT-100122,SYN-KCF8TEDW,,lt-100122,lt-100122,02:00:00:251:148:254,Offboarding return and sanitization - SYN-LT-100122,"Unit 3102, 32 Example Street, Example District, Example City",+63 900 118 1001,Retracted,Support Technician B,Y,,,,
EMP-0162,"WILLIAMS, TATUM","ExampleView 27"" QHD Monitor",LT-100341,SYN-FB4KY4PM,,lt-100341,lt-100341,02:00:00:152:29:121,New starter onboarding - device SYN-LT-100341,"Unit 2402, 53 Example Street, Example District, Example City",+63 900 162 0505,For Pickup,IT Support Queue,N,,,,
EMP-0093,"PLACEHOLDER, PARKER","ExampleBook Air 13 (i7, 8GB, 256GB SSD)",LT-100359,SYN-7HP0G9K7,,lt-100359,lt-100359,02:00:00:98:213:41,New starter onboarding - device SYN-LT-100359,"Unit 602, 83 Example Street, Example District, Example City",+63 900 093 6602,For Repair,Support Technician B,Y,,,,
EMP-0386,"MILLER, INDIGO","ExampleView 27"" QHD Monitor",LT-100115,SYN-XVZ88X7B,,lt-100115,lt-100115,02:00:00:11:82:250,Broken screen replacement - SYN-LT-100115,"Unit 1602, 86 Example Street, Example District, Example City",+63 900 386 0898,Ready for Release,IT Support Queue,N,,,,
EMP-0033,"SMITH, INDIGO","ExamplePad 11 Tablet (8GB, 128GB)",LT-100328,SYN-51SB46GM,,lt-100328,lt-100328,02:00:00:135:176:242,Broken screen replacement - SYN-LT-100328,"Unit 3002, 28 Example Street, Example District, Example City",+63 900 033 3450,For Pickup,IT Support Queue,Y,,,,
EMP-0114,"TESTER, LEE","ExampleTower Mini (i7, 32GB, 1TB SSD)",LT-100248,SYN-92S5A0ZH,,lt-100248,lt-100248,02:00:00:37:126:41,New starter onboarding - device SYN-LT-100248,"Unit 402, 84 Example Street, Example District, Example City",+63 900 114 5477,Deployed,IT Support Queue,Y,,,,
EMP-0330,"TESTER, SAWYER","ExampleBook Air 13 (i7, 8GB, 256GB SSD)",LT-100304,SYN-QGJ4W7CD,,lt-100304,lt-100304,02:00:00:06:41:246,Scheduled refresh of legacy device SYN-LT-100304,"Unit 3502, 36 Example Street, Example District, Example City",+63 900 330 1468,Deployed,IT Support Queue,Y,,,,
EMP-0750,"TESTER, CASEY","ExampleView 27"" QHD Monitor",LT-100421,SYN-27QFNT4D,,lt-100421,lt-100421,02:00:00:113:204:16,Scheduled refresh of legacy device SYN-LT-100421,"Unit 1102, 12 Example Street, Example District, Example City",+63 900 750 1026,For Repair,Support Technician B,Y,,,,
EMP-0242,"BROWN, FRANKIE","ExampleView 24"" IPS Monitor",LT-100472,SYN-PPZJET76,,lt-100472,lt-100472,02:00:00:150:156:84,Offboarding return and sanitization - SYN-LT-100472,"Unit 1102, 85 Example Street, Example District, Example City",+63 900 242 2422,Deployed,Support Technician B,Y,,,,
EMP-0143,"SMITH, ELLIS","ExampleStation 15 (i5, 16GB, 1TB HDD)",LT-100060,SYN-P473Z5QZ,,lt-100060,lt-100060,02:00:00:166:30:83,New starter onboarding - device SYN-LT-100060,"Unit 402, 14 Example Street, Example District, Example City",+63 900 143 9229,For Pickup,IT Support Queue,Y,,,,
EMP-0251,"JOHNSON, TATUM","ExampleTower Mini (i7, 32GB, 1TB SSD)",LT-100187,SYN-LHG2VQ5D,,lt-100187,lt-100187,02:00:00:11:176:50,Offboarding return and sanitization - SYN-LT-100187,"Unit 1902, 39 Example Street, Example District, Example City",+63 900 251 4758,Deployed,Support Technician A,Y,,,,
EMP-0246,"DOE, OAKLEY","ExampleView 24"" IPS Monitor",LT-100146,SYN-YM9Q796N,,lt-100146,lt-100146,02:00:00:68:182:20,Temporary loan for coverage period - SYN-LT-100146,"Unit 802, 82 Example Street, Example District, Example City",+63 900 246 6154,Deployed,Support Technician B,Y,,,,
EMP-0037,"DOE, BLAIR","ExampleStation 15 (i5, 16GB, 1TB HDD)",LT-100338,SYN-P095M1NX,,lt-100338,lt-100338,02:00:00:92:119:15,New starter onboarding - device SYN-LT-100338,"Unit 3002, 28 Example Street, Example District, Example City",+63 900 037 7979,For Repair,IT Support Queue,N,,,,
EMP-0662,"WILLIAMS, CASEY","ExampleView 24"" IPS Monitor",LT-100308,SYN-QNU43NYE,,lt-100308,lt-100308,02:00:00:99:186:163,New starter onboarding - device SYN-LT-100308,"Unit 1302, 49 Example Street, Example District, Example City",+63 900 662 3770,Deployed,IT Support Queue,Y,,,,
EMP-0635,"JOHNSON, JAMIE","ExampleTower SFF (i5, 16GB, 512GB SSD)",LT-100483,SYN-25NDF2SK,,lt-100483,lt-100483,02:00:00:186:58:19,Laptop replacement - hardware fault on SYN-LT-100483,"Unit 202, 2 Example Street, Example District, Example City",+63 900 635 8790,Deployed,IT Support Queue,N,,,,
EMP-0681,"CLARK, FRANKIE",,,,,,,,Pending device allocation,"Unit 602, 35 Example Street, Example District, Example City",+63 900 681 9836,Retracted,Support Technician B,N,,,,
EMP-0095,"DOE, MORGAN","ExampleView 27"" QHD Monitor",LT-100500,SYN-UMNJPCES,,lt-100500,lt-100500,02:00:00:46:29:92,Laptop replacement - hardware fault on SYN-LT-100500,"Unit 2702, 81 Example Street, Example District, Example City",+63 900 095 8124,Deployed,Support Technician B,N,,,,
EMP-0171,"WILLIAMS, CASEY","ExampleStation 15 (i5, 16GB, 1TB HDD)",LT-100572,SYN-TMB9QV5E,,lt-100572,lt-100572,02:00:00:75:173:106,New starter onboarding - device SYN-LT-100572,"Unit 1402, 43 Example Street, Example District, Example City",+63 900 171 7232,Deployed,IT Support Queue,Y,,,,
EMP-0698,"WILLIAMS, CASEY","ExampleView 24"" IPS Monitor",LT-100319,SYN-AKE9DA5P,,lt-100319,lt-100319,02:00:00:00:110:163,Laptop replacement - hardware fault on SYN-LT-100319,"Unit 1902, 89 Example Street, Example District, Example City",+63 900 698 8923,Deployed,Support Technician A,Y,,,,
EMP-0112,"SAMPLE, PARKER","ExampleTower SFF (i5, 16GB, 512GB SSD)",LT-100426,SYN-6WDXS4TE,,lt-100426,lt-100426,02:00:00:38:17:253,Broken screen replacement - SYN-LT-100426,"Unit 3902, 54 Example Street, Example District, Example City",+63 900 112 2151,Ready for Release,IT Support Queue,N,,,,
EMP-0626,"SMITH, HARPER","ExamplePad 11 Tablet (8GB, 128GB)",LT-100363,SYN-25FPZG1S,,lt-100363,lt-100363,02:00:00:52:156:138,Offboarding return and sanitization - SYN-LT-100363,"Unit 102, 45 Example Street, Example District, Example City",+63 900 626 6627,Retracted,Support Technician A,Y,,,,
EMP-0792,"CLARK, REESE","ExampleBook Air 13 (i7, 8GB, 256GB SSD)",LT-100243,SYN-8227TAML,,lt-100243,lt-100243,02:00:00:85:139:69,Offboarding return and sanitization - SYN-LT-100243,"Unit 3502, 70 Example Street, Example District, Example City",+63 900 792 4909,Ready for Release,IT Support Queue,Y,,,,
EMP-0316,"PLACEHOLDER, JAMIE","ExampleBook Pro 14 (i5, 16GB, 512GB SSD)",LT-100106,SYN-0MQ7N5G3,,lt-100106,lt-100106,02:00:00:55:01:233,Laptop replacement - hardware fault on SYN-LT-100106,"Unit 2102, 58 Example Street, Example District, Example City",+63 900 316 3019,Ready for Release,IT Support Queue,Y,,,,
EMP-0795,"MILLER, PARKER",,,,,,,,Pending device allocation,"Unit 2602, 81 Example Street, Example District, Example City",+63 900 795 8177,For Repair,Support Technician A,N,,,,
EMP-0404,"BROWN, INDIGO","ExampleStation 15 (i5, 16GB, 1TB HDD)",LT-100265,SYN-WDGJL23K,,lt-100265,lt-100265,02:00:00:36:81:115,Broken screen replacement - SYN-LT-100265,"Unit 1102, 85 Example Street, Example District, Example City",+63 900 404 9042,Deployed,Support Technician A,N,,,,
EMP-0380,"JOHNSON, INDIGO","ExampleTower SFF (i5, 16GB, 512GB SSD)",LT-100468,SYN-BWLAZ6HM,,lt-100468,lt-100468,02:00:00:18:231:21,Laptop replacement - hardware fault on SYN-LT-100468,"Unit 3702, 54 Example Street, Example District, Example City",+63 900 380 5992,Ready for Release,Support Technician B,N,,,,
EMP-0512,"SAMPLE, DANA",,,,,,,,Pending device allocation,"Unit 2402, 37 Example Street, Example District, Example City",+63 900 512 8100,Deployed,Support Technician A,N,,,,
EMP-0690,"WILLIAMS, INDIGO","ExampleView 27"" QHD Monitor",LT-100222,SYN-PEBX2QBJ,,lt-100222,lt-100222,02:00:00:151:100:145,New starter onboarding - device SYN-LT-100222,"Unit 1602, 78 Example Street, Example District, Example City",+63 900 690 5395,Deployed,Support Technician A,N,,,,
EMP-0356,"CLARK, KAI","ExampleStation 15 (i5, 16GB, 1TB HDD)",LT-100309,SYN-KJJ8ZR52,,lt-100309,lt-100309,02:00:00:97:90:237,Scheduled refresh of legacy device SYN-LT-100309,"Unit 302, 62 Example Street, Example District, Example City",+63 900 356 3097,Retracted,IT Support Queue,Y,,,,
EMP-0737,"WILLIAMS, QUINN","ExampleBook Air 13 (i7, 8GB, 256GB SSD)",LT-100036,SYN-7Y4XQMNF,,lt-100036,lt-100036,02:00:00:233:31:188,New starter onboarding - device SYN-LT-100036,"Unit 3302, 21 Example Street, Example District, Example City",+63 900 737 8280,Deployed,IT Support Queue,Y,,,,
EMP-0618,"CLARK, ELLIS","ExampleTower Mini (i7, 32GB, 1TB SSD)",LT-100024,SYN-EEFAG5AN,,lt-100024,lt-100024,02:00:00:228:12:72,Scheduled refresh of legacy device SYN-LT-100024,"Unit 2402, 28 Example Street, Example District, Example City",+63 900 618 6257,Deployed,Support Technician B,N,,,,
EMP-0562,"SAMPLE, GRAY",,,,,,,,Pending device allocation,"Unit 1702, 25 Example Street, Example District, Example City",+63 900 562 5969,For Pickup,Support Technician A,N,,,,
EMP-0311,"DOE, CASEY","ExampleBook Pro 14 (i5, 16GB, 512GB SSD)",LT-100313,SYN-65CW1H2Y,,lt-100313,lt-100313,02:00:00:218:94:188,Broken screen replacement - SYN-LT-100313,"Unit 3302, 3 Example Street, Example District, Example City",+63 900 311 0142,Ready for Release,IT Support Queue,Y,,,,
EMP-0689,"DOE, QUINN",,,,,,,,Pending device allocation,"Unit 902, 59 Example Street, Example District, Example City",+63 900 689 5840,Ready for Release,Support Technician B,N,,,,
EMP-0213,"SMITH, ELLIS","ExampleStation 15 (i5, 16GB, 1TB HDD)",LT-100458,SYN-SKF75GDF,,lt-100458,lt-100458,02:00:00:94:137:13,Temporary loan for coverage period - SYN-LT-100458,"Unit 2102, 10 Example Street, Example District, Example City",+63 900 213 4712,For Pickup,Support Technician B,N,,,,
EMP-0004,"SAMPLE, QUINN","ExampleBook Pro 14 (i5, 16GB, 512GB SSD)",LT-100066,SYN-R0LZ16NN,,lt-100066,lt-100066,02:00:00:111:236:32,Laptop replacement - hardware fault on SYN-LT-100066,"Unit 3202, 34 Example Street, Example District, Example City",+63 900 004 6511,Deployed,IT Support Queue,Y,,,,
EMP-0273,"BROWN, FRANKIE","ExamplePad 11 Tablet (8GB, 128GB)",LT-100117,SYN-N9P6H9FU,,lt-100117,lt-100117,02:00:00:70:56:137,Offboarding return and sanitization - SYN-LT-100117,"Unit 102, 48 Example Street, Example District, Example City",+63 900 273 2037,Retracted,IT Support Queue,Y,,,,
EMP-0080,"JOHNSON, PARKER","ExamplePad 11 Tablet (8GB, 128GB)",LT-100565,SYN-GTS96E25,,lt-100565,lt-100565,02:00:00:109:116:202,New starter onboarding - device SYN-LT-100565,"Unit 3802, 44 Example Street, Example District, Example City",+63 900 080 1811,Deployed,Support Technician B,N,,,,
EMP-0299,"BROWN, NOEL",,,,,,,,Pending device allocation,"Unit 102, 30 Example Street, Example District, Example City",+63 900 299 6347,Retracted,Support Technician A,N,,,,
EMP-0062,"JOHNSON, TATUM","ExampleTower SFF (i5, 16GB, 512GB SSD)",LT-100410,SYN-ABM9UGJ7,,lt-100410,lt-100410,02:00:00:76:81:85,Temporary loan for coverage period - SYN-LT-100410,"Unit 302, 3 Example Street, Example District, Example City",+63 900 062 6549,For Pickup,Support Technician A,Y,,,,
EMP-0259,"BROWN, KAI","ExampleView 27"" QHD Monitor",LT-100229,SYN-GVC4WJC9,,lt-100229,lt-100229,02:00:00:163:231:39,Scheduled refresh of legacy device SYN-LT-100229,"Unit 2202, 84 Example Street, Example District, Example City",+63 900 259 2095,Deployed,Support Technician B,Y,,,,
EMP-0195,"WILLIAMS, TATUM","ExampleTower Mini (i7, 32GB, 1TB SSD)",LT-100030,SYN-BYX7Q0BQ,,lt-100030,lt-100030,02:00:00:114:252:158,Laptop replacement - hardware fault on SYN-LT-100030,"Unit 302, 74 Example Street, Example District, Example City",+63 900 195 2611,Ready for Release,Support Technician B,N,,,,
EMP-0168,"JOHNSON, DANA","ExampleTower SFF (i5, 16GB, 512GB SSD)",LT-100555,SYN-KK9SC9XL,,lt-100555,lt-100555,02:00:00:124:131:162,Temporary loan for coverage period - SYN-LT-100555,"Unit 3102, 7 Example Street, Example District, Example City",+63 900 168 7768,Retracted,Support Technician A,Y,,,,
EMP-0687,"TESTER, GRAY","ExampleStation 15 (i5, 16GB, 1TB HDD)",LT-100374,SYN-MQ02UYHL,,lt-100374,lt-100374,02:00:00:227:120:200,Offboarding return and sanitization - SYN-LT-100374,"Unit 1202, 78 Example Street, Example District, Example City",+63 900 687 5943,Deployed,Support Technician B,Y,,,,
EMP-0348,"CLARK, MORGAN","ExampleView 24"" IPS Monitor",LT-100008,SYN-TAUTMYTP,,lt-100008,lt-100008,02:00:00:229:180:70,Scheduled refresh of legacy device SYN-LT-100008,"Unit 402, 29 Example Street, Example District, Example City",+63 900 348 4698,Ready for Release,Support Technician B,Y,,,,
EMP-0350,"JOHNSON, ALEX","ExampleStation 15 (i5, 16GB, 1TB HDD)",LT-100169,SYN-74QLCBA7,,lt-100169,lt-100169,02:00:00:237:46:43,Temporary loan for coverage period - SYN-LT-100169,"Unit 2902, 76 Example Street, Example District, Example City",+63 900 350 8672,Ready for Release,Support Technician B,Y,,,,
EMP-0525,"WILLIAMS, ALEX",,,,,,,,Pending device allocation,"Unit 1002, 74 Example Street, Example District, Example City",+63 900 525 5946,For Repair,Support Technician A,N,,,,
EMP-0476,"TESTER, MORGAN","ExampleBook Pro 14 (i5, 16GB, 512GB SSD)",LT-100286,SYN-A2SAF1QB,,lt-100286,lt-100286,02:00:00:41:78:05,Temporary loan for coverage period - SYN-LT-100286,"Unit 2402, 6 Example Street, Example District, Example City",+63 900 476 8094,For Pickup,Support Technician A,Y,,,,
EMP-0748,"CLARK, GRAY","ExampleView 24"" IPS Monitor",LT-100453,SYN-JQ2A180C,,lt-100453,lt-100453,02:00:00:177:04:77,Broken screen replacement - SYN-LT-100453,"Unit 1802, 7 Example Street, Example District, Example City",+63 900 748 2234,Ready for Release,Support Technician A,N,,,,
EMP-0556,"MILLER, NOEL","ExamplePad 11 Tablet (8GB, 128GB)",LT-100247,SYN-KXTWQL9N,,lt-100247,lt-100247,02:00:00:100:234:233,Scheduled refresh of legacy device SYN-LT-100247,"Unit 3302, 89 Example Street, Example District, Example City",+63 900 556 8438,For Repair,IT Support Queue,Y,,,,
EMP-0500,"PLACEHOLDER, HARPER","ExamplePad 11 Tablet (8GB, 128GB)",LT-100522,SYN-GWB7DMN3,,lt-100522,lt-100522,02:00:00:86:51:79,Scheduled refresh of legacy device SYN-LT-100522,"Unit 302, 60 Example Street, Example District, Example City",+63 900 500 7123,For Pickup,Support Technician B,Y,,,,
EMP-0537,"BROWN, GRAY","ExampleStation 15 (i5, 16GB, 1TB HDD)",LT-100428,SYN-DMSTZ6GT,,lt-100428,lt-100428,02:00:00:130:55:02,Scheduled refresh of legacy device SYN-LT-100428,"Unit 2902, 56 Example Street, Example District, Example City",+63 900 537 4959,For Pickup,Support Technician A,Y,,,,
EMP-0795,"MILLER, PARKER","ExampleBook Pro 14 (i5, 16GB, 512GB SSD)",LT-100355,SYN-NFBLJY3F,,lt-100355,lt-100355,02:00:00:14:147:137,New starter onboarding - device SYN-LT-100355,"Unit 3602, 1 Example Street, Example District, Example City",+63 900 795 8177,For Pickup,Support Technician B,Y,,,,
EMP-0216,"SMITH, REESE",,,,,,,,Pending device allocation,"Unit 3402, 66 Example Street, Example District, Example City",+63 900 216 5379,For Pickup,IT Support Queue,N,,,,
EMP-0793,"BROWN, HARPER","ExampleStation 15 (i5, 16GB, 1TB HDD)",LT-100276,SYN-7M50DRL9,,lt-100276,lt-100276,02:00:00:156:46:90,Laptop replacement - hardware fault on SYN-LT-100276,"Unit 302, 65 Example Street, Example District, Example City",+63 900 793 8195,Retracted,Support Technician B,Y,,,,
EMP-0441,"BROWN, KAI","ExamplePad 11 Tablet (8GB, 128GB)",LT-100283,SYN-YR0P7KRC,,lt-100283,lt-100283,02:00:00:58:106:230,Offboarding return and sanitization - SYN-LT-100283,"Unit 2302, 71 Example Street, Example District, Example City",+63 900 441 0296,Deployed,IT Support Queue,Y,,,,
EMP-0003,"WILLIAMS, LEE","ExampleView 27"" QHD Monitor",LT-100290,SYN-NYXP4BRE,,lt-100290,lt-100290,02:00:00:136:246:64,Offboarding return and sanitization - SYN-LT-100290,"Unit 1002, 46 Example Street, Example District, Example City",+63 900 003 2139,Retracted,Support Technician B,Y,,,,
EMP-0604,"TESTER, CASEY","ExampleView 27"" QHD Monitor",LT-100588,SYN-5TGPZCYD,,lt-100588,lt-100588,02:00:00:191:81:232,Broken screen replacement - SYN-LT-100588,"Unit 3102, 89 Example Street, Example District, Example City",+63 900 604 8671,Deployed,Support Technician B,N,,,,
EMP-0221,"DOE, INDIGO","ExampleView 24"" IPS Monitor",LT-100114,SYN-GZDC012L,,lt-100114,lt-100114,02:00:00:82:250:77,Scheduled refresh of legacy device SYN-LT-100114,"Unit 302, 2 Example Street, Example District, Example City",+63 900 221 3482,Retracted,IT Support Queue,Y,,,,
EMP-0103,"CLARK, ALEX","ExampleStation 15 (i5, 16GB, 1TB HDD)",LT-100016,SYN-LBTE80E8,,lt-100016,lt-100016,02:00:00:231:172:127,New starter onboarding - device SYN-LT-100016,"Unit 2602, 80 Example Street, Example District, Example City",+63 900 103 6475,Deployed,Support Technician A,Y,,,,
EMP-0529,"MILLER, ALEX","ExamplePad 11 Tablet (8GB, 128GB)",LT-100569,SYN-99TMU5FL,,lt-100569,lt-100569,02:00:00:97:18:225,New starter onboarding - device SYN-LT-100569,"Unit 902, 26 Example Street, Example District, Example City",+63 900 529 3519,Retracted,Support Technician A,Y,,,,
EMP-0797,"SAMPLE, PARKER","ExampleBook Air 13 (i7, 8GB, 256GB SSD)",LT-100176,SYN-4GZTX7Q8,,lt-100176,lt-100176,02:00:00:253:66:27,Temporary loan for coverage period - SYN-LT-100176,"Unit 2602, 58 Example Street, Example District, Example City",+63 900 797 2772,Deployed,Support Technician A,Y,,,,
EMP-0263,"TESTER, JAMIE",,,,,,,,Pending device allocation,"Unit 2602, 10 Example Street, Example District, Example City",+63 900 263 1928,Deployed,Support Technician A,N,,,,
EMP-0027,"SAMPLE, BLAIR","ExampleStation 15 (i5, 16GB, 1TB HDD)",LT-100369,SYN-SN5PALYF,,lt-100369,lt-100369,02:00:00:58:178:81,Laptop replacement - hardware fault on SYN-LT-100369,"Unit 3302, 7 Example Street, Example District, Example City",+63 900 027 6383,Retracted,Support Technician B,Y,,,,
EMP-0531,"CLARK, ALEX","ExampleTower Mini (i7, 32GB, 1TB SSD)",LT-100557,SYN-9X0WE0DN,,lt-100557,lt-100557,02:00:00:71:139:234,Scheduled refresh of legacy device SYN-LT-100557,"Unit 2502, 79 Example Street, Example District, Example City",+63 900 531 6103,Deployed,Support Technician B,N,,,,
EMP-0223,"MILLER, INDIGO",,,,,,,,Pending device allocation,"Unit 202, 63 Example Street, Example District, Example City",+63 900 223 2470,Deployed,Support Technician B,N,,,,
EMP-0733,"MILLER, HARPER","ExampleView 27"" QHD Monitor",LT-100322,SYN-S7RXDS5X,,lt-100322,lt-100322,02:00:00:249:157:33,Offboarding return and sanitization - SYN-LT-100322,"Unit 402, 23 Example Street, Example District, Example City",+63 900 733 6103,Retracted,Support Technician A,N,,,,
EMP-0017,"SAMPLE, CASEY","ExampleBook Pro 14 (i5, 16GB, 512GB SSD)",LT-100073,SYN-ADZWBX1H,,lt-100073,lt-100073,02:00:00:79:244:241,Broken screen replacement - SYN-LT-100073,"Unit 1602, 51 Example Street, Example District, Example City",+63 900 017 0666,For Pickup,Support Technician B,Y,,,,
EMP-0730,"PLACEHOLDER, FRANKIE","ExampleBook Air 13 (i7, 8GB, 256GB SSD)",LT-100598,SYN-FKWB6MG8,,lt-100598,lt-100598,02:00:00:19:156:226,New starter onboarding - device SYN-LT-100598,"Unit 702, 53 Example Street, Example District, Example City",+63 900 730 6719,For Pickup,Support Technician A,Y,,,,
EMP-0018,"MILLER, OAKLEY","ExampleTower SFF (i5, 16GB, 512GB SSD)",LT-100153,SYN-4KAB33Z0,,lt-100153,lt-100153,02:00:00:123:05:119,Laptop replacement - hardware fault on SYN-LT-100153,"Unit 2302, 35 Example Street, Example District, Example City",+63 900 018 0814,Ready for Release,IT Support Queue,Y,,,,
EMP-0450,"TESTER, ALEX",,,,,,,,Pending device allocation,"Unit 202, 88 Example Street, Example District, Example City",+63 900 450 7742,Deployed,Support Technician A,N,,,,
EMP-0792,"CLARK, REESE","ExampleTower SFF (i5, 16GB, 512GB SSD)",LT-100492,SYN-VYGG4FGC,,lt-100492,lt-100492,02:00:00:34:131:125,Scheduled refresh of legacy device SYN-LT-100492,"Unit 3202, 53 Example Street, Example District, Example City",+63 900 792 4909,Ready for Release,Support Technician A,Y,,,,
EMP-0653,"WILLIAMS, CASEY","ExampleBook Air 13 (i7, 8GB, 256GB SSD)",LT-100498,SYN-9ZG864K9,,lt-100498,lt-100498,02:00:00:52:228:06,Scheduled refresh of legacy device SYN-LT-100498,"Unit 802, 49 Example Street, Example District, Example City",+63 900 653 3005,For Repair,Support Technician A,Y,,,,
EMP-0455,"SMITH, HARPER","ExamplePad 11 Tablet (8GB, 128GB)",LT-100091,SYN-BKJH1AKQ,,lt-100091,lt-100091,02:00:00:151:194:224,Temporary loan for coverage period - SYN-LT-100091,"Unit 2102, 88 Example Street, Example District, Example City",+63 900 455 0322,Retracted,Support Technician A,Y,,,,
EMP-0743,"BROWN, GRAY","ExampleTower SFF (i5, 16GB, 512GB SSD)",LT-100019,SYN-6M61PDXE,,lt-100019,lt-100019,02:00:00:20:92:132,Broken screen replacement - SYN-LT-100019,"Unit 1002, 10 Example Street, Example District, Example City",+63 900 743 6582,Ready for Release,Support Technician B,N,,,,
EMP-0280,"TESTER, REESE","ExampleView 27"" QHD Monitor",LT-100111,SYN-PMCZAPAC,,lt-100111,lt-100111,02:00:00:123:83:227,Offboarding return and sanitization - SYN-LT-100111,"Unit 1102, 39 Example Street, Example District, Example City",+63 900 280 3882,Retracted,IT Support Queue,N,,,,
EMP-0673,"SAMPLE, GRAY",,,,,,,,Pending device allocation,"Unit 1202, 22 Example Street, Example District, Example City",+63 900 673 3937,For Repair,IT Support Queue,N,,,,
EMP-0469,"JOHNSON, PARKER","ExampleStation 15 (i5, 16GB, 1TB HDD)",LT-100474,SYN-YHN8UFJV,,lt-100474,lt-100474,02:00:00:33:02:207,Laptop replacement - hardware fault on SYN-LT-100474,"Unit 1602, 19 Example Street, Example District, Example City",+63 900 469 2609,Deployed,Support Technician B,Y,,,,
EMP-0457,"SMITH, JAMIE","ExampleView 24"" IPS Monitor",LT-100158,SYN-YERS18ZB,,lt-100158,lt-100158,02:00:00:71:62:75,Temporary loan for coverage period - SYN-LT-100158,"Unit 3502, 31 Example Street, Example District, Example City",+63 900 457 4218,Deployed,IT Support Queue,N,,,,
EMP-0394,"SAMPLE, REESE","ExampleView 24"" IPS Monitor",LT-100219,SYN-TC1Y605Q,,lt-100219,lt-100219,02:00:00:199:175:81,Offboarding return and sanitization - SYN-LT-100219,"Unit 502, 56 Example Street, Example District, Example City",+63 900 394 5085,For Repair,IT Support Queue,Y,,,,
EMP-0261,"CLARK, OAKLEY","ExampleTower SFF (i5, 16GB, 512GB SSD)",LT-100415,SYN-05A140WZ,,lt-100415,lt-100415,02:00:00:09:244:19,New starter onboarding - device SYN-LT-100415,"Unit 3302, 69 Example Street, Example District, Example City",+63 900 261 3424,For Pickup,Support Technician A,Y,,,,
EMP-0314,"JOHNSON, DANA",,,,,,,,Pending device allocation,"Unit 2802, 33 Example Street, Example District, Example City",+63 900 314 2461,Retracted,Support Technician B,N,,,,
EMP-0067,"SMITH, CASEY",,,,,,,,Pending device allocation,"Unit 1402, 46 Example Street, Example District, Example City",+63 900 067 4816,For Repair,Support Technician B,N,,,,
EMP-0365,"DOE, DANA",,,,,,,,Pending device allocation,"Unit 3102, 19 Example Street, Example District, Example City",+63 900 365 9723,Retracted,IT Support Queue,N,,,,
EMP-0344,"JOHNSON, ALEX","ExampleTower SFF (i5, 16GB, 512GB SSD)",LT-100007,SYN-ZVS1NGJ0,,lt-100007,lt-100007,02:00:00:240:37:92,Scheduled refresh of legacy device SYN-LT-100007,"Unit 3302, 79 Example Street, Example District, Example City",+63 900 344 8639,For Pickup,Support Technician B,Y,,,,
EMP-0058,"PLACEHOLDER, NOEL",,,,,,,,Pending device allocation,"Unit 4002, 12 Example Street, Example District, Example City",+63 900 058 7598,For Pickup,Support Technician A,N,,,,
EMP-0549,"MILLER, LEE",,,,,,,,Pending device allocation,"Unit 2702, 88 Example Street, Example District, Example City",+63 900 549 0703,For Pickup,Support Technician A,N,,,,
EMP-0300,"BROWN, REESE","ExampleView 24"" IPS Monitor",LT-100538,SYN-4PPHXNGB,,lt-100538,lt-100538,02:00:00:129:08:00,New starter onboarding - device SYN-LT-100538,"Unit 2302, 80 Example Street, Example District, Example City",+63 900 300 6302,For Repair,Support Technician B,Y,,,,
EMP-0221,"DOE, INDIGO","ExampleTower Mini (i7, 32GB, 1TB SSD)",LT-100368,SYN-BYEADP5F,,lt-100368,lt-100368,02:00:00:108:212:102,Scheduled refresh of legacy device SYN-LT-100368,"Unit 302, 90 Example Street, Example District, Example City",+63 900 221 3482,Deployed,Support Technician A,Y,,,,
EMP-0014,"CLARK, JAMIE","ExampleTower SFF (i5, 16GB, 512GB SSD)",LT-100049,SYN-19L2P2LG,,lt-100049,lt-100049,02:00:00:225:24:104,Broken screen replacement - SYN-LT-100049,"Unit 3402, 47 Example Street, Example District, Example City",+63 900 014 1617,For Pickup,IT Support Queue,N,,,,
EMP-0759,"SMITH, ALEX",,,,,,,,Pending device allocation,"Unit 3502, 5 Example Street, Example District, Example City",+63 900 759 5073,Ready for Release,IT Support Queue,N,,,,
EMP-0167,"WILLIAMS, PARKER",,,,,,,,Pending device allocation,"Unit 2002, 85 Example Street, Example District, Example City",+63 900 167 8454,Deployed,Support Technician B,N,,,,
EMP-0317,"DOE, REESE","ExampleBook Pro 14 (i5, 16GB, 512GB SSD)",LT-100280,SYN-T6M7LP3U,,lt-100280,lt-100280,02:00:00:169:252:190,Laptop replacement - hardware fault on SYN-LT-100280,"Unit 602, 75 Example Street, Example District, Example City",+63 900 317 5876,Ready for Release,Support Technician B,Y,,,,
EMP-0467,"SMITH, MORGAN","ExampleTower Mini (i7, 32GB, 1TB SSD)",LT-100256,SYN-RPYF9L1R,,lt-100256,lt-100256,02:00:00:158:179:169,Offboarding return and sanitization - SYN-LT-100256,"Unit 2002, 15 Example Street, Example District, Example City",+63 900 467 4320,Ready for Release,Support Technician B,N,,,,
EMP-0127,"DOE, INDIGO","ExampleBook Air 13 (i7, 8GB, 256GB SSD)",LT-100078,SYN-T00RU5Q7,,lt-100078,lt-100078,02:00:00:113:107:94,Temporary loan for coverage period - SYN-LT-100078,"Unit 2702, 30 Example Street, Example District, Example City",+63 900 127 7381,Deployed,Support Technician A,N,,,,
EMP-0791,"DOE, TATUM","ExampleTower SFF (i5, 16GB, 512GB SSD)",LT-100203,SYN-BUBKD1DU,,lt-100203,lt-100203,02:00:00:118:185:194,Broken screen replacement - SYN-LT-100203,"Unit 3302, 1 Example Street, Example District, Example City",+63 900 791 7347,Retracted,Support Technician A,Y,,,,
EMP-0339,"SMITH, GRAY","ExampleBook Air 13 (i7, 8GB, 256GB SSD)",LT-100360,SYN-XMRAF1C9,,lt-100360,lt-100360,02:00:00:40:76:244,Temporary loan for coverage period - SYN-LT-100360,"Unit 1902, 67 Example Street, Example District, Example City",+63 900 339 8173,Deployed,Support Technician A,N,,,,
EMP-0264,"TESTER, INDIGO",,,,,,,,Pending device allocation,"Unit 2102, 59 Example Street, Example District, Example City",+63 900 264 1847,For Pickup,Support Technician B,N,,,,
EMP-0070,"CLARK, ELLIS","ExampleTower SFF (i5, 16GB, 512GB SSD)",LT-100501,SYN-41DPWY5K,,lt-100501,lt-100501,02:00:00:160:26:93,Offboarding return and sanitization - SYN-LT-100501,"Unit 1402, 51 Example Street, Example District, Example City",+63 900 070 4444,Deployed,IT Support Queue,Y,,,,
EMP-0507,"SMITH, FRANKIE","ExampleView 24"" IPS Monitor",LT-100476,SYN-2Q03GZ4F,,lt-100476,lt-100476,02:00:00:182:231:25,Offboarding return and sanitization - SYN-LT-100476,"Unit 2902, 39 Example Street, Example District, Example City",+63 900 507 6068,For Pickup,Support Technician A,Y,,,,
EMP-0458,"SAMPLE, CASEY","ExampleTower Mini (i7, 32GB, 1TB SSD)",LT-100203,SYN-HS3Z68PB,,lt-100203,lt-100203,02:00:00:188:162:99,Scheduled refresh of legacy device SYN-LT-100203,"Unit 1602, 89 Example Street, Example District, Example City",+63 900 458 6307,For Pickup,Support Technician A,N,,,,
EMP-0485,"MILLER, ALEX","ExampleView 24"" IPS Monitor",LT-100355,SYN-8P8L72ST,,lt-100355,lt-100355,02:00:00:118:130:101,Broken screen replacement - SYN-LT-100355,"Unit 1002, 36 Example Street, Example District, Example City",+63 900 485 7195,Retracted,Support Technician B,Y,,,,
EMP-0237,"BROWN, NOEL","ExampleView 24"" IPS Monitor",LT-100308,SYN-8VZ5A2TX,,lt-100308,lt-100308,02:00:00:62:110:121,Scheduled refresh of legacy device SYN-LT-100308,"Unit 3802, 28 Example Street, Example District, Example City",+63 900 237 9819,Deployed,Support Technician B,N,,,,
EMP-0157,"CLARK, GRAY","ExampleView 27"" QHD Monitor",LT-100275,SYN-QYNKDM4L,,lt-100275,lt-100275,02:00:00:135:211:50,Scheduled refresh of legacy device SYN-LT-100275,"Unit 3602, 27 Example Street, Example District, Example City",+63 900 157 3722,Deployed,IT Support Queue,Y,,,,
EMP-0263,"TESTER, JAMIE","ExampleBook Pro 14 (i5, 16GB, 512GB SSD)",LT-100286,SYN-N7YRCHLT,,lt-100286,lt-100286,02:00:00:239:244:136,Scheduled refresh of legacy device SYN-LT-100286,"Unit 2002, 82 Example Street, Example District, Example City",+63 900 263 1928,Deployed,Support Technician B,Y,,,,
EMP-0492,"CLARK, MORGAN","ExampleTower SFF (i5, 16GB, 512GB SSD)",LT-100161,SYN-PJQ5AE1J,,lt-100161,lt-100161,02:00:00:199:129:57,Scheduled refresh of legacy device SYN-LT-100161,"Unit 2802, 88 Example Street, Example District, Example City",+63 900 492 8008,For Pickup,Support Technician A,N,,,,
EMP-0769,"CLARK, INDIGO","ExampleStation 15 (i5, 16GB, 1TB HDD)",LT-100103,SYN-HYJB4VAM,,lt-100103,lt-100103,02:00:00:71:99:25,New starter onboarding - device SYN-LT-100103,"Unit 2802, 13 Example Street, Example District, Example City",+63 900 769 4670,For Pickup,Support Technician B,N,,,,
EMP-0642,"SAMPLE, QUINN","ExamplePad 11 Tablet (8GB, 128GB)",LT-100200,SYN-KWYLSY8V,,lt-100200,lt-100200,02:00:00:76:82:111,Broken screen replacement - SYN-LT-100200,"Unit 602, 52 Example Street, Example District, Example City",+63 900 642 1444,For Pickup,Support Technician A,Y,,,,
EMP-0086,"SAMPLE, SAWYER","ExampleBook Air 13 (i7, 8GB, 256GB SSD)",LT-100497,SYN-WNVQH16H,,lt-100497,lt-100497,02:00:00:21:40:204,Temporary loan for coverage period - SYN-LT-100497,"Unit 2902, 75 Example Street, Example District, Example City",+63 900 086 5416,Ready for Release,Support Technician B,Y,,,,
EMP-0105,"SAMPLE, ALEX",,,,,,,,Pending device allocation,"Unit 302, 41 Example Street, Example District, Example City",+63 900 105 8291,Retracted,Support Technician A,N,,,,
EMP-0332,"DOE, TATUM","ExampleView 24"" IPS Monitor",LT-100574,SYN-49TPQH4Y,,lt-100574,lt-100574,02:00:00:231:101:58,Temporary loan for coverage period - SYN-LT-100574,"Unit 302, 60 Example Street, Example District, Example City",+63 900 332 7253,Retracted,IT Support Queue,N,,,,
EMP-0271,"BROWN, KAI","ExamplePad 11 Tablet (8GB, 128GB)",LT-100048,SYN-HSG7P0C8,,lt-100048,lt-100048,02:00:00:215:86:120,Broken screen replacement - SYN-LT-100048,"Unit 1002, 15 Example Street, Example District, Example City",+63 900 271 3048,For Repair,Support Technician A,Y,,,,
EMP-0458,"SAMPLE, CASEY","ExampleTower SFF (i5, 16GB, 512GB SSD)",LT-100025,SYN-X7ZJWLBK,,lt-100025,lt-100025,02:00:00:113:200:139,Temporary loan for coverage period - SYN-LT-100025,"Unit 2702, 77 Example Street, Example District, Example City",+63 900 458 6307,For Pickup,Support Technician B,Y,,,,
EMP-0299,"BROWN, NOEL",,,,,,,,Pending device allocation,"Unit 502, 89 Example Street, Example District, Example City",+63 900 299 6347,Ready for Release,Support Technician A,N,,,,
EMP-0587,"JOHNSON, QUINN","ExampleStation 15 (i5, 16GB, 1TB HDD)",LT-100224,SYN-N70MNSRW,,lt-100224,lt-100224,02:00:00:16:201:147,Offboarding return and sanitization - SYN-LT-100224,"Unit 3902, 63 Example Street, Example District, Example City",+63 900 587 1095,Deployed,IT Support Queue,N,,,,
EMP-0623,"DOE, TATUM","ExampleView 24"" IPS Monitor",LT-100270,SYN-5SAJQ0S9,,lt-100270,lt-100270,02:00:00:90:184:225,Laptop replacement - hardware fault on SYN-LT-100270,"Unit 602, 51 Example Street, Example District, Example City",+63 900 623 1304,For Repair,IT Support Queue,N,,,,
EMP-0550,"WILLIAMS, NOEL","ExampleBook Air 13 (i7, 8GB, 256GB SSD)",LT-100485,SYN-35L2DZLV,,lt-100485,lt-100485,02:00:00:204:25:120,Scheduled refresh of legacy device SYN-LT-100485,"Unit 902, 64 Example Street, Example District, Example City",+63 900 550 8327,Ready for Release,Support Technician B,N,,,,
EMP-0022,"SMITH, KAI","ExampleBook Pro 14 (i5, 16GB, 512GB SSD)",LT-100580,SYN-GPNV0BNZ,,lt-100580,lt-100580,02:00:00:74:255:193,Offboarding return and sanitization - SYN-LT-100580,"Unit 1802, 28 Example Street, Example District, Example City",+63 900 022 1770,Deployed,Support Technician A,N,,,,
EMP-0243,"BROWN, FRANKIE","ExampleBook Air 13 (i7, 8GB, 256GB SSD)",LT-100201,SYN-65RHR3DJ,,lt-100201,lt-100201,02:00:00:97:174:214,Temporary loan for coverage period - SYN-LT-100201,"Unit 702, 5 Example Street, Example District, Example City",+63 900 243 0767,Deployed,Support Technician A,Y,,,,
EMP-0508,"JOHNSON, FRANKIE","ExampleView 24"" IPS Monitor",LT-100174,SYN-4W9N5YFK,,lt-100174,lt-100174,02:00:00:182:53:107,New starter onboarding - device SYN-LT-100174,"Unit 3602, 37 Example Street, Example District, Example City",+63 900 508 4658,Retracted,IT Support Queue,N,,,,
EMP-0432,"JOHNSON, FRANKIE","ExampleTower Mini (i7, 32GB, 1TB SSD)",LT-100574,SYN-6G8SG8QE,,lt-100574,lt-100574,02:00:00:22:134:72,Scheduled refresh of legacy device SYN-LT-100574,"Unit 2202, 25 Example Street, Example District, Example City",+63 900 432 3523,For Pickup,Support Technician B,Y,,,,
EMP-0506,"WILLIAMS, JAMIE","ExampleBook Air 13 (i7, 8GB, 256GB SSD)",LT-100339,SYN-1FWEN5H5,,lt-100339,lt-100339,02:00:00:58:108:123,Scheduled refresh of legacy device SYN-LT-100339,"Unit 802, 48 Example Street, Example District, Example City",+63 900 506 2595,Deployed,IT Support Queue,Y,,,,
EMP-0270,"CLARK, KAI","ExampleView 27"" QHD Monitor",LT-100116,SYN-M8DUTFQ2,,lt-100116,lt-100116,02:00:00:190:36:214,Broken screen replacement - SYN-LT-100116,"Unit 2102, 9 Example Street, Example District, Example City",+63 900 270 9773,Retracted,IT Support Queue,Y,,,,
EMP-0757,"SAMPLE, JAMIE","ExampleView 27"" QHD Monitor",LT-100447,SYN-GD7Y6PDA,,lt-100447,lt-100447,02:00:00:243:243:232,New starter onboarding - device SYN-LT-100447,"Unit 1802, 61 Example Street, Example District, Example City",+63 900 757 0952,For Repair,IT Support Queue,Y,,,,
EMP-0370,"BROWN, OAKLEY","ExampleTower SFF (i5, 16GB, 512GB SSD)",LT-100542,SYN-YUMNQAFA,,lt-100542,lt-100542,02:00:00:223:77:114,Laptop replacement - hardware fault on SYN-LT-100542,"Unit 402, 89 Example Street, Example District, Example City",+63 900 370 2456,Retracted,Support Technician A,Y,,,,
EMP-0611,"DOE, ELLIS","ExampleBook Air 13 (i7, 8GB, 256GB SSD)",LT-100474,SYN-FL2A5EYP,,lt-100474,lt-100474,02:00:00:248:117:51,Laptop replacement - hardware fault on SYN-LT-100474,"Unit 3602, 27 Example Street, Example District, Example City",+63 900 611 0676,Deployed,Support Technician A,Y,,,,
EMP-0193,"JOHNSON, PARKER","ExampleView 27"" QHD Monitor",LT-100015,SYN-TPCBLYF2,,lt-100015,lt-100015,02:00:00:104:84:00,Scheduled refresh of legacy device SYN-LT-100015,"Unit 1402, 59 Example Street, Example District, Example City",+63 900 193 6444,For Pickup,IT Support Queue,N,,,,
EMP-0721,"JOHNSON, DANA","ExampleTower SFF (i5, 16GB, 512GB SSD)",LT-100213,SYN-3WNDF5X9,,lt-100213,lt-100213,02:00:00:229:156:240,Scheduled refresh of legacy device SYN-LT-100213,"Unit 1202, 52 Example Street, Example District, Example City",+63 900 721 5778,Deployed,Support Technician A,Y,,,,
EMP-0067,"SMITH, CASEY","ExampleBook Pro 14 (i5, 16GB, 512GB SSD)",LT-100451,SYN-6XD6UT5D,,lt-100451,lt-100451,02:00:00:237:223:105,Scheduled refresh of legacy device SYN-LT-100451,"Unit 3302, 67 Example Street, Example District, Example City",+63 900 067 4816,Ready for Release,Support Technician A,Y,,,,
EMP-0077,"TESTER, ELLIS","ExamplePad 11 Tablet (8GB, 128GB)",LT-100024,SYN-4C3C7V00,,lt-100024,lt-100024,02:00:00:09:165:06,Temporary loan for coverage period - SYN-LT-100024,"Unit 502, 17 Example Street, Example District, Example City",+63 900 077 0365,Retracted,Support Technician B,Y,,,,
EMP-0606,"WILLIAMS, ELLIS","ExampleView 27"" QHD Monitor",LT-100078,SYN-ZD8MYEEK,,lt-100078,lt-100078,02:00:00:84:171:92,Broken screen replacement - SYN-LT-100078,"Unit 3902, 29 Example Street, Example District, Example City",+63 900 606 8948,For Pickup,Support Technician B,N,,,,
EMP-0705,"MILLER, HARPER","ExampleBook Pro 14 (i5, 16GB, 512GB SSD)",LT-100295,SYN-9JHQY4DU,,lt-100295,lt-100295,02:00:00:78:142:194,Scheduled refresh of legacy device SYN-LT-100295,"Unit 802, 56 Example Street, Example District, Example City",+63 900 705 5532,Ready for Release,Support Technician B,N,,,,
EMP-0605,"TESTER, ELLIS","ExamplePad 11 Tablet (8GB, 128GB)",LT-100233,SYN-SYZGTYJB,,lt-100233,lt-100233,02:00:00:172:134:52,Offboarding return and sanitization - SYN-LT-100233,"Unit 1202, 55 Example Street, Example District, Example City",+63 900 605 7622,Ready for Release,Support Technician B,Y,,,,
EMP-0610,"DOE, REESE","ExampleView 27"" QHD Monitor",LT-100389,SYN-KJ0U9LSF,,lt-100389,lt-100389,02:00:00:09:231:115,Offboarding return and sanitization - SYN-LT-100389,"Unit 1302, 78 Example Street, Example District, Example City",+63 900 610 5580,For Repair,Support Technician B,N,,,,
EMP-0258,"PLACEHOLDER, JAMIE","ExampleBook Pro 14 (i5, 16GB, 512GB SSD)",LT-100495,SYN-VVJLZXH4,,lt-100495,lt-100495,02:00:00:221:93:67,Temporary loan for coverage period - SYN-LT-100495,"Unit 2702, 88 Example Street, Example District, Example City",+63 900 258 4200,For Pickup,Support Technician B,Y,,,,
EMP-0590,"SMITH, ELLIS","ExampleBook Air 13 (i7, 8GB, 256GB SSD)",LT-100105,SYN-FH61JZ1W,,lt-100105,lt-100105,02:00:00:121:60:181,Offboarding return and sanitization - SYN-LT-100105,"Unit 1902, 68 Example Street, Example District, Example City",+63 900 590 5351,Ready for Release,Support Technician B,Y,,,,
EMP-0283,"PLACEHOLDER, FRANKIE",,,,,,,,Pending device allocation,"Unit 3902, 14 Example Street, Example District, Example City",+63 900 283 6463,Deployed,IT Support Queue,N,,,,
EMP-0562,"SAMPLE, GRAY","ExampleBook Air 13 (i7, 8GB, 256GB SSD)",LT-100597,SYN-D9B06478,,lt-100597,lt-100597,02:00:00:148:143:57,Offboarding return and sanitization - SYN-LT-100597,"Unit 3402, 17 Example Street, Example District, Example City",+63 900 562 5969,Retracted,IT Support Queue,N,,,,
EMP-0662,"WILLIAMS, CASEY","ExampleBook Pro 14 (i5, 16GB, 512GB SSD)",LT-100188,SYN-8Q1B3MP2,,lt-100188,lt-100188,02:00:00:98:177:74,Scheduled refresh of legacy device SYN-LT-100188,"Unit 3902, 68 Example Street, Example District, Example City",+63 900 662 3770,Deployed,Support Technician A,Y,,,,
EMP-0197,"JOHNSON, MORGAN",,,,,,,,Pending device allocation,"Unit 602, 21 Example Street, Example District, Example City",+63 900 197 1678,Ready for Release,Support Technician B,N,,,,
EMP-0241,"MILLER, GRAY","ExampleBook Air 13 (i7, 8GB, 256GB SSD)",LT-100516,SYN-MW3LZM7N,,lt-100516,lt-100516,02:00:00:233:184:69,Laptop replacement - hardware fault on SYN-LT-100516,"Unit 1802, 46 Example Street, Example District, Example City",+63 900 241 4078,Ready for Release,Support Technician B,N,,,,
EMP-0035,"PLACEHOLDER, PARKER","ExampleTower SFF (i5, 16GB, 512GB SSD)",LT-100141,SYN-JJPMYCR1,,lt-100141,lt-100141,02:00:00:05:180:158,Broken screen replacement - SYN-LT-100141,"Unit 902, 60 Example Street, Example District, Example City",+63 900 035 1410,Deployed,Support Technician A,Y,,,,
EMP-0638,"BROWN, LEE",,,,,,,,Pending device allocation,"Unit 1902, 10 Example Street, Example District, Example City",+63 900 638 5541,Deployed,Support Technician B,N,,,,
EMP-0019,"SAMPLE, BLAIR","ExampleTower SFF (i5, 16GB, 512GB SSD)",LT-100071,SYN-7ZQGP95T,,lt-100071,lt-100071,02:00:00:132:206:53,Temporary loan for coverage period - SYN-LT-100071,"Unit 2802, 62 Example Street, Example District, Example City",+63 900 019 7186,Deployed,Support Technician A,Y,,,,
EMP-0110,"SAMPLE, JAMIE","ExampleView 24"" IPS Monitor",LT-100010,SYN-FUUW7WPK,,lt-100010,lt-100010,02:00:00:122:14:183,New starter onboarding - device SYN-LT-100010,"Unit 3902, 90 Example Street, Example District, Example City",+63 900 110 5924,Retracted,Support Technician B,Y,,,,
EMP-0550,"WILLIAMS, NOEL","ExampleBook Pro 14 (i5, 16GB, 512GB SSD)",LT-100209,SYN-E98A4M2S,,lt-100209,lt-100209,02:00:00:128:200:33,Scheduled refresh of legacy device SYN-LT-100209,"Unit 3502, 34 Example Street, Example District, Example City",+63 900 550 8327,Deployed,Support Technician A,Y,,,,
EMP-0739,"DOE, JAMIE",,,,,,,,Pending device allocation,"Unit 2302, 71 Example Street, Example District, Example City",+63 900 739 8889,For Pickup,Support Technician A,N,,,,
EMP-0340,"DOE, TATUM","ExampleTower SFF (i5, 16GB, 512GB SSD)",LT-100572,SYN-B09HWY3F,,lt-100572,lt-100572,02:00:00:79:134:67,Offboarding return and sanitization - SYN-LT-100572,"Unit 102, 59 Example Street, Example District, Example City",+63 900 340 4926,Deployed,Support Technician B,Y,,,,
EMP-0527,"JOHNSON, INDIGO","ExampleBook Air 13 (i7, 8GB, 256GB SSD)",LT-100528,SYN-EVMURR8Y,,lt-100528,lt-100528,02:00:00:132:94:27,Temporary loan for coverage period - SYN-LT-100528,"Unit 602, 13 Example Street, Example District, Example City",+63 900 527 8423,Ready for Release,Support Technician A,N,,,,
EMP-0126,"MILLER, ELLIS","ExampleTower Mini (i7, 32GB, 1TB SSD)",LT-100088,SYN-8BNSP698,,lt-100088,lt-100088,02:00:00:242:152:201,Broken screen replacement - SYN-LT-100088,"Unit 3502, 8 Example Street, Example District, Example City",+63 900 126 4749,Ready for Release,IT Support Queue,Y,,,,
EMP-0016,"BROWN, JAMIE","ExampleTower SFF (i5, 16GB, 512GB SSD)",LT-100337,SYN-G99QCBLH,,lt-100337,lt-100337,02:00:00:206:105:122,Scheduled refresh of legacy device SYN-LT-100337,"Unit 1502, 90 Example Street, Example District, Example City",+63 900 016 1845,Retracted,Support Technician A,Y,,,,
EMP-0636,"SMITH, INDIGO","ExampleView 24"" IPS Monitor",LT-100278,SYN-S6470HP0,,lt-100278,lt-100278,02:00:00:49:13:112,Scheduled refresh of legacy device SYN-LT-100278,"Unit 1202, 33 Example Street, Example District, Example City",+63 900 636 7481,For Repair,IT Support Queue,N,,,,
EMP-0185,"BROWN, DANA",,,,,,,,Pending device allocation,"Unit 1902, 82 Example Street, Example District, Example City",+63 900 185 7255,Ready for Release,Support Technician A,N,,,,
EMP-0791,"DOE, TATUM","ExampleTower SFF (i5, 16GB, 512GB SSD)",LT-100510,SYN-N2AHNR23,,lt-100510,lt-100510,02:00:00:140:58:194,New starter onboarding - device SYN-LT-100510,"Unit 1802, 50 Example Street, Example District, Example City",+63 900 791 7347,Deployed,Support Technician B,Y,,,,
EMP-0015,"JOHNSON, JAMIE","ExampleBook Pro 14 (i5, 16GB, 512GB SSD)",LT-100063,SYN-EBY9JNB8,,lt-100063,lt-100063,02:00:00:223:113:177,Scheduled refresh of legacy device SYN-LT-100063,"Unit 3902, 19 Example Street, Example District, Example City",+63 900 015 7319,For Pickup,IT Support Queue,Y,,,,
EMP-0098,"WILLIAMS, OAKLEY",,,,,,,,Pending device allocation,"Unit 1102, 68 Example Street, Example District, Example City",+63 900 098 3411,Deployed,IT Support Queue,N,,,,
EMP-0287,"SAMPLE, PARKER","ExampleStation 15 (i5, 16GB, 1TB HDD)",LT-100444,SYN-HVNNY11C,,lt-100444,lt-100444,02:00:00:53:70:07,New starter onboarding - device SYN-LT-100444,"Unit 3202, 9 Example Street, Example District, Example City",+63 900 287 0513,Ready for Release,Support Technician A,Y,,,,
EMP-0223,"MILLER, INDIGO","ExamplePad 11 Tablet (8GB, 128GB)",LT-100364,SYN-B9WA6RC5,,lt-100364,lt-100364,02:00:00:183:30:171,Scheduled refresh of legacy device SYN-LT-100364,"Unit 3002, 22 Example Street, Example District, Example City",+63 900 223 2470,For Repair,Support Technician B,Y,,,,
EMP-0190,"DOE, ALEX","ExampleBook Pro 14 (i5, 16GB, 512GB SSD)",LT-100183,SYN-MPBALQGW,,lt-100183,lt-100183,02:00:00:249:08:178,Scheduled refresh of legacy device SYN-LT-100183,"Unit 2502, 29 Example Street, Example District, Example City",+63 900 190 4661,Retracted,Support Technician A,Y,,,,
EMP-0757,"SAMPLE, JAMIE","ExampleBook Air 13 (i7, 8GB, 256GB SSD)",LT-100344,SYN-LYGGDG1S,,lt-100344,lt-100344,02:00:00:38:82:101,Temporary loan for coverage period - SYN-LT-100344,"Unit 2502, 39 Example Street, Example District, Example City",+63 900 757 0952,Ready for Release,Support Technician B,Y,,,,
EMP-0016,"BROWN, JAMIE","ExampleView 24"" IPS Monitor",LT-100412,SYN-B2JBGRWZ,,lt-100412,lt-100412,02:00:00:38:110:210,Laptop replacement - hardware fault on SYN-LT-100412,"Unit 2002, 11 Example Street, Example District, Example City",+63 900 016 1845,Retracted,IT Support Queue,Y,,,,
EMP-0771,"WILLIAMS, OAKLEY","ExampleView 27"" QHD Monitor",LT-100522,SYN-8MZX4EEM,,lt-100522,lt-100522,02:00:00:105:36:02,Offboarding return and sanitization - SYN-LT-100522,"Unit 2602, 73 Example Street, Example District, Example City",+63 900 771 5913,For Pickup,Support Technician B,Y,,,,
EMP-0768,"JOHNSON, ALEX","ExampleView 24"" IPS Monitor",LT-100594,SYN-ABBZXXXR,,lt-100594,lt-100594,02:00:00:45:86:232,Broken screen replacement - SYN-LT-100594,"Unit 3202, 89 Example Street, Example District, Example City",+63 900 768 3142,Deployed,Support Technician A,Y,,,,
EMP-0732,"PLACEHOLDER, JAMIE",,,,,,,,Pending device allocation,"Unit 202, 74 Example Street, Example District, Example City",+63 900 732 9657,Ready for Release,Support Technician B,N,,,,
EMP-0664,"SMITH, SAWYER",,,,,,,,Pending device allocation,"Unit 302, 52 Example Street, Example District, Example City",+63 900 664 4557,Deployed,Support Technician B,N,,,,
EMP-0794,"BROWN, DANA",,,,,,,,Pending device allocation,"Unit 302, 13 Example Street, Example District, Example City",+63 900 794 9008,Deployed,Support Technician A,N,,,,
EMP-0169,"DOE, ELLIS","ExampleTower Mini (i7, 32GB, 1TB SSD)",LT-100412,SYN-91J5JPQK,,lt-100412,lt-100412,02:00:00:164:158:243,Temporary loan for coverage period - SYN-LT-100412,"Unit 202, 26 Example Street, Example District, Example City",+63 900 169 4024,Ready for Release,Support Technician B,N,,,,
EMP-0100,"JOHNSON, ALEX","ExampleBook Pro 14 (i5, 16GB, 512GB SSD)",LT-100402,SYN-0C4YCPX5,,lt-100402,lt-100402,02:00:00:164:127:160,Broken screen replacement - SYN-LT-100402,"Unit 1502, 19 Example Street, Example District, Example City",+63 900 100 5880,Deployed,Support Technician A,Y,,,,
EMP-0594,"DOE, REESE","ExampleBook Pro 14 (i5, 16GB, 512GB SSD)",LT-100199,SYN-A68Q8W7E,,lt-100199,lt-100199,02:00:00:96:252:59,New starter onboarding - device SYN-LT-100199,"Unit 2602, 84 Example Street, Example District, Example City",+63 900 594 3071,Deployed,Support Technician B,N,,,,
EMP-0254,"SAMPLE, TATUM","ExampleBook Air 13 (i7, 8GB, 256GB SSD)",LT-100347,SYN-2CNR8BKW,,lt-100347,lt-100347,02:00:00:75:87:30,New starter onboarding - device SYN-LT-100347,"Unit 1702, 17 Example Street, Example District, Example City",+63 900 254 1397,For Pickup,Support Technician A,Y,,,,
EMP-0694,"DOE, KAI","ExampleView 27"" QHD Monitor",LT-100248,SYN-YCU5SR63,,lt-100248,lt-100248,02:00:00:113:235:186,Temporary loan for coverage period - SYN-LT-100248,"Unit 202, 34 Example Street, Example District, Example City",+63 900 694 6610,For Pickup,Support Technician A,Y,,,,
EMP-0146,"SAMPLE, DANA","ExampleStation 15 (i5, 16GB, 1TB HDD)",LT-100226,SYN-K51YQR5G,,lt-100226,lt-100226,02:00:00:97:196:64,Laptop replacement - hardware fault on SYN-LT-100226,"Unit 3002, 72 Example Street, Example District, Example City",+63 900 146 9878,For Pickup,Support Technician A,N,,,,
EMP-0710,"TESTER, SAWYER",,,,,,,,Pending device allocation,"Unit 602, 2 Example Street, Example District, Example City",+63 900 710 3911,For Pickup,Support Technician A,N,,,,
EMP-0470,"TESTER, TATUM","ExampleTower SFF (i5, 16GB, 512GB SSD)",LT-100079,SYN-64BUMS0U,,lt-100079,lt-100079,02:00:00:19:87:84,Scheduled refresh of legacy device SYN-LT-100079,"Unit 2902, 27 Example Street, Example District, Example City",+63 900 470 1372,Deployed,IT Support Queue,Y,,,,
EMP-0776,"BROWN, FRANKIE",,,,,,,,Pending device allocation,"Unit 3002, 12 Example Street, Example District, Example City",+63 900 776 2823,For Pickup,Support Technician B,N,,,,
EMP-0439,"MILLER, QUINN","ExampleTower Mini (i7, 32GB, 1TB SSD)",LT-100277,SYN-XFU4X578,,lt-100277,lt-100277,02:00:00:157:44:128,Temporary loan for coverage period - SYN-LT-100277,"Unit 2702, 17 Example Street, Example District, Example City",+63 900 439 9145,For Repair,IT Support Queue,N,,,,
EMP-0211,"SAMPLE, REESE","ExampleView 27"" QHD Monitor",LT-100092,SYN-QUP3CK9T,,lt-100092,lt-100092,02:00:00:218:223:17,New starter onboarding - device SYN-LT-100092,"Unit 2702, 18 Example Street, Example District, Example City",+63 900 211 9466,For Pickup,IT Support Queue,Y,,,,
EMP-0217,"SMITH, TATUM","ExampleView 27"" QHD Monitor",LT-100316,SYN-PF4HP5VS,,lt-100316,lt-100316,02:00:00:136:49:13,New starter onboarding - device SYN-LT-100316,"Unit 1002, 30 Example Street, Example District, Example City",+63 900 217 2003,Retracted,Support Technician B,Y,,,,
EMP-0335,"BROWN, OAKLEY","ExampleTower SFF (i5, 16GB, 512GB SSD)",LT-100425,SYN-PSHFKFX0,,lt-100425,lt-100425,02:00:00:209:245:216,Laptop replacement - hardware fault on SYN-LT-100425,"Unit 302, 62 Example Street, Example District, Example City",+63 900 335 3208,For Repair,Support Technician B,Y,,,,
EMP-0663,"CLARK, NOEL","ExamplePad 11 Tablet (8GB, 128GB)",LT-100076,SYN-HQEP91GX,,lt-100076,lt-100076,02:00:00:226:88:205,Temporary loan for coverage period - SYN-LT-100076,"Unit 1002, 22 Example Street, Example District, Example City",+63 900 663 1487,For Pickup,IT Support Queue,Y,,,,
EMP-0324,"PLACEHOLDER, GRAY","ExampleTower Mini (i7, 32GB, 1TB SSD)",LT-100269,SYN-274Z245K,,lt-100269,lt-100269,02:00:00:239:104:52,Broken screen replacement - SYN-LT-100269,"Unit 3102, 4 Example Street, Example District, Example City",+63 900 324 6599,Deployed,Support Technician A,Y,,,,
EMP-0622,"TESTER, HARPER","ExampleView 24"" IPS Monitor",LT-100587,SYN-T59JWK16,,lt-100587,lt-100587,02:00:00:175:114:10,Temporary loan for coverage period - SYN-LT-100587,"Unit 2202, 34 Example Street, Example District, Example City",+63 900 622 2021,For Repair,Support Technician A,Y,,,,
EMP-0384,"BROWN, ALEX","ExampleStation 15 (i5, 16GB, 1TB HDD)",LT-100188,SYN-MYWJJWNF,,lt-100188,lt-100188,02:00:00:247:02:187,Broken screen replacement - SYN-LT-100188,"Unit 1202, 39 Example Street, Example District, Example City",+63 900 384 5666,Deployed,IT Support Queue,Y,,,,
EMP-0058,"PLACEHOLDER, NOEL","ExampleBook Air 13 (i7, 8GB, 256GB SSD)",LT-100091,SYN-PU22YZJ9,,lt-100091,lt-100091,02:00:00:22:107:223,Offboarding return and sanitization - SYN-LT-100091,"Unit 3102, 27 Example Street, Example District, Example City",+63 900 058 7598,Deployed,Support Technician B,N,,,,
EMP-0664,"SMITH, SAWYER","ExampleTower Mini (i7, 32GB, 1TB SSD)",LT-100208,SYN-ANXC6V8V,,lt-100208,lt-100208,02:00:00:255:247:82,Offboarding return and sanitization - SYN-LT-100208,"Unit 2802, 31 Example Street, Example District, Example City",+63 900 664 4557,Ready for Release,IT Support Queue,N,,,,
EMP-0548,"SMITH, HARPER","ExampleBook Pro 14 (i5, 16GB, 512GB SSD)",LT-100089,SYN-SPTZYX5V,,lt-100089,lt-100089,02:00:00:24:163:253,Scheduled refresh of legacy device SYN-LT-100089,"Unit 3602, 84 Example Street, Example District, Example City",+63 900 548 3375,Retracted,IT Support Queue,N,,,,
EMP-0557,"TESTER, ELLIS","ExampleBook Pro 14 (i5, 16GB, 512GB SSD)",LT-100261,SYN-P2KFGTRF,,lt-100261,lt-100261,02:00:00:137:161:176,Laptop replacement - hardware fault on SYN-LT-100261,"Unit 402, 24 Example Street, Example District, Example City",+63 900 557 3696,For Repair,Support Technician A,N,,,,
EMP-0640,"PLACEHOLDER, KAI","ExampleTower SFF (i5, 16GB, 512GB SSD)",LT-100573,SYN-LRMP1UXR,,lt-100573,lt-100573,02:00:00:120:83:159,Broken screen replacement - SYN-LT-100573,"Unit 2302, 35 Example Street, Example District, Example City",+63 900 640 4188,Deployed,IT Support Queue,Y,,,,
EMP-0669,"PLACEHOLDER, CASEY",,,,,,,,Pending device allocation,"Unit 3402, 90 Example Street, Example District, Example City",+63 900 669 9460,Deployed,Support Technician B,N,,,,
EMP-0767,"SAMPLE, REESE","ExamplePad 11 Tablet (8GB, 128GB)",LT-100009,SYN-ME9AK4G5,,lt-100009,lt-100009,02:00:00:41:227:237,Broken screen replacement - SYN-LT-100009,"Unit 3902, 22 Example Street, Example District, Example City",+63 900 767 7020,Deployed,IT Support Queue,Y,,,,
EMP-0195,"WILLIAMS, TATUM","ExampleBook Air 13 (i7, 8GB, 256GB SSD)",LT-100484,SYN-F27UD63F,,lt-100484,lt-100484,02:00:00:122:106:05,Temporary loan for coverage period - SYN-LT-100484,"Unit 1902, 18 Example Street, Example District, Example City",+63 900 195 2611,For Pickup,Support Technician A,Y,,,,
EMP-0761,"TESTER, NOEL","ExampleView 27"" QHD Monitor",LT-100181,SYN-5XVAD7FM,,lt-100181,lt-100181,02:00:00:116:131:113,Temporary loan for coverage period - SYN-LT-100181,"Unit 702, 1 Example Street, Example District, Example City",+63 900 761 5391,For Repair,Support Technician B,Y,,,,
EMP-0396,"TESTER, TATUM","ExampleBook Pro 14 (i5, 16GB, 512GB SSD)",LT-100165,SYN-5D9UPGL5,,lt-100165,lt-100165,02:00:00:66:69:245,Broken screen replacement - SYN-LT-100165,"Unit 2402, 49 Example Street, Example District, Example City",+63 900 396 4360,Deployed,IT Support Queue,Y,,,,
EMP-0501,"SMITH, ALEX","ExampleBook Pro 14 (i5, 16GB, 512GB SSD)",LT-100083,SYN-W0TK5AS4,,lt-100083,lt-100083,02:00:00:203:104:103,Scheduled refresh of legacy device SYN-LT-100083,"Unit 602, 65 Example Street, Example District, Example City",+63 900 501 8826,For Repair,IT Support Queue,Y,,,,
EMP-0787,"BROWN, GRAY","ExampleBook Air 13 (i7, 8GB, 256GB SSD)",LT-100061,SYN-ZKPEBEBV,,lt-100061,lt-100061,02:00:00:127:85:173,Scheduled refresh of legacy device SYN-LT-100061,"Unit 402, 7 Example Street, Example District, Example City",+63 900 787 3094,Retracted,Support Technician B,Y,,,,
EMP-0521,"SAMPLE, KAI","ExamplePad 11 Tablet (8GB, 128GB)",LT-100446,SYN-1W1B29Y6,,lt-100446,lt-100446,02:00:00:231:95:41,Laptop replacement - hardware fault on SYN-LT-100446,"Unit 102, 22 Example Street, Example District, Example City",+63 900 521 5373,Ready for Release,Support Technician B,N,,,,
EMP-0304,"BROWN, HARPER","ExamplePad 11 Tablet (8GB, 128GB)",LT-100134,SYN-JR03YU28,,lt-100134,lt-100134,02:00:00:102:184:131,Broken screen replacement - SYN-LT-100134,"Unit 1302, 67 Example Street, Example District, Example City",+63 900 304 3466,Ready for Release,Support Technician A,N,,,,
EMP-0794,"BROWN, DANA",,,,,,,,Pending device allocation,"Unit 2302, 69 Example Street, Example District, Example City",+63 900 794 9008,Ready for Release,Support Technician B,N,,,,
EMP-0605,"TESTER, ELLIS","ExamplePad 11 Tablet (8GB, 128GB)",LT-100049,SYN-XKJ6Y6PR,,lt-100049,lt-100049,02:00:00:76:170:83,Temporary loan for coverage period - SYN-LT-100049,"Unit 2502, 55 Example Street, Example District, Example City",+63 900 605 7622,Retracted,Support Technician B,Y,,,,
EMP-0672,"DOE, FRANKIE","ExamplePad 11 Tablet (8GB, 128GB)",LT-100314,SYN-L6T65D0B,,lt-100314,lt-100314,02:00:00:14:153:233,Broken screen replacement - SYN-LT-100314,"Unit 2502, 36 Example Street, Example District, Example City",+63 900 672 5366,Deployed,Support Technician A,N,,,,
EMP-0711,"BROWN, FRANKIE","ExampleTower Mini (i7, 32GB, 1TB SSD)",LT-100302,SYN-D0KRB6BT,,lt-100302,lt-100302,02:00:00:95:35:85,Laptop replacement - hardware fault on SYN-LT-100302,"Unit 2302, 48 Example Street, Example District, Example City",+63 900 711 5019,For Pickup,Support Technician B,N,,,,
EMP-0006,"SMITH, NOEL","ExamplePad 11 Tablet (8GB, 128GB)",LT-100529,SYN-4KSUJTCG,,lt-100529,lt-100529,02:00:00:22:32:39,Offboarding return and sanitization - SYN-LT-100529,"Unit 3702, 61 Example Street, Example District, Example City",+63 900 006 1222,For Pickup,Support Technician B,Y,,,,
EMP-0360,"BROWN, ELLIS","ExampleStation 15 (i5, 16GB, 1TB HDD)",LT-100545,SYN-V5RS48ZA,,lt-100545,lt-100545,02:00:00:210:201:219,Broken screen replacement - SYN-LT-100545,"Unit 2602, 22 Example Street, Example District, Example City",+63 900 360 9861,Deployed,IT Support Queue,N,,,,
EMP-0015,"JOHNSON, JAMIE","ExampleTower SFF (i5, 16GB, 512GB SSD)",LT-100292,SYN-3PD2U7S4,,lt-100292,lt-100292,02:00:00:79:98:33,Offboarding return and sanitization - SYN-LT-100292,"Unit 2502, 83 Example Street, Example District, Example City",+63 900 015 7319,For Repair,Support Technician A,N,,,,
EMP-0741,"DOE, TATUM","ExampleBook Pro 14 (i5, 16GB, 512GB SSD)",LT-100558,SYN-TR029AEQ,,lt-100558,lt-100558,02:00:00:140:207:09,Temporary loan for coverage period - SYN-LT-100558,"Unit 2102, 15 Example Street, Example District, Example City",+63 900 741 2362,Deployed,Support Technician A,Y,,,,
EMP-0535,"TESTER, JAMIE","ExampleView 24"" IPS Monitor",LT-100453,SYN-5PWSWM8B,,lt-100453,lt-100453,02:00:00:108:158:211,Offboarding return and sanitization - SYN-LT-100453,"Unit 1602, 27 Example Street, Example District, Example City",+63 900 535 7377,For Pickup,Support Technician B,Y,,,,
EMP-0188,"SAMPLE, REESE","ExampleStation 15 (i5, 16GB, 1TB HDD)",LT-100238,SYN-QL901ZZ2,,lt-100238,lt-100238,02:00:00:27:28:40,Scheduled refresh of legacy device SYN-LT-100238,"Unit 702, 50 Example Street, Example District, Example City",+63 900 188 3580,Retracted,Support Technician A,N,,,,
EMP-0181,"PLACEHOLDER, PARKER","ExampleStation 15 (i5, 16GB, 1TB HDD)",LT-100488,SYN-7T2NB63G,,lt-100488,lt-100488,02:00:00:117:80:186,Broken screen replacement - SYN-LT-100488,"Unit 2402, 22 Example Street, Example District, Example City",+63 900 181 0628,For Repair,Support Technician B,N,,,,
EMP-0701,"DOE, HARPER","ExampleBook Pro 14 (i5, 16GB, 512GB SSD)",LT-100102,SYN-Z99K59SM,,lt-100102,lt-100102,02:00:00:177:129:201,Temporary loan for coverage period - SYN-LT-100102,"Unit 3302, 62 Example Street, Example District, Example City",+63 900 701 0692,For Pickup,Support Technician A,N,,,,
EMP-0457,"SMITH, JAMIE","ExampleTower Mini (i7, 32GB, 1TB SSD)",LT-100092,SYN-ZPVSG078,,lt-100092,lt-100092,02:00:00:195:243:29,Temporary loan for coverage period - SYN-LT-100092,"Unit 2002, 3 Example Street, Example District, Example City",+63 900 457 4218,Retracted,IT Support Queue,Y,,,,
EMP-0265,"JOHNSON, OAKLEY",,,,,,,,Pending device allocation,"Unit 2502, 63 Example Street, Example District, Example City",+63 900 265 9074,For Repair,Support Technician A,N,,,,
EMP-0538,"SAMPLE, HARPER","ExampleTower SFF (i5, 16GB, 512GB SSD)",LT-100403,SYN-7A35F6TS,,lt-100403,lt-100403,02:00:00:110:47:133,Offboarding return and sanitization - SYN-LT-100403,"Unit 1002, 12 Example Street, Example District, Example City",+63 900 538 3465,For Pickup,IT Support Queue,N,,,,
EMP-0071,"DOE, LEE","ExampleBook Pro 14 (i5, 16GB, 512GB SSD)",LT-100460,SYN-1CEA2F07,,lt-100460,lt-100460,02:00:00:66:79:144,Scheduled refresh of legacy device SYN-LT-100460,"Unit 1902, 80 Example Street, Example District, Example City",+63 900 071 3743,For Repair,Support Technician B,Y,,,,
EMP-0546,"JOHNSON, SAWYER",,,,,,,,Pending device allocation,"Unit 3802, 3 Example Street, Example District, Example City",+63 900 546 5221,Ready for Release,Support Technician B,N,,,,
EMP-0253,"WILLIAMS, OAKLEY","ExampleBook Pro 14 (i5, 16GB, 512GB SSD)",LT-100430,SYN-KU0NCL23,,lt-100430,lt-100430,02:00:00:190:132:09,Offboarding return and sanitization - SYN-LT-100430,"Unit 1802, 64 Example Street, Example District, Example City",+63 900 253 7929,Deployed,Support Technician A,Y,,,,
EMP-0017,"SAMPLE, CASEY","ExampleView 24"" IPS Monitor",LT-100499,SYN-6EEBV4PR,,lt-100499,lt-100499,02:00:00:155:66:225,Offboarding return and sanitization - SYN-LT-100499,"Unit 2102, 36 Example Street, Example District, Example City",+63 900 017 0666,Deployed,Support Technician B,Y,,,,
EMP-0332,"DOE, TATUM","ExampleTower Mini (i7, 32GB, 1TB SSD)",LT-100431,SYN-DKSGVYHC,,lt-100431,lt-100431,02:00:00:70:245:134,Scheduled refresh of legacy device SYN-LT-100431,"Unit 1502, 80 Example Street, Example District, Example City",+63 900 332 7253,For Repair,IT Support Queue,Y,,,,
EMP-0574,"BROWN, TATUM","ExampleBook Pro 14 (i5, 16GB, 512GB SSD)",LT-100492,SYN-VGHBYY99,,lt-100492,lt-100492,02:00:00:04:97:109,Temporary loan for coverage period - SYN-LT-100492,"Unit 402, 72 Example Street, Example District, Example City",+63 900 574 8539,Deployed,IT Support Queue,N,,,,
EMP-0392,"DOE, OAKLEY",,,,,,,,Pending device allocation,"Unit 2702, 81 Example Street, Example District, Example City",+63 900 392 9745,Ready for Release,IT Support Queue,N,,,,
EMP-0246,"DOE, OAKLEY","ExampleStation 15 (i5, 16GB, 1TB HDD)",LT-100156,SYN-MJUSNUAP,,lt-100156,lt-100156,02:00:00:156:41:224,Laptop replacement - hardware fault on SYN-LT-100156,"Unit 1002, 55 Example Street, Example District, Example City",+63 900 246 6154,Deployed,Support Technician B,N,,,,
EMP-0147,"TESTER, QUINN",,,,,,,,Pending device allocation,"Unit 1502, 13 Example Street, Example District, Example City",+63 900 147 8888,Retracted,Support Technician A,N,,,,
EMP-0221,"DOE, INDIGO","ExampleView 24"" IPS Monitor",LT-100579,SYN-EXDD2WUZ,,lt-100579,lt-100579,02:00:00:172:220:156,Laptop replacement - hardware fault on SYN-LT-100579,"Unit 1402, 4 Example Street, Example District, Example City",+63 900 221 3482,For Pickup,Support Technician A,Y,,,,
EMP-0253,"WILLIAMS, OAKLEY","ExampleBook Air 13 (i7, 8GB, 256GB SSD)",LT-100070,SYN-S6Y6507Y,,lt-100070,lt-100070,02:00:00:72:23:246,New starter onboarding - device SYN-LT-100070,"Unit 4002, 42 Example Street, Example District, Example City",+63 900 253 7929,Retracted,Support Technician B,Y,,,,
EMP-0515,"BROWN, ELLIS","ExampleView 24"" IPS Monitor",LT-100402,SYN-K7X3B4DR,,lt-100402,lt-100402,02:00:00:182:210:226,Laptop replacement - hardware fault on SYN-LT-100402,"Unit 1202, 81 Example Street, Example District, Example City",+63 900 515 5748,Ready for Release,Support Technician B,Y,,,,
EMP-0683,"WILLIAMS, SAWYER",,,,,,,,Pending device allocation,"Unit 2102, 78 Example Street, Example District, Example City",+63 900 683 5597,For Repair,IT Support Queue,N,,,,
EMP-0294,"PLACEHOLDER, TATUM","ExampleTower SFF (i5, 16GB, 512GB SSD)",LT-100138,SYN-QA4HYXPW,,lt-100138,lt-100138,02:00:00:118:171:144,Scheduled refresh of legacy device SYN-LT-100138,"Unit 2002, 83 Example Street, Example District, Example City",+63 900 294 1213,For Pickup,Support Technician B,Y,,,,
EMP-0330,"TESTER, SAWYER","ExamplePad 11 Tablet (8GB, 128GB)",LT-100240,SYN-J2988FSM,,lt-100240,lt-100240,02:00:00:44:15:134,Laptop replacement - hardware fault on SYN-LT-100240,"Unit 2602, 1 Example Street, Example District, Example City",+63 900 330 1468,Deployed,Support Technician A,N,,,,
EMP-0631,"TESTER, SAWYER","ExampleTower SFF (i5, 16GB, 512GB SSD)",LT-100082,SYN-44JJTRC6,,lt-100082,lt-100082,02:00:00:191:117:192,New starter onboarding - device SYN-LT-100082,"Unit 2402, 35 Example Street, Example District, Example City",+63 900 631 0511,For Repair,Support Technician B,N,,,,
EMP-0052,"BROWN, OAKLEY","ExampleView 24"" IPS Monitor",LT-100094,SYN-QGXGUSV5,,lt-100094,lt-100094,02:00:00:81:81:63,Scheduled refresh of legacy device SYN-LT-100094,"Unit 702, 78 Example Street, Example District, Example City",+63 900 052 6159,For Pickup,IT Support Queue,Y,,,,
EMP-0750,"TESTER, CASEY","ExampleStation 15 (i5, 16GB, 1TB HDD)",LT-100082,SYN-KWUN2U80,,lt-100082,lt-100082,02:00:00:175:60:204,New starter onboarding - device SYN-LT-100082,"Unit 3102, 45 Example Street, Example District, Example City",+63 900 750 1026,For Repair,IT Support Queue,Y,,,,
EMP-0178,"BROWN, ELLIS","ExampleTower Mini (i7, 32GB, 1TB SSD)",LT-100299,SYN-7DLGVDLL,,lt-100299,lt-100299,02:00:00:101:217:07,Broken screen replacement - SYN-LT-100299,"Unit 602, 1 Example Street, Example District, Example City",+63 900 178 6613,For Pickup,IT Support Queue,N,,,,
EMP-0475,"JOHNSON, KAI","ExampleTower SFF (i5, 16GB, 512GB SSD)",LT-100058,SYN-QDZTKTWP,,lt-100058,lt-100058,02:00:00:180:07:204,Offboarding return and sanitization - SYN-LT-100058,"Unit 4002, 39 Example Street, Example District, Example City",+63 900 475 5886,For Repair,Support Technician B,Y,,,,
EMP-0783,"CLARK, TATUM","ExamplePad 11 Tablet (8GB, 128GB)",LT-100138,SYN-EFME2JES,,lt-100138,lt-100138,02:00:00:227:23:150,New starter onboarding - device SYN-LT-100138,"Unit 1902, 55 Example Street, Example District, Example City",+63 900 783 8097,Retracted,IT Support Queue,Y,,,,
EMP-0450,"TESTER, ALEX",,,,,,,,Pending device allocation,"Unit 3802, 41 Example Street, Example District, Example City",+63 900 450 7742,Ready for Release,Support Technician B,N,,,,
EMP-0504,"CLARK, REESE","ExampleBook Pro 14 (i5, 16GB, 512GB SSD)",LT-100591,SYN-7GNZ1RAR,,lt-100591,lt-100591,02:00:00:54:111:101,Offboarding return and sanitization - SYN-LT-100591,"Unit 902, 67 Example Street, Example District, Example City",+63 900 504 9111,Retracted,IT Support Queue,N,,,,
EMP-0534,"BROWN, KAI",,,,,,,,Pending device allocation,"Unit 2802, 64 Example Street, Example District, Example City",+63 900 534 1864,Deployed,Support Technician B,N,,,,
EMP-0309,"SAMPLE, TATUM","ExampleView 27"" QHD Monitor",LT-100257,SYN-WQL3N4CF,,lt-100257,lt-100257,02:00:00:130:210:222,Broken screen replacement - SYN-LT-100257,"Unit 2902, 7 Example Street, Example District, Example City",+63 900 309 4414,Deployed,IT Support Queue,Y,,,,
EMP-0079,"CLARK, CASEY","ExampleView 27"" QHD Monitor",LT-100303,SYN-NS9AVNPV,,lt-100303,lt-100303,02:00:00:77:211:183,Laptop replacement - hardware fault on SYN-LT-100303,"Unit 202, 85 Example Street, Example District, Example City",+63 900 079 0265,For Repair,Support Technician B,Y,,,,
EMP-0499,"SAMPLE, FRANKIE","ExampleStation 15 (i5, 16GB, 1TB HDD)",LT-100594,SYN-RJHZ2CWG,,lt-100594,lt-100594,02:00:00:08:180:21,Broken screen replacement - SYN-LT-100594,"Unit 802, 2 Example Street, Example District, Example City",+63 900 499 3754,For Repair,Support Technician A,N,,,,
EMP-0601,"SAMPLE, GRAY","ExampleBook Pro 14 (i5, 16GB, 512GB SSD)",LT-100597,SYN-BHDR3NB0,,lt-100597,lt-100597,02:00:00:181:33:244,Scheduled refresh of legacy device SYN-LT-100597,"Unit 2202, 30 Example Street, Example District, Example City",+63 900 601 5777,Ready for Release,Support Technician A,Y,,,,
EMP-0420,"PLACEHOLDER, REESE","ExampleView 24"" IPS Monitor",LT-100367,SYN-6GGEURMT,,lt-100367,lt-100367,02:00:00:71:14:148,Scheduled refresh of legacy device SYN-LT-100367,"Unit 1402, 33 Example Street, Example District, Example City",+63 900 420 0966,Retracted,IT Support Queue,N,,,,
EMP-0002,"SMITH, MORGAN",,,,,,,,Pending device allocation,"Unit 1802, 32 Example Street, Example District, Example City",+63 900 002 6455,Deployed,IT Support Queue,N,,,,
EMP-0546,"JOHNSON, SAWYER",,,,,,,,Pending device allocation,"Unit 602, 35 Example Street, Example District, Example City",+63 900 546 5221,For Pickup,Support Technician B,N,,,,
EMP-0442,"PLACEHOLDER, OAKLEY","ExampleStation 15 (i5, 16GB, 1TB HDD)",LT-100587,SYN-339AS16T,,lt-100587,lt-100587,02:00:00:170:89:73,Broken screen replacement - SYN-LT-100587,"Unit 1602, 5 Example Street, Example District, Example City",+63 900 442 0774,Deployed,Support Technician A,N,,,,
EMP-0734,"SMITH, SAWYER","ExampleStation 15 (i5, 16GB, 1TB HDD)",LT-100492,SYN-6Y2JLNRL,,lt-100492,lt-100492,02:00:00:132:215:35,Laptop replacement - hardware fault on SYN-LT-100492,"Unit 3202, 26 Example Street, Example District, Example City",+63 900 734 1918,Deployed,Support Technician B,Y,,,,
EMP-0410,"CLARK, JAMIE","ExampleTower Mini (i7, 32GB, 1TB SSD)",LT-100097,SYN-UXH8EAYB,,lt-100097,lt-100097,02:00:00:199:78:161,Temporary loan for coverage period - SYN-LT-100097,"Unit 2202, 20 Example Street, Example District, Example City",+63 900 410 8317,For Repair,Support Technician B,N,,,,
EMP-0140,"TESTER, LEE","ExampleBook Air 13 (i7, 8GB, 256GB SSD)",LT-100546,SYN-9WTA45M5,,lt-100546,lt-100546,02:00:00:24:157:44,Scheduled refresh of legacy device SYN-LT-100546,"Unit 1502, 19 Example Street, Example District, Example City",+63 900 140 1942,Retracted,Support Technician B,Y,,,,
EMP-0171,"WILLIAMS, CASEY","ExampleView 24"" IPS Monitor",LT-100499,SYN-FWLHPL1U,,lt-100499,lt-100499,02:00:00:118:10:58,Offboarding return and sanitization - SYN-LT-100499,"Unit 2402, 76 Example Street, Example District, Example City",+63 900 171 7232,Retracted,Support Technician B,Y,,,,
EMP-0156,"BROWN, ELLIS","ExampleView 27"" QHD Monitor",LT-100319,SYN-ZUBDP4RY,,lt-100319,lt-100319,02:00:00:00:149:112,New starter onboarding - device SYN-LT-100319,"Unit 2702, 73 Example Street, Example District, Example City",+63 900 156 5387,Deployed,Support Technician B,Y,,,,
EMP-0076,"MILLER, QUINN",,,,,,,,Pending device allocation,"Unit 1302, 51 Example Street, Example District, Example City",+63 900 076 1094,Retracted,IT Support Queue,N,,,,
EMP-0472,"SMITH, CASEY","ExamplePad 11 Tablet (8GB, 128GB)",LT-100070,SYN-2T0VZAHV,,lt-100070,lt-100070,02:00:00:224:98:14,Scheduled refresh of legacy device SYN-LT-100070,"Unit 2802, 87 Example Street, Example District, Example City",+63 900 472 5619,For Pickup,Support Technician B,Y,,,,
EMP-0426,"CLARK, MORGAN","ExampleTower SFF (i5, 16GB, 512GB SSD)",LT-100496,SYN-Y9UJA74L,,lt-100496,lt-100496,02:00:00:118:87:202,Broken screen replacement - SYN-LT-100496,"Unit 202, 7 Example Street, Example District, Example City",+63 900 426 8035,Deployed,IT Support Queue,Y,,,,
EMP-0442,"PLACEHOLDER, OAKLEY",,,,,,,,Pending device allocation,"Unit 3302, 36 Example Street, Example District, Example City",+63 900 442 0774,For Repair,Support Technician B,N,,,,
EMP-0486,"SMITH, REESE","ExamplePad 11 Tablet (8GB, 128GB)",LT-100414,SYN-TDU9AKHD,,lt-100414,lt-100414,02:00:00:94:186:229,Temporary loan for coverage period - SYN-LT-100414,"Unit 1202, 85 Example Street, Example District, Example City",+63 900 486 3692,Deployed,Support Technician B,N,,,,
EMP-0620,"WILLIAMS, JAMIE","ExampleTower SFF (i5, 16GB, 512GB SSD)",LT-100383,SYN-A4XF1RRA,,lt-100383,lt-100383,02:00:00:106:56:220,Offboarding return and sanitization - SYN-LT-100383,"Unit 3802, 72 Example Street, Example District, Example City",+63 900 620 4295,For Repair,Support Technician A,N,,,,
EMP-0521,"SAMPLE, KAI","ExampleTower Mini (i7, 32GB, 1TB SSD)",LT-100008,SYN-PYP8NNJ1,,lt-100008,lt-100008,02:00:00:30:88:216,Scheduled refresh of legacy device SYN-LT-100008,"Unit 3402, 64 Example Street, Example District, Example City",+63 900 521 5373,Deployed,Support Technician B,Y,,,,
EMP-0240,"JOHNSON, LEE","ExampleStation 15 (i5, 16GB, 1TB HDD)",LT-100146,SYN-H88ATW2L,,lt-100146,lt-100146,02:00:00:44:77:66,Broken screen replacement - SYN-LT-100146,"Unit 4002, 25 Example Street, Example District, Example City",+63 900 240 2513,Retracted,IT Support Queue,N,,,,
EMP-0258,"PLACEHOLDER, JAMIE","ExampleView 24"" IPS Monitor",LT-100052,SYN-103XQ891,,lt-100052,lt-100052,02:00:00:104:251:144,New starter onboarding - device SYN-LT-100052,"Unit 3902, 16 Example Street, Example District, Example City",+63 900 258 4200,Ready for Release,IT Support Queue,Y,,,,
EMP-0151,"CLARK, NOEL","ExampleBook Air 13 (i7, 8GB, 256GB SSD)",LT-100551,SYN-BGLNMT45,,lt-100551,lt-100551,02:00:00:215:47:180,Laptop replacement - hardware fault on SYN-LT-100551,"Unit 4002, 7 Example Street, Example District, Example City",+63 900 151 0537,For Pickup,Support Technician A,Y,,,,
EMP-0675,"SAMPLE, TATUM","ExampleView 27"" QHD Monitor",LT-100278,SYN-V6V7K4KB,,lt-100278,lt-100278,02:00:00:70:212:94,Laptop replacement - hardware fault on SYN-LT-100278,"Unit 1402, 58 Example Street, Example District, Example City",+63 900 675 3740,For Pickup,Support Technician B,Y,,,,
EMP-0644,"TESTER, LEE","ExampleBook Pro 14 (i5, 16GB, 512GB SSD)",LT-100482,SYN-SBCWA3S0,,lt-100482,lt-100482,02:00:00:180:82:192,Temporary loan for coverage period - SYN-LT-100482,"Unit 1202, 23 Example Street, Example District, Example City",+63 900 644 8684,For Pickup,Support Technician A,N,,,,
EMP-0177,"PLACEHOLDER, ELLIS",,,,,,,,Pending device allocation,"Unit 1402, 28 Example Street, Example District, Example City",+63 900 177 3445,For Repair,Support Technician A,N,,,,
EMP-0274,"SAMPLE, BLAIR","ExampleStation 15 (i5, 16GB, 1TB HDD)",LT-100429,SYN-UAPM25QY,,lt-100429,lt-100429,02:00:00:137:130:206,Broken screen replacement - SYN-LT-100429,"Unit 3002, 53 Example Street, Example District, Example City",+63 900 274 7829,For Pickup,Support Technician A,Y,,,,
EMP-0190,"DOE, ALEX","ExampleView 27"" QHD Monitor",LT-100508,SYN-0HRFRNKU,,lt-100508,lt-100508,02:00:00:45:79:83,Broken screen replacement - SYN-LT-100508,"Unit 3302, 43 Example Street, Example District, Example City",+63 900 190 4661,Deployed,IT Support Queue,N,,,,
EMP-0345,"DOE, MORGAN","ExampleBook Pro 14 (i5, 16GB, 512GB SSD)",LT-100251,SYN-5L2EXTA6,,lt-100251,lt-100251,02:00:00:165:126:177,Offboarding return and sanitization - SYN-LT-100251,"Unit 3302, 44 Example Street, Example District, Example City",+63 900 345 0014,Ready for Release,IT Support Queue,N,,,,
EMP-0747,"SMITH, HARPER","ExampleView 27"" QHD Monitor",LT-100183,SYN-ZQ0Y213Y,,lt-100183,lt-100183,02:00:00:96:181:221,New starter onboarding - device SYN-LT-100183,"Unit 902, 1 Example Street, Example District, Example City",+63 900 747 8997,For Repair,Support Technician A,Y,,,,
EMP-0340,"DOE, TATUM",,,,,,,,Pending device allocation,"Unit 2102, 69 Example Street, Example District, Example City",+63 900 340 4926,Deployed,Support Technician A,N,,,,
EMP-0377,"MILLER, DANA","ExampleView 24"" IPS Monitor",LT-100538,SYN-WL15R77H,,lt-100538,lt-100538,02:00:00:190:181:100,Laptop replacement - hardware fault on SYN-LT-100538,"Unit 3802, 31 Example Street, Example District, Example City",+63 900 377 3838,For Pickup,IT Support Queue,Y,,,,
EMP-0336,"CLARK, PARKER","ExamplePad 11 Tablet (8GB, 128GB)",LT-100394,SYN-CU1C4YCU,,lt-100394,lt-100394,02:00:00:240:95:239,Laptop replacement - hardware fault on SYN-LT-100394,"Unit 3102, 15 Example Street, Example District, Example City",+63 900 336 2139,Deployed,IT Support Queue,Y,,,,
EMP-0753,"DOE, HARPER","ExampleStation 15 (i5, 16GB, 1TB HDD)",LT-100523,SYN-0K5S1BVS,,lt-100523,lt-100523,02:00:00:120:174:139,Offboarding return and sanitization - SYN-LT-100523,"Unit 602, 25 Example Street, Example District, Example City",+63 900 753 5175,Deployed,Support Technician B,N,,,,
EMP-0271,"BROWN, KAI",,,,,,,,Pending device allocation,"Unit 402, 3 Example Street, Example District, Example City",+63 900 271 3048,Ready for Release,Support Technician B,N,,,,
EMP-0270,"CLARK, KAI","ExampleTower Mini (i7, 32GB, 1TB SSD)",LT-100582,SYN-P28QN7B8,,lt-100582,lt-100582,02:00:00:100:73:187,New starter onboarding - device SYN-LT-100582,"Unit 402, 20 Example Street, Example District, Example City",+63 900 270 9773,Deployed,IT Support Queue,N,,,,
EMP-0622,"TESTER, HARPER",,,,,,,,Pending device allocation,"Unit 2902, 63 Example Street, Example District, Example City",+63 900 622 2021,For Pickup,Support Technician A,N,,,,
EMP-0206,"CLARK, INDIGO",,,,,,,,Pending device allocation,"Unit 3002, 69 Example Street, Example District, Example City",+63 900 206 8448,Deployed,Support Technician B,N,,,,
EMP-0429,"WILLIAMS, FRANKIE","ExampleTower SFF (i5, 16GB, 512GB SSD)",LT-100221,SYN-3S0EGKJE,,lt-100221,lt-100221,02:00:00:148:213:38,Laptop replacement - hardware fault on SYN-LT-100221,"Unit 3802, 57 Example Street, Example District, Example City",+63 900 429 1770,Retracted,Support Technician B,Y,,,,
EMP-0370,"BROWN, OAKLEY","ExampleBook Pro 14 (i5, 16GB, 512GB SSD)",LT-100049,SYN-A7YUU4KZ,,lt-100049,lt-100049,02:00:00:199:253:118,New starter onboarding - device SYN-LT-100049,"Unit 2702, 32 Example Street, Example District, Example City",+63 900 370 2456,Deployed,IT Support Queue,N,,,,
EMP-0613,"BROWN, PARKER","ExampleBook Pro 14 (i5, 16GB, 512GB SSD)",LT-100239,SYN-HEVXAL7P,,lt-100239,lt-100239,02:00:00:169:14:31,New starter onboarding - device SYN-LT-100239,"Unit 2502, 48 Example Street, Example District, Example City",+63 900 613 5808,Deployed,IT Support Queue,Y,,,,
EMP-0650,"SAMPLE, INDIGO","ExampleStation 15 (i5, 16GB, 1TB HDD)",LT-100373,SYN-SBS25ZT0,,lt-100373,lt-100373,02:00:00:151:173:34,New starter onboarding - device SYN-LT-100373,"Unit 1502, 88 Example Street, Example District, Example City",+63 900 650 9050,Retracted,Support Technician B,N,,,,
EMP-0419,"DOE, TATUM","ExampleBook Air 13 (i7, 8GB, 256GB SSD)",LT-100370,SYN-328X0W83,,lt-100370,lt-100370,02:00:00:34:88:31,Broken screen replacement - SYN-LT-100370,"Unit 1202, 17 Example Street, Example District, Example City",+63 900 419 1572,Deployed,Support Technician B,Y,,,,
EMP-0112,"SAMPLE, PARKER",,,,,,,,Pending device allocation,"Unit 2002, 74 Example Street, Example District, Example City",+63 900 112 2151,For Repair,Support Technician A,N,,,,
EMP-0315,"DOE, REESE","ExamplePad 11 Tablet (8GB, 128GB)",LT-100119,SYN-NLYKG44L,,lt-100119,lt-100119,02:00:00:215:231:131,New starter onboarding - device SYN-LT-100119,"Unit 1402, 3 Example Street, Example District, Example City",+63 900 315 6506,Deployed,IT Support Queue,Y,,,,
EMP-0614,"DOE, REESE","ExampleTower Mini (i7, 32GB, 1TB SSD)",LT-100581,SYN-TJYN69ZW,,lt-100581,lt-100581,02:00:00:19:186:49,Temporary loan for coverage period - SYN-LT-100581,"Unit 602, 89 Example Street, Example District, Example City",+63 900 614 1429,Ready for Release,IT Support Queue,N,,,,
EMP-0507,"SMITH, FRANKIE","ExampleBook Pro 14 (i5, 16GB, 512GB SSD)",LT-100293,SYN-ED4U81B9,,lt-100293,lt-100293,02:00:00:202:173:139,Offboarding return and sanitization - SYN-LT-100293,"Unit 1702, 52 Example Street, Example District, Example City",+63 900 507 6068,For Repair,IT Support Queue,Y,,,,
EMP-0058,"PLACEHOLDER, NOEL","ExampleView 24"" IPS Monitor",LT-100235,SYN-2D5SRDQA,,lt-100235,lt-100235,02:00:00:92:14:77,Broken screen replacement - SYN-LT-100235,"Unit 1502, 65 Example Street, Example District, Example City",+63 900 058 7598,Retracted,IT Support Queue,Y,,,,
EMP-0103,"CLARK, ALEX","ExampleBook Air 13 (i7, 8GB, 256GB SSD)",LT-100261,SYN-DHBMPMT1,,lt-100261,lt-100261,02:00:00:01:125:27,Laptop replacement - hardware fault on SYN-LT-100261,"Unit 102, 55 Example Street, Example District, Example City",+63 900 103 6475,Deployed,Support Technician B,N,,,,
EMP-0707,"MILLER, ALEX","ExampleBook Pro 14 (i5, 16GB, 512GB SSD)",LT-100398,SYN-RXDVR9JJ,,lt-100398,lt-100398,02:00:00:29:134:180,Broken screen replacement - SYN-LT-100398,"Unit 2102, 2 Example Street, Example District, Example City",+63 900 707 0771,Deployed,Support Technician B,Y,,,,
EMP-0718,"MILLER, OAKLEY","ExampleView 24"" IPS Monitor",LT-100172,SYN-8N2F8CM2,,lt-100172,lt-100172,02:00:00:101:190:204,Laptop replacement - hardware fault on SYN-LT-100172,"Unit 202, 35 Example Street, Example District, Example City",+63 900 718 8515,Deployed,Support Technician A,Y,,,,
EMP-0595,"WILLIAMS, ELLIS","ExampleTower Mini (i7, 32GB, 1TB SSD)",LT-100220,SYN-71E6ZVF5,,lt-100220,lt-100220,02:00:00:96:185:231,Laptop replacement - hardware fault on SYN-LT-100220,"Unit 3402, 45 Example Street, Example District, Example City",+63 900 595 8860,Ready for Release,Support Technician B,N,,,,
EMP-0326,"CLARK, SAWYER","ExampleBook Air 13 (i7, 8GB, 256GB SSD)",LT-100461,SYN-TB72KWT2,,lt-100461,lt-100461,02:00:00:106:08:102,Broken screen replacement - SYN-LT-100461,"Unit 1202, 9 Example Street, Example District, Example City",+63 900 326 3791,For Repair,Support Technician B,Y,,,,
EMP-0226,"TESTER, NOEL","ExampleTower Mini (i7, 32GB, 1TB SSD)",LT-100234,SYN-2F8Q12CN,,lt-100234,lt-100234,02:00:00:234:215:239,Broken screen replacement - SYN-LT-100234,"Unit 3802, 80 Example Street, Example District, Example City",+63 900 226 2471,Deployed,Support Technician B,Y,,,,
EMP-0258,"PLACEHOLDER, JAMIE","ExampleStation 15 (i5, 16GB, 1TB HDD)",LT-100281,SYN-ZVR58W0K,,lt-100281,lt-100281,02:00:00:95:175:19,Scheduled refresh of legacy device SYN-LT-100281,"Unit 1402, 54 Example Street, Example District, Example City",+63 900 258 4200,Deployed,Support Technician A,Y,,,,
EMP-0592,"CLARK, DANA","ExampleStation 15 (i5, 16GB, 1TB HDD)",LT-100016,SYN-MDPTLW3E,,lt-100016,lt-100016,02:00:00:13:163:229,Broken screen replacement - SYN-LT-100016,"Unit 1602, 1 Example Street, Example District, Example City",+63 900 592 8743,Ready for Release,Support Technician B,Y,,,,
EMP-0656,"SMITH, KAI","ExampleView 24"" IPS Monitor",LT-100179,SYN-BFSSQ62G,,lt-100179,lt-100179,02:00:00:168:244:04,Temporary loan for coverage period - SYN-LT-100179,"Unit 2402, 23 Example Street, Example District, Example City",+63 900 656 8526,Deployed,IT Support Queue,N,,,,
EMP-0771,"WILLIAMS, OAKLEY","ExampleView 24"" IPS Monitor",LT-100468,SYN-RS93FTJZ,,lt-100468,lt-100468,02:00:00:251:235:110,New starter onboarding - device SYN-LT-100468,"Unit 2402, 35 Example Street, Example District, Example City",+63 900 771 5913,Deployed,Support Technician A,Y,,,,
EMP-0595,"WILLIAMS, ELLIS","ExampleTower Mini (i7, 32GB, 1TB SSD)",LT-100283,SYN-QQJW0JS6,,lt-100283,lt-100283,02:00:00:191:18:53,Offboarding return and sanitization - SYN-LT-100283,"Unit 1402, 70 Example Street, Example District, Example City",+63 900 595 8860,Deployed,Support Technician B,Y,,,,
EMP-0273,"BROWN, FRANKIE","ExamplePad 11 Tablet (8GB, 128GB)",LT-100321,SYN-XWQBELMH,,lt-100321,lt-100321,02:00:00:90:50:04,Broken screen replacement - SYN-LT-100321,"Unit 502, 41 Example Street, Example District, Example City",+63 900 273 2037,Deployed,Support Technician A,Y,,,,
EMP-0154,"PLACEHOLDER, HARPER","ExampleTower Mini (i7, 32GB, 1TB SSD)",LT-100418,SYN-12Y2F2N4,,lt-100418,lt-100418,02:00:00:177:193:143,Offboarding return and sanitization - SYN-LT-100418,"Unit 1602, 42 Example Street, Example District, Example City",+63 900 154 4212,Deployed,Support Technician A,Y,,,,
EMP-0466,"BROWN, HARPER",,,,,,,,Pending device allocation,"Unit 3302, 40 Example Street, Example District, Example City",+63 900 466 1844,For Repair,Support Technician B,N,,,,
EMP-0114,"TESTER, LEE",,,,,,,,Pending device allocation,"Unit 1002, 41 Example Street, Example District, Example City",+63 900 114 5477,Deployed,IT Support Queue,N,,,,
EMP-0126,"MILLER, ELLIS","ExampleBook Air 13 (i7, 8GB, 256GB SSD)",LT-100550,SYN-5FGH8G4V,,lt-100550,lt-100550,02:00:00:24:155:16,Broken screen replacement - SYN-LT-100550,"Unit 1502, 56 Example Street, Example District, Example City",+63 900 126 4749,For Repair,IT Support Queue,Y,,,,
EMP-0636,"SMITH, INDIGO","ExampleTower Mini (i7, 32GB, 1TB SSD)",LT-100152,SYN-FW3BG34C,,lt-100152,lt-100152,02:00:00:233:156:163,Laptop replacement - hardware fault on SYN-LT-100152,"Unit 3102, 23 Example Street, Example District, Example City",+63 900 636 7481,Ready for Release,IT Support Queue,Y,,,,
EMP-0067,"SMITH, CASEY","ExampleStation 15 (i5, 16GB, 1TB HDD)",LT-100095,SYN-EKNUTNCH,,lt-100095,lt-100095,02:00:00:246:157:82,Broken screen replacement - SYN-LT-100095,"Unit 1402, 52 Example Street, Example District, Example City",+63 900 067 4816,Ready for Release,IT Support Queue,Y,,,,
EMP-0053,"TESTER, BLAIR","ExampleView 24"" IPS Monitor",LT-100212,SYN-CVTDYL6R,,lt-100212,lt-100212,02:00:00:152:160:57,New starter onboarding - device SYN-LT-100212,"Unit 2902, 78 Example Street, Example District, Example City",+63 900 053 0991,Deployed,Support Technician A,Y,,,,
EMP-0596,"CLARK, SAWYER","ExampleView 24"" IPS Monitor",LT-100385,SYN-MC3Z4GAX,,lt-100385,lt-100385,02:00:00:207:60:141,Broken screen replacement - SYN-LT-100385,"Unit 602, 82 Example Street, Example District, Example City",+63 900 596 1147,Retracted,Support Technician B,Y,,,,
EMP-0209,"DOE, OAKLEY","ExampleTower Mini (i7, 32GB, 1TB SSD)",LT-100015,SYN-VQ99JCDT,,lt-100015,lt-100015,02:00:00:199:14:248,Broken screen replacement - SYN-LT-100015,"Unit 3902, 54 Example Street, Example District, Example City",+63 900 209 2621,Deployed,Support Technician B,Y,,,,
EMP-0488,"DOE, JAMIE","ExampleBook Air 13 (i7, 8GB, 256GB SSD)",LT-100404,SYN-N4L0WGGQ,,lt-100404,lt-100404,02:00:00:91:29:243,Temporary loan for coverage period - SYN-LT-100404,"Unit 1202, 58 Example Street, Example District, Example City",+63 900 488 1717,Retracted,IT Support Queue,N,,,,
EMP-0636,"SMITH, INDIGO","ExampleTower Mini (i7, 32GB, 1TB SSD)",LT-100438,SYN-G11JH4E8,,lt-100438,lt-100438,02:00:00:04:11:116,Laptop replacement - hardware fault on SYN-LT-100438,"Unit 3602, 32 Example Street, Example District, Example City",+63 900 636 7481,Deployed,Support Technician B,Y,,,,
EMP-0489,"BROWN, DANA",,,,,,,,Pending device allocation,"Unit 3602, 65 Example Street, Example District, Example City",+63 900 489 0251,Retracted,IT Support Queue,N,,,,
EMP-0405,"WILLIAMS, MORGAN","ExampleView 27"" QHD Monitor",LT-100164,SYN-CYQCEFAA,,lt-100164,lt-100164,02:00:00:115:117:09,Offboarding return and sanitization - SYN-LT-100164,"Unit 1102, 71 Example Street, Example District, Example City",+63 900 405 8112,Ready for Release,IT Support Queue,N,,,,
EMP-0548,"SMITH, HARPER","ExampleTower SFF (i5, 16GB, 512GB SSD)",LT-100123,SYN-K96BUNP8,,lt-100123,lt-100123,02:00:00:107:84:210,Temporary loan for coverage period - SYN-LT-100123,"Unit 2602, 11 Example Street, Example District, Example City",+63 900 548 3375,Ready for Release,Support Technician B,N,,,,
EMP-0577,"SAMPLE, NOEL",,,,,,,,Pending device allocation,"Unit 3302, 22 Example Street, Example District, Example City",+63 900 577 5594,Deployed,IT Support Queue,N,,,,
EMP-0346,"SAMPLE, BLAIR","ExampleTower Mini (i7, 32GB, 1TB SSD)",LT-100477,SYN-T6YE38UQ,,lt-100477,lt-100477,02:00:00:122:159:126,Broken screen replacement - SYN-LT-100477,"Unit 902, 46 Example Street, Example District, Example City",+63 900 346 6529,For Repair,Support Technician B,Y,,,,
EMP-0713,"TESTER, OAKLEY","ExampleBook Pro 14 (i5, 16GB, 512GB SSD)",LT-100165,SYN-BQKQ4K1N,,lt-100165,lt-100165,02:00:00:160:250:145,Laptop replacement - hardware fault on SYN-LT-100165,"Unit 102, 1 Example Street, Example District, Example City",+63 900 713 9772,Retracted,Support Technician A,Y,,,,
EMP-0242,"BROWN, FRANKIE","ExamplePad 11 Tablet (8GB, 128GB)",LT-100190,SYN-XPQPLMVF,,lt-100190,lt-100190,02:00:00:242:217:98,Scheduled refresh of legacy device SYN-LT-100190,"Unit 3302, 60 Example Street, Example District, Example City",+63 900 242 2422,Retracted,IT Support Queue,Y,,,,
EMP-0456,"SMITH, SAWYER","ExampleTower Mini (i7, 32GB, 1TB SSD)",LT-100433,SYN-457G0XZM,,lt-100433,lt-100433,02:00:00:46:03:181,Scheduled refresh of legacy device SYN-LT-100433,"Unit 2302, 17 Example Street, Example District, Example City",+63 900 456 6481,Ready for Release,IT Support Queue,Y,,,,
EMP-0006,"SMITH, NOEL","ExampleBook Pro 14 (i5, 16GB, 512GB SSD)",LT-100056,SYN-3CBU2YBV,,lt-100056,lt-100056,02:00:00:115:94:94,Broken screen replacement - SYN-LT-100056,"Unit 2202, 62 Example Street, Example District, Example City",+63 900 006 1222,Deployed,Support Technician B,Y,,,,
EMP-0538,"SAMPLE, HARPER","ExampleStation 15 (i5, 16GB, 1TB HDD)",LT-100596,SYN-BXTUCZF6,,lt-100596,lt-100596,02:00:00:173:254:225,Temporary loan for coverage period - SYN-LT-100596,"Unit 1702, 7 Example Street, Example District, Example City",+63 900 538 3465,Deployed,Support Technician B,N,,,,
EMP-0318,"TESTER, BLAIR",,,,,,,,Pending device allocation,"Unit 3502, 44 Example Street, Example District, Example City",+63 900 318 3469,Ready for Release,IT Support Queue,N,,,,
EMP-0791,"DOE, TATUM",,,,,,,,Pending device allocation,"Unit 902, 77 Example Street, Example District, Example City",+63 900 791 7347,Retracted,Support Technician B,N,,,,
EMP-0102,"MILLER, QUINN",,,,,,,,Pending device allocation,"Unit 2702, 71 Example Street, Example District, Example City",+63 900 102 5271,Deployed,IT Support Queue,N,,,,
EMP-0670,"SAMPLE, DANA","ExampleBook Air 13 (i7, 8GB, 256GB SSD)",LT-100294,SYN-WNZEXB41,,lt-100294,lt-100294,02:00:00:214:70:102,New starter onboarding - device SYN-LT-100294,"Unit 102, 16 Example Street, Example District, Example City",+63 900 670 0843,Retracted,IT Support Queue,N,,,,
EMP-0194,"TESTER, QUINN","ExampleView 24"" IPS Monitor",LT-100300,SYN-28LP8E8C,,lt-100300,lt-100300,02:00:00:06:15:227,Temporary loan for coverage period - SYN-LT-100300,"Unit 1102, 26 Example Street, Example District, Example City",+63 900 194 4419,Ready for Release,Support Technician A,N,,,,
EMP-0151,"CLARK, NOEL","ExampleBook Air 13 (i7, 8GB, 256GB SSD)",LT-100582,SYN-90RPC3SM,,lt-100582,lt-100582,02:00:00:112:100:123,Temporary loan for coverage period - SYN-LT-100582,"Unit 1202, 82 Example Street, Example District, Example City",+63 900 151 0537,Ready for Release,Support Technician B,N,,,,
EMP-0582,"SAMPLE, NOEL","ExampleTower SFF (i5, 16GB, 512GB SSD)",LT-100052,SYN-QRN5JS2E,,lt-100052,lt-100052,02:00:00:255:30:182,Laptop replacement - hardware fault on SYN-LT-100052,"Unit 802, 71 Example Street, Example District, Example City",+63 900 582 8292,For Repair,Support Technician B,Y,,,,
EMP-0450,"TESTER, ALEX","ExampleBook Air 13 (i7, 8GB, 256GB SSD)",LT-100558,SYN-5LNLC7DG,,lt-100558,lt-100558,02:00:00:155:221:32,Laptop replacement - hardware fault on SYN-LT-100558,"Unit 3402, 47 Example Street, Example District, Example City",+63 900 450 7742,Retracted,IT Support Queue,N,,,,
EMP-0622,"TESTER, HARPER","ExampleBook Pro 14 (i5, 16GB, 512GB SSD)",LT-100449,SYN-EHRMA9ND,,lt-100449,lt-100449,02:00:00:128:186:202,Scheduled refresh of legacy device SYN-LT-100449,"Unit 3602, 84 Example Street, Example District, Example City",+63 900 622 2021,For Repair,Support Technician B,N,,,,
EMP-0561,"MILLER, ELLIS","ExampleBook Pro 14 (i5, 16GB, 512GB SSD)",LT-100496,SYN-RES6LH55,,lt-100496,lt-100496,02:00:00:249:109:162,Broken screen replacement - SYN-LT-100496,"Unit 2302, 8 Example Street, Example District, Example City",+63 900 561 9351,Ready for Release,Support Technician B,N,,,,
EMP-0573,"SMITH, SAWYER","ExampleStation 15 (i5, 16GB, 1TB HDD)",LT-100468,SYN-SML0PC9W,,lt-100468,lt-100468,02:00:00:147:160:227,Scheduled refresh of legacy device SYN-LT-100468,"Unit 3602, 35 Example Street, Example District, Example City",+63 900 573 2713,Retracted,IT Support Queue,Y,,,,
EMP-0290,"DOE, KAI","ExampleTower Mini (i7, 32GB, 1TB SSD)",LT-100398,SYN-E1YHDL0S,,lt-100398,lt-100398,02:00:00:104:239:255,Temporary loan for coverage period - SYN-LT-100398,"Unit 2002, 72 Example Street, Example District, Example City",+63 900 290 1283,Deployed,IT Support Queue,Y,,,,
EMP-0295,"BROWN, KAI","ExampleBook Pro 14 (i5, 16GB, 512GB SSD)",LT-100105,SYN-2F3YB43W,,lt-100105,lt-100105,02:00:00:102:85:253,Offboarding return and sanitization - SYN-LT-100105,"Unit 2802, 56 Example Street, Example District, Example City",+63 900 295 3170,Deployed,Support Technician A,Y,,,,
EMP-0222,"WILLIAMS, HARPER","ExampleStation 15 (i5, 16GB, 1TB HDD)",LT-100060,SYN-W2D4ACHU,,lt-100060,lt-100060,02:00:00:106:130:134,Offboarding return and sanitization - SYN-LT-100060,"Unit 402, 31 Example Street, Example District, Example City",+63 900 222 2606,Ready for Release,IT Support Queue,N,,,,
EMP-0005,"JOHNSON, ALEX","ExampleBook Air 13 (i7, 8GB, 256GB SSD)",LT-100179,SYN-XL8Q7ZBG,,lt-100179,lt-100179,02:00:00:12:231:107,Temporary loan for coverage period - SYN-LT-100179,"Unit 1102, 4 Example Street, Example District, Example City",+63 900 005 8690,Deployed,IT Support Queue,Y,,,,
EMP-0184,"PLACEHOLDER, FRANKIE","ExampleView 24"" IPS Monitor",LT-100163,SYN-TH7HPHCP,,lt-100163,lt-100163,02:00:00:184:154:84,Laptop replacement - hardware fault on SYN-LT-100163,"Unit 2102, 30 Example Street, Example District, Example City",+63 900 184 8392,Deployed,IT Support Queue,N,,,,
EMP-0055,"MILLER, FRANKIE","ExampleBook Air 13 (i7, 8GB, 256GB SSD)",LT-100199,SYN-BUWC56RZ,,lt-100199,lt-100199,02:00:00:115:160:217,Offboarding return and sanitization - SYN-LT-100199,"Unit 3902, 70 Example Street, Example District, Example City",+63 900 055 4242,For Repair,Support Technician A,N,,,,
EMP-0177,"PLACEHOLDER, ELLIS","ExampleBook Pro 14 (i5, 16GB, 512GB SSD)",LT-100544,SYN-S29R9LQR,,lt-100544,lt-100544,02:00:00:160:57:138,Scheduled refresh of legacy device SYN-LT-100544,"Unit 3702, 33 Example Street, Example District, Example City",+63 900 177 3445,Deployed,Support Technician A,Y,,,,
EMP-0169,"DOE, ELLIS",,,,,,,,Pending device allocation,"Unit 1002, 29 Example Street, Example District, Example City",+63 900 169 4024,For Pickup,Support Technician B,N,,,,
EMP-0272,"CLARK, REESE","ExampleView 24"" IPS Monitor",LT-100017,SYN-52RL24HN,,lt-100017,lt-100017,02:00:00:150:111:10,Broken screen replacement - SYN-LT-100017,"Unit 1402, 52 Example Street, Example District, Example City",+63 900 272 5898,Retracted,Support Technician B,Y,,,,
EMP-0648,"CLARK, REESE","ExampleView 27"" QHD Monitor",LT-100356,SYN-GNDKD19T,,lt-100356,lt-100356,02:00:00:145:128:191,Laptop replacement - hardware fault on SYN-LT-100356,"Unit 302, 42 Example Street, Example District, Example City",+63 900 648 6816,Deployed,Support Technician B,N,,,,
EMP-0761,"TESTER, NOEL",,,,,,,,Pending device allocation,"Unit 1302, 22 Example Street, Example District, Example City",+63 900 761 5391,Deployed,Support Technician B,N,,,,
EMP-0605,"TESTER, ELLIS","ExamplePad 11 Tablet (8GB, 128GB)",LT-100011,SYN-00SXG636,,lt-100011,lt-100011,02:00:00:105:212:178,Laptop replacement - hardware fault on SYN-LT-100011,"Unit 202, 61 Example Street, Example District, Example City",+63 900 605 7622,Deployed,Support Technician A,N,,,,
EMP-0293,"JOHNSON, MORGAN",,,,,,,,Pending device allocation,"Unit 202, 9 Example Street, Example District, Example City",+63 900 293 9642,Deployed,Support Technician A,N,,,,
EMP-0133,"PLACEHOLDER, REESE","ExampleTower Mini (i7, 32GB, 1TB SSD)",LT-100030,SYN-NDK69FC7,,lt-100030,lt-100030,02:00:00:173:193:92,Laptop replacement - hardware fault on SYN-LT-100030,"Unit 2502, 77 Example Street, Example District, Example City",+63 900 133 7273,For Repair,Support Technician A,Y,,,,
EMP-0482,"TESTER, REESE","ExampleView 24"" IPS Monitor",LT-100164,SYN-ZG4N64UL,,lt-100164,lt-100164,02:00:00:78:123:147,Laptop replacement - hardware fault on SYN-LT-100164,"Unit 2602, 18 Example Street, Example District, Example City",+63 900 482 3055,Deployed,IT Support Queue,Y,,,,
EMP-0603,"TESTER, ALEX","ExampleTower Mini (i7, 32GB, 1TB SSD)",LT-100385,SYN-GYFT1020,,lt-100385,lt-100385,02:00:00:146:63:115,Broken screen replacement - SYN-LT-100385,"Unit 702, 68 Example Street, Example District, Example City",+63 900 603 9494,Deployed,Support Technician B,N,,,,
EMP-0326,"CLARK, SAWYER","ExampleTower SFF (i5, 16GB, 512GB SSD)",LT-100488,SYN-EC6GRH5T,,lt-100488,lt-100488,02:00:00:156:242:144,Scheduled refresh of legacy device SYN-LT-100488,"Unit 3302, 74 Example Street, Example District, Example City",+63 900 326 3791,Ready for Release,Support Technician A,Y,,,,
EMP-0189,"WILLIAMS, ELLIS","ExamplePad 11 Tablet (8GB, 128GB)",LT-100550,SYN-XYH37893,,lt-100550,lt-100550,02:00:00:234:135:88,New starter onboarding - device SYN-LT-100550,"Unit 3502, 69 Example Street, Example District, Example City",+63 900 189 9691,Ready for Release,Support Technician B,Y,,,,
EMP-0331,"MILLER, MORGAN","ExampleView 24"" IPS Monitor",LT-100581,SYN-L3FX65H2,,lt-100581,lt-100581,02:00:00:122:113:153,Temporary loan for coverage period - SYN-LT-100581,"Unit 402, 43 Example Street, Example District, Example City",+63 900 331 1643,Ready for Release,IT Support Queue,Y,,,,
EMP-0322,"SMITH, ALEX","ExampleBook Pro 14 (i5, 16GB, 512GB SSD)",LT-100397,SYN-NSMFEC5X,,lt-100397,lt-100397,02:00:00:63:124:177,Temporary loan for coverage period - SYN-LT-100397,"Unit 1702, 55 Example Street, Example District, Example City",+63 900 322 0767,For Pickup,Support Technician A,Y,,,,
EMP-0184,"PLACEHOLDER, FRANKIE","ExampleTower SFF (i5, 16GB, 512GB SSD)",LT-100416,SYN-BF0W51AB,,lt-100416,lt-100416,02:00:00:37:173:93,Broken screen replacement - SYN-LT-100416,"Unit 1702, 43 Example Street, Example District, Example City",+63 900 184 8392,For Pickup,IT Support Queue,Y,,,,
EMP-0431,"CLARK, HARPER","ExampleTower Mini (i7, 32GB, 1TB SSD)",LT-100548,SYN-RX7M032E,,lt-100548,lt-100548,02:00:00:77:174:141,Temporary loan for coverage period - SYN-LT-100548,"Unit 3402, 15 Example Street, Example District, Example City",+63 900 431 4197,For Repair,Support Technician A,Y,,,,
EMP-0372,"WILLIAMS, TATUM","ExampleTower SFF (i5, 16GB, 512GB SSD)",LT-100051,SYN-KF8PMSB2,,lt-100051,lt-100051,02:00:00:59:137:233,Laptop replacement - hardware fault on SYN-LT-100051,"Unit 1602, 2 Example Street, Example District, Example City",+63 900 372 0945,For Pickup,Support Technician A,Y,,,,
EMP-0751,"SAMPLE, ELLIS",,,,,,,,Pending device allocation,"Unit 2302, 76 Example Street, Example District, Example City",+63 900 751 2227,Ready for Release,IT Support Queue,N,,,,
EMP-0460,"MILLER, BLAIR","ExampleTower SFF (i5, 16GB, 512GB SSD)",LT-100411,SYN-1SQNCUUQ,,lt-100411,lt-100411,02:00:00:61:48:236,Laptop replacement - hardware fault on SYN-LT-100411,"Unit 3802, 42 Example Street, Example District, Example City",+63 900 460 4557,Ready for Release,IT Support Queue,Y,,,,
EMP-0192,"WILLIAMS, ALEX","ExampleBook Pro 14 (i5, 16GB, 512GB SSD)",LT-100206,SYN-WEM7QZ3K,,lt-100206,lt-100206,02:00:00:53:221:229,Scheduled refresh of legacy device SYN-LT-100206,"Unit 3602, 71 Example Street, Example District, Example City",+63 900 192 1968,Deployed,Support Technician A,Y,,,,
EMP-0647,"WILLIAMS, KAI","ExampleBook Pro 14 (i5, 16GB, 512GB SSD)",LT-100519,SYN-AEW9FTK8,,lt-100519,lt-100519,02:00:00:27:123:247,New starter onboarding - device SYN-LT-100519,"Unit 3102, 42 Example Street, Example District, Example City",+63 900 647 3914,Retracted,Support Technician A,Y,,,,
EMP-0135,"DOE, ELLIS","ExampleBook Pro 14 (i5, 16GB, 512GB SSD)",LT-100542,SYN-LYMZM2S9,,lt-100542,lt-100542,02:00:00:28:216:127,Broken screen replacement - SYN-LT-100542,"Unit 1602, 1 Example Street, Example District, Example City",+63 900 135 3620,For Pickup,IT Support Queue,N,,,,
EMP-0023,"MILLER, TATUM","ExampleBook Air 13 (i7, 8GB, 256GB SSD)",LT-100265,SYN-MGFBBZ8T,,lt-100265,lt-100265,02:00:00:174:246:84,Temporary loan for coverage period - SYN-LT-100265,"Unit 3502, 90 Example Street, Example District, Example City",+63 900 023 9812,For Repair,Support Technician B,N,,,,
EMP-0674,"DOE, KAI","ExampleBook Air 13 (i7, 8GB, 256GB SSD)",LT-100048,SYN-3PA0CEK7,,lt-100048,lt-100048,02:00:00:181:100:75,New starter onboarding - device SYN-LT-100048,"Unit 402, 67 Example Street, Example District, Example City",+63 900 674 6520,Retracted,IT Support Queue,Y,,,,
EMP-0647,"WILLIAMS, KAI","ExampleBook Air 13 (i7, 8GB, 256GB SSD)",LT-100284,SYN-XS8K7WZX,,lt-100284,lt-100284,02:00:00:175:239:96,Laptop replacement - hardware fault on SYN-LT-100284,"Unit 1302, 62 Example Street, Example District, Example City",+63 900 647 3914,Deployed,Support Technician A,N,,,,
EMP-0357,"SMITH, JAMIE","ExamplePad 11 Tablet (8GB, 128GB)",LT-100237,SYN-478E17W3,,lt-100237,lt-100237,02:00:00:245:255:142,Scheduled refresh of legacy device SYN-LT-100237,"Unit 3302, 67 Example Street, Example District, Example City",+63 900 357 0380,Deployed,Support Technician A,Y,,,,
EMP-0183,"WILLIAMS, ALEX",,,,,,,,Pending device allocation,"Unit 102, 19 Example Street, Example District, Example City",+63 900 183 4051,Deployed,Support Technician B,N,,,,
EMP-0194,"TESTER, QUINN",,,,,,,,Pending device allocation,"Unit 1502, 83 Example Street, Example District, Example City",+63 900 194 4419,For Pickup,Support Technician B,N,,,,
EMP-0141,"BROWN, HARPER",,,,,,,,Pending device allocation,"Unit 1502, 1 Example Street, Example District, Example City",+63 900 141 6484,For Pickup,Support Technician B,N,,,,
EMP-0656,"SMITH, KAI","ExampleBook Pro 14 (i5, 16GB, 512GB SSD)",LT-100342,SYN-WKUHKKWW,,lt-100342,lt-100342,02:00:00:126:60:162,Scheduled refresh of legacy device SYN-LT-100342,"Unit 1202, 13 Example Street, Example District, Example City",+63 900 656 8526,Deployed,Support Technician B,N,,,,
EMP-0581,"WILLIAMS, BLAIR",,,,,,,,Pending device allocation,"Unit 1202, 90 Example Street, Example District, Example City",+63 900 581 6773,Deployed,Support Technician B,N,,,,
EMP-0398,"PLACEHOLDER, NOEL",,,,,,,,Pending device allocation,"Unit 3802, 75 Example Street, Example District, Example City",+63 900 398 3454,For Repair,Support Technician A,N,,,,
EMP-0747,"SMITH, HARPER","ExampleTower Mini (i7, 32GB, 1TB SSD)",LT-100014,SYN-KHWKWH0H,,lt-100014,lt-100014,02:00:00:87:102:72,Offboarding return and sanitization - SYN-LT-100014,"Unit 302, 38 Example Street, Example District, Example City",+63 900 747 8997,Ready for Release,IT Support Queue,Y,,,,
EMP-0654,"PLACEHOLDER, FRANKIE","ExampleStation 15 (i5, 16GB, 1TB HDD)",LT-100045,SYN-FL1R8JME,,lt-100045,lt-100045,02:00:00:84:203:253,New starter onboarding - device SYN-LT-100045,"Unit 2902, 27 Example Street, Example District, Example City",+63 900 654 7494,For Pickup,Support Technician A,N,,,,
EMP-0317,"DOE, REESE","ExampleBook Air 13 (i7, 8GB, 256GB SSD)",LT-100011,SYN-HJSQFGSH,,lt-100011,lt-100011,02:00:00:38:84:08,Temporary loan for coverage period - SYN-LT-100011,"Unit 3502, 17 Example Street, Example District, Example City",+63 900 317 5876,For Repair,Support Technician B,N,,,,
EMP-0576,"JOHNSON, SAWYER",,,,,,,,Pending device allocation,"Unit 1402, 25 Example Street, Example District, Example City",+63 900 576 7557,Deployed,IT Support Queue,N,,,,
EMP-0585,"SMITH, OAKLEY","ExampleBook Pro 14 (i5, 16GB, 512GB SSD)",LT-100437,SYN-JX17RDXW,,lt-100437,lt-100437,02:00:00:162:121:66,Temporary loan for coverage period - SYN-LT-100437,"Unit 2702, 10 Example Street, Example District, Example City",+63 900 585 3295,For Pickup,IT Support Queue,Y,,,,
EMP-0263,"TESTER, JAMIE","ExampleStation 15 (i5, 16GB, 1TB HDD)",LT-100566,SYN-VM5GFZDW,,lt-100566,lt-100566,02:00:00:133:36:78,Temporary loan for coverage period - SYN-LT-100566,"Unit 2502, 66 Example Street, Example District, Example City",+63 900 263 1928,Deployed,Support Technician B,N,,,,
EMP-0677,"MILLER, QUINN","ExampleTower SFF (i5, 16GB, 512GB SSD)",LT-100024,SYN-48CB0HX1,,lt-100024,lt-100024,02:00:00:30:92:228,New starter onboarding - device SYN-LT-100024,"Unit 1202, 17 Example Street, Example District, Example City",+63 900 677 3690,Deployed,IT Support Queue,N,,,,
EMP-0646,"BROWN, JAMIE",,,,,,,,Pending device allocation,"Unit 502, 13 Example Street, Example District, Example City",+63 900 646 3832,Deployed,Support Technician A,N,,,,
EMP-0637,"TESTER, BLAIR",,,,,,,,Pending device allocation,"Unit 402, 20 Example Street, Example District, Example City",+63 900 637 1328,Deployed,IT Support Queue,N,,,,
EMP-0748,"CLARK, GRAY","ExamplePad 11 Tablet (8GB, 128GB)",LT-100413,SYN-9FVV1EN3,,lt-100413,lt-100413,02:00:00:98:216:74,Offboarding return and sanitization - SYN-LT-100413,"Unit 3202, 70 Example Street, Example District, Example City",+63 900 748 2234,Deployed,IT Support Queue,Y,,,,
EMP-0473,"SMITH, NOEL","ExamplePad 11 Tablet (8GB, 128GB)",LT-100052,SYN-F85BB8WX,,lt-100052,lt-100052,02:00:00:173:26:77,Laptop replacement - hardware fault on SYN-LT-100052,"Unit 1602, 89 Example Street, Example District, Example City",+63 900 473 6676,Deployed,IT Support Queue,Y,,,,
EMP-0699,"PLACEHOLDER, BLAIR",,,,,,,,Pending device allocation,"Unit 1902, 78 Example Street, Example District, Example City",+63 900 699 5891,For Pickup,IT Support Queue,N,,,,
EMP-0299,"BROWN, NOEL","ExampleStation 15 (i5, 16GB, 1TB HDD)",LT-100363,SYN-KN43X61Y,,lt-100363,lt-100363,02:00:00:73:228:132,Temporary loan for coverage period - SYN-LT-100363,"Unit 3802, 37 Example Street, Example District, Example City",+63 900 299 6347,For Pickup,Support Technician B,Y,,,,
EMP-0597,"DOE, LEE","ExampleBook Pro 14 (i5, 16GB, 512GB SSD)",LT-100064,SYN-SBQDP4CV,,lt-100064,lt-100064,02:00:00:07:89:49,Laptop replacement - hardware fault on SYN-LT-100064,"Unit 602, 69 Example Street, Example District, Example City",+63 900 597 4599,For Repair,Support Technician B,N,,,,
EMP-0744,"SAMPLE, FRANKIE","ExampleBook Pro 14 (i5, 16GB, 512GB SSD)",LT-100513,SYN-8LNYS291,,lt-100513,lt-100513,02:00:00:34:67:48,Offboarding return and sanitization - SYN-LT-100513,"Unit 1302, 68 Example Street, Example District, Example City",+63 900 744 1246,Ready for Release,IT Support Queue,Y,,,,
EMP-0256,"WILLIAMS, DANA",,,,,,,,Pending device allocation,"Unit 2302, 48 Example Street, Example District, Example City",+63 900 256 1216,For Repair,IT Support Queue,N,,,,
EMP-0065,"MILLER, ALEX","ExampleView 24"" IPS Monitor",LT-100185,SYN-S6PJKSK8,,lt-100185,lt-100185,02:00:00:146:181:83,Laptop replacement - hardware fault on SYN-LT-100185,"Unit 3702, 18 Example Street, Example District, Example City",+63 900 065 0071,Retracted,IT Support Queue,Y,,,,
EMP-0510,"WILLIAMS, INDIGO","ExampleStation 15 (i5, 16GB, 1TB HDD)",LT-100586,SYN-0G8PDFD9,,lt-100586,lt-100586,02:00:00:253:114:09,Scheduled refresh of legacy device SYN-LT-100586,"Unit 202, 40 Example Street, Example District, Example City",+63 900 510 1866,For Pickup,Support Technician B,N,,,,
EMP-0685,"JOHNSON, KAI",,,,,,,,Pending device allocation,"Unit 2902, 21 Example Street, Example District, Example City",+63 900 685 3081,Deployed,IT Support Queue,N,,,,
EMP-0064,"PLACEHOLDER, QUINN","ExampleView 27"" QHD Monitor",LT-100086,SYN-80KZ6XSA,,lt-100086,lt-100086,02:00:00:113:154:161,Offboarding return and sanitization - SYN-LT-100086,"Unit 302, 21 Example Street, Example District, Example City",+63 900 064 5166,For Pickup,Support Technician B,N,,,,
EMP-0158,"BROWN, NOEL","ExampleTower Mini (i7, 32GB, 1TB SSD)",LT-100385,SYN-CUJ0A1NH,,lt-100385,lt-100385,02:00:00:208:42:17,Broken screen replacement - SYN-LT-100385,"Unit 3102, 34 Example Street, Example District, Example City",+63 900 158 1120,Deployed,IT Support Queue,N,,,,
EMP-0332,"DOE, TATUM","ExampleTower SFF (i5, 16GB, 512GB SSD)",LT-100151,SYN-7ALJ131X,,lt-100151,lt-100151,02:00:00:30:227:66,Broken screen replacement - SYN-LT-100151,"Unit 1702, 5 Example Street, Example District, Example City",+63 900 332 7253,For Pickup,IT Support Queue,N,,,,
EMP-0739,"DOE, JAMIE","ExampleBook Pro 14 (i5, 16GB, 512GB SSD)",LT-100288,SYN-88L758JR,,lt-100288,lt-100288,02:00:00:104:17:63,Broken screen replacement - SYN-LT-100288,"Unit 302, 2 Example Street, Example District, Example City",+63 900 739 8889,Deployed,IT Support Queue,N,,,,
EMP-0536,"PLACEHOLDER, PARKER","ExampleTower Mini (i7, 32GB, 1TB SSD)",LT-100460,SYN-Q0KLGKZW,,lt-100460,lt-100460,02:00:00:190:241:27,Laptop replacement - hardware fault on SYN-LT-100460,"Unit 2102, 58 Example Street, Example District, Example City",+63 900 536 9255,Ready for Release,Support Technician A,Y,,,,
EMP-0324,"PLACEHOLDER, GRAY","ExamplePad 11 Tablet (8GB, 128GB)",LT-100246,SYN-5UX4CR3N,,lt-100246,lt-100246,02:00:00:255:141:122,New starter onboarding - device SYN-LT-100246,"Unit 102, 21 Example Street, Example District, Example City",+63 900 324 6599,Deployed,Support Technician A,N,,,,
EMP-0336,"CLARK, PARKER","ExampleStation 15 (i5, 16GB, 1TB HDD)",LT-100375,SYN-FQC3VS2G,,lt-100375,lt-100375,02:00:00:38:173:100,Laptop replacement - hardware fault on SYN-LT-100375,"Unit 302, 52 Example Street, Example District, Example City",+63 900 336 2139,Retracted,Support Technician A,Y,,,,
EMP-0556,"MILLER, NOEL","ExampleBook Air 13 (i7, 8GB, 256GB SSD)",LT-100328,SYN-659ZFVVC,,lt-100328,lt-100328,02:00:00:75:06:223,Laptop replacement - hardware fault on SYN-LT-100328,"Unit 402, 23 Example Street, Example District, Example City",+63 900 556 8438,Deployed,IT Support Queue,Y,,,,
EMP-0292,"BROWN, KAI","ExampleView 27"" QHD Monitor",LT-100009,SYN-856PMX94,,lt-100009,lt-100009,02:00:00:233:49:66,Broken screen replacement - SYN-LT-100009,"Unit 2502, 7 Example Street, Example District, Example City",+63 900 292 3663,Deployed,Support Technician A,Y,,,,
EMP-0169,"DOE, ELLIS","ExampleBook Pro 14 (i5, 16GB, 512GB SSD)",LT-100212,SYN-NMEBTSX0,,lt-100212,lt-100212,02:00:00:116:104:196,Broken screen replacement - SYN-LT-100212,"Unit 3502, 42 Example Street, Example District, Example City",+63 900 169 4024,Ready for Release,IT Support Queue,Y,,,,
EMP-0506,"WILLIAMS, JAMIE","ExampleBook Air 13 (i7, 8GB, 256GB SSD)",LT-100248,SYN-5UMKBL3D,,lt-100248,lt-100248,02:00:00:70:114:54,Offboarding return and sanitization - SYN-LT-100248,"Unit 1602, 11 Example Street, Example District, Example City",+63 900 506 2595,Deployed,Support Technician A,Y,,,,
EMP-0395,"JOHNSON, PARKER","ExampleView 24"" IPS Monitor",LT-100534,SYN-X1FCW6B9,,lt-100534,lt-100534,02:00:00:45:134:253,New starter onboarding - device SYN-LT-100534,"Unit 2102, 64 Example Street, Example District, Example City",+63 900 395 5075,Retracted,Support Technician B,Y,,,,
EMP-0254,"SAMPLE, TATUM",,,,,,,,Pending device allocation,"Unit 2202, 4 Example Street, Example District, Example City",+63 900 254 1397,Ready for Release,Support Technician B,N,,,,
EMP-0371,"MILLER, ELLIS","ExampleView 24"" IPS Monitor",LT-100466,SYN-0E5QRSEA,,lt-100466,lt-100466,02:00:00:94:151:153,New starter onboarding - device SYN-LT-100466,"Unit 2802, 50 Example Street, Example District, Example City",+63 900 371 2917,For Repair,Support Technician A,N,,,,
EMP-0183,"WILLIAMS, ALEX","ExampleTower SFF (i5, 16GB, 512GB SSD)",LT-100155,SYN-H89HUGBB,,lt-100155,lt-100155,02:00:00:04:171:217,Laptop replacement - hardware fault on SYN-LT-100155,"Unit 3602, 62 Example Street, Example District, Example City",+63 900 183 4051,Retracted,Support Technician B,Y,,,,
EMP-0571,"BROWN, DANA",,,,,,,,Pending device allocation,"Unit 202, 47 Example Street, Example District, Example City",+63 900 571 9968,Retracted,Support Technician B,N,,,,
EMP-0186,"DOE, ALEX","ExampleTower Mini (i7, 32GB, 1TB SSD)",LT-100570,SYN-0AEQJFY1,,lt-100570,lt-100570,02:00:00:83:10:15,Temporary loan for coverage period - SYN-LT-100570,"Unit 1502, 20 Example Street, Example District, Example City",+63 900 186 2910,For Pickup,Support Technician B,Y,,,,
EMP-0496,"TESTER, MORGAN","ExampleTower Mini (i7, 32GB, 1TB SSD)",LT-100286,SYN-ESV2KMFM,,lt-100286,lt-100286,02:00:00:95:155:95,Laptop replacement - hardware fault on SYN-LT-100286,"Unit 2902, 45 Example Street, Example District, Example City",+63 900 496 7868,Retracted,Support Technician B,Y,,,,
EMP-0019,"SAMPLE, BLAIR","ExampleStation 15 (i5, 16GB, 1TB HDD)",LT-100420,SYN-TNVC3ZWZ,,lt-100420,lt-100420,02:00:00:72:186:19,Broken screen replacement - SYN-LT-100420,"Unit 1702, 63 Example Street, Example District, Example City",+63 900 019 7186,Retracted,Support Technician B,Y,,,,
EMP-0777,"JOHNSON, DANA","ExampleBook Air 13 (i7, 8GB, 256GB SSD)",LT-100338,SYN-8FD27Q4L,,lt-100338,lt-100338,02:00:00:58:118:169,Offboarding return and sanitization - SYN-LT-100338,"Unit 802, 3 Example Street, Example District, Example City",+63 900 777 2126,Ready for Release,Support Technician B,Y,,,,
EMP-0633,"DOE, ELLIS","ExampleBook Air 13 (i7, 8GB, 256GB SSD)",LT-100481,SYN-Q74LK4LB,,lt-100481,lt-100481,02:00:00:54:51:225,Offboarding return and sanitization - SYN-LT-100481,"Unit 3402, 75 Example Street, Example District, Example City",+63 900 633 6860,Retracted,Support Technician B,N,,,,
EMP-0067,"SMITH, CASEY","ExampleTower SFF (i5, 16GB, 512GB SSD)",LT-100288,SYN-9P7555EV,,lt-100288,lt-100288,02:00:00:209:252:08,New starter onboarding - device SYN-LT-100288,"Unit 1602, 79 Example Street, Example District, Example City",+63 900 067 4816,For Pickup,Support Technician B,N,,,,
EMP-0043,"BROWN, JAMIE","ExampleBook Air 13 (i7, 8GB, 256GB SSD)",LT-100016,SYN-241LKSZ0,,lt-100016,lt-100016,02:00:00:30:92:22,Scheduled refresh of legacy device SYN-LT-100016,"Unit 2602, 84 Example Street, Example District, Example City",+63 900 043 9144,For Pickup,Support Technician A,Y,,,,
EMP-0508,"JOHNSON, FRANKIE",,,,,,,,Pending device allocation,"Unit 1602, 57 Example Street, Example District, Example City",+63 900 508 4658,Deployed,IT Support Queue,N,,,,
EMP-0384,"BROWN, ALEX",,,,,,,,Pending device allocation,"Unit 2902, 19 Example Street, Example District, Example City",+63 900 384 5666,Deployed,Support Technician A,N,,,,
EMP-0218,"CLARK, FRANKIE","ExampleStation 15 (i5, 16GB, 1TB HDD)",LT-100123,SYN-CBJMB0AB,,lt-100123,lt-100123,02:00:00:220:99:21,Broken screen replacement - SYN-LT-100123,"Unit 2302, 70 Example Street, Example District, Example City",+63 900 218 4024,For Repair,IT Support Queue,Y,,,,
EMP-0038,"PLACEHOLDER, REESE","ExampleView 27"" QHD Monitor",LT-100289,SYN-NS7YU889,,lt-100289,lt-100289,02:00:00:99:255:42,Laptop replacement - hardware fault on SYN-LT-100289,"Unit 2902, 86 Example Street, Example District, Example City",+63 900 038 8325,For Repair,Support Technician B,Y,,,,
EMP-0222,"WILLIAMS, HARPER","ExamplePad 11 Tablet (8GB, 128GB)",LT-100282,SYN-EXA8JEJG,,lt-100282,lt-100282,02:00:00:124:205:155,New starter onboarding - device SYN-LT-100282,"Unit 3802, 53 Example Street, Example District, Example City",+63 900 222 2606,Deployed,Support Technician A,Y,,,,
EMP-0280,"TESTER, REESE","ExampleStation 15 (i5, 16GB, 1TB HDD)",LT-100589,SYN-V8VD93WE,,lt-100589,lt-100589,02:00:00:211:03:148,Broken screen replacement - SYN-LT-100589,"Unit 3802, 72 Example Street, Example District, Example City",+63 900 280 3882,Retracted,IT Support Queue,Y,,,,
EMP-0202,"JOHNSON, SAWYER",,,,,,,,Pending device allocation,"Unit 2602, 86 Example Street, Example District, Example City",+63 900 202 1972,For Pickup,IT Support Queue,N,,,,
EMP-0700,"SAMPLE, QUINN",,,,,,,,Pending device allocation,"Unit 1102, 5 Example Street, Example District, Example City",+63 900 700 9440,Deployed,IT Support Queue,N,,,,
EMP-0509,"JOHNSON, JAMIE",,,,,,,,Pending device allocation,"Unit 902, 18 Example Street, Example District, Example City",+63 900 509 2983,Ready for Release,Support Technician A,N,,,,
EMP-0492,"CLARK, MORGAN","ExampleStation 15 (i5, 16GB, 1TB HDD)",LT-100030,SYN-2MGDARH8,,lt-100030,lt-100030,02:00:00:60:12:102,Laptop replacement - hardware fault on SYN-LT-100030,"Unit 2902, 22 Example Street, Example District, Example City",+63 900 492 8008,For Repair,IT Support Queue,Y,,,,
EMP-0189,"WILLIAMS, ELLIS","ExampleTower Mini (i7, 32GB, 1TB SSD)",LT-100313,SYN-DTYD8MND,,lt-100313,lt-100313,02:00:00:66:242:37,Broken screen replacement - SYN-LT-100313,"Unit 2402, 19 Example Street, Example District, Example City",+63 900 189 9691,For Pickup,Support Technician A,Y,,,,
EMP-0006,"SMITH, NOEL","ExampleTower Mini (i7, 32GB, 1TB SSD)",LT-100318,SYN-LAC2C08U,,lt-100318,lt-100318,02:00:00:104:124:211,Laptop replacement - hardware fault on SYN-LT-100318,"Unit 2702, 5 Example Street, Example District, Example City",+63 900 006 1222,Ready for Release,Support Technician A,Y,,,,
EMP-0565,"JOHNSON, ALEX",,,,,,,,Pending device allocation,"Unit 3302, 40 Example Street, Example District, Example City",+63 900 565 8066,For Pickup,Support Technician B,N,,,,
EMP-0456,"SMITH, SAWYER","ExampleBook Air 13 (i7, 8GB, 256GB SSD)",LT-100180,SYN-T7W3ZL1A,,lt-100180,lt-100180,02:00:00:216:37:91,Offboarding return and sanitization - SYN-LT-100180,"Unit 3602, 28 Example Street, Example District, Example City",+63 900 456 6481,Deployed,Support Technician B,Y,,,,
EMP-0796,"PLACEHOLDER, LEE","ExamplePad 11 Tablet (8GB, 128GB)",LT-100305,SYN-8WXRBJRP,,lt-100305,lt-100305,02:00:00:13:127:36,New starter onboarding - device SYN-LT-100305,"Unit 1202, 44 Example Street, Example District, Example City",+63 900 796 9108,Deployed,Support Technician A,Y,,,,
EMP-0621,"SAMPLE, JAMIE","ExampleView 27"" QHD Monitor",LT-100594,SYN-YVCV2B96,,lt-100594,lt-100594,02:00:00:205:161:142,Temporary loan for coverage period - SYN-LT-100594,"Unit 3202, 83 Example Street, Example District, Example City",+63 900 621 8946,Deployed,Support Technician A,Y,,,,
EMP-0089,"PLACEHOLDER, LEE","ExampleTower Mini (i7, 32GB, 1TB SSD)",LT-100523,SYN-4SZX1KHD,,lt-100523,lt-100523,02:00:00:142:146:108,New starter onboarding - device SYN-LT-100523,"Unit 802, 67 Example Street, Example District, Example City",+63 900 089 6759,Deployed,Support Technician A,Y,,,,
EMP-0126,"MILLER, ELLIS",,,,,,,,Pending device allocation,"Unit 602, 68 Example Street, Example District, Example City",+63 900 126 4749,Deployed,IT Support Queue,N,,,,
EMP-0646,"BROWN, JAMIE","ExampleBook Air 13 (i7, 8GB, 256GB SSD)",LT-100238,SYN-6W4EWCE2,,lt-100238,lt-100238,02:00:00:152:113:72,Broken screen replacement - SYN-LT-100238,"Unit 3502, 61 Example Street, Example District, Example City",+63 900 646 3832,For Repair,Support Technician A,Y,,,,
EMP-0348,"CLARK, MORGAN","ExampleView 27"" QHD Monitor",LT-100334,SYN-2S6JBLBJ,,lt-100334,lt-100334,02:00:00:11:112:179,Temporary loan for coverage period - SYN-LT-100334,"Unit 1102, 11 Example Street, Example District, Example City",+63 900 348 4698,Ready for Release,Support Technician A,Y,,,,
EMP-0169,"DOE, ELLIS","ExampleBook Air 13 (i7, 8GB, 256GB SSD)",LT-100238,SYN-8EE5MXZ7,,lt-100238,lt-100238,02:00:00:36:07:175,Temporary loan for coverage period - SYN-LT-100238,"Unit 402, 63 Example Street, Example District, Example City",+63 900 169 4024,Deployed,IT Support Queue,Y,,,,
EMP-0774,"JOHNSON, KAI",,,,,,,,Pending device allocation,"Unit 3302, 66 Example Street, Example District, Example City",+63 900 774 6629,Ready for Release,Support Technician A,N,,,,
EMP-0786,"PLACEHOLDER, QUINN","ExampleBook Air 13 (i7, 8GB, 256GB SSD)",LT-100538,SYN-KFQWZPVE,,lt-100538,lt-100538,02:00:00:134:104:101,Laptop replacement - hardware fault on SYN-LT-100538,"Unit 2702, 86 Example Street, Example District, Example City",+63 900 786 2423,For Pickup,IT Support Queue,Y,,,,
EMP-0439,"MILLER, QUINN",,,,,,,,Pending device allocation,"Unit 1102, 16 Example Street, Example District, Example City",+63 900 439 9145,Deployed,Support Technician B,N,,,,
EMP-0485,"MILLER, ALEX","ExampleView 24"" IPS Monitor",LT-100113,SYN-558UG2PM,,lt-100113,lt-100113,02:00:00:145:181:01,Offboarding return and sanitization - SYN-LT-100113,"Unit 3402, 5 Example Street, Example District, Example City",+63 900 485 7195,For Pickup,Support Technician B,Y,,,,
EMP-0518,"BROWN, NOEL","ExampleView 24"" IPS Monitor",LT-100159,SYN-A80V13R0,,lt-100159,lt-100159,02:00:00:225:245:14,Temporary loan for coverage period - SYN-LT-100159,"Unit 1602, 65 Example Street, Example District, Example City",+63 900 518 9927,Ready for Release,Support Technician B,Y,,,,
EMP-0754,"CLARK, GRAY",,,,,,,,Pending device allocation,"Unit 1402, 72 Example Street, Example District, Example City",+63 900 754 3936,Deployed,Support Technician B,N,,,,
EMP-0712,"CLARK, ELLIS","ExampleView 27"" QHD Monitor",LT-100404,SYN-E346B8A0,,lt-100404,lt-100404,02:00:00:144:152:76,Laptop replacement - hardware fault on SYN-LT-100404,"Unit 3802, 7 Example Street, Example District, Example City",+63 900 712 6301,Retracted,Support Technician B,N,,,,
EMP-0201,"CLARK, REESE","ExampleBook Air 13 (i7, 8GB, 256GB SSD)",LT-100217,SYN-S0QYFCBA,,lt-100217,lt-100217,02:00:00:152:42:96,Temporary loan for coverage period - SYN-LT-100217,"Unit 2902, 90 Example Street, Example District, Example City",+63 900 201 6718,Ready for Release,IT Support Queue,N,,,,
EMP-0302,"BROWN, ALEX","ExampleBook Pro 14 (i5, 16GB, 512GB SSD)",LT-100546,SYN-VBG0FSAN,,lt-100546,lt-100546,02:00:00:106:171:43,Broken screen replacement - SYN-LT-100546,"Unit 3202, 55 Example Street, Example District, Example City",+63 900 302 9889,Deployed,Support Technician A,Y,,,,
EMP-0466,"BROWN, HARPER","ExampleBook Air 13 (i7, 8GB, 256GB SSD)",LT-100272,SYN-QAX78S5G,,lt-100272,lt-100272,02:00:00:75:14:122,Scheduled refresh of legacy device SYN-LT-100272,"Unit 3002, 27 Example Street, Example District, Example City",+63 900 466 1844,Ready for Release,IT Support Queue,Y,,,,
EMP-0121,"JOHNSON, TATUM","ExampleView 27"" QHD Monitor",LT-100146,SYN-BSEG8RJX,,lt-100146,lt-100146,02:00:00:100:183:90,Temporary loan for coverage period - SYN-LT-100146,"Unit 502, 52 Example Street, Example District, Example City",+63 900 121 2918,For Repair,IT Support Queue,Y,,,,
EMP-0620,"WILLIAMS, JAMIE",,,,,,,,Pending device allocation,"Unit 102, 77 Example Street, Example District, Example City",+63 900 620 4295,For Repair,Support Technician A,N,,,,
EMP-0227,"JOHNSON, OAKLEY","ExampleView 27"" QHD Monitor",LT-100540,SYN-A96ETTJA,,lt-100540,lt-100540,02:00:00:104:102:232,Broken screen replacement - SYN-LT-100540,"Unit 302, 51 Example Street, Example District, Example City",+63 900 227 6449,Ready for Release,Support Technician B,Y,,,,
EMP-0775,"DOE, SAWYER","ExampleView 27"" QHD Monitor",LT-100070,SYN-Q9NUQDWU,,lt-100070,lt-100070,02:00:00:02:56:235,Temporary loan for coverage period - SYN-LT-100070,"Unit 3402, 32 Example Street, Example District, Example City",+63 900 775 0802,For Repair,IT Support Queue,N,,,,
EMP-0491,"JOHNSON, INDIGO","ExampleTower SFF (i5, 16GB, 512GB SSD)",LT-100186,SYN-0E6UURNC,,lt-100186,lt-100186,02:00:00:00:91:36,Laptop replacement - hardware fault on SYN-LT-100186,"Unit 3402, 2 Example Street, Example District, Example City",+63 900 491 5533,Retracted,Support Technician B,Y,,,,
EMP-0295,"BROWN, KAI",,,,,,,,Pending device allocation,"Unit 602, 63 Example Street, Example District, Example City",+63 900 295 3170,Retracted,IT Support Queue,N,,,,
EMP-0552,"MILLER, REESE","ExamplePad 11 Tablet (8GB, 128GB)",LT-100267,SYN-1H7ZJ013,,lt-100267,lt-100267,02:00:00:214:95:53,Broken screen replacement - SYN-LT-100267,"Unit 2102, 40 Example Street, Example District, Example City",+63 900 552 1979,Retracted,IT Support Queue,Y,,,,
EMP-0079,"CLARK, CASEY","ExampleStation 15 (i5, 16GB, 1TB HDD)",LT-100586,SYN-CZBX5U4M,,lt-100586,lt-100586,02:00:00:00:174:24,New starter onboarding - device SYN-LT-100586,"Unit 3102, 84 Example Street, Example District, Example City",+63 900 079 0265,For Pickup,IT Support Queue,Y,,,,
EMP-0175,"BROWN, INDIGO","ExampleTower Mini (i7, 32GB, 1TB SSD)",LT-100359,SYN-JXTALMTJ,,lt-100359,lt-100359,02:00:00:112:89:148,Temporary loan for coverage period - SYN-LT-100359,"Unit 3702, 51 Example Street, Example District, Example City",+63 900 175 5860,Retracted,IT Support Queue,Y,,,,
EMP-0463,"MILLER, QUINN","ExampleBook Air 13 (i7, 8GB, 256GB SSD)",LT-100069,SYN-7L0TK5MZ,,lt-100069,lt-100069,02:00:00:144:112:110,New starter onboarding - device SYN-LT-100069,"Unit 4002, 79 Example Street, Example District, Example City",+63 900 463 3566,For Repair,Support Technician B,N,,,,
EMP-0685,"JOHNSON, KAI",,,,,,,,Pending device allocation,"Unit 3102, 23 Example Street, Example District, Example City",+63 900 685 3081,For Pickup,Support Technician B,N,,,,
EMP-0601,"SAMPLE, GRAY","ExampleView 24"" IPS Monitor",LT-100035,SYN-M0FHHDMF,,lt-100035,lt-100035,02:00:00:101:174:18,Laptop replacement - hardware fault on SYN-LT-100035,"Unit 3702, 24 Example Street, Example District, Example City",+63 900 601 5777,For Pickup,IT Support Queue,Y,,,,
EMP-0540,"DOE, GRAY","ExampleBook Air 13 (i7, 8GB, 256GB SSD)",LT-100443,SYN-FJ05UU3Y,,lt-100443,lt-100443,02:00:00:135:11:87,Broken screen replacement - SYN-LT-100443,"Unit 1002, 27 Example Street, Example District, Example City",+63 900 540 0295,Retracted,Support Technician B,Y,,,,
EMP-0709,"TESTER, CASEY","ExampleTower SFF (i5, 16GB, 512GB SSD)",LT-100483,SYN-5NMUCXJ8,,lt-100483,lt-100483,02:00:00:39:139:216,Scheduled refresh of legacy device SYN-LT-100483,"Unit 3802, 39 Example Street, Example District, Example City",+63 900 709 7710,Ready for Release,Support Technician A,Y,,,,
EMP-0189,"WILLIAMS, ELLIS","ExampleBook Air 13 (i7, 8GB, 256GB SSD)",LT-100472,SYN-ZSL06UC4,,lt-100472,lt-100472,02:00:00:127:139:71,Offboarding return and sanitization - SYN-LT-100472,"Unit 1802, 39 Example Street, Example District, Example City",+63 900 189 9691,Ready for Release,Support Technician B,Y,,,,
EMP-0525,"WILLIAMS, ALEX","ExampleTower SFF (i5, 16GB, 512GB SSD)",LT-100200,SYN-15RB6BLP,,lt-100200,lt-100200,02:00:00:59:174:24,Scheduled refresh of legacy device SYN-LT-100200,"Unit 1202, 72 Example Street, Example District, Example City",+63 900 525 5946,Deployed,Support Technician B,Y,,,,
EMP-0343,"MILLER, LEE","ExampleStation 15 (i5, 16GB, 1TB HDD)",LT-100243,SYN-22DSMV5G,,lt-100243,lt-100243,02:00:00:127:62:123,Laptop replacement - hardware fault on SYN-LT-100243,"Unit 3302, 84 Example Street, Example District, Example City",+63 900 343 5727,For Repair,Support Technician A,N,,,,
EMP-0306,"CLARK, KAI","ExampleBook Air 13 (i7, 8GB, 256GB SSD)",LT-100369,SYN-7EENT12C,,lt-100369,lt-100369,02:00:00:174:150:242,Broken screen replacement - SYN-LT-100369,"Unit 4002, 17 Example Street, Example District, Example City",+63 900 306 2248,Ready for Release,Support Technician B,N,,,,
EMP-0650,"SAMPLE, INDIGO","ExampleView 27"" QHD Monitor",LT-100413,SYN-32QPBFL8,,lt-100413,lt-100413,02:00:00:37:44:186,New starter onboarding - device SYN-LT-100413,"Unit 1302, 64 Example Street, Example District, Example City",+63 900 650 9050,For Repair,IT Support Queue,N,,,,
EMP-0060,"MILLER, REESE",,,,,,,,Pending device allocation,"Unit 202, 40 Example Street, Example District, Example City",+63 900 060 9172,Deployed,Support Technician B,N,,,,
EMP-0367,"BROWN, FRANKIE",,,,,,,,Pending device allocation,"Unit 1602, 26 Example Street, Example District, Example City",+63 900 367 6572,Ready for Release,Support Technician A,N,,,,
EMP-0135,"DOE, ELLIS",,,,,,,,Pending device allocation,"Unit 3002, 3 Example Street, Example District, Example City",+63 900 135 3620,For Repair,IT Support Queue,N,,,,
EMP-0308,"BROWN, SAWYER","ExampleBook Air 13 (i7, 8GB, 256GB SSD)",LT-100254,SYN-SEZXVR71,,lt-100254,lt-100254,02:00:00:99:233:123,Scheduled refresh of legacy device SYN-LT-100254,"Unit 2202, 41 Example Street, Example District, Example City",+63 900 308 6752,Retracted,Support Technician B,Y,,,,
EMP-0280,"TESTER, REESE","ExamplePad 11 Tablet (8GB, 128GB)",LT-100172,SYN-2JRYMVH7,,lt-100172,lt-100172,02:00:00:106:183:87,Laptop replacement - hardware fault on SYN-LT-100172,"Unit 3402, 29 Example Street, Example District, Example City",+63 900 280 3882,Deployed,Support Technician B,Y,,,,
EMP-0719,"MILLER, SAWYER","ExampleView 24"" IPS Monitor",LT-100393,SYN-C9TPRLME,,lt-100393,lt-100393,02:00:00:82:09:168,Broken screen replacement - SYN-LT-100393,"Unit 3202, 26 Example Street, Example District, Example City",+63 900 719 6849,Retracted,Support Technician B,N,,,,
EMP-0671,"SMITH, GRAY","ExamplePad 11 Tablet (8GB, 128GB)",LT-100331,SYN-J79HV4NC,,lt-100331,lt-100331,02:00:00:150:118:222,Temporary loan for coverage period - SYN-LT-100331,"Unit 3202, 30 Example Street, Example District, Example City",+63 900 671 3609,For Repair,IT Support Queue,N,,,,
EMP-0569,"SMITH, REESE","ExampleView 24"" IPS Monitor",LT-100595,SYN-393KELBU,,lt-100595,lt-100595,02:00:00:05:127:206,Temporary loan for coverage period - SYN-LT-100595,"Unit 2302, 28 Example Street, Example District, Example City",+63 900 569 8691,Retracted,Support Technician B,N,,,,
EMP-0239,"BROWN, CASEY","ExampleTower Mini (i7, 32GB, 1TB SSD)",LT-100011,SYN-PB7SMU3S,,lt-100011,lt-100011,02:00:00:124:78:18,Scheduled refresh of legacy device SYN-LT-100011,"Unit 2202, 48 Example Street, Example District, Example City",+63 900 239 8314,Retracted,Support Technician A,N,,,,
EMP-0763,"WILLIAMS, INDIGO","ExampleView 24"" IPS Monitor",LT-100581,SYN-1EK5G4SQ,,lt-100581,lt-100581,02:00:00:206:152:117,Offboarding return and sanitization - SYN-LT-100581,"Unit 2702, 46 Example Street, Example District, Example City",+63 900 763 7019,Deployed,Support Technician A,Y,,,,
EMP-0079,"CLARK, CASEY",,,,,,,,Pending device allocation,"Unit 3402, 64 Example Street, Example District, Example City",+63 900 079 0265,Ready for Release,Support Technician B,N,,,,
EMP-0282,"WILLIAMS, PARKER","ExampleBook Air 13 (i7, 8GB, 256GB SSD)",LT-100152,SYN-KEES7RR8,,lt-100152,lt-100152,02:00:00:203:114:168,New starter onboarding - device SYN-LT-100152,"Unit 2002, 12 Example Street, Example District, Example City",+63 900 282 9758,For Pickup,Support Technician B,Y,,,,
EMP-0029,"TESTER, DANA","ExampleBook Air 13 (i7, 8GB, 256GB SSD)",LT-100319,SYN-QPBTR0FR,,lt-100319,lt-100319,02:00:00:122:84:41,Temporary loan for coverage period - SYN-LT-100319,"Unit 402, 56 Example Street, Example District, Example City",+63 900 029 3219,For Repair,Support Technician B,Y,,,,
EMP-0333,"SMITH, JAMIE",,,,,,,,Pending device allocation,"Unit 2602, 15 Example Street, Example District, Example City",+63 900 333 3991,Retracted,Support Technician B,N,,,,
EMP-0367,"BROWN, FRANKIE","ExampleStation 15 (i5, 16GB, 1TB HDD)",LT-100103,SYN-KEFHMX56,,lt-100103,lt-100103,02:00:00:29:33:37,Broken screen replacement - SYN-LT-100103,"Unit 2502, 35 Example Street, Example District, Example City",+63 900 367 6572,For Pickup,Support Technician A,N,,,,
EMP-0160,"TESTER, REESE",,,,,,,,Pending device allocation,"Unit 3302, 31 Example Street, Example District, Example City",+63 900 160 0637,Deployed,Support Technician B,N,,,,
EMP-0488,"DOE, JAMIE","ExampleStation 15 (i5, 16GB, 1TB HDD)",LT-100425,SYN-7SST4WZH,,lt-100425,lt-100425,02:00:00:51:12:76,Temporary loan for coverage period - SYN-LT-100425,"Unit 3902, 43 Example Street, Example District, Example City",+63 900 488 1717,For Pickup,Support Technician B,N,,,,
EMP-0705,"MILLER, HARPER","ExamplePad 11 Tablet (8GB, 128GB)",LT-100205,SYN-AEUH6KVK,,lt-100205,lt-100205,02:00:00:237:223:19,Broken screen replacement - SYN-LT-100205,"Unit 3802, 86 Example Street, Example District, Example City",+63 900 705 5532,Retracted,Support Technician B,N,,,,
EMP-0369,"DOE, SAWYER","ExampleView 27"" QHD Monitor",LT-100521,SYN-RXL0QYE4,,lt-100521,lt-100521,02:00:00:147:209:45,New starter onboarding - device SYN-LT-100521,"Unit 1202, 73 Example Street, Example District, Example City",+63 900 369 6551,For Repair,IT Support Queue,N,,,,
EMP-0511,"SAMPLE, SAWYER","ExampleView 27"" QHD Monitor",LT-100406,SYN-BUG9JGSN,,lt-100406,lt-100406,02:00:00:70:15:72,Scheduled refresh of legacy device SYN-LT-100406,"Unit 2602, 32 Example Street, Example District, Example City",+63 900 511 8856,Retracted,Support Technician A,Y,,,,
EMP-0186,"DOE, ALEX","ExampleStation 15 (i5, 16GB, 1TB HDD)",LT-100317,SYN-P6S61RUJ,,lt-100317,lt-100317,02:00:00:205:23:199,New starter onboarding - device SYN-LT-100317,"Unit 102, 73 Example Street, Example District, Example City",+63 900 186 2910,Deployed,Support Technician B,Y,,,,
EMP-0598,"SMITH, SAWYER",,,,,,,,Pending device allocation,"Unit 3302, 75 Example Street, Example District, Example City",+63 900 598 9217,Retracted,Support Technician B,N,,,,
EMP-0759,"SMITH, ALEX","ExampleBook Air 13 (i7, 8GB, 256GB SSD)",LT-100191,SYN-73PAMME8,,lt-100191,lt-100191,02:00:00:57:147:152,Temporary loan for coverage period - SYN-LT-100191,"Unit 3702, 40 Example Street, Example District, Example City",+63 900 759 5073,Retracted,Support Technician A,Y,,,,
EMP-0791,"DOE, TATUM","ExampleView 27"" QHD Monitor",LT-100565,SYN-PTV9K8KR,,lt-100565,lt-100565,02:00:00:213:28:33,Temporary loan for coverage period - SYN-LT-100565,"Unit 3002, 11 Example Street, Example District, Example City",+63 900 791 7347,Deployed,IT Support Queue,Y,,,,
EMP-0022,"SMITH, KAI","ExampleView 27"" QHD Monitor",LT-100207,SYN-V7UQW7KC,,lt-100207,lt-100207,02:00:00:56:91:225,Scheduled refresh of legacy device SYN-LT-100207,"Unit 1402, 89 Example Street, Example District, Example City",+63 900 022 1770,Deployed,Support Technician B,Y,,,,
EMP-0385,"DOE, OAKLEY","ExampleView 27"" QHD Monitor",LT-100189,SYN-NS317QJV,,lt-100189,lt-100189,02:00:00:196:47:51,Temporary loan for coverage period - SYN-LT-100189,"Unit 1202, 82 Example Street, Example District, Example City",+63 900 385 0797,Deployed,Support Technician B,Y,,,,
EMP-0724,"DOE, CASEY",,,,,,,,Pending device allocation,"Unit 1802, 1 Example Street, Example District, Example City",+63 900 724 0066,Retracted,Support Technician A,N,,,,
EMP-0355,"BROWN, QUINN","ExampleView 27"" QHD Monitor",LT-100204,SYN-LHL9ZHH2,,lt-100204,lt-100204,02:00:00:38:90:175,Temporary loan for coverage period - SYN-LT-100204,"Unit 1502, 33 Example Street, Example District, Example City",+63 900 355 2151,For Pickup,Support Technician B,Y,,,,
EMP-0211,"SAMPLE, REESE",,,,,,,,Pending device allocation,"Unit 2902, 33 Example Street, Example District, Example City",+63 900 211 9466,Retracted,Support Technician A,N,,,,
EMP-0285,"TESTER, INDIGO","ExampleBook Pro 14 (i5, 16GB, 512GB SSD)",LT-100344,SYN-2CD8SCQZ,,lt-100344,lt-100344,02:00:00:12:186:36,Broken screen replacement - SYN-LT-100344,"Unit 2302, 83 Example Street, Example District, Example City",+63 900 285 5402,Deployed,Support Technician A,N,,,,
EMP-0174,"CLARK, NOEL","ExampleView 27"" QHD Monitor",LT-100032,SYN-3Q1E6CLN,,lt-100032,lt-100032,02:00:00:146:12:99,Scheduled refresh of legacy device SYN-LT-100032,"Unit 2402, 46 Example Street, Example District, Example City",+63 900 174 7296,Ready for Release,Support Technician B,Y,,,,
EMP-0046,"TESTER, SAWYER",,,,,,,,Pending device allocation,"Unit 2702, 80 Example Street, Example District, Example City",+63 900 046 1183,For Repair,Support Technician A,N,,,,
EMP-0794,"BROWN, DANA",,,,,,,,Pending device allocation,"Unit 3502, 34 Example Street, Example District, Example City",+63 900 794 9008,Deployed,IT Support Queue,N,,,,
EMP-0371,"MILLER, ELLIS",,,,,,,,Pending device allocation,"Unit 2502, 45 Example Street, Example District, Example City",+63 900 371 2917,Ready for Release,Support Technician A,N,,,,
EMP-0435,"DOE, BLAIR",,,,,,,,Pending device allocation,"Unit 1102, 88 Example Street, Example District, Example City",+63 900 435 4136,Deployed,Support Technician A,N,,,,
EMP-0791,"DOE, TATUM","ExampleView 27"" QHD Monitor",LT-100521,SYN-FGYKXDCU,,lt-100521,lt-100521,02:00:00:130:228:196,Laptop replacement - hardware fault on SYN-LT-100521,"Unit 3502, 5 Example Street, Example District, Example City",+63 900 791 7347,For Repair,Support Technician A,Y,,,,
EMP-0708,"CLARK, FRANKIE","ExampleView 27"" QHD Monitor",LT-100155,SYN-FFG06395,,lt-100155,lt-100155,02:00:00:196:27:110,Scheduled refresh of legacy device SYN-LT-100155,"Unit 402, 44 Example Street, Example District, Example City",+63 900 708 5503,Deployed,Support Technician A,Y,,,,
EMP-0111,"JOHNSON, QUINN",,,,,,,,Pending device allocation,"Unit 2002, 88 Example Street, Example District, Example City",+63 900 111 0764,For Repair,Support Technician A,N,,,,
EMP-0450,"TESTER, ALEX","ExamplePad 11 Tablet (8GB, 128GB)",LT-100139,SYN-DECN8YPN,,lt-100139,lt-100139,02:00:00:208:226:19,Scheduled refresh of legacy device SYN-LT-100139,"Unit 102, 64 Example Street, Example District, Example City",+63 900 450 7742,Deployed,Support Technician B,N,,,,
EMP-0478,"SAMPLE, SAWYER",,,,,,,,Pending device allocation,"Unit 1802, 18 Example Street, Example District, Example City",+63 900 478 4546,Retracted,IT Support Queue,N,,,,
EMP-0716,"SMITH, MORGAN","ExampleStation 15 (i5, 16GB, 1TB HDD)",LT-100279,SYN-KBGRN13B,,lt-100279,lt-100279,02:00:00:163:113:39,Scheduled refresh of legacy device SYN-LT-100279,"Unit 302, 38 Example Street, Example District, Example City",+63 900 716 7961,For Repair,IT Support Queue,Y,,,,
EMP-0228,"CLARK, OAKLEY","ExampleBook Pro 14 (i5, 16GB, 512GB SSD)",LT-100389,SYN-HZQL94BE,,lt-100389,lt-100389,02:00:00:180:191:12,New starter onboarding - device SYN-LT-100389,"Unit 1202, 31 Example Street, Example District, Example City",+63 900 228 5359,For Repair,Support Technician B,Y,,,,
EMP-0081,"BROWN, ALEX","ExampleTower SFF (i5, 16GB, 512GB SSD)",LT-100595,SYN-WTNMUX5Z,,lt-100595,lt-100595,02:00:00:125:69:205,Broken screen replacement - SYN-LT-100595,"Unit 802, 35 Example Street, Example District, Example City",+63 900 081 4500,Ready for Release,Support Technician A,Y,,,,
EMP-0602,"MILLER, REESE","ExampleTower SFF (i5, 16GB, 512GB SSD)",LT-100391,SYN-48MQMLJL,,lt-100391,lt-100391,02:00:00:34:119:41,Scheduled refresh of legacy device SYN-LT-100391,"Unit 3002, 45 Example Street, Example District, Example City",+63 900 602 8737,Retracted,Support Technician B,Y,,,,
EMP-0763,"WILLIAMS, INDIGO","ExampleView 24"" IPS Monitor",LT-100030,SYN-0AVJ4QBK,,lt-100030,lt-100030,02:00:00:40:66:146,New starter onboarding - device SYN-LT-100030,"Unit 2902, 68 Example Street, Example District, Example City",+63 900 763 7019,Ready for Release,IT Support Queue,N,,,,
EMP-0247,"PLACEHOLDER, JAMIE","ExamplePad 11 Tablet (8GB, 128GB)",LT-100015,SYN-UJJ67KD6,,lt-100015,lt-100015,02:00:00:52:229:174,New starter onboarding - device SYN-LT-100015,"Unit 3902, 84 Example Street, Example District, Example City",+63 900 247 6465,For Pickup,IT Support Queue,Y,,,,
EMP-0596,"CLARK, SAWYER","ExampleStation 15 (i5, 16GB, 1TB HDD)",LT-100135,SYN-D9SHEBEU,,lt-100135,lt-100135,02:00:00:55:249:81,Offboarding return and sanitization - SYN-LT-100135,"Unit 2002, 14 Example Street, Example District, Example City",+63 900 596 1147,Deployed,Support Technician B,Y,,,,
EMP-0587,"JOHNSON, QUINN","ExampleView 27"" QHD Monitor",LT-100550,SYN-71MMT5NH,,lt-100550,lt-100550,02:00:00:31:162:51,Laptop replacement - hardware fault on SYN-LT-100550,"Unit 1002, 40 Example Street, Example District, Example City",+63 900 587 1095,For Repair,IT Support Queue,Y,,,,
EMP-0242,"BROWN, FRANKIE","ExamplePad 11 Tablet (8GB, 128GB)",LT-100443,SYN-5VYMGFPM,,lt-100443,lt-100443,02:00:00:50:146:41,Temporary loan for coverage period - SYN-LT-100443,"Unit 202, 51 Example Street, Example District, Example City",+63 900 242 2422,Retracted,Support Technician B,Y,,,,
EMP-0093,"PLACEHOLDER, PARKER","ExamplePad 11 Tablet (8GB, 128GB)",LT-100308,SYN-FGPTVXR1,,lt-100308,lt-100308,02:00:00:183:44:241,Offboarding return and sanitization - SYN-LT-100308,"Unit 3002, 10 Example Street, Example District, Example City",+63 900 093 6602,Retracted,Support Technician B,Y,,,,
EMP-0353,"DOE, PARKER","ExampleView 24"" IPS Monitor",LT-100520,SYN-Q4U7C8EN,,lt-100520,lt-100520,02:00:00:213:232:197,Offboarding return and sanitization - SYN-LT-100520,"Unit 2802, 10 Example Street, Example District, Example City",+63 900 353 6249,Deployed,Support Technician A,N,,,,
EMP-0102,"MILLER, QUINN","ExampleTower SFF (i5, 16GB, 512GB SSD)",LT-100466,SYN-M2F86CJL,,lt-100466,lt-100466,02:00:00:141:160:205,Offboarding return and sanitization - SYN-LT-100466,"Unit 1302, 51 Example Street, Example District, Example City",+63 900 102 5271,Deployed,Support Technician A,N,,,,
EMP-0646,"BROWN, JAMIE",,,,,,,,Pending device allocation,"Unit 1702, 51 Example Street, Example District, Example City",+63 900 646 3832,For Repair,Support Technician A,N,,,,
EMP-0053,"TESTER, BLAIR","ExampleBook Pro 14 (i5, 16GB, 512GB SSD)",LT-100552,SYN-BT9TNSU9,,lt-100552,lt-100552,02:00:00:57:107:121,Scheduled refresh of legacy device SYN-LT-100552,"Unit 1102, 50 Example Street, Example District, Example City",+63 900 053 0991,For Repair,Support Technician A,N,,,,
EMP-0119,"SAMPLE, LEE",,,,,,,,Pending device allocation,"Unit 1902, 70 Example Street, Example District, Example City",+63 900 119 0653,Deployed,Support Technician B,N,,,,
EMP-0410,"CLARK, JAMIE","ExampleTower Mini (i7, 32GB, 1TB SSD)",LT-100493,SYN-5U2ZG8TT,,lt-100493,lt-100493,02:00:00:78:217:179,Broken screen replacement - SYN-LT-100493,"Unit 702, 32 Example Street, Example District, Example City",+63 900 410 8317,For Pickup,IT Support Queue,N,,,,
EMP-0513,"WILLIAMS, ALEX",,,,,,,,Pending device allocation,"Unit 402, 58 Example Street, Example District, Example City",+63 900 513 0767,Retracted,Support Technician A,N,,,,
EMP-0161,"MILLER, LEE",,,,,,,,Pending device allocation,"Unit 2102, 77 Example Street, Example District, Example City",+63 900 161 7182,Retracted,Support Technician B,N,,,,
EMP-0230,"SAMPLE, GRAY","ExampleView 24"" IPS Monitor",LT-100272,SYN-ZDU4RT06,,lt-100272,lt-100272,02:00:00:59:26:77,Scheduled refresh of legacy device SYN-LT-100272,"Unit 302, 48 Example Street, Example District, Example City",+63 900 230 0060,Ready for Release,Support Technician A,N,,,,
EMP-0789,"TESTER, TATUM","ExampleStation 15 (i5, 16GB, 1TB HDD)",LT-100003,SYN-SQJTMN7N,,lt-100003,lt-100003,02:00:00:90:233:228,Broken screen replacement - SYN-LT-100003,"Unit 502, 66 Example Street, Example District, Example City",+63 900 789 1792,For Repair,IT Support Queue,Y,,,,
EMP-0709,"TESTER, CASEY","ExampleTower Mini (i7, 32GB, 1TB SSD)",LT-100472,SYN-YU98JANQ,,lt-100472,lt-100472,02:00:00:115:194:72,Laptop replacement - hardware fault on SYN-LT-100472,"Unit 1602, 45 Example Street, Example District, Example City",+63 900 709 7710,Deployed,Support Technician B,Y,,,,
EMP-0633,"DOE, ELLIS","ExampleView 24"" IPS Monitor",LT-100398,SYN-1E73XVN9,,lt-100398,lt-100398,02:00:00:27:170:134,Offboarding return and sanitization - SYN-LT-100398,"Unit 3302, 76 Example Street, Example District, Example City",+63 900 633 6860,Deployed,IT Support Queue,Y,,,,
EMP-0067,"SMITH, CASEY","ExampleStation 15 (i5, 16GB, 1TB HDD)",LT-100336,SYN-YS8LL4AE,,lt-100336,lt-100336,02:00:00:221:09:138,Scheduled refresh of legacy device SYN-LT-100336,"Unit 2702, 43 Example Street, Example District, Example City",+63 900 067 4816,For Pickup,Support Technician A,N,,,,
EMP-0742,"MILLER, INDIGO","ExampleView 24"" IPS Monitor",LT-100192,SYN-64QTRK49,,lt-100192,lt-100192,02:00:00:249:04:56,Temporary loan for coverage period - SYN-LT-100192,"Unit 802, 52 Example Street, Example District, Example City",+63 900 742 4859,Ready for Release,Support Technician B,Y,,,,
EMP-0771,"WILLIAMS, OAKLEY","ExampleBook Pro 14 (i5, 16GB, 512GB SSD)",LT-100413,SYN-4K7SHNRT,,lt-100413,lt-100413,02:00:00:02:242:251,Temporary loan for coverage period - SYN-LT-100413,"Unit 1502, 31 Example Street, Example District, Example City",+63 900 771 5913,Deployed,IT Support Queue,N,,,,
EMP-0006,"SMITH, NOEL","ExampleTower SFF (i5, 16GB, 512GB SSD)",LT-100042,SYN-M6RGBVQ9,,lt-100042,lt-100042,02:00:00:19:62:84,Broken screen replacement - SYN-LT-100042,"Unit 602, 55 Example Street, Example District, Example City",+63 900 006 1222,Deployed,IT Support Queue,Y,,,,
EMP-0117,"WILLIAMS, PARKER",,,,,,,,Pending device allocation,"Unit 3802, 59 Example Street, Example District, Example City",+63 900 117 9202,Deployed,Support Technician B,N,,,,
EMP-0378,"SAMPLE, INDIGO","ExampleBook Air 13 (i7, 8GB, 256GB SSD)",LT-100073,SYN-19P0J3U2,,lt-100073,lt-100073,02:00:00:28:164:133,Offboarding return and sanitization - SYN-LT-100073,"Unit 2802, 30 Example Street, Example District, Example City",+63 900 378 4967,Deployed,Support Technician B,Y,,,,
EMP-0677,"MILLER, QUINN","ExampleTower Mini (i7, 32GB, 1TB SSD)",LT-100317,SYN-T8HAV30E,,lt-100317,lt-100317,02:00:00:114:95:139,Broken screen replacement - SYN-LT-100317,"Unit 3002, 50 Example Street, Example District, Example City",+63 900 677 3690,For Pickup,Support Technician B,N,,,,
EMP-0373,"MILLER, INDIGO","ExampleBook Air 13 (i7, 8GB, 256GB SSD)",LT-100375,SYN-0PA3ZN71,,lt-100375,lt-100375,02:00:00:186:228:236,New starter onboarding - device SYN-LT-100375,"Unit 3002, 73 Example Street, Example District, Example City",+63 900 373 6620,For Repair,Support Technician B,Y,,,,
EMP-0428,"DOE, JAMIE","ExampleView 24"" IPS Monitor",LT-100160,SYN-SE8PRBLK,,lt-100160,lt-100160,02:00:00:213:171:197,Temporary loan for coverage period - SYN-LT-100160,"Unit 2602, 21 Example Street, Example District, Example City",+63 900 428 3977,For Pickup,IT Support Queue,N,,,,
EMP-0641,"SAMPLE, INDIGO","ExampleBook Air 13 (i7, 8GB, 256GB SSD)",LT-100063,SYN-S9T51N8U,,lt-100063,lt-100063,02:00:00:39:224:182,Laptop replacement - hardware fault on SYN-LT-100063,"Unit 3902, 20 Example Street, Example District, Example City",+63 900 641 8843,For Repair,IT Support Queue,Y,,,,
EMP-0432,"JOHNSON, FRANKIE",,,,,,,,Pending device allocation,"Unit 3302, 38 Example Street, Example District, Example City",+63 900 432 3523,Deployed,IT Support Queue,N,,,,
EMP-0450,"TESTER, ALEX",,,,,,,,Pending device allocation,"Unit 1402, 73 Example Street, Example District, Example City",+63 900 450 7742,Deployed,Support Technician B,N,,,,
EMP-0518,"BROWN, NOEL","ExamplePad 11 Tablet (8GB, 128GB)",LT-100284,SYN-EETGAW75,,lt-100284,lt-100284,02:00:00:46:233:113,Scheduled refresh of legacy device SYN-LT-100284,"Unit 1702, 11 Example Street, Example District, Example City",+63 900 518 9927,Deployed,IT Support Queue,N,,,,
EMP-0374,"JOHNSON, CASEY","ExampleTower Mini (i7, 32GB, 1TB SSD)",LT-100043,SYN-KTH4FSD4,,lt-100043,lt-100043,02:00:00:32:198:154,Laptop replacement - hardware fault on SYN-LT-100043,"Unit 3802, 81 Example Street, Example District, Example City",+63 900 374 4622,For Pickup,Support Technician A,N,,,,
EMP-0380,"JOHNSON, INDIGO","ExampleStation 15 (i5, 16GB, 1TB HDD)",LT-100135,SYN-R8UD3F9P,,lt-100135,lt-100135,02:00:00:65:88:13,Laptop replacement - hardware fault on SYN-LT-100135,"Unit 1002, 40 Example Street, Example District, Example City",+63 900 380 5992,For Pickup,IT Support Queue,Y,,,,
EMP-0014,"CLARK, JAMIE","ExampleView 24"" IPS Monitor",LT-100029,SYN-2G3EY0ZV,,lt-100029,lt-100029,02:00:00:231:09:61,Offboarding return and sanitization - SYN-LT-100029,"Unit 3302, 52 Example Street, Example District, Example City",+63 900 014 1617,Deployed,Support Technician A,Y,,,,
EMP-0217,"SMITH, TATUM","ExampleBook Pro 14 (i5, 16GB, 512GB SSD)",LT-100575,SYN-X8TEVV65,,lt-100575,lt-100575,02:00:00:186:249:01,Broken screen replacement - SYN-LT-100575,"Unit 1802, 40 Example Street, Example District, Example City",+63 900 217 2003,Deployed,Support Technician A,Y,,,,
EMP-0548,"SMITH, HARPER","ExampleBook Pro 14 (i5, 16GB, 512GB SSD)",LT-100267,SYN-2W5SYJ8Y,,lt-100267,lt-100267,02:00:00:09:56:51,Laptop replacement - hardware fault on SYN-LT-100267,"Unit 3602, 31 Example Street, Example District, Example City",+63 900 548 3375,For Repair,Support Technician B,Y,,,,
EMP-0142,"PLACEHOLDER, ELLIS","ExampleBook Air 13 (i7, 8GB, 256GB SSD)",LT-100481,SYN-VLH2J6AR,,lt-100481,lt-100481,02:00:00:241:91:231,Broken screen replacement - SYN-LT-100481,"Unit 2002, 45 Example Street, Example District, Example City",+63 900 142 9910,For Repair,Support Technician A,Y,,,,
EMP-0798,"SAMPLE, NOEL","ExampleBook Pro 14 (i5, 16GB, 512GB SSD)",LT-100516,SYN-KS688EEV,,lt-100516,lt-100516,02:00:00:232:24:47,Temporary loan for coverage period - SYN-LT-100516,"Unit 1902, 62 Example Street, Example District, Example City",+63 900 798 7813,Deployed,Support Technician B,Y,,,,
EMP-0765,"JOHNSON, NOEL","ExamplePad 11 Tablet (8GB, 128GB)",LT-100145,SYN-9QK2SL0N,,lt-100145,lt-100145,02:00:00:156:115:112,New starter onboarding - device SYN-LT-100145,"Unit 2802, 89 Example Street, Example District, Example City",+63 900 765 1770,For Pickup,Support Technician B,Y,,,,
EMP-0116,"CLARK, JAMIE","ExampleView 24"" IPS Monitor",LT-100509,SYN-REA2JJGW,,lt-100509,lt-100509,02:00:00:173:00:194,Scheduled refresh of legacy device SYN-LT-100509,"Unit 3402, 87 Example Street, Example District, Example City",+63 900 116 0754,Ready for Release,Support Technician A,Y,,,,
EMP-0507,"SMITH, FRANKIE","ExampleTower SFF (i5, 16GB, 512GB SSD)",LT-100227,SYN-AGJ19033,,lt-100227,lt-100227,02:00:00:19:167:20,New starter onboarding - device SYN-LT-100227,"Unit 2902, 88 Example Street, Example District, Example City",+63 900 507 6068,Ready for Release,Support Technician B,N,,,,
EMP-0391,"WILLIAMS, REESE","ExampleTower Mini (i7, 32GB, 1TB SSD)",LT-100438,SYN-XP5BHD01,,lt-100438,lt-100438,02:00:00:85:85:158,New starter onboarding - device SYN-LT-100438,"Unit 702, 54 Example Street, Example District, Example City",+63 900 391 7078,For Repair,Support Technician A,Y,,,,
EMP-0541,"JOHNSON, DANA","ExampleView 24"" IPS Monitor",LT-100098,SYN-CHP04HR0,,lt-100098,lt-100098,02:00:00:180:243:38,Offboarding return and sanitization - SYN-LT-100098,"Unit 4002, 27 Example Street, Example District, Example City",+63 900 541 8793,Deployed,Support Technician A,N,,,,
EMP-0462,"DOE, HARPER","ExampleTower SFF (i5, 16GB, 512GB SSD)",LT-100036,SYN-EHKWPJWS,,lt-100036,lt-100036,02:00:00:135:166:203,Laptop replacement - hardware fault on SYN-LT-100036,"Unit 302, 6 Example Street, Example District, Example City",+63 900 462 6389,For Repair,Support Technician A,Y,,,,
EMP-0226,"TESTER, NOEL","ExampleView 24"" IPS Monitor",LT-100039,SYN-NN2LZCXS,,lt-100039,lt-100039,02:00:00:203:124:200,Laptop replacement - hardware fault on SYN-LT-100039,"Unit 3402, 29 Example Street, Example District, Example City",+63 900 226 2471,Retracted,Support Technician B,N,,,,
EMP-0420,"PLACEHOLDER, REESE",,,,,,,,Pending device allocation,"Unit 3802, 60 Example Street, Example District, Example City",+63 900 420 0966,Deployed,IT Support Queue,N,,,,
EMP-0184,"PLACEHOLDER, FRANKIE",,,,,,,,Pending device allocation,"Unit 402, 36 Example Street, Example District, Example City",+63 900 184 8392,For Repair,Support Technician B,N,,,,
EMP-0200,"PLACEHOLDER, OAKLEY","ExamplePad 11 Tablet (8GB, 128GB)",LT-100342,SYN-HK8HX9ZD,,lt-100342,lt-100342,02:00:00:198:184:25,Laptop replacement - hardware fault on SYN-LT-100342,"Unit 3502, 14 Example Street, Example District, Example City",+63 900 200 8515,For Repair,IT Support Queue,Y,,,,
EMP-0092,"CLARK, REESE","ExampleBook Pro 14 (i5, 16GB, 512GB SSD)",LT-100571,SYN-YMHPW00A,,lt-100571,lt-100571,02:00:00:193:118:197,Laptop replacement - hardware fault on SYN-LT-100571,"Unit 2902, 32 Example Street, Example District, Example City",+63 900 092 0921,Deployed,IT Support Queue,Y,,,,
EMP-0554,"SMITH, DANA","ExampleTower Mini (i7, 32GB, 1TB SSD)",LT-100575,SYN-K0MF09SB,,lt-100575,lt-100575,02:00:00:198:140:224,Temporary loan for coverage period - SYN-LT-100575,"Unit 302, 16 Example Street, Example District, Example City",+63 900 554 1116,Deployed,Support Technician B,Y,,,,
EMP-0459,"WILLIAMS, KAI","ExampleBook Pro 14 (i5, 16GB, 512GB SSD)",LT-100395,SYN-9JJZX1C5,,lt-100395,lt-100395,02:00:00:63:03:160,Laptop replacement - hardware fault on SYN-LT-100395,"Unit 2602, 85 Example Street, Example District, Example City",+63 900 459 7758,For Pickup,Support Technician A,Y,,,,
EMP-0745,"MILLER, SAWYER","ExampleView 27"" QHD Monitor",LT-100440,SYN-9FZDS2JE,,lt-100440,lt-100440,02:00:00:163:06:30,Laptop replacement - hardware fault on SYN-LT-100440,"Unit 2502, 27 Example Street, Example District, Example City",+63 900 745 4068,For Pickup,Support Technician B,Y,,,,
EMP-0403,"CLARK, CASEY",,,,,,,,Pending device allocation,"Unit 902, 41 Example Street, Example District, Example City",+63 900 403 8227,For Pickup,Support Technician B,N,,,,
EMP-0727,"MILLER, PARKER","ExampleView 27"" QHD Monitor",LT-100054,SYN-91M2SJHH,,lt-100054,lt-100054,02:00:00:135:136:54,Scheduled refresh of legacy device SYN-LT-100054,"Unit 2602, 83 Example Street, Example District, Example City",+63 900 727 5651,Retracted,Support Technician B,Y,,,,
EMP-0369,"DOE, SAWYER","ExamplePad 11 Tablet (8GB, 128GB)",LT-100001,SYN-MX0287SK,,lt-100001,lt-100001,02:00:00:102:115:210,Temporary loan for coverage period - SYN-LT-100001,"Unit 2102, 61 Example Street, Example District, Example City",+63 900 369 6551,Deployed,Support Technician A,N,,,,
EMP-0342,"DOE, QUINN","ExampleTower Mini (i7, 32GB, 1TB SSD)",LT-100220,SYN-QGJQANKV,,lt-100220,lt-100220,02:00:00:155:76:121,Offboarding return and sanitization - SYN-LT-100220,"Unit 1702, 17 Example Street, Example District, Example City",+63 900 342 8385,Deployed,IT Support Queue,Y,,,,
EMP-0494,"SAMPLE, MORGAN","ExampleView 27"" QHD Monitor",LT-100419,SYN-B25B5EKN,,lt-100419,lt-100419,02:00:00:108:147:20,Offboarding return and sanitization - SYN-LT-100419,"Unit 3202, 76 Example Street, Example District, Example City",+63 900 494 8610,Deployed,Support Technician A,N,,,,
EMP-0359,"PLACEHOLDER, GRAY","ExampleBook Air 13 (i7, 8GB, 256GB SSD)",LT-100200,SYN-RFPDFL6P,,lt-100200,lt-100200,02:00:00:98:249:206,Offboarding return and sanitization - SYN-LT-100200,"Unit 1002, 74 Example Street, Example District, Example City",+63 900 359 4198,Retracted,IT Support Queue,N,,,,
EMP-0338,"JOHNSON, ELLIS","ExampleStation 15 (i5, 16GB, 1TB HDD)",LT-100500,SYN-PU9H5NHD,,lt-100500,lt-100500,02:00:00:200:94:17,New starter onboarding - device SYN-LT-100500,"Unit 602, 6 Example Street, Example District, Example City",+63 900 338 1984,For Pickup,IT Support Queue,N,,,,
EMP-0769,"CLARK, INDIGO",,,,,,,,Pending device allocation,"Unit 2402, 71 Example Street, Example District, Example City",+63 900 769 4670,Deployed,IT Support Queue,N,,,,
EMP-0019,"SAMPLE, BLAIR","ExampleStation 15 (i5, 16GB, 1TB HDD)",LT-100328,SYN-JPEJSWYM,,lt-100328,lt-100328,02:00:00:227:88:103,Laptop replacement - hardware fault on SYN-LT-100328,"Unit 1802, 89 Example Street, Example District, Example City",+63 900 019 7186,Deployed,Support Technician B,N,,,,
EMP-0506,"WILLIAMS, JAMIE","ExampleTower SFF (i5, 16GB, 512GB SSD)",LT-100120,SYN-2YQTWJQS,,lt-100120,lt-100120,02:00:00:230:126:151,Broken screen replacement - SYN-LT-100120,"Unit 402, 24 Example Street, Example District, Example City",+63 900 506 2595,Retracted,Support Technician A,Y,,,,
EMP-0248,"PLACEHOLDER, INDIGO","ExampleTower SFF (i5, 16GB, 512GB SSD)",LT-100495,SYN-BN3KB7G9,,lt-100495,lt-100495,02:00:00:44:174:07,Broken screen replacement - SYN-LT-100495,"Unit 2802, 68 Example Street, Example District, Example City",+63 900 248 2304,Deployed,Support Technician B,Y,,,,
EMP-0440,"SMITH, LEE","ExampleTower SFF (i5, 16GB, 512GB SSD)",LT-100391,SYN-70443F4S,,lt-100391,lt-100391,02:00:00:30:184:17,Offboarding return and sanitization - SYN-LT-100391,"Unit 1602, 55 Example Street, Example District, Example City",+63 900 440 3114,Retracted,IT Support Queue,Y,,,,
EMP-0612,"TESTER, PARKER","ExampleTower SFF (i5, 16GB, 512GB SSD)",LT-100401,SYN-Q43F30ML,,lt-100401,lt-100401,02:00:00:187:109:236,Broken screen replacement - SYN-LT-100401,"Unit 2702, 36 Example Street, Example District, Example City",+63 900 612 0158,Deployed,Support Technician B,Y,,,,
EMP-0266,"SMITH, ELLIS","ExampleBook Air 13 (i7, 8GB, 256GB SSD)",LT-100341,SYN-0U7H2YP3,,lt-100341,lt-100341,02:00:00:169:145:21,New starter onboarding - device SYN-LT-100341,"Unit 402, 15 Example Street, Example District, Example City",+63 900 266 0629,Deployed,Support Technician A,Y,,,,
EMP-0760,"TESTER, MORGAN","ExampleView 24"" IPS Monitor",LT-100331,SYN-PKKAK0EM,,lt-100331,lt-100331,02:00:00:26:27:37,Offboarding return and sanitization - SYN-LT-100331,"Unit 3402, 52 Example Street, Example District, Example City",+63 900 760 4221,Ready for Release,Support Technician B,N,,,,
EMP-0161,"MILLER, LEE","ExampleView 27"" QHD Monitor",LT-100174,SYN-SN216HT1,,lt-100174,lt-100174,02:00:00:62:105:34,Offboarding return and sanitization - SYN-LT-100174,"Unit 2502, 11 Example Street, Example District, Example City",+63 900 161 7182,Retracted,Support Technician B,Y,,,,
EMP-0274,"SAMPLE, BLAIR",,,,,,,,Pending device allocation,"Unit 3102, 7 Example Street, Example District, Example City",+63 900 274 7829,Deployed,Support Technician B,N,,,,
EMP-0315,"DOE, REESE","ExampleTower Mini (i7, 32GB, 1TB SSD)",LT-100478,SYN-G77ZYFUG,,lt-100478,lt-100478,02:00:00:169:64:110,Temporary loan for coverage period - SYN-LT-100478,"Unit 4002, 78 Example Street, Example District, Example City",+63 900 315 6506,For Repair,Support Technician B,Y,,,,
EMP-0388,"SAMPLE, INDIGO","ExampleView 27"" QHD Monitor",LT-100055,SYN-HD4EHLR0,,lt-100055,lt-100055,02:00:00:238:252:50,Scheduled refresh of legacy device SYN-LT-100055,"Unit 3802, 21 Example Street, Example District, Example City",+63 900 388 9540,For Repair,IT Support Queue,Y,,,,
EMP-0523,"SMITH, TATUM","ExampleTower Mini (i7, 32GB, 1TB SSD)",LT-100265,SYN-M0SEBN64,,lt-100265,lt-100265,02:00:00:201:159:162,Laptop replacement - hardware fault on SYN-LT-100265,"Unit 802, 49 Example Street, Example District, Example City",+63 900 523 7683,For Pickup,Support Technician A,N,,,,
EMP-0571,"BROWN, DANA","ExampleView 27"" QHD Monitor",LT-100534,SYN-4UT87LDA,,lt-100534,lt-100534,02:00:00:127:211:06,Broken screen replacement - SYN-LT-100534,"Unit 2802, 75 Example Street, Example District, Example City",+63 900 571 9968,Deployed,Support Technician A,N,,,,
EMP-0610,"DOE, REESE",,,,,,,,Pending device allocation,"Unit 1202, 21 Example Street, Example District, Example City",+63 900 610 5580,For Pickup,Support Technician B,N,,,,
EMP-0506,"WILLIAMS, JAMIE","ExampleView 27"" QHD Monitor",LT-100152,SYN-LRT4HHDY,,lt-100152,lt-100152,02:00:00:194:41:145,New starter onboarding - device SYN-LT-100152,"Unit 4002, 89 Example Street, Example District, Example City",+63 900 506 2595,Deployed,Support Technician A,Y,,,,
EMP-0394,"SAMPLE, REESE","ExampleTower SFF (i5, 16GB, 512GB SSD)",LT-100236,SYN-Q2TPN617,,lt-100236,lt-100236,02:00:00:237:15:16,Temporary loan for coverage period - SYN-LT-100236,"Unit 102, 66 Example Street, Example District, Example City",+63 900 394 5085,Retracted,Support Technician B,Y,,,,
EMP-0159,"SMITH, INDIGO",,,,,,,,Pending device allocation,"Unit 3202, 63 Example Street, Example District, Example City",+63 900 159 5486,Retracted,IT Support Queue,N,,,,
EMP-0697,"JOHNSON, LEE","ExampleView 27"" QHD Monitor",LT-100054,SYN-RQFBAABK,,lt-100054,lt-100054,02:00:00:96:202:16,Temporary loan for coverage period - SYN-LT-100054,"Unit 3702, 82 Example Street, Example District, Example City",+63 900 697 1880,For Pickup,IT Support Queue,Y,,,,
EMP-0455,"SMITH, HARPER","ExampleTower Mini (i7, 32GB, 1TB SSD)",LT-100324,SYN-RB8QX5M2,,lt-100324,lt-100324,02:00:00:195:70:247,Scheduled refresh of legacy device SYN-LT-100324,"Unit 502, 23 Example Street, Example District, Example City",+63 900 455 0322,Deployed,Support Technician B,Y,,,,
EMP-0621,"SAMPLE, JAMIE","ExampleView 24"" IPS Monitor",LT-100125,SYN-R571RPGT,,lt-100125,lt-100125,02:00:00:134:113:180,Laptop replacement - hardware fault on SYN-LT-100125,"Unit 2402, 25 Example Street, Example District, Example City",+63 900 621 8946,Retracted,Support Technician A,Y,,,,
EMP-0212,"JOHNSON, FRANKIE",,,,,,,,Pending device allocation,"Unit 602, 78 Example Street, Example District, Example City",+63 900 212 6376,For Pickup,Support Technician B,N,,,,
EMP-0773,"SAMPLE, SAWYER","ExampleTower SFF (i5, 16GB, 512GB SSD)",LT-100349,SYN-TDNHL8ST,,lt-100349,lt-100349,02:00:00:162:146:20,Broken screen replacement - SYN-LT-100349,"Unit 3602, 49 Example Street, Example District, Example City",+63 900 773 8099,For Repair,IT Support Queue,N,,,,
EMP-0391,"WILLIAMS, REESE","ExamplePad 11 Tablet (8GB, 128GB)",LT-100073,SYN-X9NZ2ANE,,lt-100073,lt-100073,02:00:00:190:129:254,Scheduled refresh of legacy device SYN-LT-100073,"Unit 3002, 64 Example Street, Example District, Example City",+63 900 391 7078,Deployed,Support Technician A,Y,,,,
EMP-0125,"SMITH, FRANKIE","ExampleTower SFF (i5, 16GB, 512GB SSD)",LT-100566,SYN-NX8B6ZZN,,lt-100566,lt-100566,02:00:00:61:01:218,Scheduled refresh of legacy device SYN-LT-100566,"Unit 1102, 39 Example Street, Example District, Example City",+63 900 125 3631,Retracted,Support Technician B,Y,,,,
EMP-0462,"DOE, HARPER","ExampleView 24"" IPS Monitor",LT-100386,SYN-ZYZ2UCV7,,lt-100386,lt-100386,02:00:00:220:147:49,Offboarding return and sanitization - SYN-LT-100386,"Unit 3802, 4 Example Street, Example District, Example City",+63 900 462 6389,Deployed,IT Support Queue,Y,,,,
EMP-0491,"JOHNSON, INDIGO","ExampleBook Pro 14 (i5, 16GB, 512GB SSD)",LT-100290,SYN-E0PYDW2T,,lt-100290,lt-100290,02:00:00:157:70:59,New starter onboarding - device SYN-LT-100290,"Unit 2602, 87 Example Street, Example District, Example City",+63 900 491 5533,For Repair,IT Support Queue,Y,,,,
EMP-0647,"WILLIAMS, KAI","ExampleBook Pro 14 (i5, 16GB, 512GB SSD)",LT-100345,SYN-N0C7SNTL,,lt-100345,lt-100345,02:00:00:151:121:34,Laptop replacement - hardware fault on SYN-LT-100345,"Unit 202, 80 Example Street, Example District, Example City",+63 900 647 3914,Ready for Release,IT Support Queue,Y,,,,
EMP-0412,"MILLER, HARPER","ExampleTower SFF (i5, 16GB, 512GB SSD)",LT-100232,SYN-2N9HWUJT,,lt-100232,lt-100232,02:00:00:240:236:130,Offboarding return and sanitization - SYN-LT-100232,"Unit 3002, 51 Example Street, Example District, Example City",+63 900 412 0151,For Repair,Support Technician A,N,,,,
EMP-0283,"PLACEHOLDER, FRANKIE",,,,,,,,Pending device allocation,"Unit 2502, 28 Example Street, Example District, Example City",+63 900 283 6463,Deployed,IT Support Queue,N,,,,
EMP-0439,"MILLER, QUINN",,,,,,,,Pending device allocation,"Unit 2002, 89 Example Street, Example District, Example City",+63 900 439 9145,For Pickup,IT Support Queue,N,,,,
EMP-0232,"DOE, ALEX","ExampleView 27"" QHD Monitor",LT-100388,SYN-JKDBBFC0,,lt-100388,lt-100388,02:00:00:38:207:249,Offboarding return and sanitization - SYN-LT-100388,"Unit 2302, 17 Example Street, Example District, Example City",+63 900 232 7461,Retracted,Support Technician A,Y,,,,
EMP-0073,"BROWN, MORGAN","ExampleBook Air 13 (i7, 8GB, 256GB SSD)",LT-100306,SYN-XD524PK7,,lt-100306,lt-100306,02:00:00:20:211:24,Broken screen replacement - SYN-LT-100306,"Unit 402, 88 Example Street, Example District, Example City",+63 900 073 3503,Deployed,Support Technician A,N,,,,
EMP-0263,"TESTER, JAMIE","ExampleView 24"" IPS Monitor",LT-100541,SYN-7B7Y8FT8,,lt-100541,lt-100541,02:00:00:101:194:132,New starter onboarding - device SYN-LT-100541,"Unit 2202, 25 Example Street, Example District, Example City",+63 900 263 1928,For Pickup,Support Technician B,N,,,,
EMP-0695,"DOE, SAWYER","ExampleView 24"" IPS Monitor",LT-100322,SYN-WLPSGJ4L,,lt-100322,lt-100322,02:00:00:98:194:242,Scheduled refresh of legacy device SYN-LT-100322,"Unit 2402, 1 Example Street, Example District, Example City",+63 900 695 0165,Deployed,Support Technician A,Y,,,,
EMP-0483,"SAMPLE, HARPER","ExamplePad 11 Tablet (8GB, 128GB)",LT-100487,SYN-662ZTABP,,lt-100487,lt-100487,02:00:00:53:09:82,Temporary loan for coverage period - SYN-LT-100487,"Unit 1102, 1 Example Street, Example District, Example City",+63 900 483 4025,Ready for Release,IT Support Queue,Y,,,,
EMP-0727,"MILLER, PARKER",,,,,,,,Pending device allocation,"Unit 1502, 76 Example Street, Example District, Example City",+63 900 727 5651,Deployed,Support Technician B,N,,,,
EMP-0363,"PLACEHOLDER, ELLIS","ExampleBook Air 13 (i7, 8GB, 256GB SSD)",LT-100428,SYN-1MM40L4R,,lt-100428,lt-100428,02:00:00:142:156:51,Scheduled refresh of legacy device SYN-LT-100428,"Unit 3002, 28 Example Street, Example District, Example City",+63 900 363 2257,For Pickup,IT Support Queue,N,,,,
EMP-0800,"CLARK, REESE","ExampleStation 15 (i5, 16GB, 1TB HDD)",LT-100048,SYN-DVE10KL0,,lt-100048,lt-100048,02:00:00:63:237:00,Scheduled refresh of legacy device SYN-LT-100048,"Unit 1802, 90 Example Street, Example District, Example City",+63 900 800 3881,Ready for Release,Support Technician A,Y,,,,
EMP-0718,"MILLER, OAKLEY","ExampleView 27"" QHD Monitor",LT-100352,SYN-NSEMKBJ7,,lt-100352,lt-100352,02:00:00:10:204:228,Laptop replacement - hardware fault on SYN-LT-100352,"Unit 1902, 70 Example Street, Example District, Example City",+63 900 718 8515,For Repair,Support Technician B,Y,,,,
EMP-0222,"WILLIAMS, HARPER",,,,,,,,Pending device allocation,"Unit 2202, 52 Example Street, Example District, Example City",+63 900 222 2606,Ready for Release,Support Technician B,N,,,,
EMP-0348,"CLARK, MORGAN","ExamplePad 11 Tablet (8GB, 128GB)",LT-100598,SYN-Q70SW3XN,,lt-100598,lt-100598,02:00:00:43:166:154,Scheduled refresh of legacy device SYN-LT-100598,"Unit 2702, 41 Example Street, Example District, Example City",+63 900 348 4698,Ready for Release,IT Support Queue,N,,,,
EMP-0315,"DOE, REESE","ExampleBook Air 13 (i7, 8GB, 256GB SSD)",LT-100209,SYN-CAB5JV3Q,,lt-100209,lt-100209,02:00:00:71:241:245,Offboarding return and sanitization - SYN-LT-100209,"Unit 2702, 19 Example Street, Example District, Example City",+63 900 315 6506,Ready for Release,Support Technician A,Y,,,,
EMP-0789,"TESTER, TATUM","ExampleBook Pro 14 (i5, 16GB, 512GB SSD)",LT-100046,SYN-HV1FSUGX,,lt-100046,lt-100046,02:00:00:37:59:215,Scheduled refresh of legacy device SYN-LT-100046,"Unit 402, 42 Example Street, Example District, Example City",+63 900 789 1792,For Repair,Support Technician B,Y,,,,
EMP-0349,"SAMPLE, TATUM","ExampleBook Pro 14 (i5, 16GB, 512GB SSD)",LT-100591,SYN-MT4QPTVL,,lt-100591,lt-100591,02:00:00:229:130:10,Scheduled refresh of legacy device SYN-LT-100591,"Unit 2202, 71 Example Street, Example District, Example City",+63 900 349 4137,Ready for Release,Support Technician B,N,,,,
EMP-0037,"DOE, BLAIR","ExampleTower SFF (i5, 16GB, 512GB SSD)",LT-100031,SYN-365P3EFH,,lt-100031,lt-100031,02:00:00:29:224:97,New starter onboarding - device SYN-LT-100031,"Unit 602, 18 Example Street, Example District, Example City",+63 900 037 7979,Retracted,IT Support Queue,Y,,,,
EMP-0593,"SAMPLE, LEE","ExampleTower SFF (i5, 16GB, 512GB SSD)",LT-100473,SYN-ZA6DAN2Q,,lt-100473,lt-100473,02:00:00:81:32:146,Broken screen replacement - SYN-LT-100473,"Unit 102, 78 Example Street, Example District, Example City",+63 900 593 2814,Ready for Release,Support Technician B,Y,,,,
EMP-0411,"WILLIAMS, DANA","ExampleBook Air 13 (i7, 8GB, 256GB SSD)",LT-100422,SYN-8B1H2LZF,,lt-100422,lt-100422,02:00:00:69:04:52,Temporary loan for coverage period - SYN-LT-100422,"Unit 1702, 14 Example Street, Example District, Example City",+63 900 411 2100,Deployed,Support Technician A,N,,,,
EMP-0590,"SMITH, ELLIS",,,,,,,,Pending device allocation,"Unit 1402, 87 Example Street, Example District, Example City",+63 900 590 5351,Deployed,Support Technician B,N,,,,
EMP-0167,"WILLIAMS, PARKER","ExampleTower Mini (i7, 32GB, 1TB SSD)",LT-100190,SYN-38Z8XCT2,,lt-100190,lt-100190,02:00:00:18:137:220,Offboarding return and sanitization - SYN-LT-100190,"Unit 2302, 46 Example Street, Example District, Example City",+63 900 167 8454,Deployed,Support Technician B,Y,,,,
EMP-0622,"TESTER, HARPER","ExampleBook Pro 14 (i5, 16GB, 512GB SSD)",LT-100576,SYN-789VZG3K,,lt-100576,lt-100576,02:00:00:254:91:140,Broken screen replacement - SYN-LT-100576,"Unit 4002, 8 Example Street, Example District, Example City",+63 900 622 2021,Deployed,IT Support Queue,N,,,,
EMP-0367,"BROWN, FRANKIE","ExampleView 24"" IPS Monitor",LT-100410,SYN-0AE1ABP5,,lt-100410,lt-100410,02:00:00:16:67:89,Offboarding return and sanitization - SYN-LT-100410,"Unit 702, 25 Example Street, Example District, Example City",+63 900 367 6572,For Repair,Support Technician A,N,,,,
EMP-0670,"SAMPLE, DANA","ExampleView 27"" QHD Monitor",LT-100583,SYN-T2UQ7J7G,,lt-100583,lt-100583,02:00:00:07:216:225,Scheduled refresh of legacy device SYN-LT-100583,"Unit 3302, 77 Example Street, Example District, Example City",+63 900 670 0843,Deployed,Support Technician A,N,,,,
EMP-0040,"JOHNSON, KAI",,,,,,,,Pending device allocation,"Unit 1602, 38 Example Street, Example District, Example City",+63 900 040 8455,For Pickup,Support Technician A,N,,,,
EMP-0133,"PLACEHOLDER, REESE","ExampleBook Pro 14 (i5, 16GB, 512GB SSD)",LT-100326,SYN-YHMH7N5H,,lt-100326,lt-100326,02:00:00:200:40:65,New starter onboarding - device SYN-LT-100326,"Unit 902, 49 Example Street, Example District, Example City",+63 900 133 7273,For Repair,IT Support Queue,Y,,,,
EMP-0607,"SMITH, OAKLEY","ExampleView 24"" IPS Monitor",LT-100398,SYN-82F6PF3B,,lt-100398,lt-100398,02:00:00:18:05:13,Laptop replacement - hardware fault on SYN-LT-100398,"Unit 1102, 69 Example Street, Example District, Example City",+63 900 607 9436,Retracted,Support Technician A,Y,,,,
EMP-0476,"TESTER, MORGAN","ExampleBook Air 13 (i7, 8GB, 256GB SSD)",LT-100443,SYN-KNR8C4PH,,lt-100443,lt-100443,02:00:00:190:100:67,Temporary loan for coverage period - SYN-LT-100443,"Unit 502, 25 Example Street, Example District, Example City",+63 900 476 8094,Deployed,Support Technician B,N,,,,
EMP-0122,"SAMPLE, INDIGO","ExampleBook Pro 14 (i5, 16GB, 512GB SSD)",LT-100065,SYN-6Y4KKXQP,,lt-100065,lt-100065,02:00:00:205:03:195,Offboarding return and sanitization - SYN-LT-100065,"Unit 202, 39 Example Street, Example District, Example City",+63 900 122 8360,Ready for Release,Support Technician A,Y,,,,
EMP-0235,"MILLER, PARKER","ExampleStation 15 (i5, 16GB, 1TB HDD)",LT-100018,SYN-J5HD424A,,lt-100018,lt-100018,02:00:00:173:218:153,Laptop replacement - hardware fault on SYN-LT-100018,"Unit 802, 53 Example Street, Example District, Example City",+63 900 235 0289,Deployed,Support Technician B,Y,,,,
EMP-0340,"DOE, TATUM","ExampleView 24"" IPS Monitor",LT-100341,SYN-KVC0VJR4,,lt-100341,lt-100341,02:00:00:183:197:92,Broken screen replacement - SYN-LT-100341,"Unit 2102, 36 Example Street, Example District, Example City",+63 900 340 4926,For Repair,Support Technician B,Y,,,,
EMP-0564,"WILLIAMS, REESE","ExamplePad 11 Tablet (8GB, 128GB)",LT-100183,SYN-12V0Y17A,,lt-100183,lt-100183,02:00:00:251:133:235,Temporary loan for coverage period - SYN-LT-100183,"Unit 302, 20 Example Street, Example District, Example City",+63 900 564 6816,For Repair,IT Support Queue,Y,,,,
EMP-0642,"SAMPLE, QUINN","ExamplePad 11 Tablet (8GB, 128GB)",LT-100132,SYN-J3XT6TP7,,lt-100132,lt-100132,02:00:00:27:79:64,Laptop replacement - hardware fault on SYN-LT-100132,"Unit 2202, 6 Example Street, Example District, Example City",+63 900 642 1444,Ready for Release,Support Technician B,Y,,,,
EMP-0286,"DOE, LEE",,,,,,,,Pending device allocation,"Unit 302, 12 Example Street, Example District, Example City",+63 900 286 1358,Ready for Release,IT Support Queue,N,,,,
EMP-0128,"PLACEHOLDER, QUINN","ExampleStation 15 (i5, 16GB, 1TB HDD)",LT-100013,SYN-LLP4GB0Y,,lt-100013,lt-100013,02:00:00:45:231:121,Offboarding return and sanitization - SYN-LT-100013,"Unit 3402, 17 Example Street, Example District, Example City",+63 900 128 0945,Deployed,Support Technician B,Y,,,,
EMP-0344,"JOHNSON, ALEX",,,,,,,,Pending device allocation,"Unit 1902, 7 Example Street, Example District, Example City",+63 900 344 8639,Deployed,Support Technician A,N,,,,
EMP-0122,"SAMPLE, INDIGO","ExampleView 27"" QHD Monitor",LT-100239,SYN-Q865359J,,lt-100239,lt-100239,02:00:00:05:210:96,Broken screen replacement - SYN-LT-100239,"Unit 102, 53 Example Street, Example District, Example City",+63 900 122 8360,For Repair,Support Technician A,N,,,,
EMP-0750,"TESTER, CASEY","ExamplePad 11 Tablet (8GB, 128GB)",LT-100062,SYN-DJBTA8P1,,lt-100062,lt-100062,02:00:00:67:78:189,New starter onboarding - device SYN-LT-100062,"Unit 102, 87 Example Street, Example District, Example City",+63 900 750 1026,For Pickup,IT Support Queue,N,,,,
EMP-0702,"SMITH, GRAY","ExampleBook Air 13 (i7, 8GB, 256GB SSD)",LT-100571,SYN-923MLYL6,,lt-100571,lt-100571,02:00:00:49:105:168,Broken screen replacement - SYN-LT-100571,"Unit 902, 26 Example Street, Example District, Example City",+63 900 702 2166,For Pickup,Support Technician A,Y,,,,
EMP-0140,"TESTER, LEE","ExampleTower SFF (i5, 16GB, 512GB SSD)",LT-100544,SYN-6CG3VSVJ,,lt-100544,lt-100544,02:00:00:123:178:107,Temporary loan for coverage period - SYN-LT-100544,"Unit 3802, 43 Example Street, Example District, Example City",+63 900 140 1942,Deployed,Support Technician A,Y,,,,
EMP-0440,"SMITH, LEE","ExampleView 27"" QHD Monitor",LT-100438,SYN-CJUGQ2PC,,lt-100438,lt-100438,02:00:00:188:130:173,Scheduled refresh of legacy device SYN-LT-100438,"Unit 2902, 19 Example Street, Example District, Example City",+63 900 440 3114,Deployed,Support Technician B,Y,,,,
EMP-0447,"CLARK, JAMIE","ExampleView 27"" QHD Monitor",LT-100042,SYN-Y2EFHKPV,,lt-100042,lt-100042,02:00:00:107:01:130,Offboarding return and sanitization - SYN-LT-100042,"Unit 602, 42 Example Street, Example District, Example City",+63 900 447 9093,Deployed,Support Technician A,Y,,,,
EMP-0546,"JOHNSON, SAWYER","ExampleBook Pro 14 (i5, 16GB, 512GB SSD)",LT-100018,SYN-L691Y205,,lt-100018,lt-100018,02:00:00:96:210:206,Offboarding return and sanitization - SYN-LT-100018,"Unit 702, 61 Example Street, Example District, Example City",+63 900 546 5221,Deployed,IT Support Queue,Y,,,,
EMP-0076,"MILLER, QUINN","ExamplePad 11 Tablet (8GB, 128GB)",LT-100084,SYN-Y617GBWA,,lt-100084,lt-100084,02:00:00:156:44:247,Scheduled refresh of legacy device SYN-LT-100084,"Unit 2402, 54 Example Street, Example District, Example City",+63 900 076 1094,Deployed,Support Technician B,Y,,,,
EMP-0418,"WILLIAMS, OAKLEY","ExampleBook Air 13 (i7, 8GB, 256GB SSD)",LT-100008,SYN-DCSG0Y8Q,,lt-100008,lt-100008,02:00:00:115:82:237,Laptop replacement - hardware fault on SYN-LT-100008,"Unit 3502, 67 Example Street, Example District, Example City",+63 900 418 0523,Ready for Release,IT Support Queue,Y,,,,
EMP-0371,"MILLER, ELLIS","ExampleView 27"" QHD Monitor",LT-100073,SYN-6J8R8ZJ0,,lt-100073,lt-100073,02:00:00:247:156:70,Broken screen replacement - SYN-LT-100073,"Unit 2702, 9 Example Street, Example District, Example City",+63 900 371 2917,Deployed,Support Technician A,Y,,,,
EMP-0215,"SAMPLE, CASEY","ExampleBook Pro 14 (i5, 16GB, 512GB SSD)",LT-100126,SYN-FSGH89LP,,lt-100126,lt-100126,02:00:00:23:182:102,Offboarding return and sanitization - SYN-LT-100126,"Unit 2002, 2 Example Street, Example District, Example City",+63 900 215 6178,Deployed,Support Technician B,N,,,,
EMP-0304,"BROWN, HARPER",,,,,,,,Pending device allocation,"Unit 1902, 22 Example Street, Example District, Example City",+63 900 304 3466,Deployed,IT Support Queue,N,,,,
EMP-0060,"MILLER, REESE","ExampleBook Pro 14 (i5, 16GB, 512GB SSD)",LT-100011,SYN-3N5KXMPT,,lt-100011,lt-100011,02:00:00:248:210:135,Broken screen replacement - SYN-LT-100011,"Unit 1002, 21 Example Street, Example District, Example City",+63 900 060 9172,Retracted,Support Technician B,Y,,,,
EMP-0394,"SAMPLE, REESE","ExampleView 27"" QHD Monitor",LT-100238,SYN-02UGBC3P,,lt-100238,lt-100238,02:00:00:123:138:169,New starter onboarding - device SYN-LT-100238,"Unit 1102, 27 Example Street, Example District, Example City",+63 900 394 5085,Ready for Release,Support Technician A,N,,,,
EMP-0213,"SMITH, ELLIS","ExamplePad 11 Tablet (8GB, 128GB)",LT-100496,SYN-FPFW0U9X,,lt-100496,lt-100496,02:00:00:73:169:231,Broken screen replacement - SYN-LT-100496,"Unit 2102, 84 Example Street, Example District, Example City",+63 900 213 4712,Ready for Release,Support Technician B,Y,,,,
EMP-0672,"DOE, FRANKIE","ExampleStation 15 (i5, 16GB, 1TB HDD)",LT-100551,SYN-KL2RV2PQ,,lt-100551,lt-100551,02:00:00:226:95:07,New starter onboarding - device SYN-LT-100551,"Unit 3102, 56 Example Street, Example District, Example City",+63 900 672 5366,For Repair,Support Technician B,Y,,,,
EMP-0672,"DOE, FRANKIE","ExampleTower SFF (i5, 16GB, 512GB SSD)",LT-100381,SYN-G4FAJLPE,,lt-100381,lt-100381,02:00:00:30:111:71,Temporary loan for coverage period - SYN-LT-100381,"Unit 2702, 73 Example Street, Example District, Example City",+63 900 672 5366,Ready for Release,Support Technician A,N,,,,
EMP-0257,"JOHNSON, BLAIR","ExampleBook Air 13 (i7, 8GB, 256GB SSD)",LT-100081,SYN-UYKHHD5N,,lt-100081,lt-100081,02:00:00:187:172:112,Laptop replacement - hardware fault on SYN-LT-100081,"Unit 902, 11 Example Street, Example District, Example City",+63 900 257 1880,Retracted,Support Technician B,Y,,,,
EMP-0020,"SAMPLE, INDIGO","ExamplePad 11 Tablet (8GB, 128GB)",LT-100383,SYN-S8PGKRXT,,lt-100383,lt-100383,02:00:00:79:131:224,Laptop replacement - hardware fault on SYN-LT-100383,"Unit 2402, 63 Example Street, Example District, Example City",+63 900 020 2753,Retracted,Support Technician A,Y,,,,
EMP-0582,"SAMPLE, NOEL","ExampleStation 15 (i5, 16GB, 1TB HDD)",LT-100303,SYN-TEZHHVY3,,lt-100303,lt-100303,02:00:00:174:174:174,Laptop replacement - hardware fault on SYN-LT-100303,"Unit 302, 61 Example Street, Example District, Example City",+63 900 582 8292,Retracted,Support Technician B,Y,,,,
EMP-0654,"PLACEHOLDER, FRANKIE",,,,,,,,Pending device allocation,"Unit 3102, 9 Example Street, Example District, Example City",+63 900 654 7494,For Pickup,Support Technician A,N,,,,
EMP-0522,"TESTER, JAMIE","ExampleView 27"" QHD Monitor",LT-100334,SYN-73J0P8PM,,lt-100334,lt-100334,02:00:00:176:191:195,Broken screen replacement - SYN-LT-100334,"Unit 1002, 90 Example Street, Example District, Example City",+63 900 522 1390,Ready for Release,Support Technician A,Y,,,,
EMP-0356,"CLARK, KAI","ExampleStation 15 (i5, 16GB, 1TB HDD)",LT-100211,SYN-QR35U3Z5,,lt-100211,lt-100211,02:00:00:172:148:128,Temporary loan for coverage period - SYN-LT-100211,"Unit 1802, 77 Example Street, Example District, Example City",+63 900 356 3097,Deployed,IT Support Queue,N,,,,
EMP-0087,"SAMPLE, QUINN","ExamplePad 11 Tablet (8GB, 128GB)",LT-100568,SYN-7AJ304CJ,,lt-100568,lt-100568,02:00:00:220:45:203,Temporary loan for coverage period - SYN-LT-100568,"Unit 1802, 75 Example Street, Example District, Example City",+63 900 087 1398,Retracted,IT Support Queue,N,,,,
EMP-0788,"TESTER, DANA","ExamplePad 11 Tablet (8GB, 128GB)",LT-100282,SYN-X2E6FCJB,,lt-100282,lt-100282,02:00:00:161:191:201,New starter onboarding - device SYN-LT-100282,"Unit 2702, 80 Example Street, Example District, Example City",+63 900 788 4545,Deployed,Support Technician A,Y,,,,
EMP-0294,"PLACEHOLDER, TATUM","ExampleTower Mini (i7, 32GB, 1TB SSD)",LT-100332,SYN-QN45PW25,,lt-100332,lt-100332,02:00:00:121:144:128,Scheduled refresh of legacy device SYN-LT-100332,"Unit 902, 14 Example Street, Example District, Example City",+63 900 294 1213,For Pickup,Support Technician B,N,,,,
EMP-0756,"PLACEHOLDER, BLAIR","ExampleTower SFF (i5, 16GB, 512GB SSD)",LT-100259,SYN-9NNVS52E,,lt-100259,lt-100259,02:00:00:194:190:202,New starter onboarding - device SYN-LT-100259,"Unit 302, 76 Example Street, Example District, Example City",+63 900 756 1095,Ready for Release,Support Technician B,N,,,,
EMP-0043,"BROWN, JAMIE","ExampleView 27"" QHD Monitor",LT-100196,SYN-H1SBNUC8,,lt-100196,lt-100196,02:00:00:58:167:115,Laptop replacement - hardware fault on SYN-LT-100196,"Unit 2102, 21 Example Street, Example District, Example City",+63 900 043 9144,For Pickup,IT Support Queue,Y,,,,
EMP-0374,"JOHNSON, CASEY","ExampleTower Mini (i7, 32GB, 1TB SSD)",LT-100498,SYN-36MGULWZ,,lt-100498,lt-100498,02:00:00:87:04:55,Scheduled refresh of legacy device SYN-LT-100498,"Unit 602, 75 Example Street, Example District, Example City",+63 900 374 4622,For Repair,Support Technician A,Y,,,,
EMP-0008,"WILLIAMS, TATUM",,,,,,,,Pending device allocation,"Unit 202, 77 Example Street, Example District, Example City",+63 900 008 3876,Deployed,Support Technician A,N,,,,
EMP-0180,"DOE, ELLIS","ExamplePad 11 Tablet (8GB, 128GB)",LT-100308,SYN-S5LWL310,,lt-100308,lt-100308,02:00:00:223:115:217,Laptop replacement - hardware fault on SYN-LT-100308,"Unit 702, 29 Example Street, Example District, Example City",+63 900 180 9600,For Repair,IT Support Queue,N,,,,
EMP-0397,"DOE, CASEY","ExampleTower SFF (i5, 16GB, 512GB SSD)",LT-100059,SYN-MXZTMJ3M,,lt-100059,lt-100059,02:00:00:197:113:58,Temporary loan for coverage period - SYN-LT-100059,"Unit 602, 90 Example Street, Example District, Example City",+63 900 397 3913,For Repair,Support Technician B,N,,,,
EMP-0286,"DOE, LEE",,,,,,,,Pending device allocation,"Unit 1202, 56 Example Street, Example District, Example City",+63 900 286 1358,For Repair,Support Technician A,N,,,,
EMP-0732,"PLACEHOLDER, JAMIE","ExampleView 27"" QHD Monitor",LT-100426,SYN-CTF11S78,,lt-100426,lt-100426,02:00:00:13:65:186,Offboarding return and sanitization - SYN-LT-100426,"Unit 2402, 60 Example Street, Example District, Example City",+63 900 732 9657,For Pickup,IT Support Queue,Y,,,,
EMP-0563,"TESTER, FRANKIE",,,,,,,,Pending device allocation,"Unit 4002, 3 Example Street, Example District, Example City",+63 900 563 6444,Ready for Release,Support Technician A,N,,,,
EMP-0227,"JOHNSON, OAKLEY","ExampleStation 15 (i5, 16GB, 1TB HDD)",LT-100224,SYN-U3H6WG4U,,lt-100224,lt-100224,02:00:00:189:180:137,Offboarding return and sanitization - SYN-LT-100224,"Unit 202, 15 Example Street, Example District, Example City",+63 900 227 6449,Deployed,Support Technician B,N,,,,
EMP-0620,"WILLIAMS, JAMIE","ExampleBook Air 13 (i7, 8GB, 256GB SSD)",LT-100536,SYN-KEQGJV5X,,lt-100536,lt-100536,02:00:00:98:107:60,Scheduled refresh of legacy device SYN-LT-100536,"Unit 1402, 21 Example Street, Example District, Example City",+63 900 620 4295,Retracted,IT Support Queue,N,,,,
EMP-0796,"PLACEHOLDER, LEE","ExampleView 27"" QHD Monitor",LT-100236,SYN-0PCSUPSP,,lt-100236,lt-100236,02:00:00:97:61:69,New starter onboarding - device SYN-LT-100236,"Unit 3202, 76 Example Street, Example District, Example City",+63 900 796 9108,Retracted,Support Technician A,Y,,,,
EMP-0718,"MILLER, OAKLEY","ExampleView 24"" IPS Monitor",LT-100141,SYN-B45897VF,,lt-100141,lt-100141,02:00:00:235:79:101,Laptop replacement - hardware fault on SYN-LT-100141,"Unit 3202, 24 Example Street, Example District, Example City",+63 900 718 8515,For Pickup,Support Technician B,N,,,,
EMP-0121,"JOHNSON, TATUM","ExampleStation 15 (i5, 16GB, 1TB HDD)",LT-100415,SYN-69AC5U8X,,lt-100415,lt-100415,02:00:00:201:255:214,New starter onboarding - device SYN-LT-100415,"Unit 3002, 90 Example Street, Example District, Example City",+63 900 121 2918,Deployed,IT Support Queue,Y,,,,
EMP-0126,"MILLER, ELLIS",,,,,,,,Pending device allocation,"Unit 402, 81 Example Street, Example District, Example City",+63 900 126 4749,Ready for Release,Support Technician A,N,,,,
EMP-0659,"WILLIAMS, PARKER","ExampleTower Mini (i7, 32GB, 1TB SSD)",LT-100092,SYN-DZ2N0FUF,,lt-100092,lt-100092,02:00:00:196:170:38,Offboarding return and sanitization - SYN-LT-100092,"Unit 2502, 36 Example Street, Example District, Example City",+63 900 659 2691,For Repair,IT Support Queue,Y,,,,
EMP-0385,"DOE, OAKLEY","ExamplePad 11 Tablet (8GB, 128GB)",LT-100446,SYN-GV6FZFE7,,lt-100446,lt-100446,02:00:00:141:56:55,New starter onboarding - device SYN-LT-100446,"Unit 1302, 77 Example Street, Example District, Example City",+63 900 385 0797,Retracted,IT Support Queue,Y,,,,
EMP-0399,"BROWN, TATUM","ExampleView 27"" QHD Monitor",LT-100207,SYN-SP6Z7BVT,,lt-100207,lt-100207,02:00:00:186:50:179,Temporary loan for coverage period - SYN-LT-100207,"Unit 4002, 42 Example Street, Example District, Example City",+63 900 399 4864,Deployed,IT Support Queue,N,,,,
EMP-0273,"BROWN, FRANKIE","ExamplePad 11 Tablet (8GB, 128GB)",LT-100104,SYN-0ZXZ8RYK,,lt-100104,lt-100104,02:00:00:110:211:248,Broken screen replacement - SYN-LT-100104,"Unit 1402, 19 Example Street, Example District, Example City",+63 900 273 2037,Retracted,IT Support Queue,N,,,,
EMP-0013,"MILLER, PARKER","ExampleView 27"" QHD Monitor",LT-100205,SYN-QTMV3CP3,,lt-100205,lt-100205,02:00:00:55:192:97,Broken screen replacement - SYN-LT-100205,"Unit 1002, 3 Example Street, Example District, Example City",+63 900 013 7891,Ready for Release,IT Support Queue,N,,,,
EMP-0337,"SAMPLE, MORGAN","ExamplePad 11 Tablet (8GB, 128GB)",LT-100338,SYN-Q8XBMSVM,,lt-100338,lt-100338,02:00:00:78:113:141,Laptop replacement - hardware fault on SYN-LT-100338,"Unit 2202, 66 Example Street, Example District, Example City",+63 900 337 7009,Ready for Release,Support Technician A,Y,,,,
EMP-0294,"PLACEHOLDER, TATUM","ExampleBook Pro 14 (i5, 16GB, 512GB SSD)",LT-100235,SYN-YGR0UGMD,,lt-100235,lt-100235,02:00:00:101:136:189,Scheduled refresh of legacy device SYN-LT-100235,"Unit 2002, 4 Example Street, Example District, Example City",+63 900 294 1213,For Pickup,Support Technician A,N,,,,
EMP-0173,"PLACEHOLDER, MORGAN","ExampleStation 15 (i5, 16GB, 1TB HDD)",LT-100032,SYN-PTRPKVHS,,lt-100032,lt-100032,02:00:00:120:159:250,Laptop replacement - hardware fault on SYN-LT-100032,"Unit 2902, 69 Example Street, Example District, Example City",+63 900 173 2627,Deployed,Support Technician A,Y,,,,
EMP-0473,"SMITH, NOEL","ExampleBook Pro 14 (i5, 16GB, 512GB SSD)",LT-100140,SYN-1BV0QNM6,,lt-100140,lt-100140,02:00:00:78:172:182,Offboarding return and sanitization - SYN-LT-100140,"Unit 1002, 82 Example Street, Example District, Example City",+63 900 473 6676,Ready for Release,Support Technician B,Y,,,,
EMP-0397,"DOE, CASEY",,,,,,,,Pending device allocation,"Unit 3502, 85 Example Street, Example District, Example City",+63 900 397 3913,Retracted,Support Technician B,N,,,,
EMP-0156,"BROWN, ELLIS",,,,,,,,Pending device allocation,"Unit 102, 81 Example Street, Example District, Example City",+63 900 156 5387,Deployed,IT Support Queue,N,,,,
EMP-0073,"BROWN, MORGAN","ExampleView 24"" IPS Monitor",LT-100036,SYN-682LRPLC,,lt-100036,lt-100036,02:00:00:99:213:194,Broken screen replacement - SYN-LT-100036,"Unit 3002, 23 Example Street, Example District, Example City",+63 900 073 3503,For Repair,IT Support Queue,N,,,,
EMP-0005,"JOHNSON, ALEX","ExampleBook Air 13 (i7, 8GB, 256GB SSD)",LT-100001,SYN-41CZ8C45,,lt-100001,lt-100001,02:00:00:69:217:136,Temporary loan for coverage period - SYN-LT-100001,"Unit 1402, 81 Example Street, Example District, Example City",+63 900 005 8690,Deployed,Support Technician A,Y,,,,
EMP-0476,"TESTER, MORGAN","ExampleTower Mini (i7, 32GB, 1TB SSD)",LT-100359,SYN-1CSZ4P5U,,lt-100359,lt-100359,02:00:00:193:86:112,Temporary loan for coverage period - SYN-LT-100359,"Unit 402, 37 Example Street, Example District, Example City",+63 900 476 8094,For Repair,Support Technician B,N,,,,
EMP-0787,"BROWN, GRAY","ExampleTower Mini (i7, 32GB, 1TB SSD)",LT-100367,SYN-5KKW8B7D,,lt-100367,lt-100367,02:00:00:208:249:175,Offboarding return and sanitization - SYN-LT-100367,"Unit 2602, 64 Example Street, Example District, Example City",+63 900 787 3094,Deployed,IT Support Queue,N,,,,
EMP-0407,"TESTER, GRAY",,,,,,,,Pending device allocation,"Unit 3002, 13 Example Street, Example District, Example City",+63 900 407 3754,Deployed,IT Support Queue,N,,,,
EMP-0721,"JOHNSON, DANA","ExampleView 24"" IPS Monitor",LT-100009,SYN-RZBMBGFL,,lt-100009,lt-100009,02:00:00:218:02:22,Broken screen replacement - SYN-LT-100009,"Unit 3002, 90 Example Street, Example District, Example City",+63 900 721 5778,For Pickup,IT Support Queue,N,,,,
EMP-0108,"CLARK, JAMIE","ExampleBook Pro 14 (i5, 16GB, 512GB SSD)",LT-100545,SYN-HEDTZUGN,,lt-100545,lt-100545,02:00:00:03:166:13,Offboarding return and sanitization - SYN-LT-100545,"Unit 3302, 29 Example Street, Example District, Example City",+63 900 108 2691,For Pickup,Support Technician B,N,,,,
EMP-0051,"SAMPLE, FRANKIE","ExampleBook Pro 14 (i5, 16GB, 512GB SSD)",LT-100473,SYN-ZMFT7QU6,,lt-100473,lt-100473,02:00:00:44:217:80,Broken screen replacement - SYN-LT-100473,"Unit 2202, 36 Example Street, Example District, Example City",+63 900 051 1771,For Repair,IT Support Queue,Y,,,,
EMP-0646,"BROWN, JAMIE","ExampleTower SFF (i5, 16GB, 512GB SSD)",LT-100487,SYN-6Z1DV7ZR,,lt-100487,lt-100487,02:00:00:66:07:55,Scheduled refresh of legacy device SYN-LT-100487,"Unit 3502, 62 Example Street, Example District, Example City",+63 900 646 3832,Deployed,Support Technician A,Y,,,,
EMP-0492,"CLARK, MORGAN","ExampleTower Mini (i7, 32GB, 1TB SSD)",LT-100600,SYN-LUC832TP,,lt-100600,lt-100600,02:00:00:20:69:77,Broken screen replacement - SYN-LT-100600,"Unit 2302, 18 Example Street, Example District, Example City",+63 900 492 8008,Deployed,Support Technician B,N,,,,
EMP-0784,"PLACEHOLDER, FRANKIE","ExampleBook Air 13 (i7, 8GB, 256GB SSD)",LT-100327,SYN-N7GMB7ZZ,,lt-100327,lt-100327,02:00:00:120:49:253,Temporary loan for coverage period - SYN-LT-100327,"Unit 2902, 55 Example Street, Example District, Example City",+63 900 784 7393,Ready for Release,Support Technician B,N,,,,
EMP-0588,"CLARK, QUINN","ExampleBook Air 13 (i7, 8GB, 256GB SSD)",LT-100373,SYN-192EBFPU,,lt-100373,lt-100373,02:00:00:232:139:63,New starter onboarding - device SYN-LT-100373,"Unit 1402, 10 Example Street, Example District, Example City",+63 900 588 6869,Deployed,Support Technician B,Y,,,,
EMP-0526,"SMITH, SAWYER","ExampleTower Mini (i7, 32GB, 1TB SSD)",LT-100498,SYN-CHFM0CS0,,lt-100498,lt-100498,02:00:00:93:229:53,Broken screen replacement - SYN-LT-100498,"Unit 702, 21 Example Street, Example District, Example City",+63 900 526 0064,Retracted,Support Technician B,Y,,,,
EMP-0203,"SAMPLE, INDIGO","ExampleStation 15 (i5, 16GB, 1TB HDD)",LT-100476,SYN-GMU9BXG2,,lt-100476,lt-100476,02:00:00:236:231:82,Laptop replacement - hardware fault on SYN-LT-100476,"Unit 1702, 89 Example Street, Example District, Example City",+63 900 203 7711,Deployed,IT Support Queue,N,,,,
EMP-0683,"WILLIAMS, SAWYER",,,,,,,,Pending device allocation,"Unit 3702, 82 Example Street, Example District, Example City",+63 900 683 5597,Deployed,Support Technician A,N,,,,
EMP-0797,"SAMPLE, PARKER","ExampleBook Air 13 (i7, 8GB, 256GB SSD)",LT-100035,SYN-8H2TZ9Q7,,lt-100035,lt-100035,02:00:00:170:157:241,New starter onboarding - device SYN-LT-100035,"Unit 3102, 76 Example Street, Example District, Example City",+63 900 797 2772,For Repair,Support Technician B,N,,,,
EMP-0266,"SMITH, ELLIS","ExampleBook Pro 14 (i5, 16GB, 512GB SSD)",LT-100133,SYN-LU43GTVP,,lt-100133,lt-100133,02:00:00:176:92:236,Temporary loan for coverage period - SYN-LT-100133,"Unit 1302, 38 Example Street, Example District, Example City",+63 900 266 0629,Deployed,Support Technician A,Y,,,,
EMP-0060,"MILLER, REESE","ExampleStation 15 (i5, 16GB, 1TB HDD)",LT-100336,SYN-YYVFH3DY,,lt-100336,lt-100336,02:00:00:49:119:162,Temporary loan for coverage period - SYN-LT-100336,"Unit 902, 52 Example Street, Example District, Example City",+63 900 060 9172,Deployed,Support Technician A,Y,,,,
EMP-0313,"PLACEHOLDER, ELLIS","ExampleTower SFF (i5, 16GB, 512GB SSD)",LT-100150,SYN-7BVFEFMH,,lt-100150,lt-100150,02:00:00:169:03:188,Temporary loan for coverage period - SYN-LT-100150,"Unit 802, 12 Example Street, Example District, Example City",+63 900 313 7791,For Repair,Support Technician A,Y,,,,
EMP-0751,"SAMPLE, ELLIS","ExampleStation 15 (i5, 16GB, 1TB HDD)",LT-100004,SYN-E2BWZ60M,,lt-100004,lt-100004,02:00:00:246:39:116,Laptop replacement - hardware fault on SYN-LT-100004,"Unit 2802, 59 Example Street, Example District, Example City",+63 900 751 2227,For Repair,Support Technician B,N,,,,
EMP-0539,"BROWN, ALEX","ExampleTower Mini (i7, 32GB, 1TB SSD)",LT-100081,SYN-74VLF2V9,,lt-100081,lt-100081,02:00:00:138:63:255,Offboarding return and sanitization - SYN-LT-100081,"Unit 3902, 16 Example Street, Example District, Example City",+63 900 539 2826,For Repair,Support Technician A,Y,,,,
EMP-0227,"JOHNSON, OAKLEY","ExampleStation 15 (i5, 16GB, 1TB HDD)",LT-100363,SYN-X8S2AH9K,,lt-100363,lt-100363,02:00:00:13:219:48,Offboarding return and sanitization - SYN-LT-100363,"Unit 1702, 75 Example Street, Example District, Example City",+63 900 227 6449,Deployed,Support Technician A,Y,,,,
EMP-0585,"SMITH, OAKLEY","ExampleBook Air 13 (i7, 8GB, 256GB SSD)",LT-100078,SYN-WM2RVH8J,,lt-100078,lt-100078,02:00:00:164:168:31,New starter onboarding - device SYN-LT-100078,"Unit 3402, 54 Example Street, Example District, Example City",+63 900 585 3295,Ready for Release,IT Support Queue,N,,,,
EMP-0637,"TESTER, BLAIR","ExampleStation 15 (i5, 16GB, 1TB HDD)",LT-100091,SYN-Z7604GBW,,lt-100091,lt-100091,02:00:00:240:184:232,Laptop replacement - hardware fault on SYN-LT-100091,"Unit 4002, 56 Example Street, Example District, Example City",+63 900 637 1328,Retracted,IT Support Queue,N,,,,
EMP-0061,"DOE, DANA","ExamplePad 11 Tablet (8GB, 128GB)",LT-100367,SYN-ZEUK04N6,,lt-100367,lt-100367,02:00:00:147:17:95,Offboarding return and sanitization - SYN-LT-100367,"Unit 1702, 2 Example Street, Example District, Example City",+63 900 061 7706,For Pickup,Support Technician B,N,,,,
EMP-0743,"BROWN, GRAY",,,,,,,,Pending device allocation,"Unit 1402, 13 Example Street, Example District, Example City",+63 900 743 6582,Ready for Release,IT Support Queue,N,,,,
EMP-0698,"WILLIAMS, CASEY","ExamplePad 11 Tablet (8GB, 128GB)",LT-100043,SYN-SKRJHCUK,,lt-100043,lt-100043,02:00:00:17:129:194,New starter onboarding - device SYN-LT-100043,"Unit 1402, 58 Example Street, Example District, Example City",+63 900 698 8923,Deployed,Support Technician A,Y,,,,
EMP-0677,"MILLER, QUINN",,,,,,,,Pending device allocation,"Unit 3002, 20 Example Street, Example District, Example City",+63 900 677 3690,For Pickup,IT Support Queue,N,,,,
EMP-0648,"CLARK, REESE","ExampleBook Air 13 (i7, 8GB, 256GB SSD)",LT-100343,SYN-D46QE8PX,,lt-100343,lt-100343,02:00:00:203:218:225,New starter onboarding - device SYN-LT-100343,"Unit 402, 70 Example Street, Example District, Example City",+63 900 648 6816,Deployed,IT Support Queue,Y,,,,
EMP-0476,"TESTER, MORGAN",,,,,,,,Pending device allocation,"Unit 3502, 76 Example Street, Example District, Example City",+63 900 476 8094,For Pickup,IT Support Queue,N,,,,
EMP-0638,"BROWN, LEE",,,,,,,,Pending device allocation,"Unit 1202, 13 Example Street, Example District, Example City",+63 900 638 5541,Deployed,Support Technician B,N,,,,
EMP-0341,"JOHNSON, QUINN","ExampleView 27"" QHD Monitor",LT-100177,SYN-N94A7SRT,,lt-100177,lt-100177,02:00:00:197:209:52,Broken screen replacement - SYN-LT-100177,"Unit 102, 66 Example Street, Example District, Example City",+63 900 341 2321,For Repair,Support Technician A,Y,,,,
EMP-0626,"SMITH, HARPER","ExampleView 27"" QHD Monitor",LT-100041,SYN-2RQW3NMD,,lt-100041,lt-100041,02:00:00:234:131:67,Temporary loan for coverage period - SYN-LT-100041,"Unit 1402, 57 Example Street, Example District, Example City",+63 900 626 6627,For Repair,IT Support Queue,N,,,,
EMP-0339,"SMITH, GRAY","ExampleTower SFF (i5, 16GB, 512GB SSD)",LT-100575,SYN-8KRWE274,,lt-100575,lt-100575,02:00:00:108:171:57,Offboarding return and sanitization - SYN-LT-100575,"Unit 3802, 74 Example Street, Example District, Example City",+63 900 339 8173,For Repair,Support Technician B,Y,,,,
EMP-0255,"WILLIAMS, TATUM","ExamplePad 11 Tablet (8GB, 128GB)",LT-100572,SYN-S8R7FA7J,,lt-100572,lt-100572,02:00:00:90:110:144,New starter onboarding - device SYN-LT-100572,"Unit 2602, 55 Example Street, Example District, Example City",+63 900 255 0891,Deployed,Support Technician A,Y,,,,
EMP-0583,"PLACEHOLDER, GRAY",,,,,,,,Pending device allocation,"Unit 3302, 4 Example Street, Example District, Example City",+63 900 583 4994,For Repair,Support Technician A,N,,,,
EMP-0755,"DOE, REESE","ExampleStation 15 (i5, 16GB, 1TB HDD)",LT-100561,SYN-5JHJ7XGG,,lt-100561,lt-100561,02:00:00:224:143:133,Temporary loan for coverage period - SYN-LT-100561,"Unit 1002, 83 Example Street, Example District, Example City",+63 900 755 1530,For Repair,Support Technician B,Y,,,,
EMP-0527,"JOHNSON, INDIGO","ExampleStation 15 (i5, 16GB, 1TB HDD)",LT-100208,SYN-T1SH545D,,lt-100208,lt-100208,02:00:00:212:164:49,Scheduled refresh of legacy device SYN-LT-100208,"Unit 3502, 46 Example Street, Example District, Example City",+63 900 527 8423,Ready for Release,IT Support Queue,N,,,,
EMP-0599,"SMITH, JAMIE","ExampleTower Mini (i7, 32GB, 1TB SSD)",LT-100453,SYN-6MU3S1PG,,lt-100453,lt-100453,02:00:00:111:166:111,Offboarding return and sanitization - SYN-LT-100453,"Unit 1902, 11 Example Street, Example District, Example City",+63 900 599 5769,Deployed,Support Technician B,N,,,,
EMP-0545,"TESTER, CASEY","ExampleView 27"" QHD Monitor",LT-100294,SYN-4PH5BQW8,,lt-100294,lt-100294,02:00:00:67:15:195,Scheduled refresh of legacy device SYN-LT-100294,"Unit 1702, 26 Example Street, Example District, Example City",+63 900 545 9548,Deployed,Support Technician B,Y,,,,
EMP-0007,"SMITH, INDIGO","ExampleStation 15 (i5, 16GB, 1TB HDD)",LT-100367,SYN-FNL5HF0T,,lt-100367,lt-100367,02:00:00:103:15:78,Temporary loan for coverage period - SYN-LT-100367,"Unit 402, 69 Example Street, Example District, Example City",+63 900 007 5040,For Pickup,IT Support Queue,Y,,,,
EMP-0038,"PLACEHOLDER, REESE",,,,,,,,Pending device allocation,"Unit 2602, 63 Example Street, Example District, Example City",+63 900 038 8325,For Pickup,Support Technician B,N,,,,
EMP-0454,"DOE, OAKLEY","ExampleStation 15 (i5, 16GB, 1TB HDD)",LT-100506,SYN-9DLRXM5S,,lt-100506,lt-100506,02:00:00:100:24:54,New starter onboarding - device SYN-LT-100506,"Unit 2202, 16 Example Street, Example District, Example City",+63 900 454 8610,Deployed,Support Technician A,Y,,,,
EMP-0035,"PLACEHOLDER, PARKER","ExampleView 27"" QHD Monitor",LT-100535,SYN-21PKUKG2,,lt-100535,lt-100535,02:00:00:179:33:02,Offboarding return and sanitization - SYN-LT-100535,"Unit 602, 30 Example Street, Example District, Example City",+63 900 035 1410,Retracted,Support Technician A,N,,,,
EMP-0322,"SMITH, ALEX","ExampleView 27"" QHD Monitor",LT-100167,SYN-QK6V9SZQ,,lt-100167,lt-100167,02:00:00:152:66:139,Offboarding return and sanitization - SYN-LT-100167,"Unit 2302, 25 Example Street, Example District, Example City",+63 900 322 0767,Ready for Release,Support Technician B,Y,,,,
EMP-0101,"CLARK, HARPER","ExampleView 24"" IPS Monitor",LT-100122,SYN-S903J2MQ,,lt-100122,lt-100122,02:00:00:235:239:120,Broken screen replacement - SYN-LT-100122,"Unit 902, 26 Example Street, Example District, Example City",+63 900 101 6568,Retracted,IT Support Queue,Y,,,,
EMP-0246,"DOE, OAKLEY","ExampleBook Air 13 (i7, 8GB, 256GB SSD)",LT-100168,SYN-R3ZR08HU,,lt-100168,lt-100168,02:00:00:94:136:195,Temporary loan for coverage period - SYN-LT-100168,"Unit 1802, 30 Example Street, Example District, Example City",+63 900 246 6154,Deployed,Support Technician B,Y,,,,
EMP-0253,"WILLIAMS, OAKLEY",,,,,,,,Pending device allocation,"Unit 3002, 29 Example Street, Example District, Example City",+63 900 253 7929,For Pickup,Support Technician A,N,,,,
EMP-0406,"MILLER, QUINN","ExamplePad 11 Tablet (8GB, 128GB)",LT-100546,SYN-LVBW6HMN,,lt-100546,lt-100546,02:00:00:175:13:153,Offboarding return and sanitization - SYN-LT-100546,"Unit 3202, 85 Example Street, Example District, Example City",+63 900 406 2332,Ready for Release,Support Technician A,Y,,,,
EMP-0359,"PLACEHOLDER, GRAY","ExampleStation 15 (i5, 16GB, 1TB HDD)",LT-100369,SYN-Q2PGCDFX,,lt-100369,lt-100369,02:00:00:03:12:96,Scheduled refresh of legacy device SYN-LT-100369,"Unit 3302, 71 Example Street, Example District, Example City",+63 900 359 4198,Deployed,IT Support Queue,Y,,,,
