EE ID,SAP,ASSET TAG, Host Name, MAC Address, EMPLOYEE NAME,STATUS,Month,Year,DEPLOYED DATE, POSITION,BUSINESS UNIT,Operating System,Storage Location,REVISED MODEL 1, DESCRIPTION,SERIAL NO.,ACQUISITION DATE,WARRANTY EXPIRE,ACQUISITION COST,PURCHASED PRICE,ACCOUNTABILITY FORM,PO# / SI#,LAST USER,VENDOR NAME,
EMP-0001,900000,LT-100000,lt-100000,02:00:00:246:160:56,"SAMPLE, GRAY",Available,September,2023,1/8/2025,Support Analyst,Marketing,Windows 11 Pro,Office,"ExampleBook Pro 14 (i5, 16GB, 512GB SSD)","ExampleBook Pro 14 (i5, 16GB, 512GB SSD)",SYN-M6CB6W5G,9/21/2023,1/1/2026,"38,738.00","4,383.00",SYNTHETIC-ACCOUNTABILITY-EMP-0001.pdf,PO-SYN-500000,"SAMPLE, GRAY",Placeholder Hardware Inc.,
EMP-0002,900001,LT-100001,lt-100001,02:00:00:62:95:115,"SMITH, MORGAN",Deployed,December,2026,7/12/2022,Support Analyst,Product,Windows 11 Home,Office,"ExamplePad 11 Tablet (8GB, 128GB)","ExamplePad 11 Tablet (8GB, 128GB)",SYN-VSKHEGMM,3/4/2023,1/1/2026,"72,999.00","3,106.00",SYNTHETIC-ACCOUNTABILITY-EMP-0002.pdf,PO-SYN-500001,"SMITH, MORGAN",Placeholder Hardware Inc.,
EMP-0003,900002,LT-100002,lt-100002,02:00:00:115:118:38,"WILLIAMS, LEE",Unreturned Asset,September,2023,7/16/2023,Support Analyst,Human Resources,Windows 10 Pro,Office,"ExamplePad 11 Tablet (8GB, 128GB)","ExamplePad 11 Tablet (8GB, 128GB)",SYN-PGKBZJUV,9/28/2021,1/1/2024,"28,395.00","2,659.00",SYNTHETIC-ACCOUNTABILITY-EMP-0003.pdf,PO-SYN-500002,"WILLIAMS, LEE",Sample Supplier Ltd.,
EMP-0004,900003,LT-100003,lt-100003,02:00:00:89:217:140,"SAMPLE, QUINN",Deployed,April,2025,2/11/2023,Support Analyst,Human Resources,Windows 11 Home,Office,"ExampleBook Air 13 (i7, 8GB, 256GB SSD)","ExampleBook Air 13 (i7, 8GB, 256GB SSD)",SYN-LNWW0X5U,9/20/2024,1/1/2027,"79,362.00","3,897.00",SYNTHETIC-ACCOUNTABILITY-EMP-0004.pdf,PO-SYN-500003,"SAMPLE, QUINN",Sample Supplier Ltd.,
EMP-0005,900004,MON-200004,mon-200004,02:00:00:238:53:233,"JOHNSON, ALEX",Available,January,2021,11/23/2024,Systems Engineer,Human Resources,N/A,N/A,"ExampleView 27"" QHD Monitor","ExampleView 27"" QHD Monitor",SN-2Z3P7HEE,3/15/2023,1/1/2026,"44,649.00","4,324.00",SYNTHETIC-ACCOUNTABILITY-EMP-0005.pdf,PO-SYN-500004,"JOHNSON, ALEX",Sample Supplier Ltd.,
EMP-0006,900005,LT-100005,lt-100005,02:00:00:66:191:160,"SMITH, NOEL",Deployed,December,2023,8/23/2024,Support Analyst,Marketing,Windows 11 Pro,Office,"ExamplePad 11 Tablet (8GB, 128GB)","ExamplePad 11 Tablet (8GB, 128GB)",SYN-NNBLUZUP,11/5/2023,1/1/2026,"47,960.00","1,999.00",SYNTHETIC-ACCOUNTABILITY-EMP-0006.pdf,PO-SYN-500005,"SMITH, NOEL",Placeholder Hardware Inc.,
EMP-0007,900006,MON-200006,mon-200006,02:00:00:240:206:92,"SMITH, INDIGO",Deployed,June,2026,9/10/2022,Account Manager,Field Services,N/A,N/A,"ExampleView 24"" IPS Monitor","ExampleView 24"" IPS Monitor",SN-ZUZR6P13,10/19/2021,1/1/2024,"62,106.00","2,808.00",SYNTHETIC-ACCOUNTABILITY-EMP-0007.pdf,PO-SYN-500006,"SMITH, INDIGO",Sample Supplier Ltd.,
EMP-0008,900007,LT-100007,lt-100007,02:00:00:107:164:116,"WILLIAMS, TATUM",Available,May,2021,8/23/2024,Team Lead,Operations,Windows 11 Pro,Office,"ExampleStation 15 (i5, 16GB, 1TB HDD)","ExampleStation 15 (i5, 16GB, 1TB HDD)",SYN-SNDE27L0,4/17/2021,1/1/2024,"81,492.00","1,489.00",SYNTHETIC-ACCOUNTABILITY-EMP-0008.pdf,PO-SYN-500007,"WILLIAMS, TATUM",Demo Distributor Inc.,
EMP-0009,900008,LT-100008,lt-100008,02:00:00:112:150:66,"BROWN, SAWYER",Unreturned Asset,July,2024,5/14/2023,Software Engineer,Human Resources,Windows 10 Pro,Office,"ExamplePad 11 Tablet (8GB, 128GB)","ExamplePad 11 Tablet (8GB, 128GB)",SYN-XNNKBVE2,3/4/2023,1/1/2026,"58,249.00","3,480.00",SYNTHETIC-ACCOUNTABILITY-EMP-0009.pdf,PO-SYN-500008,"BROWN, SAWYER",Example Vendor Co.,
EMP-0010,900009,LT-100009,lt-100009,02:00:00:212:185:07,"PLACEHOLDER, CASEY",Deployed,March,2024,1/26/2026,Software Engineer,Customer Support,Windows 10 Pro,Office,"ExampleStation 15 (i5, 16GB, 1TB HDD)","ExampleStation 15 (i5, 16GB, 1TB HDD)",SYN-E6V2E9L7,12/19/2025,1/1/2028,"86,045.00","1,781.00",SYNTHETIC-ACCOUNTABILITY-EMP-0010.pdf,PO-SYN-500009,"PLACEHOLDER, CASEY",Placeholder Hardware Inc.,
EMP-0011,900010,MON-200010,mon-200010,02:00:00:201:171:24,"MILLER, JAMIE",In Repair,September,2025,8/24/2022,Support Analyst,Human Resources,N/A,N/A,"ExampleView 24"" IPS Monitor","ExampleView 24"" IPS Monitor",SN-4SHWR1LA,6/1/2025,1/1/2028,"41,473.00","1,633.00",SYNTHETIC-ACCOUNTABILITY-EMP-0011.pdf,PO-SYN-500010,"MILLER, JAMIE",Placeholder Hardware Inc.,
EMP-0012,900011,LT-100011,lt-100011,02:00:00:157:40:107,"CLARK, BLAIR",Deployed,July,2022,4/28/2026,Operations Specialist,Customer Support,Windows 11 Home,Office,"ExampleBook Air 13 (i7, 8GB, 256GB SSD)","ExampleBook Air 13 (i7, 8GB, 256GB SSD)",SYN-U57FZYEK,8/5/2022,1/1/2025,"76,700.00","2,061.00",SYNTHETIC-ACCOUNTABILITY-EMP-0012.pdf,PO-SYN-500011,"CLARK, BLAIR",Example Vendor Co.,
EMP-0013,900012,LT-100012,lt-100012,02:00:00:230:123:180,"MILLER, PARKER",Available,March,2022,8/8/2023,Operations Specialist,Operations,Windows 11 Home,Office,"ExampleBook Air 13 (i7, 8GB, 256GB SSD)","ExampleBook Air 13 (i7, 8GB, 256GB SSD)",SYN-M91CE8KD,8/9/2022,1/1/2025,"80,968.00","2,083.00",SYNTHETIC-ACCOUNTABILITY-EMP-0013.pdf,PO-SYN-500012,"MILLER, PARKER",Placeholder Hardware Inc.,
EMP-0014,900013,LT-100013,lt-100013,02:00:00:135:207:94,"CLARK, JAMIE",Deployed,December,2021,9/21/2026,Account Manager,Human Resources,Windows 11 Home,Office,"ExampleBook Air 13 (i7, 8GB, 256GB SSD)","ExampleBook Air 13 (i7, 8GB, 256GB SSD)",SYN-YXLY5JAM,5/13/2022,1/1/2025,"92,643.00","1,598.00",SYNTHETIC-ACCOUNTABILITY-EMP-0014.pdf,PO-SYN-500013,"CLARK, JAMIE",Demo Distributor Inc.,
EMP-0015,900014,LT-100014,lt-100014,02:00:00:207:16:44,"JOHNSON, JAMIE",Deployed,May,2021,10/5/2022,Account Manager,Marketing,Windows 11 Pro,Office,"ExampleBook Pro 14 (i5, 16GB, 512GB SSD)","ExampleBook Pro 14 (i5, 16GB, 512GB SSD)",SYN-YJ0Z2GP2,3/8/2022,1/1/2025,"30,279.00","1,533.00",SYNTHETIC-ACCOUNTABILITY-EMP-0015.pdf,PO-SYN-500014,"JOHNSON, JAMIE",Demo Distributor Inc.,
EMP-0016,900015,LT-100015,lt-100015,02:00:00:61:200:04,"BROWN, JAMIE",Deployed,November,2022,6/22/2022,Account Manager,Customer Support,Windows 11 Home,Office,"ExamplePad 11 Tablet (8GB, 128GB)","ExamplePad 11 Tablet (8GB, 128GB)",SYN-4B53C8XK,5/23/2024,1/1/2027,"40,104.00","4,596.00",SYNTHETIC-ACCOUNTABILITY-EMP-0016.pdf,PO-SYN-500015,"BROWN, JAMIE",Sample Supplier Ltd.,
EMP-0017,900016,LT-100016,lt-100016,02:00:00:27:240:205,"SAMPLE, CASEY",Deployed,May,2021,6/9/2022,Account Manager,Product,Windows 11 Pro,Office,"ExampleBook Air 13 (i7, 8GB, 256GB SSD)","ExampleBook Air 13 (i7, 8GB, 256GB SSD)",SYN-2QX88W97,12/18/2021,1/1/2024,"49,066.00","4,421.00",SYNTHETIC-ACCOUNTABILITY-EMP-0017.pdf,PO-SYN-500016,"SAMPLE, CASEY",Sample Supplier Ltd.,
EMP-0018,900017,LT-100017,lt-100017,02:00:00:61:140:97,"MILLER, OAKLEY",Unreturned Asset,March,2025,5/18/2024,Account Manager,Finance,Windows 11 Home,Office,"ExampleBook Air 13 (i7, 8GB, 256GB SSD)","ExampleBook Air 13 (i7, 8GB, 256GB SSD)",SYN-T35WYA28,10/13/2023,1/1/2026,"41,606.00","2,170.00",SYNTHETIC-ACCOUNTABILITY-EMP-0018.pdf,PO-SYN-500017,"MILLER, OAKLEY",Placeholder Hardware Inc.,
EMP-0019,900018,LT-100018,lt-100018,02:00:00:133:84:04,"SAMPLE, BLAIR",Deployed,August,2022,5/13/2026,Software Engineer,Field Services,Windows 11 Home,Office,"ExampleStation 15 (i5, 16GB, 1TB HDD)","ExampleStation 15 (i5, 16GB, 1TB HDD)",SYN-7TQVUCXN,7/20/2024,1/1/2027,"84,595.00","2,232.00",SYNTHETIC-ACCOUNTABILITY-EMP-0019.pdf,PO-SYN-500018,"SAMPLE, BLAIR",Demo Distributor Inc.,
EMP-0020,900019,LT-100019,lt-100019,02:00:00:36:134:08,"SAMPLE, INDIGO",Deployed,October,2022,4/8/2026,Team Lead,Human Resources,Windows 11 Pro,Office,"ExampleStation 15 (i5, 16GB, 1TB HDD)","ExampleStation 15 (i5, 16GB, 1TB HDD)",SYN-YV45GP7W,2/6/2021,1/1/2024,"81,205.00","3,531.00",SYNTHETIC-ACCOUNTABILITY-EMP-0020.pdf,PO-SYN-500019,"SAMPLE, INDIGO",Placeholder Hardware Inc.,
EMP-0021,900020,LT-100020,lt-100020,02:00:00:212:26:187,"BROWN, NOEL",Deployed,September,2026,10/22/2022,Software Engineer,Engineering,Windows 10 Pro,Office,"ExampleBook Air 13 (i7, 8GB, 256GB SSD)","ExampleBook Air 13 (i7, 8GB, 256GB SSD)",SYN-C803PC6V,12/17/2025,1/1/2028,"91,711.00","2,859.00",SYNTHETIC-ACCOUNTABILITY-EMP-0021.pdf,PO-SYN-500020,"BROWN, NOEL",Demo Distributor Inc.,
EMP-0022,900021,MON-200021,mon-200021,02:00:00:136:13:89,"SMITH, KAI",Unreturned Asset,March,2025,12/5/2024,Team Lead,Product,N/A,N/A,"ExampleView 24"" IPS Monitor","ExampleView 24"" IPS Monitor",SN-DK4FFU31,2/24/2021,1/1/2024,"40,064.00","3,642.00",SYNTHETIC-ACCOUNTABILITY-EMP-0022.pdf,PO-SYN-500021,"SMITH, KAI",Sample Supplier Ltd.,
EMP-0023,900022,LT-100022,lt-100022,02:00:00:59:223:194,"MILLER, TATUM",In Repair,October,2024,10/5/2022,Team Lead,Customer Support,Windows 10 Pro,Office,"ExampleStation 15 (i5, 16GB, 1TB HDD)","ExampleStation 15 (i5, 16GB, 1TB HDD)",SYN-CHHJ7MN3,12/6/2024,1/1/2027,"67,817.00","1,582.00",SYNTHETIC-ACCOUNTABILITY-EMP-0023.pdf,PO-SYN-500022,"MILLER, TATUM",Placeholder Hardware Inc.,
EMP-0024,900023,LT-100023,lt-100023,02:00:00:237:83:217,"BROWN, KAI",Available,February,2024,11/12/2026,Systems Engineer,Product,Windows 10 Pro,Office,"ExampleBook Air 13 (i7, 8GB, 256GB SSD)","ExampleBook Air 13 (i7, 8GB, 256GB SSD)",SYN-84UBHU7R,4/6/2022,1/1/2025,"90,260.00","3,986.00",SYNTHETIC-ACCOUNTABILITY-EMP-0024.pdf,PO-SYN-500023,"BROWN, KAI",Placeholder Hardware Inc.,
EMP-0025,900024,MON-200024,mon-200024,02:00:00:56:38:226,"CLARK, GRAY",Deployed,July,2023,6/24/2024,Systems Engineer,Marketing,N/A,N/A,"ExampleView 27"" QHD Monitor","ExampleView 27"" QHD Monitor",SN-E5J29WTH,9/25/2023,1/1/2026,"86,116.00","3,364.00",SYNTHETIC-ACCOUNTABILITY-EMP-0025.pdf,PO-SYN-500024,"CLARK, GRAY",Example Vendor Co.,
EMP-0026,900025,LT-100025,lt-100025,02:00:00:74:23:00,"MILLER, QUINN",Unreturned Asset,May,2023,3/15/2024,Account Manager,Human Resources,Windows 11 Home,Office,"ExampleBook Air 13 (i7, 8GB, 256GB SSD)","ExampleBook Air 13 (i7, 8GB, 256GB SSD)",SYN-LDWGZ95Z,1/2/2022,1/1/2025,"62,761.00","3,375.00",SYNTHETIC-ACCOUNTABILITY-EMP-0026.pdf,PO-SYN-500025,"MILLER, QUINN",Demo Distributor Inc.,
EMP-0027,900026,LT-100026,lt-100026,02:00:00:47:31:130,"SAMPLE, BLAIR",Available,August,2021,4/24/2024,Software Engineer,Marketing,Windows 10 Pro,Office,"ExampleBook Pro 14 (i5, 16GB, 512GB SSD)","ExampleBook Pro 14 (i5, 16GB, 512GB SSD)",SYN-5UXPVVSR,10/17/2024,1/1/2027,"42,652.00","2,269.00",SYNTHETIC-ACCOUNTABILITY-EMP-0027.pdf,PO-SYN-500026,"SAMPLE, BLAIR",Placeholder Hardware Inc.,
EMP-0028,900027,LT-100027,lt-100027,02:00:00:143:185:151,"BROWN, KAI",Deployed,October,2021,3/12/2026,Software Engineer,Marketing,Windows 11 Home,Office,"ExampleBook Pro 14 (i5, 16GB, 512GB SSD)","ExampleBook Pro 14 (i5, 16GB, 512GB SSD)",SYN-WKFUP4K2,12/14/2025,1/1/2028,"94,213.00","3,511.00",SYNTHETIC-ACCOUNTABILITY-EMP-0028.pdf,PO-SYN-500027,"BROWN, KAI",Placeholder Hardware Inc.,
EMP-0029,900028,MON-200028,mon-200028,02:00:00:102:199:181,"TESTER, DANA",Deployed,July,2023,4/27/2023,Team Lead,Engineering,N/A,N/A,"ExampleView 24"" IPS Monitor","ExampleView 24"" IPS Monitor",SN-DFY1MV5Q,7/3/2023,1/1/2026,"30,750.00","4,734.00",SYNTHETIC-ACCOUNTABILITY-EMP-0029.pdf,PO-SYN-500028,"TESTER, DANA",Example Vendor Co.,
EMP-0030,900029,LT-100029,lt-100029,02:00:00:87:80:181,"CLARK, GRAY",Deployed,May,2026,11/24/2025,Account Manager,Operations,Windows 10 Pro,Office,"ExampleStation 15 (i5, 16GB, 1TB HDD)","ExampleStation 15 (i5, 16GB, 1TB HDD)",SYN-JQ0DRC3E,8/11/2022,1/1/2025,"89,651.00","2,024.00",SYNTHETIC-ACCOUNTABILITY-EMP-0030.pdf,PO-SYN-500029,"CLARK, GRAY",Demo Distributor Inc.,
EMP-0031,900030,LT-100030,lt-100030,02:00:00:104:61:240,"WILLIAMS, HARPER",Deployed,October,2024,9/11/2026,Account Manager,Product,Windows 11 Home,Office,"ExampleBook Air 13 (i7, 8GB, 256GB SSD)","ExampleBook Air 13 (i7, 8GB, 256GB SSD)",SYN-Y56W8SJX,7/1/2022,1/1/2025,"89,960.00","1,836.00",SYNTHETIC-ACCOUNTABILITY-EMP-0031.pdf,PO-SYN-500030,"WILLIAMS, HARPER",Example Vendor Co.,
EMP-0032,900031,LT-100031,lt-100031,02:00:00:34:214:42,"CLARK, OAKLEY",Unreturned Asset,October,2022,11/13/2026,Systems Engineer,Product,Windows 11 Home,Office,"ExamplePad 11 Tablet (8GB, 128GB)","ExamplePad 11 Tablet (8GB, 128GB)",SYN-JUW75FXC,9/21/2022,1/1/2025,"63,279.00","4,719.00",SYNTHETIC-ACCOUNTABILITY-EMP-0032.pdf,PO-SYN-500031,"CLARK, OAKLEY",Demo Distributor Inc.,
EMP-0033,900032,LT-100032,lt-100032,02:00:00:232:228:187,"SMITH, INDIGO",In Repair,December,2022,2/20/2025,Operations Specialist,Field Services,Windows 11 Home,Office,"ExampleBook Air 13 (i7, 8GB, 256GB SSD)","ExampleBook Air 13 (i7, 8GB, 256GB SSD)",SYN-EP35U294,12/24/2024,1/1/2027,"28,795.00","3,480.00",SYNTHETIC-ACCOUNTABILITY-EMP-0033.pdf,PO-SYN-500032,"SMITH, INDIGO",Sample Supplier Ltd.,
EMP-0034,900033,LT-100033,lt-100033,02:00:00:35:66:188,"PLACEHOLDER, CASEY",In Repair,September,2023,2/3/2022,Support Analyst,Product,Windows 11 Pro,Office,"ExampleBook Air 13 (i7, 8GB, 256GB SSD)","ExampleBook Air 13 (i7, 8GB, 256GB SSD)",SYN-50PQER0H,3/17/2021,1/1/2024,"63,248.00","1,523.00",SYNTHETIC-ACCOUNTABILITY-EMP-0034.pdf,PO-SYN-500033,"PLACEHOLDER, CASEY",Placeholder Hardware Inc.,
EMP-0035,900034,LT-100034,lt-100034,02:00:00:222:160:177,"PLACEHOLDER, PARKER",Unreturned Asset,November,2024,2/11/2026,Software Engineer,Product,Windows 10 Pro,Office,"ExamplePad 11 Tablet (8GB, 128GB)","ExamplePad 11 Tablet (8GB, 128GB)",SYN-DR3Q9RJ0,9/23/2023,1/1/2026,"55,165.00","4,490.00",SYNTHETIC-ACCOUNTABILITY-EMP-0035.pdf,PO-SYN-500034,"PLACEHOLDER, PARKER",Placeholder Hardware Inc.,
EMP-0036,900035,LT-100035,lt-100035,02:00:00:00:55:158,"MILLER, HARPER",In Repair,May,2021,3/17/2024,Support Analyst,Marketing,Windows 11 Home,Office,"ExampleStation 15 (i5, 16GB, 1TB HDD)","ExampleStation 15 (i5, 16GB, 1TB HDD)",SYN-CN0N01YG,4/2/2025,1/1/2028,"74,297.00","4,315.00",SYNTHETIC-ACCOUNTABILITY-EMP-0036.pdf,PO-SYN-500035,"MILLER, HARPER",Example Vendor Co.,
EMP-0037,900036,MON-200036,mon-200036,02:00:00:87:51:156,"DOE, BLAIR",Deployed,July,2026,10/23/2025,Operations Specialist,Marketing,N/A,N/A,"ExampleView 24"" IPS Monitor","ExampleView 24"" IPS Monitor",SN-28NV65U0,12/26/2025,1/1/2028,"61,270.00","3,749.00",SYNTHETIC-ACCOUNTABILITY-EMP-0037.pdf,PO-SYN-500036,"DOE, BLAIR",Sample Supplier Ltd.,
EMP-0038,900037,LT-100037,lt-100037,02:00:00:71:219:76,"PLACEHOLDER, REESE",Unreturned Asset,April,2023,12/13/2023,Systems Engineer,Engineering,Windows 11 Pro,Office,"ExampleBook Pro 14 (i5, 16GB, 512GB SSD)","ExampleBook Pro 14 (i5, 16GB, 512GB SSD)",SYN-LW48FSC8,3/24/2025,1/1/2028,"63,155.00","2,552.00",SYNTHETIC-ACCOUNTABILITY-EMP-0038.pdf,PO-SYN-500037,"PLACEHOLDER, REESE",Example Vendor Co.,
EMP-0039,900038,LT-100038,lt-100038,02:00:00:59:173:235,"BROWN, KAI",Deployed,October,2022,2/25/2023,Operations Specialist,Human Resources,Windows 11 Pro,Office,"ExamplePad 11 Tablet (8GB, 128GB)","ExamplePad 11 Tablet (8GB, 128GB)",SYN-WP1Q1JW6,8/6/2021,1/1/2024,"75,777.00","2,338.00",SYNTHETIC-ACCOUNTABILITY-EMP-0039.pdf,PO-SYN-500038,"BROWN, KAI",Sample Supplier Ltd.,
EMP-0040,900039,LT-100039,lt-100039,02:00:00:101:14:48,"JOHNSON, KAI",Deployed,January,2021,8/22/2024,Systems Engineer,Operations,Windows 10 Pro,Office,"ExamplePad 11 Tablet (8GB, 128GB)","ExamplePad 11 Tablet (8GB, 128GB)",SYN-QAUECSK7,11/1/2024,1/1/2027,"90,465.00","1,772.00",SYNTHETIC-ACCOUNTABILITY-EMP-0040.pdf,PO-SYN-500039,"JOHNSON, KAI",Example Vendor Co.,
EMP-0041,900040,LT-100040,lt-100040,02:00:00:87:62:255,"SMITH, TATUM",Available,November,2024,3/1/2022,Operations Specialist,Finance,Windows 11 Pro,Office,"ExamplePad 11 Tablet (8GB, 128GB)","ExamplePad 11 Tablet (8GB, 128GB)",SYN-3B5H562K,6/5/2025,1/1/2028,"69,685.00","4,655.00",SYNTHETIC-ACCOUNTABILITY-EMP-0041.pdf,PO-SYN-500040,"SMITH, TATUM",Demo Distributor Inc.,
EMP-0042,900041,LT-100041,lt-100041,02:00:00:252:35:105,"DOE, REESE",Deployed,August,2022,4/11/2022,Team Lead,Customer Support,Windows 11 Pro,Office,"ExampleBook Air 13 (i7, 8GB, 256GB SSD)","ExampleBook Air 13 (i7, 8GB, 256GB SSD)",SYN-XXE6QF36,7/21/2025,1/1/2028,"27,744.00","4,644.00",SYNTHETIC-ACCOUNTABILITY-EMP-0042.pdf,PO-SYN-500041,"DOE, REESE",Demo Distributor Inc.,
EMP-0043,900042,LT-100042,lt-100042,02:00:00:143:18:15,"BROWN, JAMIE",Available,September,2022,11/28/2026,Support Analyst,Product,Windows 11 Pro,Office,"ExampleBook Pro 14 (i5, 16GB, 512GB SSD)","ExampleBook Pro 14 (i5, 16GB, 512GB SSD)",SYN-73QY9G83,9/12/2023,1/1/2026,"90,098.00","3,796.00",SYNTHETIC-ACCOUNTABILITY-EMP-0043.pdf,PO-SYN-500042,"BROWN, JAMIE",Sample Supplier Ltd.,
EMP-0044,900043,MON-200043,mon-200043,02:00:00:111:34:55,"BROWN, SAWYER",Deployed,August,2025,8/11/2026,Software Engineer,Engineering,N/A,N/A,"ExampleView 24"" IPS Monitor","ExampleView 24"" IPS Monitor",SN-MT1QVEP0,6/5/2022,1/1/2025,"81,473.00","4,328.00",SYNTHETIC-ACCOUNTABILITY-EMP-0044.pdf,PO-SYN-500043,"BROWN, SAWYER",Demo Distributor Inc.,
EMP-0045,900044,LT-100044,lt-100044,02:00:00:100:153:241,"TESTER, OAKLEY",Deployed,February,2023,8/15/2025,Operations Specialist,Operations,Windows 11 Home,Office,"ExampleStation 15 (i5, 16GB, 1TB HDD)","ExampleStation 15 (i5, 16GB, 1TB HDD)",SYN-FP8G6LCN,7/21/2023,1/1/2026,"28,480.00","1,650.00",SYNTHETIC-ACCOUNTABILITY-EMP-0045.pdf,PO-SYN-500044,"TESTER, OAKLEY",Placeholder Hardware Inc.,
EMP-0046,900045,MON-200045,mon-200045,02:00:00:80:247:150,"TESTER, SAWYER",Deployed,April,2026,3/15/2024,Operations Specialist,Customer Support,N/A,N/A,"ExampleView 24"" IPS Monitor","ExampleView 24"" IPS Monitor",SN-THLD0AJZ,10/5/2025,1/1/2028,"36,173.00","1,792.00",SYNTHETIC-ACCOUNTABILITY-EMP-0046.pdf,PO-SYN-500045,"TESTER, SAWYER",Demo Distributor Inc.,
EMP-0047,900046,LT-100046,lt-100046,02:00:00:126:199:119,"JOHNSON, NOEL",Deployed,July,2022,2/19/2025,Team Lead,Human Resources,Windows 11 Pro,Office,"ExampleStation 15 (i5, 16GB, 1TB HDD)","ExampleStation 15 (i5, 16GB, 1TB HDD)",SYN-4FVA4EN0,1/4/2024,1/1/2027,"76,694.00","2,061.00",SYNTHETIC-ACCOUNTABILITY-EMP-0047.pdf,PO-SYN-500046,"JOHNSON, NOEL",Placeholder Hardware Inc.,
EMP-0048,900047,LT-100047,lt-100047,02:00:00:245:119:186,"BROWN, KAI",Deployed,February,2026,3/11/2025,Support Analyst,Customer Support,Windows 11 Home,Office,"ExampleStation 15 (i5, 16GB, 1TB HDD)","ExampleStation 15 (i5, 16GB, 1TB HDD)",SYN-W3CU6UND,9/10/2024,1/1/2027,"43,889.00","2,306.00",SYNTHETIC-ACCOUNTABILITY-EMP-0048.pdf,PO-SYN-500047,"BROWN, KAI",Demo Distributor Inc.,
EMP-0049,900048,LT-100048,lt-100048,02:00:00:148:165:103,"WILLIAMS, GRAY",Unreturned Asset,October,2024,1/11/2023,Systems Engineer,Marketing,Windows 11 Home,Office,"ExamplePad 11 Tablet (8GB, 128GB)","ExamplePad 11 Tablet (8GB, 128GB)",SYN-YBE7YC1A,8/16/2023,1/1/2026,"70,742.00","2,269.00",SYNTHETIC-ACCOUNTABILITY-EMP-0049.pdf,PO-SYN-500048,"WILLIAMS, GRAY",Placeholder Hardware Inc.,
EMP-0050,900049,LT-100049,lt-100049,02:00:00:254:119:03,"MILLER, JAMIE",In Repair,August,2025,4/18/2022,Account Manager,Operations,Windows 11 Home,Office,"ExamplePad 11 Tablet (8GB, 128GB)","ExamplePad 11 Tablet (8GB, 128GB)",SYN-UD9MRAMS,11/14/2024,1/1/2027,"28,652.00","3,750.00",SYNTHETIC-ACCOUNTABILITY-EMP-0050.pdf,PO-SYN-500049,"MILLER, JAMIE",Placeholder Hardware Inc.,
EMP-0051,900050,MON-200050,mon-200050,02:00:00:45:168:226,"SAMPLE, FRANKIE",Available,June,2023,4/13/2022,Software Engineer,Field Services,N/A,N/A,"ExampleView 27"" QHD Monitor","ExampleView 27"" QHD Monitor",SN-JY0MBDDF,7/21/2024,1/1/2027,"39,339.00","2,786.00",SYNTHETIC-ACCOUNTABILITY-EMP-0051.pdf,PO-SYN-500050,"SAMPLE, FRANKIE",Placeholder Hardware Inc.,
EMP-0052,900051,LT-100051,lt-100051,02:00:00:202:108:33,"BROWN, OAKLEY",Deployed,December,2024,7/23/2026,Support Analyst,Product,Windows 11 Home,Office,"ExampleStation 15 (i5, 16GB, 1TB HDD)","ExampleStation 15 (i5, 16GB, 1TB HDD)",SYN-JQ10Q9FV,1/12/2021,1/1/2024,"50,590.00","3,665.00",SYNTHETIC-ACCOUNTABILITY-EMP-0052.pdf,PO-SYN-500051,"BROWN, OAKLEY",Example Vendor Co.,
EMP-0053,900052,LT-100052,lt-100052,02:00:00:162:21:221,"TESTER, BLAIR",Deployed,September,2025,5/6/2026,Software Engineer,Field Services,Windows 11 Pro,Office,"ExamplePad 11 Tablet (8GB, 128GB)","ExamplePad 11 Tablet (8GB, 128GB)",SYN-U3JRQJ0W,4/26/2024,1/1/2027,"37,112.00","3,022.00",SYNTHETIC-ACCOUNTABILITY-EMP-0053.pdf,PO-SYN-500052,"TESTER, BLAIR",Example Vendor Co.,
EMP-0054,900053,MON-200053,mon-200053,02:00:00:69:238:100,"MILLER, FRANKIE",Available,March,2023,8/15/2025,Software Engineer,Operations,N/A,N/A,"ExampleView 24"" IPS Monitor","ExampleView 24"" IPS Monitor",SN-JJR2ZNLW,4/9/2021,1/1/2024,"71,638.00","1,395.00",SYNTHETIC-ACCOUNTABILITY-EMP-0054.pdf,PO-SYN-500053,"MILLER, FRANKIE",Example Vendor Co.,
EMP-0055,900054,LT-100054,lt-100054,02:00:00:46:177:144,"MILLER, FRANKIE",Deployed,February,2024,8/3/2024,Operations Specialist,Customer Support,Windows 11 Home,Office,"ExamplePad 11 Tablet (8GB, 128GB)","ExamplePad 11 Tablet (8GB, 128GB)",SYN-GHBX0KK5,6/13/2021,1/1/2024,"28,984.00","1,621.00",SYNTHETIC-ACCOUNTABILITY-EMP-0055.pdf,PO-SYN-500054,"MILLER, FRANKIE",Sample Supplier Ltd.,
EMP-0056,900055,LT-100055,lt-100055,02:00:00:94:77:34,"TESTER, REESE",Available,March,2023,10/17/2026,Support Analyst,Product,Windows 11 Home,Office,"ExampleBook Pro 14 (i5, 16GB, 512GB SSD)","ExampleBook Pro 14 (i5, 16GB, 512GB SSD)",SYN-3QLAW3T1,10/1/2025,1/1/2028,"39,833.00","2,721.00",SYNTHETIC-ACCOUNTABILITY-EMP-0056.pdf,PO-SYN-500055,"TESTER, REESE",Example Vendor Co.,
EMP-0057,900056,LT-100056,lt-100056,02:00:00:227:238:206,"JOHNSON, CASEY",Deployed,December,2024,5/3/2023,Systems Engineer,Human Resources,Windows 10 Pro,Office,"ExampleBook Pro 14 (i5, 16GB, 512GB SSD)","ExampleBook Pro 14 (i5, 16GB, 512GB SSD)",SYN-L6RQU1MQ,4/19/2022,1/1/2025,"32,245.00","3,113.00",SYNTHETIC-ACCOUNTABILITY-EMP-0057.pdf,PO-SYN-500056,"JOHNSON, CASEY",Sample Supplier Ltd.,
EMP-0058,900057,LT-100057,lt-100057,02:00:00:94:149:189,"PLACEHOLDER, NOEL",Unreturned Asset,March,2025,7/28/2023,Team Lead,Field Services,Windows 11 Home,Office,"ExamplePad 11 Tablet (8GB, 128GB)","ExamplePad 11 Tablet (8GB, 128GB)",SYN-W46ZP3SJ,9/19/2021,1/1/2024,"82,825.00","3,416.00",SYNTHETIC-ACCOUNTABILITY-EMP-0058.pdf,PO-SYN-500057,"PLACEHOLDER, NOEL",Sample Supplier Ltd.,
EMP-0059,900058,MON-200058,mon-200058,02:00:00:57:248:162,"PLACEHOLDER, FRANKIE",Deployed,July,2021,2/2/2023,Account Manager,Marketing,N/A,N/A,"ExampleView 27"" QHD Monitor","ExampleView 27"" QHD Monitor",SN-VNVPSV99,8/13/2023,1/1/2026,"35,821.00","1,436.00",SYNTHETIC-ACCOUNTABILITY-EMP-0059.pdf,PO-SYN-500058,"PLACEHOLDER, FRANKIE",Example Vendor Co.,
EMP-0060,900059,LT-100059,lt-100059,02:00:00:157:144:04,"MILLER, REESE",Deployed,August,2024,4/7/2024,Systems Engineer,Operations,Windows 11 Home,Office,"ExampleStation 15 (i5, 16GB, 1TB HDD)","ExampleStation 15 (i5, 16GB, 1TB HDD)",SYN-XE7W3WK5,7/28/2025,1/1/2028,"34,399.00","2,306.00",SYNTHETIC-ACCOUNTABILITY-EMP-0060.pdf,PO-SYN-500059,"MILLER, REESE",Placeholder Hardware Inc.,
EMP-0061,900060,LT-100060,lt-100060,02:00:00:102:198:205,"DOE, DANA",Deployed,May,2024,9/19/2024,Operations Specialist,Marketing,Windows 10 Pro,Office,"ExamplePad 11 Tablet (8GB, 128GB)","ExamplePad 11 Tablet (8GB, 128GB)",SYN-E72RYVU1,8/4/2022,1/1/2025,"34,288.00","1,282.00",SYNTHETIC-ACCOUNTABILITY-EMP-0061.pdf,PO-SYN-500060,"DOE, DANA",Demo Distributor Inc.,
EMP-0062,900061,LT-100061,lt-100061,02:00:00:47:250:39,"JOHNSON, TATUM",Available,August,2024,6/1/2026,Systems Engineer,Engineering,Windows 10 Pro,Office,"ExampleBook Air 13 (i7, 8GB, 256GB SSD)","ExampleBook Air 13 (i7, 8GB, 256GB SSD)",SYN-B897DFA0,9/11/2022,1/1/2025,"67,323.00","3,771.00",SYNTHETIC-ACCOUNTABILITY-EMP-0062.pdf,PO-SYN-500061,"JOHNSON, TATUM",Placeholder Hardware Inc.,
EMP-0063,900062,MON-200062,mon-200062,02:00:00:05:186:55,"WILLIAMS, QUINN",Deployed,August,2022,12/9/2026,Operations Specialist,Marketing,N/A,N/A,"ExampleView 24"" IPS Monitor","ExampleView 24"" IPS Monitor",SN-R3HLD64G,9/28/2022,1/1/2025,"26,347.00","1,760.00",SYNTHETIC-ACCOUNTABILITY-EMP-0063.pdf,PO-SYN-500062,"WILLIAMS, QUINN",Sample Supplier Ltd.,
EMP-0064,900063,LT-100063,lt-100063,02:00:00:242:164:180,"PLACEHOLDER, QUINN",Unreturned Asset,April,2024,12/18/2024,Team Lead,Field Services,Windows 11 Pro,Office,"ExamplePad 11 Tablet (8GB, 128GB)","ExamplePad 11 Tablet (8GB, 128GB)",SYN-JLM8BRR4,12/14/2024,1/1/2027,"70,275.00","3,343.00",SYNTHETIC-ACCOUNTABILITY-EMP-0064.pdf,PO-SYN-500063,"PLACEHOLDER, QUINN",Sample Supplier Ltd.,
EMP-0065,900064,LT-100064,lt-100064,02:00:00:102:161:18,"MILLER, ALEX",In Repair,May,2022,7/13/2023,Systems Engineer,Engineering,Windows 11 Home,Office,"ExamplePad 11 Tablet (8GB, 128GB)","ExamplePad 11 Tablet (8GB, 128GB)",SYN-HQE12X44,3/11/2021,1/1/2024,"75,068.00","1,636.00",SYNTHETIC-ACCOUNTABILITY-EMP-0065.pdf,PO-SYN-500064,"MILLER, ALEX",Placeholder Hardware Inc.,
EMP-0066,900065,LT-100065,lt-100065,02:00:00:47:45:223,"SMITH, HARPER",In Repair,February,2022,11/25/2022,Systems Engineer,Product,Windows 11 Pro,Office,"ExampleBook Air 13 (i7, 8GB, 256GB SSD)","ExampleBook Air 13 (i7, 8GB, 256GB SSD)",SYN-FTQ2EXZ8,2/10/2024,1/1/2027,"35,074.00","4,362.00",SYNTHETIC-ACCOUNTABILITY-EMP-0066.pdf,PO-SYN-500065,"SMITH, HARPER",Example Vendor Co.,
EMP-0067,900066,MON-200066,mon-200066,02:00:00:138:31:179,"SMITH, CASEY",Deployed,May,2025,8/27/2024,Support Analyst,Field Services,N/A,N/A,"ExampleView 24"" IPS Monitor","ExampleView 24"" IPS Monitor",SN-SYTX3P9L,9/13/2024,1/1/2027,"38,307.00","3,202.00",SYNTHETIC-ACCOUNTABILITY-EMP-0067.pdf,PO-SYN-500066,"SMITH, CASEY",Demo Distributor Inc.,
EMP-0068,900067,LT-100067,lt-100067,02:00:00:130:176:241,"CLARK, ELLIS",Deployed,August,2026,12/16/2025,Support Analyst,Marketing,Windows 11 Pro,Office,"ExampleBook Air 13 (i7, 8GB, 256GB SSD)","ExampleBook Air 13 (i7, 8GB, 256GB SSD)",SYN-9XLSVFDQ,7/28/2023,1/1/2026,"42,317.00","4,528.00",SYNTHETIC-ACCOUNTABILITY-EMP-0068.pdf,PO-SYN-500067,"CLARK, ELLIS",Placeholder Hardware Inc.,
EMP-0069,900068,LT-100068,lt-100068,02:00:00:12:141:50,"WILLIAMS, NOEL",Deployed,September,2021,11/3/2025,Team Lead,Finance,Windows 11 Home,Office,"ExampleBook Air 13 (i7, 8GB, 256GB SSD)","ExampleBook Air 13 (i7, 8GB, 256GB SSD)",SYN-48GF48H8,12/14/2025,1/1/2028,"35,657.00","1,485.00",SYNTHETIC-ACCOUNTABILITY-EMP-0069.pdf,PO-SYN-500068,"WILLIAMS, NOEL",Sample Supplier Ltd.,
EMP-0070,900069,MON-200069,mon-200069,02:00:00:08:237:120,"CLARK, ELLIS",Available,June,2022,8/7/2026,Operations Specialist,Customer Support,N/A,N/A,"ExampleView 27"" QHD Monitor","ExampleView 27"" QHD Monitor",SN-7RF75027,10/14/2025,1/1/2028,"62,558.00","3,238.00",SYNTHETIC-ACCOUNTABILITY-EMP-0070.pdf,PO-SYN-500069,"CLARK, ELLIS",Sample Supplier Ltd.,
EMP-0071,900070,LT-100070,lt-100070,02:00:00:72:217:175,"DOE, LEE",Unreturned Asset,November,2023,9/17/2025,Team Lead,Engineering,Windows 11 Home,Office,"ExamplePad 11 Tablet (8GB, 128GB)","ExamplePad 11 Tablet (8GB, 128GB)",SYN-6YGYZHFR,7/28/2022,1/1/2025,"75,377.00","3,441.00",SYNTHETIC-ACCOUNTABILITY-EMP-0071.pdf,PO-SYN-500070,"DOE, LEE",Placeholder Hardware Inc.,
EMP-0072,900071,MON-200071,mon-200071,02:00:00:67:79:94,"WILLIAMS, MORGAN",In Repair,June,2023,7/20/2024,Software Engineer,Operations,N/A,N/A,"ExampleView 24"" IPS Monitor","ExampleView 24"" IPS Monitor",SN-F6Z6ZAA7,9/27/2021,1/1/2024,"31,925.00","1,476.00",SYNTHETIC-ACCOUNTABILITY-EMP-0072.pdf,PO-SYN-500071,"WILLIAMS, MORGAN",Placeholder Hardware Inc.,
EMP-0073,900072,LT-100072,lt-100072,02:00:00:197:150:216,"BROWN, MORGAN",In Repair,November,2026,12/8/2022,Operations Specialist,Finance,Windows 10 Pro,Office,"ExampleStation 15 (i5, 16GB, 1TB HDD)","ExampleStation 15 (i5, 16GB, 1TB HDD)",SYN-M9Z7NSEE,11/22/2024,1/1/2027,"87,512.00","3,556.00",SYNTHETIC-ACCOUNTABILITY-EMP-0073.pdf,PO-SYN-500072,"BROWN, MORGAN",Placeholder Hardware Inc.,
EMP-0074,900073,LT-100073,lt-100073,02:00:00:118:202:09,"PLACEHOLDER, ALEX",Unreturned Asset,November,2024,4/11/2024,Account Manager,Engineering,Windows 10 Pro,Office,"ExampleBook Air 13 (i7, 8GB, 256GB SSD)","ExampleBook Air 13 (i7, 8GB, 256GB SSD)",SYN-L7UFWMJU,9/8/2021,1/1/2024,"69,298.00","2,501.00",SYNTHETIC-ACCOUNTABILITY-EMP-0074.pdf,PO-SYN-500073,"PLACEHOLDER, ALEX",Sample Supplier Ltd.,
EMP-0075,900074,LT-100074,lt-100074,02:00:00:139:246:03,"CLARK, CASEY",Unreturned Asset,January,2021,7/3/2026,Support Analyst,Engineering,Windows 10 Pro,Office,"ExamplePad 11 Tablet (8GB, 128GB)","ExamplePad 11 Tablet (8GB, 128GB)",SYN-Y4009ZCQ,1/5/2025,1/1/2028,"40,106.00","3,161.00",SYNTHETIC-ACCOUNTABILITY-EMP-0075.pdf,PO-SYN-500074,"CLARK, CASEY",Sample Supplier Ltd.,
EMP-0076,900075,LT-100075,lt-100075,02:00:00:180:58:86,"MILLER, QUINN",Deployed,December,2022,11/17/2025,Support Analyst,Marketing,Windows 10 Pro,Office,"ExampleStation 15 (i5, 16GB, 1TB HDD)","ExampleStation 15 (i5, 16GB, 1TB HDD)",SYN-JKHPREZJ,12/7/2021,1/1/2024,"25,532.00","2,368.00",SYNTHETIC-ACCOUNTABILITY-EMP-0076.pdf,PO-SYN-500075,"MILLER, QUINN",Placeholder Hardware Inc.,
EMP-0077,900076,LT-100076,lt-100076,02:00:00:203:181:244,"TESTER, ELLIS",Deployed,July,2023,7/6/2025,Support Analyst,Product,Windows 11 Pro,Office,"ExampleBook Pro 14 (i5, 16GB, 512GB SSD)","ExampleBook Pro 14 (i5, 16GB, 512GB SSD)",SYN-B8MNDK6W,9/13/2024,1/1/2027,"81,693.00","3,813.00",SYNTHETIC-ACCOUNTABILITY-EMP-0077.pdf,PO-SYN-500076,"TESTER, ELLIS",Sample Supplier Ltd.,
EMP-0078,900077,LT-100077,lt-100077,02:00:00:221:35:126,"BROWN, ALEX",Unreturned Asset,September,2026,5/6/2024,Support Analyst,Finance,Windows 11 Home,Office,"ExampleStation 15 (i5, 16GB, 1TB HDD)","ExampleStation 15 (i5, 16GB, 1TB HDD)",SYN-D8F6RRAQ,3/28/2021,1/1/2024,"32,075.00","1,645.00",SYNTHETIC-ACCOUNTABILITY-EMP-0078.pdf,PO-SYN-500077,"BROWN, ALEX",Example Vendor Co.,
EMP-0079,900078,LT-100078,lt-100078,02:00:00:143:173:149,"CLARK, CASEY",Deployed,May,2021,8/7/2026,Account Manager,Engineering,Windows 10 Pro,Office,"ExampleStation 15 (i5, 16GB, 1TB HDD)","ExampleStation 15 (i5, 16GB, 1TB HDD)",SYN-FKEZMQT4,7/21/2023,1/1/2026,"41,427.00","3,788.00",SYNTHETIC-ACCOUNTABILITY-EMP-0079.pdf,PO-SYN-500078,"CLARK, CASEY",Sample Supplier Ltd.,
EMP-0080,900079,LT-100079,lt-100079,02:00:00:143:213:121,"JOHNSON, PARKER",Deployed,August,2022,3/10/2023,Support Analyst,Field Services,Windows 11 Pro,Office,"ExamplePad 11 Tablet (8GB, 128GB)","ExamplePad 11 Tablet (8GB, 128GB)",SYN-N87MDX5F,10/25/2021,1/1/2024,"51,898.00","2,175.00",SYNTHETIC-ACCOUNTABILITY-EMP-0080.pdf,PO-SYN-500079,"JOHNSON, PARKER",Sample Supplier Ltd.,
EMP-0081,900080,MON-200080,mon-200080,02:00:00:112:130:201,"BROWN, ALEX",Deployed,February,2025,7/21/2023,Systems Engineer,Customer Support,N/A,N/A,"ExampleView 24"" IPS Monitor","ExampleView 24"" IPS Monitor",SN-6ER9URL2,10/17/2021,1/1/2024,"82,839.00","2,559.00",SYNTHETIC-ACCOUNTABILITY-EMP-0081.pdf,PO-SYN-500080,"BROWN, ALEX",Placeholder Hardware Inc.,
EMP-0082,900081,MON-200081,mon-200081,02:00:00:212:185:167,"TESTER, ELLIS",Available,June,2024,9/20/2025,Software Engineer,Product,N/A,N/A,"ExampleView 27"" QHD Monitor","ExampleView 27"" QHD Monitor",SN-K0Z5WZ6H,12/25/2023,1/1/2026,"87,710.00","3,076.00",SYNTHETIC-ACCOUNTABILITY-EMP-0082.pdf,PO-SYN-500081,"TESTER, ELLIS",Sample Supplier Ltd.,
EMP-0083,900082,LT-100082,lt-100082,02:00:00:88:160:196,"BROWN, PARKER",Deployed,February,2026,2/5/2025,Support Analyst,Field Services,Windows 11 Pro,Office,"ExampleBook Air 13 (i7, 8GB, 256GB SSD)","ExampleBook Air 13 (i7, 8GB, 256GB SSD)",SYN-ZUP629FR,7/17/2021,1/1/2024,"32,966.00","2,228.00",SYNTHETIC-ACCOUNTABILITY-EMP-0083.pdf,PO-SYN-500082,"BROWN, PARKER",Sample Supplier Ltd.,
EMP-0084,900083,LT-100083,lt-100083,02:00:00:172:103:128,"SAMPLE, HARPER",Available,January,2021,10/3/2026,Account Manager,Field Services,Windows 10 Pro,Office,"ExampleStation 15 (i5, 16GB, 1TB HDD)","ExampleStation 15 (i5, 16GB, 1TB HDD)",SYN-WC8S9VJS,11/14/2024,1/1/2027,"39,868.00","4,366.00",SYNTHETIC-ACCOUNTABILITY-EMP-0084.pdf,PO-SYN-500083,"SAMPLE, HARPER",Sample Supplier Ltd.,
EMP-0085,900084,LT-100084,lt-100084,02:00:00:233:28:230,"MILLER, LEE",Deployed,September,2025,8/6/2025,Operations Specialist,Customer Support,Windows 11 Home,Office,"ExampleBook Air 13 (i7, 8GB, 256GB SSD)","ExampleBook Air 13 (i7, 8GB, 256GB SSD)",SYN-69G2HFKN,3/23/2021,1/1/2024,"45,846.00","2,689.00",SYNTHETIC-ACCOUNTABILITY-EMP-0085.pdf,PO-SYN-500084,"MILLER, LEE",Demo Distributor Inc.,
EMP-0086,900085,LT-100085,lt-100085,02:00:00:166:249:89,"SAMPLE, SAWYER",Unreturned Asset,April,2025,6/15/2023,Software Engineer,Finance,Windows 11 Home,Office,"ExampleBook Air 13 (i7, 8GB, 256GB SSD)","ExampleBook Air 13 (i7, 8GB, 256GB SSD)",SYN-QM8CMJ8Y,10/5/2023,1/1/2026,"48,569.00","1,432.00",SYNTHETIC-ACCOUNTABILITY-EMP-0086.pdf,PO-SYN-500085,"SAMPLE, SAWYER",Placeholder Hardware Inc.,
EMP-0087,900086,LT-100086,lt-100086,02:00:00:209:49:216,"SAMPLE, QUINN",Deployed,April,2022,1/5/2024,Systems Engineer,Operations,Windows 11 Home,Office,"ExamplePad 11 Tablet (8GB, 128GB)","ExamplePad 11 Tablet (8GB, 128GB)",SYN-U9D5UHWY,4/27/2021,1/1/2024,"75,791.00","1,884.00",SYNTHETIC-ACCOUNTABILITY-EMP-0087.pdf,PO-SYN-500086,"SAMPLE, QUINN",Example Vendor Co.,
EMP-0088,900087,LT-100087,lt-100087,02:00:00:177:124:188,"SAMPLE, MORGAN",In Repair,November,2025,2/17/2023,Software Engineer,Operations,Windows 10 Pro,Office,"ExamplePad 11 Tablet (8GB, 128GB)","ExamplePad 11 Tablet (8GB, 128GB)",SYN-XENW23TJ,9/10/2022,1/1/2025,"51,743.00","4,282.00",SYNTHETIC-ACCOUNTABILITY-EMP-0088.pdf,PO-SYN-500087,"SAMPLE, MORGAN",Demo Distributor Inc.,
EMP-0089,900088,LT-100088,lt-100088,02:00:00:13:253:96,"PLACEHOLDER, LEE",Deployed,April,2024,7/18/2024,Team Lead,Field Services,Windows 10 Pro,Office,"ExampleBook Pro 14 (i5, 16GB, 512GB SSD)","ExampleBook Pro 14 (i5, 16GB, 512GB SSD)",SYN-HSMKLNWB,4/7/2022,1/1/2025,"71,675.00","3,175.00",SYNTHETIC-ACCOUNTABILITY-EMP-0089.pdf,PO-SYN-500088,"PLACEHOLDER, LEE",Sample Supplier Ltd.,
EMP-0090,900089,LT-100089,lt-100089,02:00:00:136:248:118,"BROWN, OAKLEY",Deployed,May,2021,12/5/2023,Support Analyst,Finance,Windows 11 Home,Office,"ExampleBook Pro 14 (i5, 16GB, 512GB SSD)","ExampleBook Pro 14 (i5, 16GB, 512GB SSD)",SYN-D783H7BQ,10/24/2024,1/1/2027,"43,006.00","2,822.00",SYNTHETIC-ACCOUNTABILITY-EMP-0090.pdf,PO-SYN-500089,"BROWN, OAKLEY",Sample Supplier Ltd.,
EMP-0091,900090,LT-100090,lt-100090,02:00:00:84:225:10,"DOE, INDIGO",In Repair,April,2021,5/27/2023,Team Lead,Human Resources,Windows 11 Home,Office,"ExamplePad 11 Tablet (8GB, 128GB)","ExamplePad 11 Tablet (8GB, 128GB)",SYN-1LBLA016,4/3/2024,1/1/2027,"87,355.00","3,452.00",SYNTHETIC-ACCOUNTABILITY-EMP-0091.pdf,PO-SYN-500090,"DOE, INDIGO",Example Vendor Co.,
EMP-0092,900091,MON-200091,mon-200091,02:00:00:160:31:131,"CLARK, REESE",Unreturned Asset,December,2021,9/8/2022,Support Analyst,Product,N/A,N/A,"ExampleView 27"" QHD Monitor","ExampleView 27"" QHD Monitor",SN-GYGMP2Z4,2/27/2021,1/1/2024,"85,417.00","3,084.00",SYNTHETIC-ACCOUNTABILITY-EMP-0092.pdf,PO-SYN-500091,"CLARK, REESE",Sample Supplier Ltd.,
EMP-0093,900092,MON-200092,mon-200092,02:00:00:42:07:07,"PLACEHOLDER, PARKER",Available,August,2021,2/11/2023,Team Lead,Product,N/A,N/A,"ExampleView 24"" IPS Monitor","ExampleView 24"" IPS Monitor",SN-8P0LBWRC,7/18/2024,1/1/2027,"65,033.00","2,552.00",SYNTHETIC-ACCOUNTABILITY-EMP-0093.pdf,PO-SYN-500092,"PLACEHOLDER, PARKER",Placeholder Hardware Inc.,
EMP-0094,900093,LT-100093,lt-100093,02:00:00:89:96:11,"BROWN, GRAY",Available,December,2024,3/12/2022,Systems Engineer,Human Resources,Windows 11 Pro,Office,"ExampleBook Pro 14 (i5, 16GB, 512GB SSD)","ExampleBook Pro 14 (i5, 16GB, 512GB SSD)",SYN-P6VYBK0P,6/2/2022,1/1/2025,"81,650.00","4,232.00",SYNTHETIC-ACCOUNTABILITY-EMP-0094.pdf,PO-SYN-500093,"BROWN, GRAY",Example Vendor Co.,
EMP-0095,900094,LT-100094,lt-100094,02:00:00:121:126:135,"DOE, MORGAN",Available,February,2023,3/23/2025,Team Lead,Marketing,Windows 11 Pro,Office,"ExampleBook Pro 14 (i5, 16GB, 512GB SSD)","ExampleBook Pro 14 (i5, 16GB, 512GB SSD)",SYN-WWSZGX1N,12/6/2021,1/1/2024,"89,999.00","3,567.00",SYNTHETIC-ACCOUNTABILITY-EMP-0095.pdf,PO-SYN-500094,"DOE, MORGAN",Placeholder Hardware Inc.,
EMP-0096,900095,MON-200095,mon-200095,02:00:00:199:01:51,"SMITH, GRAY",Deployed,September,2024,10/1/2023,Support Analyst,Field Services,N/A,N/A,"ExampleView 24"" IPS Monitor","ExampleView 24"" IPS Monitor",SN-2S23U05Z,3/22/2022,1/1/2025,"30,144.00","2,267.00",SYNTHETIC-ACCOUNTABILITY-EMP-0096.pdf,PO-SYN-500095,"SMITH, GRAY",Example Vendor Co.,
EMP-0097,900096,LT-100096,lt-100096,02:00:00:244:69:60,"SMITH, OAKLEY",Deployed,July,2024,10/26/2026,Operations Specialist,Engineering,Windows 10 Pro,Office,"ExamplePad 11 Tablet (8GB, 128GB)","ExamplePad 11 Tablet (8GB, 128GB)",SYN-LYVA468N,9/1/2022,1/1/2025,"35,441.00","3,009.00",SYNTHETIC-ACCOUNTABILITY-EMP-0097.pdf,PO-SYN-500096,"SMITH, OAKLEY",Sample Supplier Ltd.,
EMP-0098,900097,MON-200097,mon-200097,02:00:00:238:72:158,"WILLIAMS, OAKLEY",In Repair,August,2025,12/15/2026,Operations Specialist,Finance,N/A,N/A,"ExampleView 24"" IPS Monitor","ExampleView 24"" IPS Monitor",SN-GWXT1YLF,5/10/2022,1/1/2025,"93,046.00","3,354.00",SYNTHETIC-ACCOUNTABILITY-EMP-0098.pdf,PO-SYN-500097,"WILLIAMS, OAKLEY",Example Vendor Co.,
EMP-0099,900098,LT-100098,lt-100098,02:00:00:174:54:158,"SAMPLE, TATUM",Available,September,2023,2/13/2024,Account Manager,Human Resources,Windows 10 Pro,Office,"ExamplePad 11 Tablet (8GB, 128GB)","ExamplePad 11 Tablet (8GB, 128GB)",SYN-CAMJNXEH,7/11/2025,1/1/2028,"43,366.00","4,729.00",SYNTHETIC-ACCOUNTABILITY-EMP-0099.pdf,PO-SYN-500098,"SAMPLE, TATUM",Sample Supplier Ltd.,
EMP-0100,900099,MON-200099,mon-200099,02:00:00:185:145:102,"JOHNSON, ALEX",Deployed,December,2022,8/16/2023,Operations Specialist,Marketing,N/A,N/A,"ExampleView 24"" IPS Monitor","ExampleView 24"" IPS Monitor",SN-CRC24JN6,4/26/2025,1/1/2028,"58,904.00","3,683.00",SYNTHETIC-ACCOUNTABILITY-EMP-0100.pdf,PO-SYN-500099,"JOHNSON, ALEX",Example Vendor Co.,
EMP-0101,900100,LT-100100,lt-100100,02:00:00:13:08:125,"CLARK, HARPER",Deployed,August,2022,8/16/2026,Operations Specialist,Engineering,Windows 10 Pro,Office,"ExampleStation 15 (i5, 16GB, 1TB HDD)","ExampleStation 15 (i5, 16GB, 1TB HDD)",SYN-MYM8TTWL,5/16/2025,1/1/2028,"49,257.00","3,431.00",SYNTHETIC-ACCOUNTABILITY-EMP-0101.pdf,PO-SYN-500100,"CLARK, HARPER",Sample Supplier Ltd.,
EMP-0102,900101,LT-100101,lt-100101,02:00:00:26:04:98,"MILLER, QUINN",Deployed,April,2022,12/2/2023,Software Engineer,Product,Windows 11 Pro,Office,"ExampleBook Pro 14 (i5, 16GB, 512GB SSD)","ExampleBook Pro 14 (i5, 16GB, 512GB SSD)",SYN-R8S02HUH,11/2/2025,1/1/2028,"94,795.00","4,015.00",SYNTHETIC-ACCOUNTABILITY-EMP-0102.pdf,PO-SYN-500101,"MILLER, QUINN",Placeholder Hardware Inc.,
EMP-0103,900102,LT-100102,lt-100102,02:00:00:114:43:53,"CLARK, ALEX",Deployed,November,2023,1/16/2022,Account Manager,Finance,Windows 10 Pro,Office,"ExampleStation 15 (i5, 16GB, 1TB HDD)","ExampleStation 15 (i5, 16GB, 1TB HDD)",SYN-ETZUHBD7,8/2/2022,1/1/2025,"39,446.00","2,250.00",SYNTHETIC-ACCOUNTABILITY-EMP-0103.pdf,PO-SYN-500102,"CLARK, ALEX",Example Vendor Co.,
EMP-0104,900103,LT-100103,lt-100103,02:00:00:22:183:108,"WILLIAMS, DANA",Available,February,2025,7/21/2022,Operations Specialist,Finance,Windows 10 Pro,Office,"ExampleBook Air 13 (i7, 8GB, 256GB SSD)","ExampleBook Air 13 (i7, 8GB, 256GB SSD)",SYN-KU4201N7,10/26/2022,1/1/2025,"59,885.00","3,318.00",SYNTHETIC-ACCOUNTABILITY-EMP-0104.pdf,PO-SYN-500103,"WILLIAMS, DANA",Example Vendor Co.,
EMP-0105,900104,MON-200104,mon-200104,02:00:00:156:158:128,"SAMPLE, ALEX",Deployed,September,2025,3/12/2023,Team Lead,Finance,N/A,N/A,"ExampleView 27"" QHD Monitor","ExampleView 27"" QHD Monitor",SN-TQAWCP2R,7/16/2024,1/1/2027,"60,143.00","2,345.00",SYNTHETIC-ACCOUNTABILITY-EMP-0105.pdf,PO-SYN-500104,"SAMPLE, ALEX",Placeholder Hardware Inc.,
EMP-0106,900105,LT-100105,lt-100105,02:00:00:106:81:03,"JOHNSON, KAI",Deployed,October,2022,3/11/2024,Support Analyst,Human Resources,Windows 11 Home,Office,"ExamplePad 11 Tablet (8GB, 128GB)","ExamplePad 11 Tablet (8GB, 128GB)",SYN-8HLDVC7D,7/12/2022,1/1/2025,"39,238.00","3,516.00",SYNTHETIC-ACCOUNTABILITY-EMP-0106.pdf,PO-SYN-500105,"JOHNSON, KAI",Demo Distributor Inc.,
EMP-0107,900106,LT-100106,lt-100106,02:00:00:75:10:21,"SAMPLE, INDIGO",Available,March,2023,10/3/2026,Support Analyst,Customer Support,Windows 10 Pro,Office,"ExampleStation 15 (i5, 16GB, 1TB HDD)","ExampleStation 15 (i5, 16GB, 1TB HDD)",SYN-VDMGJZCK,10/17/2022,1/1/2025,"42,841.00","1,913.00",SYNTHETIC-ACCOUNTABILITY-EMP-0107.pdf,PO-SYN-500106,"SAMPLE, INDIGO",Placeholder Hardware Inc.,
EMP-0108,900107,MON-200107,mon-200107,02:00:00:28:106:60,"CLARK, JAMIE",Deployed,December,2021,10/25/2026,Support Analyst,Product,N/A,N/A,"ExampleView 24"" IPS Monitor","ExampleView 24"" IPS Monitor",SN-7BGA707W,2/12/2022,1/1/2025,"70,777.00","2,428.00",SYNTHETIC-ACCOUNTABILITY-EMP-0108.pdf,PO-SYN-500107,"CLARK, JAMIE",Demo Distributor Inc.,
EMP-0109,900108,LT-100108,lt-100108,02:00:00:166:151:133,"SAMPLE, JAMIE",Deployed,February,2025,9/1/2024,Account Manager,Engineering,Windows 10 Pro,Office,"ExampleBook Air 13 (i7, 8GB, 256GB SSD)","ExampleBook Air 13 (i7, 8GB, 256GB SSD)",SYN-CCX1CPBD,8/28/2023,1/1/2026,"54,465.00","3,978.00",SYNTHETIC-ACCOUNTABILITY-EMP-0109.pdf,PO-SYN-500108,"SAMPLE, JAMIE",Placeholder Hardware Inc.,
EMP-0110,900109,MON-200109,mon-200109,02:00:00:115:91:32,"SAMPLE, JAMIE",Deployed,March,2025,10/2/2022,Support Analyst,Product,N/A,N/A,"ExampleView 27"" QHD Monitor","ExampleView 27"" QHD Monitor",SN-RMCN7RVV,4/16/2021,1/1/2024,"53,391.00","4,669.00",SYNTHETIC-ACCOUNTABILITY-EMP-0110.pdf,PO-SYN-500109,"SAMPLE, JAMIE",Placeholder Hardware Inc.,
EMP-0111,900110,MON-200110,mon-200110,02:00:00:57:153:94,"JOHNSON, QUINN",Deployed,July,2022,6/8/2023,Systems Engineer,Human Resources,N/A,N/A,"ExampleView 27"" QHD Monitor","ExampleView 27"" QHD Monitor",SN-G4ZC1UFS,11/6/2021,1/1/2024,"92,091.00","2,209.00",SYNTHETIC-ACCOUNTABILITY-EMP-0111.pdf,PO-SYN-500110,"JOHNSON, QUINN",Placeholder Hardware Inc.,
EMP-0112,900111,MON-200111,mon-200111,02:00:00:100:35:183,"SAMPLE, PARKER",Unreturned Asset,February,2024,10/25/2022,Team Lead,Finance,N/A,N/A,"ExampleView 27"" QHD Monitor","ExampleView 27"" QHD Monitor",SN-SW9KDXTE,12/7/2024,1/1/2027,"88,315.00","4,504.00",SYNTHETIC-ACCOUNTABILITY-EMP-0112.pdf,PO-SYN-500111,"SAMPLE, PARKER",Demo Distributor Inc.,
EMP-0113,900112,LT-100112,lt-100112,02:00:00:137:166:166,"BROWN, CASEY",Unreturned Asset,February,2021,2/11/2025,Account Manager,Customer Support,Windows 10 Pro,Office,"ExampleStation 15 (i5, 16GB, 1TB HDD)","ExampleStation 15 (i5, 16GB, 1TB HDD)",SYN-7ARS46S7,3/21/2024,1/1/2027,"71,731.00","3,280.00",SYNTHETIC-ACCOUNTABILITY-EMP-0113.pdf,PO-SYN-500112,"BROWN, CASEY",Sample Supplier Ltd.,
EMP-0114,900113,LT-100113,lt-100113,02:00:00:201:135:241,"TESTER, LEE",Available,January,2026,3/19/2022,Systems Engineer,Marketing,Windows 11 Home,Office,"ExamplePad 11 Tablet (8GB, 128GB)","ExamplePad 11 Tablet (8GB, 128GB)",SYN-PJS6V8NP,3/22/2021,1/1/2024,"74,531.00","1,448.00",SYNTHETIC-ACCOUNTABILITY-EMP-0114.pdf,PO-SYN-500113,"TESTER, LEE",Demo Distributor Inc.,
EMP-0115,900114,MON-200114,mon-200114,02:00:00:153:109:224,"TESTER, TATUM",Deployed,February,2022,2/10/2023,Systems Engineer,Engineering,N/A,N/A,"ExampleView 27"" QHD Monitor","ExampleView 27"" QHD Monitor",SN-NZHHZLCG,8/11/2024,1/1/2027,"46,462.00","4,389.00",SYNTHETIC-ACCOUNTABILITY-EMP-0115.pdf,PO-SYN-500114,"TESTER, TATUM",Example Vendor Co.,
EMP-0116,900115,LT-100115,lt-100115,02:00:00:111:150:187,"CLARK, JAMIE",Available,September,2024,4/26/2025,Support Analyst,Customer Support,Windows 10 Pro,Office,"ExamplePad 11 Tablet (8GB, 128GB)","ExamplePad 11 Tablet (8GB, 128GB)",SYN-63WF78LK,11/6/2025,1/1/2028,"84,829.00","3,278.00",SYNTHETIC-ACCOUNTABILITY-EMP-0116.pdf,PO-SYN-500115,"CLARK, JAMIE",Example Vendor Co.,
EMP-0117,900116,LT-100116,lt-100116,02:00:00:51:105:83,"WILLIAMS, PARKER",In Repair,September,2022,4/11/2023,Systems Engineer,Product,Windows 11 Pro,Office,"ExampleBook Pro 14 (i5, 16GB, 512GB SSD)","ExampleBook Pro 14 (i5, 16GB, 512GB SSD)",SYN-BCG2CM0P,9/13/2025,1/1/2028,"34,607.00","2,596.00",SYNTHETIC-ACCOUNTABILITY-EMP-0117.pdf,PO-SYN-500116,"WILLIAMS, PARKER",Placeholder Hardware Inc.,
EMP-0118,900117,LT-100117,lt-100117,02:00:00:115:224:234,"CLARK, HARPER",Deployed,March,2026,9/1/2023,Support Analyst,Product,Windows 11 Home,Office,"ExampleBook Pro 14 (i5, 16GB, 512GB SSD)","ExampleBook Pro 14 (i5, 16GB, 512GB SSD)",SYN-3BR1P94S,2/9/2024,1/1/2027,"85,550.00","3,074.00",SYNTHETIC-ACCOUNTABILITY-EMP-0118.pdf,PO-SYN-500117,"CLARK, HARPER",Placeholder Hardware Inc.,
EMP-0119,900118,LT-100118,lt-100118,02:00:00:122:69:133,"SAMPLE, LEE",Deployed,June,2024,3/9/2026,Operations Specialist,Operations,Windows 10 Pro,Office,"ExampleStation 15 (i5, 16GB, 1TB HDD)","ExampleStation 15 (i5, 16GB, 1TB HDD)",SYN-065HVJXN,9/19/2021,1/1/2024,"46,467.00","3,594.00",SYNTHETIC-ACCOUNTABILITY-EMP-0119.pdf,PO-SYN-500118,"SAMPLE, LEE",Placeholder Hardware Inc.,
EMP-0120,900119,LT-100119,lt-100119,02:00:00:19:87:205,"CLARK, NOEL",In Repair,April,2021,9/20/2026,Account Manager,Field Services,Windows 10 Pro,Office,"ExampleBook Air 13 (i7, 8GB, 256GB SSD)","ExampleBook Air 13 (i7, 8GB, 256GB SSD)",SYN-7ARA0LFA,4/23/2022,1/1/2025,"28,755.00","4,024.00",SYNTHETIC-ACCOUNTABILITY-EMP-0120.pdf,PO-SYN-500119,"CLARK, NOEL",Example Vendor Co.,
EMP-0121,900120,LT-100120,lt-100120,02:00:00:188:214:178,"JOHNSON, TATUM",Deployed,February,2025,8/25/2026,Team Lead,Marketing,Windows 11 Home,Office,"ExampleBook Air 13 (i7, 8GB, 256GB SSD)","ExampleBook Air 13 (i7, 8GB, 256GB SSD)",SYN-E0XYAPZ2,7/10/2021,1/1/2024,"52,997.00","3,298.00",SYNTHETIC-ACCOUNTABILITY-EMP-0121.pdf,PO-SYN-500120,"JOHNSON, TATUM",Placeholder Hardware Inc.,
EMP-0122,900121,LT-100121,lt-100121,02:00:00:45:240:49,"SAMPLE, INDIGO",Deployed,December,2026,3/3/2026,Team Lead,Marketing,Windows 11 Pro,Office,"ExampleBook Pro 14 (i5, 16GB, 512GB SSD)","ExampleBook Pro 14 (i5, 16GB, 512GB SSD)",SYN-Q89EEG7M,4/7/2024,1/1/2027,"67,935.00","3,352.00",SYNTHETIC-ACCOUNTABILITY-EMP-0122.pdf,PO-SYN-500121,"SAMPLE, INDIGO",Placeholder Hardware Inc.,
EMP-0123,900122,LT-100122,lt-100122,02:00:00:203:78:108,"DOE, HARPER",Deployed,February,2025,6/23/2022,Account Manager,Marketing,Windows 10 Pro,Office,"ExamplePad 11 Tablet (8GB, 128GB)","ExamplePad 11 Tablet (8GB, 128GB)",SYN-S60Z7D9N,7/16/2024,1/1/2027,"39,599.00","4,582.00",SYNTHETIC-ACCOUNTABILITY-EMP-0123.pdf,PO-SYN-500122,"DOE, HARPER",Example Vendor Co.,
EMP-0124,900123,LT-100123,lt-100123,02:00:00:127:59:104,"SMITH, REESE",In Repair,September,2021,12/28/2025,Team Lead,Engineering,Windows 11 Pro,Office,"ExampleBook Pro 14 (i5, 16GB, 512GB SSD)","ExampleBook Pro 14 (i5, 16GB, 512GB SSD)",SYN-RB7PTQL1,10/10/2023,1/1/2026,"81,012.00","4,037.00",SYNTHETIC-ACCOUNTABILITY-EMP-0124.pdf,PO-SYN-500123,"SMITH, REESE",Placeholder Hardware Inc.,
EMP-0125,900124,LT-100124,lt-100124,02:00:00:57:134:81,"SMITH, FRANKIE",In Repair,July,2021,3/18/2026,Operations Specialist,Engineering,Windows 10 Pro,Office,"ExamplePad 11 Tablet (8GB, 128GB)","ExamplePad 11 Tablet (8GB, 128GB)",SYN-EM4SV3SA,8/26/2024,1/1/2027,"33,278.00","3,236.00",SYNTHETIC-ACCOUNTABILITY-EMP-0125.pdf,PO-SYN-500124,"SMITH, FRANKIE",Sample Supplier Ltd.,
EMP-0126,900125,LT-100125,lt-100125,02:00:00:90:21:39,"MILLER, ELLIS",Deployed,February,2024,1/4/2023,Systems Engineer,Marketing,Windows 11 Pro,Office,"ExampleBook Pro 14 (i5, 16GB, 512GB SSD)","ExampleBook Pro 14 (i5, 16GB, 512GB SSD)",SYN-H7LDCZ07,9/27/2022,1/1/2025,"44,263.00","4,175.00",SYNTHETIC-ACCOUNTABILITY-EMP-0126.pdf,PO-SYN-500125,"MILLER, ELLIS",Sample Supplier Ltd.,
EMP-0127,900126,LT-100126,lt-100126,02:00:00:248:194:255,"DOE, INDIGO",Available,March,2022,12/3/2024,Team Lead,Operations,Windows 11 Pro,Office,"ExampleStation 15 (i5, 16GB, 1TB HDD)","ExampleStation 15 (i5, 16GB, 1TB HDD)",SYN-00NL84XC,5/15/2023,1/1/2026,"33,209.00","3,897.00",SYNTHETIC-ACCOUNTABILITY-EMP-0127.pdf,PO-SYN-500126,"DOE, INDIGO",Sample Supplier Ltd.,
EMP-0128,900127,LT-100127,lt-100127,02:00:00:94:200:126,"PLACEHOLDER, QUINN",Available,January,2026,12/7/2026,Software Engineer,Operations,Windows 11 Pro,Office,"ExampleStation 15 (i5, 16GB, 1TB HDD)","ExampleStation 15 (i5, 16GB, 1TB HDD)",SYN-SD9RL8EV,6/23/2022,1/1/2025,"91,807.00","1,526.00",SYNTHETIC-ACCOUNTABILITY-EMP-0128.pdf,PO-SYN-500127,"PLACEHOLDER, QUINN",Sample Supplier Ltd.,
EMP-0129,900128,LT-100128,lt-100128,02:00:00:94:05:24,"JOHNSON, CASEY",In Repair,May,2025,3/27/2022,Support Analyst,Field Services,Windows 11 Pro,Office,"ExampleBook Pro 14 (i5, 16GB, 512GB SSD)","ExampleBook Pro 14 (i5, 16GB, 512GB SSD)",SYN-RGU43H8Y,6/12/2022,1/1/2025,"59,094.00","3,851.00",SYNTHETIC-ACCOUNTABILITY-EMP-0129.pdf,PO-SYN-500128,"JOHNSON, CASEY",Example Vendor Co.,
EMP-0130,900129,LT-100129,lt-100129,02:00:00:163:92:48,"CLARK, INDIGO",Deployed,September,2021,12/5/2023,Operations Specialist,Marketing,Windows 10 Pro,Office,"ExampleStation 15 (i5, 16GB, 1TB HDD)","ExampleStation 15 (i5, 16GB, 1TB HDD)",SYN-A30WBFC5,9/13/2021,1/1/2024,"44,223.00","4,752.00",SYNTHETIC-ACCOUNTABILITY-EMP-0130.pdf,PO-SYN-500129,"CLARK, INDIGO",Demo Distributor Inc.,
EMP-0131,900130,LT-100130,lt-100130,02:00:00:60:213:183,"CLARK, FRANKIE",Available,August,2021,11/22/2023,Systems Engineer,Marketing,Windows 10 Pro,Office,"ExampleBook Pro 14 (i5, 16GB, 512GB SSD)","ExampleBook Pro 14 (i5, 16GB, 512GB SSD)",SYN-MCJT2UAF,1/23/2023,1/1/2026,"52,592.00","2,097.00",SYNTHETIC-ACCOUNTABILITY-EMP-0131.pdf,PO-SYN-500130,"CLARK, FRANKIE",Example Vendor Co.,
EMP-0132,900131,LT-100131,lt-100131,02:00:00:99:18:165,"BROWN, DANA",Unreturned Asset,April,2022,6/17/2025,Operations Specialist,Field Services,Windows 11 Pro,Office,"ExampleStation 15 (i5, 16GB, 1TB HDD)","ExampleStation 15 (i5, 16GB, 1TB HDD)",SYN-F0A8RDRP,9/3/2023,1/1/2026,"25,409.00","3,207.00",SYNTHETIC-ACCOUNTABILITY-EMP-0132.pdf,PO-SYN-500131,"BROWN, DANA",Sample Supplier Ltd.,
EMP-0133,900132,LT-100132,lt-100132,02:00:00:158:226:18,"PLACEHOLDER, REESE",In Repair,September,2025,8/6/2025,Support Analyst,Marketing,Windows 11 Pro,Office,"ExampleStation 15 (i5, 16GB, 1TB HDD)","ExampleStation 15 (i5, 16GB, 1TB HDD)",SYN-0JRU62UV,7/13/2025,1/1/2028,"42,595.00","4,262.00",SYNTHETIC-ACCOUNTABILITY-EMP-0133.pdf,PO-SYN-500132,"PLACEHOLDER, REESE",Demo Distributor Inc.,
EMP-0134,900133,LT-100133,lt-100133,02:00:00:239:44:60,"SAMPLE, JAMIE",Deployed,April,2025,1/22/2023,Support Analyst,Product,Windows 10 Pro,Office,"ExamplePad 11 Tablet (8GB, 128GB)","ExamplePad 11 Tablet (8GB, 128GB)",SYN-88KRH4PJ,5/9/2024,1/1/2027,"74,114.00","4,211.00",SYNTHETIC-ACCOUNTABILITY-EMP-0134.pdf,PO-SYN-500133,"SAMPLE, JAMIE",Demo Distributor Inc.,
EMP-0135,900134,MON-200134,mon-200134,02:00:00:132:165:13,"DOE, ELLIS",Available,January,2022,12/28/2026,Team Lead,Finance,N/A,N/A,"ExampleView 27"" QHD Monitor","ExampleView 27"" QHD Monitor",SN-16YQCRK9,7/16/2021,1/1/2024,"91,757.00","4,654.00",SYNTHETIC-ACCOUNTABILITY-EMP-0135.pdf,PO-SYN-500134,"DOE, ELLIS",Placeholder Hardware Inc.,
EMP-0136,900135,LT-100135,lt-100135,02:00:00:223:98:47,"BROWN, ALEX",Deployed,November,2023,7/26/2025,Account Manager,Operations,Windows 10 Pro,Office,"ExampleStation 15 (i5, 16GB, 1TB HDD)","ExampleStation 15 (i5, 16GB, 1TB HDD)",SYN-3R24QNZC,7/4/2024,1/1/2027,"56,232.00","1,579.00",SYNTHETIC-ACCOUNTABILITY-EMP-0136.pdf,PO-SYN-500135,"BROWN, ALEX",Demo Distributor Inc.,
EMP-0137,900136,LT-100136,lt-100136,02:00:00:06:63:21,"WILLIAMS, TATUM",Unreturned Asset,December,2021,6/23/2022,Team Lead,Field Services,Windows 11 Pro,Office,"ExamplePad 11 Tablet (8GB, 128GB)","ExamplePad 11 Tablet (8GB, 128GB)",SYN-L583WJW6,11/28/2025,1/1/2028,"52,427.00","1,684.00",SYNTHETIC-ACCOUNTABILITY-EMP-0137.pdf,PO-SYN-500136,"WILLIAMS, TATUM",Demo Distributor Inc.,
EMP-0138,900137,LT-100137,lt-100137,02:00:00:108:65:74,"CLARK, INDIGO",In Repair,July,2024,9/5/2024,Operations Specialist,Field Services,Windows 11 Pro,Office,"ExampleBook Air 13 (i7, 8GB, 256GB SSD)","ExampleBook Air 13 (i7, 8GB, 256GB SSD)",SYN-CZTRBXT5,4/7/2024,1/1/2027,"80,973.00","3,180.00",SYNTHETIC-ACCOUNTABILITY-EMP-0138.pdf,PO-SYN-500137,"CLARK, INDIGO",Sample Supplier Ltd.,
EMP-0139,900138,LT-100138,lt-100138,02:00:00:227:101:249,"JOHNSON, JAMIE",Deployed,February,2022,1/13/2024,Systems Engineer,Product,Windows 11 Home,Office,"ExampleStation 15 (i5, 16GB, 1TB HDD)","ExampleStation 15 (i5, 16GB, 1TB HDD)",SYN-2VJ6N3ZE,8/28/2021,1/1/2024,"29,811.00","4,451.00",SYNTHETIC-ACCOUNTABILITY-EMP-0139.pdf,PO-SYN-500138,"JOHNSON, JAMIE",Example Vendor Co.,
EMP-0140,900139,LT-100139,lt-100139,02:00:00:65:183:42,"TESTER, LEE",Deployed,February,2023,12/4/2025,Systems Engineer,Product,Windows 11 Home,Office,"ExamplePad 11 Tablet (8GB, 128GB)","ExamplePad 11 Tablet (8GB, 128GB)",SYN-5M6QH0Y5,3/14/2023,1/1/2026,"89,295.00","1,721.00",SYNTHETIC-ACCOUNTABILITY-EMP-0140.pdf,PO-SYN-500139,"TESTER, LEE",Demo Distributor Inc.,
EMP-0141,900140,LT-100140,lt-100140,02:00:00:217:33:12,"BROWN, HARPER",Deployed,August,2025,7/17/2025,Systems Engineer,Human Resources,Windows 11 Pro,Office,"ExamplePad 11 Tablet (8GB, 128GB)","ExamplePad 11 Tablet (8GB, 128GB)",SYN-6H5Y33AY,2/25/2025,1/1/2028,"67,075.00","2,269.00",SYNTHETIC-ACCOUNTABILITY-EMP-0141.pdf,PO-SYN-500140,"BROWN, HARPER",Demo Distributor Inc.,
EMP-0142,900141,LT-100141,lt-100141,02:00:00:251:253:151,"PLACEHOLDER, ELLIS",Unreturned Asset,October,2023,9/27/2023,Account Manager,Engineering,Windows 10 Pro,Office,"ExamplePad 11 Tablet (8GB, 128GB)","ExamplePad 11 Tablet (8GB, 128GB)",SYN-AZMP7KNF,11/20/2022,1/1/2025,"37,221.00","3,502.00",SYNTHETIC-ACCOUNTABILITY-EMP-0142.pdf,PO-SYN-500141,"PLACEHOLDER, ELLIS",Placeholder Hardware Inc.,
EMP-0143,900142,LT-100142,lt-100142,02:00:00:83:57:80,"SMITH, ELLIS",Unreturned Asset,February,2022,11/14/2025,Software Engineer,Human Resources,Windows 11 Pro,Office,"ExamplePad 11 Tablet (8GB, 128GB)","ExamplePad 11 Tablet (8GB, 128GB)",SYN-30B6SGFR,11/15/2023,1/1/2026,"86,105.00","4,795.00",SYNTHETIC-ACCOUNTABILITY-EMP-0143.pdf,PO-SYN-500142,"SMITH, ELLIS",Placeholder Hardware Inc.,
EMP-0144,900143,LT-100143,lt-100143,02:00:00:73:234:181,"SMITH, HARPER",Available,August,2025,2/18/2024,Systems Engineer,Operations,Windows 11 Pro,Office,"ExampleStation 15 (i5, 16GB, 1TB HDD)","ExampleStation 15 (i5, 16GB, 1TB HDD)",SYN-5S5MGQ44,9/23/2025,1/1/2028,"28,542.00","2,297.00",SYNTHETIC-ACCOUNTABILITY-EMP-0144.pdf,PO-SYN-500143,"SMITH, HARPER",Example Vendor Co.,
EMP-0145,900144,LT-100144,lt-100144,02:00:00:196:85:146,"WILLIAMS, TATUM",Unreturned Asset,October,2021,8/26/2024,Support Analyst,Human Resources,Windows 11 Home,Office,"ExampleBook Pro 14 (i5, 16GB, 512GB SSD)","ExampleBook Pro 14 (i5, 16GB, 512GB SSD)",SYN-XCF5XEGN,9/23/2023,1/1/2026,"37,520.00","4,229.00",SYNTHETIC-ACCOUNTABILITY-EMP-0145.pdf,PO-SYN-500144,"WILLIAMS, TATUM",Placeholder Hardware Inc.,
EMP-0146,900145,LT-100145,lt-100145,02:00:00:52:233:108,"SAMPLE, DANA",Deployed,May,2023,12/12/2023,Software Engineer,Product,Windows 10 Pro,Office,"ExampleBook Air 13 (i7, 8GB, 256GB SSD)","ExampleBook Air 13 (i7, 8GB, 256GB SSD)",SYN-R5JWGSH3,7/25/2022,1/1/2025,"62,189.00","2,004.00",SYNTHETIC-ACCOUNTABILITY-EMP-0146.pdf,PO-SYN-500145,"SAMPLE, DANA",Sample Supplier Ltd.,
EMP-0147,900146,LT-100146,lt-100146,02:00:00:180:162:157,"TESTER, QUINN",Available,December,2021,12/27/2022,Account Manager,Operations,Windows 11 Pro,Office,"ExampleStation 15 (i5, 16GB, 1TB HDD)","ExampleStation 15 (i5, 16GB, 1TB HDD)",SYN-WPG1YD77,3/14/2024,1/1/2027,"29,706.00","3,876.00",SYNTHETIC-ACCOUNTABILITY-EMP-0147.pdf,PO-SYN-500146,"TESTER, QUINN",Placeholder Hardware Inc.,
EMP-0148,900147,LT-100147,lt-100147,02:00:00:76:150:105,"CLARK, NOEL",Unreturned Asset,December,2024,11/11/2022,Software Engineer,Customer Support,Windows 11 Home,Office,"ExamplePad 11 Tablet (8GB, 128GB)","ExamplePad 11 Tablet (8GB, 128GB)",SYN-X00H3MXV,1/8/2022,1/1/2025,"52,211.00","2,928.00",SYNTHETIC-ACCOUNTABILITY-EMP-0148.pdf,PO-SYN-500147,"CLARK, NOEL",Placeholder Hardware Inc.,
EMP-0149,900148,MON-200148,mon-200148,02:00:00:42:114:00,"BROWN, QUINN",In Repair,June,2024,8/2/2024,Software Engineer,Operations,N/A,N/A,"ExampleView 24"" IPS Monitor","ExampleView 24"" IPS Monitor",SN-JBUKZ1BP,4/22/2022,1/1/2025,"42,855.00","1,824.00",SYNTHETIC-ACCOUNTABILITY-EMP-0149.pdf,PO-SYN-500148,"BROWN, QUINN",Example Vendor Co.,
EMP-0150,900149,LT-100149,lt-100149,02:00:00:204:212:149,"SAMPLE, JAMIE",Unreturned Asset,September,2025,5/12/2025,Support Analyst,Finance,Windows 10 Pro,Office,"ExampleStation 15 (i5, 16GB, 1TB HDD)","ExampleStation 15 (i5, 16GB, 1TB HDD)",SYN-2X5H9YLC,9/1/2022,1/1/2025,"92,320.00","1,531.00",SYNTHETIC-ACCOUNTABILITY-EMP-0150.pdf,PO-SYN-500149,"SAMPLE, JAMIE",Placeholder Hardware Inc.,
EMP-0151,900150,LT-100150,lt-100150,02:00:00:34:150:136,"CLARK, NOEL",Unreturned Asset,May,2021,1/17/2024,Support Analyst,Marketing,Windows 10 Pro,Office,"ExampleStation 15 (i5, 16GB, 1TB HDD)","ExampleStation 15 (i5, 16GB, 1TB HDD)",SYN-CKDTTZM9,7/7/2023,1/1/2026,"40,217.00","3,885.00",SYNTHETIC-ACCOUNTABILITY-EMP-0151.pdf,PO-SYN-500150,"CLARK, NOEL",Placeholder Hardware Inc.,
EMP-0152,900151,LT-100151,lt-100151,02:00:00:137:196:95,"CLARK, HARPER",Available,January,2025,6/4/2024,Operations Specialist,Human Resources,Windows 10 Pro,Office,"ExamplePad 11 Tablet (8GB, 128GB)","ExamplePad 11 Tablet (8GB, 128GB)",SYN-R2RFGU3R,4/28/2024,1/1/2027,"28,455.00","1,667.00",SYNTHETIC-ACCOUNTABILITY-EMP-0152.pdf,PO-SYN-500151,"CLARK, HARPER",Example Vendor Co.,
EMP-0153,900152,LT-100152,lt-100152,02:00:00:55:148:170,"DOE, SAWYER",Unreturned Asset,June,2025,11/16/2025,Operations Specialist,Field Services,Windows 10 Pro,Office,"ExampleStation 15 (i5, 16GB, 1TB HDD)","ExampleStation 15 (i5, 16GB, 1TB HDD)",SYN-ZGLEAAM3,9/21/2022,1/1/2025,"67,612.00","2,372.00",SYNTHETIC-ACCOUNTABILITY-EMP-0153.pdf,PO-SYN-500152,"DOE, SAWYER",Placeholder Hardware Inc.,
EMP-0154,900153,LT-100153,lt-100153,02:00:00:31:233:118,"PLACEHOLDER, HARPER",Deployed,January,2022,1/8/2023,Account Manager,Engineering,Windows 10 Pro,Office,"ExampleBook Pro 14 (i5, 16GB, 512GB SSD)","ExampleBook Pro 14 (i5, 16GB, 512GB SSD)",SYN-S4KD32NF,5/24/2023,1/1/2026,"25,696.00","2,955.00",SYNTHETIC-ACCOUNTABILITY-EMP-0154.pdf,PO-SYN-500153,"PLACEHOLDER, HARPER",Example Vendor Co.,
EMP-0155,900154,MON-200154,mon-200154,02:00:00:233:242:67,"SMITH, PARKER",Deployed,August,2022,2/4/2022,Support Analyst,Customer Support,N/A,N/A,"ExampleView 24"" IPS Monitor","ExampleView 24"" IPS Monitor",SN-3KC960C2,5/21/2021,1/1/2024,"79,255.00","2,367.00",SYNTHETIC-ACCOUNTABILITY-EMP-0155.pdf,PO-SYN-500154,"SMITH, PARKER",Sample Supplier Ltd.,
EMP-0156,900155,MON-200155,mon-200155,02:00:00:210:00:199,"BROWN, ELLIS",Deployed,May,2021,1/2/2022,Team Lead,Marketing,N/A,N/A,"ExampleView 27"" QHD Monitor","ExampleView 27"" QHD Monitor",SN-QKLMT3JW,6/17/2025,1/1/2028,"93,165.00","3,118.00",SYNTHETIC-ACCOUNTABILITY-EMP-0156.pdf,PO-SYN-500155,"BROWN, ELLIS",Demo Distributor Inc.,
EMP-0157,900156,MON-200156,mon-200156,02:00:00:175:237:36,"CLARK, GRAY",Available,September,2025,12/10/2024,Account Manager,Engineering,N/A,N/A,"ExampleView 27"" QHD Monitor","ExampleView 27"" QHD Monitor",SN-GNCKURDH,6/28/2022,1/1/2025,"61,888.00","4,088.00",SYNTHETIC-ACCOUNTABILITY-EMP-0157.pdf,PO-SYN-500156,"CLARK, GRAY",Example Vendor Co.,
EMP-0158,900157,LT-100157,lt-100157,02:00:00:59:37:246,"BROWN, NOEL",Unreturned Asset,December,2025,11/19/2026,Software Engineer,Operations,Windows 11 Home,Office,"ExampleStation 15 (i5, 16GB, 1TB HDD)","ExampleStation 15 (i5, 16GB, 1TB HDD)",SYN-PNKUU8Q8,7/20/2022,1/1/2025,"64,285.00","2,874.00",SYNTHETIC-ACCOUNTABILITY-EMP-0158.pdf,PO-SYN-500157,"BROWN, NOEL",Sample Supplier Ltd.,
EMP-0159,900158,MON-200158,mon-200158,02:00:00:117:159:212,"SMITH, INDIGO",In Repair,March,2023,7/25/2022,Software Engineer,Finance,N/A,N/A,"ExampleView 24"" IPS Monitor","ExampleView 24"" IPS Monitor",SN-6D7TNAJV,3/19/2022,1/1/2025,"35,283.00","4,346.00",SYNTHETIC-ACCOUNTABILITY-EMP-0159.pdf,PO-SYN-500158,"SMITH, INDIGO",Example Vendor Co.,
EMP-0160,900159,LT-100159,lt-100159,02:00:00:119:16:225,"TESTER, REESE",Deployed,December,2021,9/21/2022,Operations Specialist,Finance,Windows 11 Home,Office,"ExamplePad 11 Tablet (8GB, 128GB)","ExamplePad 11 Tablet (8GB, 128GB)",SYN-BAG1PUSG,8/8/2023,1/1/2026,"91,282.00","1,708.00",SYNTHETIC-ACCOUNTABILITY-EMP-0160.pdf,PO-SYN-500159,"TESTER, REESE",Demo Distributor Inc.,
EMP-0161,900160,LT-100160,lt-100160,02:00:00:132:224:244,"MILLER, LEE",Deployed,March,2025,4/4/2023,Software Engineer,Human Resources,Windows 11 Pro,Office,"ExampleBook Pro 14 (i5, 16GB, 512GB SSD)","ExampleBook Pro 14 (i5, 16GB, 512GB SSD)",SYN-3A11PB8U,1/13/2024,1/1/2027,"86,862.00","4,625.00",SYNTHETIC-ACCOUNTABILITY-EMP-0161.pdf,PO-SYN-500160,"MILLER, LEE",Example Vendor Co.,
EMP-0162,900161,LT-100161,lt-100161,02:00:00:172:179:145,"WILLIAMS, TATUM",In Repair,December,2025,9/8/2026,Systems Engineer,Engineering,Windows 11 Home,Office,"ExampleStation 15 (i5, 16GB, 1TB HDD)","ExampleStation 15 (i5, 16GB, 1TB HDD)",SYN-MV53HXRR,3/23/2022,1/1/2025,"29,042.00","1,537.00",SYNTHETIC-ACCOUNTABILITY-EMP-0162.pdf,PO-SYN-500161,"WILLIAMS, TATUM",Example Vendor Co.,
EMP-0163,900162,MON-200162,mon-200162,02:00:00:248:124:59,"CLARK, MORGAN",Unreturned Asset,July,2026,2/10/2025,Software Engineer,Field Services,N/A,N/A,"ExampleView 27"" QHD Monitor","ExampleView 27"" QHD Monitor",SN-T9U2K7GG,12/5/2024,1/1/2027,"71,653.00","3,901.00",SYNTHETIC-ACCOUNTABILITY-EMP-0163.pdf,PO-SYN-500162,"CLARK, MORGAN",Demo Distributor Inc.,
EMP-0164,900163,LT-100163,lt-100163,02:00:00:67:126:185,"SMITH, QUINN",In Repair,January,2026,10/14/2022,Operations Specialist,Finance,Windows 11 Home,Office,"ExamplePad 11 Tablet (8GB, 128GB)","ExamplePad 11 Tablet (8GB, 128GB)",SYN-4GQDXJ07,5/26/2022,1/1/2025,"68,648.00","2,868.00",SYNTHETIC-ACCOUNTABILITY-EMP-0164.pdf,PO-SYN-500163,"SMITH, QUINN",Placeholder Hardware Inc.,
EMP-0165,900164,LT-100164,lt-100164,02:00:00:86:181:156,"WILLIAMS, DANA",Unreturned Asset,August,2024,5/5/2024,Systems Engineer,Operations,Windows 11 Pro,Office,"ExampleBook Pro 14 (i5, 16GB, 512GB SSD)","ExampleBook Pro 14 (i5, 16GB, 512GB SSD)",SYN-XFKM59B3,4/22/2023,1/1/2026,"71,290.00","2,912.00",SYNTHETIC-ACCOUNTABILITY-EMP-0165.pdf,PO-SYN-500164,"WILLIAMS, DANA",Sample Supplier Ltd.,
EMP-0166,900165,LT-100165,lt-100165,02:00:00:111:25:252,"JOHNSON, FRANKIE",Available,October,2021,6/13/2025,Account Manager,Product,Windows 11 Pro,Office,"ExampleBook Pro 14 (i5, 16GB, 512GB SSD)","ExampleBook Pro 14 (i5, 16GB, 512GB SSD)",SYN-ZSXC1C57,1/26/2024,1/1/2027,"59,516.00","1,366.00",SYNTHETIC-ACCOUNTABILITY-EMP-0166.pdf,PO-SYN-500165,"JOHNSON, FRANKIE",Placeholder Hardware Inc.,
EMP-0167,900166,LT-100166,lt-100166,02:00:00:16:191:190,"WILLIAMS, PARKER",Deployed,July,2026,12/25/2025,Account Manager,Field Services,Windows 11 Home,Office,"ExampleBook Pro 14 (i5, 16GB, 512GB SSD)","ExampleBook Pro 14 (i5, 16GB, 512GB SSD)",SYN-M18MCQQU,10/21/2025,1/1/2028,"44,957.00","1,273.00",SYNTHETIC-ACCOUNTABILITY-EMP-0167.pdf,PO-SYN-500166,"WILLIAMS, PARKER",Example Vendor Co.,
EMP-0168,900167,LT-100167,lt-100167,02:00:00:19:37:203,"JOHNSON, DANA",Unreturned Asset,October,2024,3/6/2024,Operations Specialist,Customer Support,Windows 11 Home,Office,"ExamplePad 11 Tablet (8GB, 128GB)","ExamplePad 11 Tablet (8GB, 128GB)",SYN-GSY022LN,1/4/2023,1/1/2026,"88,916.00","2,839.00",SYNTHETIC-ACCOUNTABILITY-EMP-0168.pdf,PO-SYN-500167,"JOHNSON, DANA",Demo Distributor Inc.,
EMP-0169,900168,LT-100168,lt-100168,02:00:00:143:213:145,"DOE, ELLIS",Unreturned Asset,July,2023,2/13/2026,Software Engineer,Product,Windows 11 Home,Office,"ExampleStation 15 (i5, 16GB, 1TB HDD)","ExampleStation 15 (i5, 16GB, 1TB HDD)",SYN-G6QRDETK,11/17/2023,1/1/2026,"75,310.00","2,959.00",SYNTHETIC-ACCOUNTABILITY-EMP-0169.pdf,PO-SYN-500168,"DOE, ELLIS",Example Vendor Co.,
EMP-0170,900169,LT-100169,lt-100169,02:00:00:126:72:108,"CLARK, GRAY",Deployed,October,2026,1/27/2025,Team Lead,Customer Support,Windows 11 Pro,Office,"ExampleBook Pro 14 (i5, 16GB, 512GB SSD)","ExampleBook Pro 14 (i5, 16GB, 512GB SSD)",SYN-D2TCHNLU,9/6/2022,1/1/2025,"26,791.00","3,985.00",SYNTHETIC-ACCOUNTABILITY-EMP-0170.pdf,PO-SYN-500169,"CLARK, GRAY",Sample Supplier Ltd.,
EMP-0171,900170,LT-100170,lt-100170,02:00:00:139:162:37,"WILLIAMS, CASEY",Unreturned Asset,August,2023,7/21/2022,Account Manager,Finance,Windows 10 Pro,Office,"ExampleStation 15 (i5, 16GB, 1TB HDD)","ExampleStation 15 (i5, 16GB, 1TB HDD)",SYN-GNN4546R,2/23/2022,1/1/2025,"57,309.00","2,280.00",SYNTHETIC-ACCOUNTABILITY-EMP-0171.pdf,PO-SYN-500170,"WILLIAMS, CASEY",Placeholder Hardware Inc.,
EMP-0172,900171,MON-200171,mon-200171,02:00:00:65:210:147,"BROWN, OAKLEY",Deployed,August,2022,2/19/2023,Systems Engineer,Marketing,N/A,N/A,"ExampleView 27"" QHD Monitor","ExampleView 27"" QHD Monitor",SN-ZPA0TT24,4/7/2022,1/1/2025,"49,058.00","2,968.00",SYNTHETIC-ACCOUNTABILITY-EMP-0172.pdf,PO-SYN-500171,"BROWN, OAKLEY",Sample Supplier Ltd.,
EMP-0173,900172,LT-100172,lt-100172,02:00:00:122:124:219,"PLACEHOLDER, MORGAN",Available,September,2025,9/16/2023,Operations Specialist,Operations,Windows 11 Home,Office,"ExampleBook Pro 14 (i5, 16GB, 512GB SSD)","ExampleBook Pro 14 (i5, 16GB, 512GB SSD)",SYN-RN99Z7NP,1/14/2025,1/1/2028,"54,874.00","4,446.00",SYNTHETIC-ACCOUNTABILITY-EMP-0173.pdf,PO-SYN-500172,"PLACEHOLDER, MORGAN",Example Vendor Co.,
EMP-0174,900173,MON-200173,mon-200173,02:00:00:05:115:154,"CLARK, NOEL",Deployed,December,2026,1/16/2022,Systems Engineer,Marketing,N/A,N/A,"ExampleView 27"" QHD Monitor","ExampleView 27"" QHD Monitor",SN-YRR1GH78,2/27/2025,1/1/2028,"25,791.00","3,829.00",SYNTHETIC-ACCOUNTABILITY-EMP-0174.pdf,PO-SYN-500173,"CLARK, NOEL",Example Vendor Co.,
EMP-0175,900174,LT-100174,lt-100174,02:00:00:193:23:87,"BROWN, INDIGO",Available,December,2022,12/28/2026,Systems Engineer,Field Services,Windows 10 Pro,Office,"ExamplePad 11 Tablet (8GB, 128GB)","ExamplePad 11 Tablet (8GB, 128GB)",SYN-ZVTXYJ94,7/3/2023,1/1/2026,"29,557.00","2,804.00",SYNTHETIC-ACCOUNTABILITY-EMP-0175.pdf,PO-SYN-500174,"BROWN, INDIGO",Sample Supplier Ltd.,
EMP-0176,900175,LT-100175,lt-100175,02:00:00:92:199:254,"JOHNSON, QUINN",Deployed,April,2021,4/6/2022,Software Engineer,Marketing,Windows 10 Pro,Office,"ExampleBook Air 13 (i7, 8GB, 256GB SSD)","ExampleBook Air 13 (i7, 8GB, 256GB SSD)",SYN-WVTPMTCF,3/13/2024,1/1/2027,"82,367.00","4,116.00",SYNTHETIC-ACCOUNTABILITY-EMP-0176.pdf,PO-SYN-500175,"JOHNSON, QUINN",Sample Supplier Ltd.,
EMP-0177,900176,MON-200176,mon-200176,02:00:00:05:37:181,"PLACEHOLDER, ELLIS",In Repair,July,2026,12/5/2025,Systems Engineer,Operations,N/A,N/A,"ExampleView 24"" IPS Monitor","ExampleView 24"" IPS Monitor",SN-V6UPGHXR,6/11/2021,1/1/2024,"55,241.00","2,797.00",SYNTHETIC-ACCOUNTABILITY-EMP-0177.pdf,PO-SYN-500176,"PLACEHOLDER, ELLIS",Placeholder Hardware Inc.,
EMP-0178,900177,LT-100177,lt-100177,02:00:00:91:191:77,"BROWN, ELLIS",Deployed,December,2023,10/2/2024,Software Engineer,Field Services,Windows 11 Pro,Office,"ExampleBook Pro 14 (i5, 16GB, 512GB SSD)","ExampleBook Pro 14 (i5, 16GB, 512GB SSD)",SYN-MX67UUC1,4/8/2021,1/1/2024,"60,970.00","1,474.00",SYNTHETIC-ACCOUNTABILITY-EMP-0178.pdf,PO-SYN-500177,"BROWN, ELLIS",Example Vendor Co.,
EMP-0179,900178,MON-200178,mon-200178,02:00:00:193:206:39,"CLARK, NOEL",Deployed,September,2025,6/21/2026,Software Engineer,Marketing,N/A,N/A,"ExampleView 27"" QHD Monitor","ExampleView 27"" QHD Monitor",SN-3L0RBN94,5/2/2021,1/1/2024,"91,272.00","1,659.00",SYNTHETIC-ACCOUNTABILITY-EMP-0179.pdf,PO-SYN-500178,"CLARK, NOEL",Example Vendor Co.,
EMP-0180,900179,LT-100179,lt-100179,02:00:00:85:193:10,"DOE, ELLIS",Deployed,April,2025,3/1/2026,Operations Specialist,Customer Support,Windows 11 Home,Office,"ExampleBook Air 13 (i7, 8GB, 256GB SSD)","ExampleBook Air 13 (i7, 8GB, 256GB SSD)",SYN-81XFPNPP,4/24/2024,1/1/2027,"81,491.00","2,473.00",SYNTHETIC-ACCOUNTABILITY-EMP-0180.pdf,PO-SYN-500179,"DOE, ELLIS",Demo Distributor Inc.,
EMP-0181,900180,LT-100180,lt-100180,02:00:00:244:118:222,"PLACEHOLDER, PARKER",In Repair,November,2021,4/11/2026,Team Lead,Product,Windows 11 Home,Office,"ExampleBook Air 13 (i7, 8GB, 256GB SSD)","ExampleBook Air 13 (i7, 8GB, 256GB SSD)",SYN-10DS80HS,11/27/2024,1/1/2027,"73,091.00","2,088.00",SYNTHETIC-ACCOUNTABILITY-EMP-0181.pdf,PO-SYN-500180,"PLACEHOLDER, PARKER",Sample Supplier Ltd.,
EMP-0182,900181,LT-100181,lt-100181,02:00:00:110:41:154,"WILLIAMS, DANA",Available,June,2026,4/8/2026,Team Lead,Engineering,Windows 10 Pro,Office,"ExamplePad 11 Tablet (8GB, 128GB)","ExamplePad 11 Tablet (8GB, 128GB)",SYN-LTMS8Q62,6/2/2024,1/1/2027,"64,934.00","4,105.00",SYNTHETIC-ACCOUNTABILITY-EMP-0182.pdf,PO-SYN-500181,"WILLIAMS, DANA",Demo Distributor Inc.,
EMP-0183,900182,MON-200182,mon-200182,02:00:00:112:133:09,"WILLIAMS, ALEX",Deployed,June,2026,10/18/2022,Software Engineer,Operations,N/A,N/A,"ExampleView 24"" IPS Monitor","ExampleView 24"" IPS Monitor",SN-CXF1Y740,6/16/2024,1/1/2027,"83,568.00","2,021.00",SYNTHETIC-ACCOUNTABILITY-EMP-0183.pdf,PO-SYN-500182,"WILLIAMS, ALEX",Sample Supplier Ltd.,
EMP-0184,900183,MON-200183,mon-200183,02:00:00:76:181:212,"PLACEHOLDER, FRANKIE",Unreturned Asset,March,2025,6/7/2024,Operations Specialist,Finance,N/A,N/A,"ExampleView 27"" QHD Monitor","ExampleView 27"" QHD Monitor",SN-G0NCWL9N,9/10/2021,1/1/2024,"66,221.00","4,682.00",SYNTHETIC-ACCOUNTABILITY-EMP-0184.pdf,PO-SYN-500183,"PLACEHOLDER, FRANKIE",Example Vendor Co.,
EMP-0185,900184,LT-100184,lt-100184,02:00:00:194:95:11,"BROWN, DANA",Deployed,March,2023,10/9/2026,Operations Specialist,Finance,Windows 11 Pro,Office,"ExamplePad 11 Tablet (8GB, 128GB)","ExamplePad 11 Tablet (8GB, 128GB)",SYN-PAB01S3M,1/6/2021,1/1/2024,"56,009.00","2,384.00",SYNTHETIC-ACCOUNTABILITY-EMP-0185.pdf,PO-SYN-500184,"BROWN, DANA",Demo Distributor Inc.,
EMP-0186,900185,LT-100185,lt-100185,02:00:00:242:18:244,"DOE, ALEX",Deployed,April,2022,10/27/2022,Account Manager,Field Services,Windows 11 Pro,Office,"ExampleBook Pro 14 (i5, 16GB, 512GB SSD)","ExampleBook Pro 14 (i5, 16GB, 512GB SSD)",SYN-SNA6PEJ4,4/1/2021,1/1/2024,"51,053.00","2,918.00",SYNTHETIC-ACCOUNTABILITY-EMP-0186.pdf,PO-SYN-500185,"DOE, ALEX",Placeholder Hardware Inc.,
EMP-0187,900186,LT-100186,lt-100186,02:00:00:12:222:196,"MILLER, REESE",Available,July,2023,7/24/2024,Systems Engineer,Finance,Windows 11 Home,Office,"ExamplePad 11 Tablet (8GB, 128GB)","ExamplePad 11 Tablet (8GB, 128GB)",SYN-0JHV6Y4L,6/13/2025,1/1/2028,"88,793.00","4,757.00",SYNTHETIC-ACCOUNTABILITY-EMP-0187.pdf,PO-SYN-500186,"MILLER, REESE",Sample Supplier Ltd.,
EMP-0188,900187,LT-100187,lt-100187,02:00:00:62:58:123,"SAMPLE, REESE",Deployed,August,2026,8/13/2026,Account Manager,Engineering,Windows 11 Home,Office,"ExampleStation 15 (i5, 16GB, 1TB HDD)","ExampleStation 15 (i5, 16GB, 1TB HDD)",SYN-21QSKFN0,11/21/2023,1/1/2026,"91,944.00","4,302.00",SYNTHETIC-ACCOUNTABILITY-EMP-0188.pdf,PO-SYN-500187,"SAMPLE, REESE",Sample Supplier Ltd.,
EMP-0189,900188,LT-100188,lt-100188,02:00:00:64:165:198,"WILLIAMS, ELLIS",Available,December,2023,8/15/2026,Software Engineer,Operations,Windows 11 Home,Office,"ExamplePad 11 Tablet (8GB, 128GB)","ExamplePad 11 Tablet (8GB, 128GB)",SYN-Z5RZ9XAZ,10/17/2025,1/1/2028,"32,484.00","4,619.00",SYNTHETIC-ACCOUNTABILITY-EMP-0189.pdf,PO-SYN-500188,"WILLIAMS, ELLIS",Demo Distributor Inc.,
EMP-0190,900189,MON-200189,mon-200189,02:00:00:61:45:78,"DOE, ALEX",Deployed,May,2022,9/23/2022,Systems Engineer,Human Resources,N/A,N/A,"ExampleView 27"" QHD Monitor","ExampleView 27"" QHD Monitor",SN-LTT95QYW,6/12/2025,1/1/2028,"83,463.00","3,527.00",SYNTHETIC-ACCOUNTABILITY-EMP-0190.pdf,PO-SYN-500189,"DOE, ALEX",Example Vendor Co.,
EMP-0191,900190,LT-100190,lt-100190,02:00:00:111:63:180,"BROWN, KAI",Available,March,2025,8/5/2025,Support Analyst,Product,Windows 10 Pro,Office,"ExampleStation 15 (i5, 16GB, 1TB HDD)","ExampleStation 15 (i5, 16GB, 1TB HDD)",SYN-B5A4X5HT,12/5/2024,1/1/2027,"40,248.00","3,530.00",SYNTHETIC-ACCOUNTABILITY-EMP-0191.pdf,PO-SYN-500190,"BROWN, KAI",Demo Distributor Inc.,
EMP-0192,900191,LT-100191,lt-100191,02:00:00:207:22:249,"WILLIAMS, ALEX",Deployed,December,2024,3/26/2025,Software Engineer,Product,Windows 10 Pro,Office,"ExampleStation 15 (i5, 16GB, 1TB HDD)","ExampleStation 15 (i5, 16GB, 1TB HDD)",SYN-FGAPWFU0,3/19/2025,1/1/2028,"83,968.00","2,505.00",SYNTHETIC-ACCOUNTABILITY-EMP-0192.pdf,PO-SYN-500191,"WILLIAMS, ALEX",Example Vendor Co.,
EMP-0193,900192,MON-200192,mon-200192,02:00:00:99:29:230,"JOHNSON, PARKER",Deployed,December,2025,10/12/2026,Operations Specialist,Product,N/A,N/A,"ExampleView 24"" IPS Monitor","ExampleView 24"" IPS Monitor",SN-5CRBWJ6C,1/8/2024,1/1/2027,"73,830.00","3,723.00",SYNTHETIC-ACCOUNTABILITY-EMP-0193.pdf,PO-SYN-500192,"JOHNSON, PARKER",Sample Supplier Ltd.,
EMP-0194,900193,LT-100193,lt-100193,02:00:00:191:251:232,"TESTER, QUINN",Deployed,May,2023,1/2/2025,Support Analyst,Engineering,Windows 11 Home,Office,"ExampleBook Pro 14 (i5, 16GB, 512GB SSD)","ExampleBook Pro 14 (i5, 16GB, 512GB SSD)",SYN-52MRZ8W8,11/20/2023,1/1/2026,"39,176.00","3,919.00",SYNTHETIC-ACCOUNTABILITY-EMP-0194.pdf,PO-SYN-500193,"TESTER, QUINN",Placeholder Hardware Inc.,
EMP-0195,900194,LT-100194,lt-100194,02:00:00:117:68:209,"WILLIAMS, TATUM",Deployed,June,2023,3/28/2025,Operations Specialist,Finance,Windows 10 Pro,Office,"ExampleBook Air 13 (i7, 8GB, 256GB SSD)","ExampleBook Air 13 (i7, 8GB, 256GB SSD)",SYN-5BSTU40C,11/19/2025,1/1/2028,"58,917.00","2,769.00",SYNTHETIC-ACCOUNTABILITY-EMP-0195.pdf,PO-SYN-500194,"WILLIAMS, TATUM",Sample Supplier Ltd.,
EMP-0196,900195,LT-100195,lt-100195,02:00:00:96:46:51,"MILLER, BLAIR",Available,March,2024,11/25/2023,Operations Specialist,Operations,Windows 10 Pro,Office,"ExampleStation 15 (i5, 16GB, 1TB HDD)","ExampleStation 15 (i5, 16GB, 1TB HDD)",SYN-554U8N7P,3/10/2021,1/1/2024,"89,496.00","4,533.00",SYNTHETIC-ACCOUNTABILITY-EMP-0196.pdf,PO-SYN-500195,"MILLER, BLAIR",Example Vendor Co.,
EMP-0197,900196,MON-200196,mon-200196,02:00:00:96:83:158,"JOHNSON, MORGAN",Deployed,July,2026,6/21/2024,Support Analyst,Product,N/A,N/A,"ExampleView 24"" IPS Monitor","ExampleView 24"" IPS Monitor",SN-0K5SG8CW,11/1/2025,1/1/2028,"73,606.00","3,227.00",SYNTHETIC-ACCOUNTABILITY-EMP-0197.pdf,PO-SYN-500196,"JOHNSON, MORGAN",Sample Supplier Ltd.,
EMP-0198,900197,LT-100197,lt-100197,02:00:00:218:123:183,"SMITH, GRAY",Deployed,January,2024,10/19/2025,Support Analyst,Marketing,Windows 10 Pro,Office,"ExampleBook Pro 14 (i5, 16GB, 512GB SSD)","ExampleBook Pro 14 (i5, 16GB, 512GB SSD)",SYN-XDR4ASAS,6/27/2024,1/1/2027,"60,405.00","1,836.00",SYNTHETIC-ACCOUNTABILITY-EMP-0198.pdf,PO-SYN-500197,"SMITH, GRAY",Sample Supplier Ltd.,
EMP-0199,900198,MON-200198,mon-200198,02:00:00:15:71:236,"BROWN, TATUM",Deployed,May,2023,12/14/2022,Software Engineer,Marketing,N/A,N/A,"ExampleView 27"" QHD Monitor","ExampleView 27"" QHD Monitor",SN-NG55Z37P,3/25/2023,1/1/2026,"47,029.00","4,745.00",SYNTHETIC-ACCOUNTABILITY-EMP-0199.pdf,PO-SYN-500198,"BROWN, TATUM",Sample Supplier Ltd.,
EMP-0200,900199,LT-100199,lt-100199,02:00:00:84:81:87,"PLACEHOLDER, OAKLEY",Available,February,2026,10/19/2024,Team Lead,Marketing,Windows 10 Pro,Office,"ExampleBook Pro 14 (i5, 16GB, 512GB SSD)","ExampleBook Pro 14 (i5, 16GB, 512GB SSD)",SYN-YXAKZKFK,6/5/2022,1/1/2025,"91,378.00","3,520.00",SYNTHETIC-ACCOUNTABILITY-EMP-0200.pdf,PO-SYN-500199,"PLACEHOLDER, OAKLEY",Demo Distributor Inc.,
EMP-0201,900200,LT-100200,lt-100200,02:00:00:100:88:241,"CLARK, REESE",Available,April,2023,8/6/2023,Operations Specialist,Finance,Windows 11 Home,Office,"ExamplePad 11 Tablet (8GB, 128GB)","ExamplePad 11 Tablet (8GB, 128GB)",SYN-5TN8C4ZV,11/20/2023,1/1/2026,"29,827.00","3,163.00",SYNTHETIC-ACCOUNTABILITY-EMP-0201.pdf,PO-SYN-500200,"CLARK, REESE",Example Vendor Co.,
EMP-0202,900201,MON-200201,mon-200201,02:00:00:62:183:172,"JOHNSON, SAWYER",Deployed,August,2025,10/21/2024,Account Manager,Product,N/A,N/A,"ExampleView 24"" IPS Monitor","ExampleView 24"" IPS Monitor",SN-Q65N7TMV,1/28/2022,1/1/2025,"65,280.00","2,583.00",SYNTHETIC-ACCOUNTABILITY-EMP-0202.pdf,PO-SYN-500201,"JOHNSON, SAWYER",Demo Distributor Inc.,
EMP-0203,900202,LT-100202,lt-100202,02:00:00:23:151:200,"SAMPLE, INDIGO",Deployed,June,2026,12/4/2022,Account Manager,Engineering,Windows 10 Pro,Office,"ExampleStation 15 (i5, 16GB, 1TB HDD)","ExampleStation 15 (i5, 16GB, 1TB HDD)",SYN-NHS72R73,7/14/2022,1/1/2025,"50,555.00","1,444.00",SYNTHETIC-ACCOUNTABILITY-EMP-0203.pdf,PO-SYN-500202,"SAMPLE, INDIGO",Placeholder Hardware Inc.,
EMP-0204,900203,LT-100203,lt-100203,02:00:00:34:170:72,"BROWN, FRANKIE",In Repair,January,2026,5/16/2026,Systems Engineer,Customer Support,Windows 10 Pro,Office,"ExampleBook Pro 14 (i5, 16GB, 512GB SSD)","ExampleBook Pro 14 (i5, 16GB, 512GB SSD)",SYN-87SR9C1U,6/6/2025,1/1/2028,"45,914.00","3,301.00",SYNTHETIC-ACCOUNTABILITY-EMP-0204.pdf,PO-SYN-500203,"BROWN, FRANKIE",Demo Distributor Inc.,
EMP-0205,900204,MON-200204,mon-200204,02:00:00:188:14:140,"JOHNSON, OAKLEY",Unreturned Asset,November,2024,2/1/2023,Software Engineer,Operations,N/A,N/A,"ExampleView 24"" IPS Monitor","ExampleView 24"" IPS Monitor",SN-KJD2HZ34,8/19/2023,1/1/2026,"67,022.00","3,834.00",SYNTHETIC-ACCOUNTABILITY-EMP-0205.pdf,PO-SYN-500204,"JOHNSON, OAKLEY",Sample Supplier Ltd.,
EMP-0206,900205,LT-100205,lt-100205,02:00:00:242:72:191,"CLARK, INDIGO",Deployed,January,2022,5/18/2025,Software Engineer,Customer Support,Windows 11 Pro,Office,"ExampleBook Pro 14 (i5, 16GB, 512GB SSD)","ExampleBook Pro 14 (i5, 16GB, 512GB SSD)",SYN-61D5H0JG,6/26/2025,1/1/2028,"51,509.00","3,309.00",SYNTHETIC-ACCOUNTABILITY-EMP-0206.pdf,PO-SYN-500205,"CLARK, INDIGO",Example Vendor Co.,
EMP-0207,900206,MON-200206,mon-200206,02:00:00:129:90:57,"JOHNSON, OAKLEY",Unreturned Asset,August,2024,7/3/2025,Support Analyst,Marketing,N/A,N/A,"ExampleView 27"" QHD Monitor","ExampleView 27"" QHD Monitor",SN-D92K5A24,12/13/2022,1/1/2025,"55,405.00","2,874.00",SYNTHETIC-ACCOUNTABILITY-EMP-0207.pdf,PO-SYN-500206,"JOHNSON, OAKLEY",Placeholder Hardware Inc.,
EMP-0208,900207,MON-200207,mon-200207,02:00:00:68:202:231,"JOHNSON, BLAIR",In Repair,October,2024,3/10/2026,Software Engineer,Human Resources,N/A,N/A,"ExampleView 27"" QHD Monitor","ExampleView 27"" QHD Monitor",SN-G484EUSG,1/26/2023,1/1/2026,"90,160.00","4,218.00",SYNTHETIC-ACCOUNTABILITY-EMP-0208.pdf,PO-SYN-500207,"JOHNSON, BLAIR",Example Vendor Co.,
EMP-0209,900208,LT-100208,lt-100208,02:00:00:109:07:252,"DOE, OAKLEY",Deployed,December,2025,6/4/2023,Operations Specialist,Engineering,Windows 10 Pro,Office,"ExamplePad 11 Tablet (8GB, 128GB)","ExamplePad 11 Tablet (8GB, 128GB)",SYN-JT7E3P0J,1/12/2025,1/1/2028,"36,916.00","2,019.00",SYNTHETIC-ACCOUNTABILITY-EMP-0209.pdf,PO-SYN-500208,"DOE, OAKLEY",Demo Distributor Inc.,
EMP-0210,900209,LT-100209,lt-100209,02:00:00:33:217:211,"BROWN, PARKER",Deployed,July,2025,1/25/2022,Support Analyst,Human Resources,Windows 11 Pro,Office,"ExamplePad 11 Tablet (8GB, 128GB)","ExamplePad 11 Tablet (8GB, 128GB)",SYN-02TV4S26,1/18/2023,1/1/2026,"65,589.00","1,316.00",SYNTHETIC-ACCOUNTABILITY-EMP-0210.pdf,PO-SYN-500209,"BROWN, PARKER",Demo Distributor Inc.,
EMP-0211,900210,LT-100210,lt-100210,02:00:00:02:205:70,"SAMPLE, REESE",Unreturned Asset,September,2024,7/3/2025,Systems Engineer,Finance,Windows 11 Pro,Office,"ExampleBook Pro 14 (i5, 16GB, 512GB SSD)","ExampleBook Pro 14 (i5, 16GB, 512GB SSD)",SYN-8H59UHQ6,7/20/2021,1/1/2024,"33,688.00","3,876.00",SYNTHETIC-ACCOUNTABILITY-EMP-0211.pdf,PO-SYN-500210,"SAMPLE, REESE",Example Vendor Co.,
EMP-0212,900211,LT-100211,lt-100211,02:00:00:142:150:180,"JOHNSON, FRANKIE",Available,March,2023,12/14/2023,Systems Engineer,Marketing,Windows 11 Pro,Office,"ExampleStation 15 (i5, 16GB, 1TB HDD)","ExampleStation 15 (i5, 16GB, 1TB HDD)",SYN-JV7RVBLL,7/25/2024,1/1/2027,"26,143.00","3,949.00",SYNTHETIC-ACCOUNTABILITY-EMP-0212.pdf,PO-SYN-500211,"JOHNSON, FRANKIE",Placeholder Hardware Inc.,
EMP-0213,900212,MON-200212,mon-200212,02:00:00:234:102:223,"SMITH, ELLIS",Available,July,2023,8/8/2024,Account Manager,Human Resources,N/A,N/A,"ExampleView 27"" QHD Monitor","ExampleView 27"" QHD Monitor",SN-1EVUL384,2/9/2021,1/1/2024,"36,876.00","3,474.00",SYNTHETIC-ACCOUNTABILITY-EMP-0213.pdf,PO-SYN-500212,"SMITH, ELLIS",Example Vendor Co.,
EMP-0214,900213,LT-100213,lt-100213,02:00:00:99:82:169,"SAMPLE, TATUM",Deployed,June,2024,6/26/2022,Systems Engineer,Marketing,Windows 11 Pro,Office,"ExampleStation 15 (i5, 16GB, 1TB HDD)","ExampleStation 15 (i5, 16GB, 1TB HDD)",SYN-1UAS20HT,3/19/2024,1/1/2027,"56,053.00","3,599.00",SYNTHETIC-ACCOUNTABILITY-EMP-0214.pdf,PO-SYN-500213,"SAMPLE, TATUM",Sample Supplier Ltd.,
EMP-0215,900214,LT-100214,lt-100214,02:00:00:168:27:30,"SAMPLE, CASEY",Deployed,May,2025,4/26/2025,Account Manager,Field Services,Windows 11 Pro,Office,"ExampleBook Pro 14 (i5, 16GB, 512GB SSD)","ExampleBook Pro 14 (i5, 16GB, 512GB SSD)",SYN-R99JN6E0,6/7/2021,1/1/2024,"71,523.00","4,723.00",SYNTHETIC-ACCOUNTABILITY-EMP-0215.pdf,PO-SYN-500214,"SAMPLE, CASEY",Placeholder Hardware Inc.,
EMP-0216,900215,LT-100215,lt-100215,02:00:00:14:12:230,"SMITH, REESE",Deployed,August,2023,11/23/2022,Software Engineer,Customer Support,Windows 10 Pro,Office,"ExampleBook Pro 14 (i5, 16GB, 512GB SSD)","ExampleBook Pro 14 (i5, 16GB, 512GB SSD)",SYN-VU2UVHKX,8/24/2023,1/1/2026,"29,215.00","2,033.00",SYNTHETIC-ACCOUNTABILITY-EMP-0216.pdf,PO-SYN-500215,"SMITH, REESE",Placeholder Hardware Inc.,
EMP-0217,900216,LT-100216,lt-100216,02:00:00:101:136:198,"SMITH, TATUM",Deployed,May,2024,9/23/2022,Systems Engineer,Customer Support,Windows 11 Home,Office,"ExampleBook Pro 14 (i5, 16GB, 512GB SSD)","ExampleBook Pro 14 (i5, 16GB, 512GB SSD)",SYN-YF57UKMK,8/12/2022,1/1/2025,"94,515.00","4,498.00",SYNTHETIC-ACCOUNTABILITY-EMP-0217.pdf,PO-SYN-500216,"SMITH, TATUM",Sample Supplier Ltd.,
EMP-0218,900217,LT-100217,lt-100217,02:00:00:183:50:124,"CLARK, FRANKIE",Deployed,August,2023,3/28/2025,Account Manager,Human Resources,Windows 10 Pro,Office,"ExampleStation 15 (i5, 16GB, 1TB HDD)","ExampleStation 15 (i5, 16GB, 1TB HDD)",SYN-Y76CHQ3J,3/28/2024,1/1/2027,"39,322.00","3,297.00",SYNTHETIC-ACCOUNTABILITY-EMP-0218.pdf,PO-SYN-500217,"CLARK, FRANKIE",Demo Distributor Inc.,
EMP-0219,900218,LT-100218,lt-100218,02:00:00:13:06:29,"DOE, SAWYER",Unreturned Asset,October,2026,10/20/2022,Support Analyst,Engineering,Windows 11 Home,Office,"ExampleStation 15 (i5, 16GB, 1TB HDD)","ExampleStation 15 (i5, 16GB, 1TB HDD)",SYN-JQV54UMF,10/16/2023,1/1/2026,"82,819.00","2,749.00",SYNTHETIC-ACCOUNTABILITY-EMP-0219.pdf,PO-SYN-500218,"DOE, SAWYER",Demo Distributor Inc.,
EMP-0220,900219,MON-200219,mon-200219,02:00:00:34:141:93,"CLARK, JAMIE",In Repair,August,2021,7/5/2026,Team Lead,Operations,N/A,N/A,"ExampleView 24"" IPS Monitor","ExampleView 24"" IPS Monitor",SN-8THV5R4E,11/16/2024,1/1/2027,"45,405.00","1,736.00",SYNTHETIC-ACCOUNTABILITY-EMP-0220.pdf,PO-SYN-500219,"CLARK, JAMIE",Sample Supplier Ltd.,
EMP-0221,900220,MON-200220,mon-200220,02:00:00:101:140:57,"DOE, INDIGO",Deployed,October,2021,11/20/2024,Support Analyst,Operations,N/A,N/A,"ExampleView 27"" QHD Monitor","ExampleView 27"" QHD Monitor",SN-JV8EBHK0,6/1/2024,1/1/2027,"65,073.00","3,062.00",SYNTHETIC-ACCOUNTABILITY-EMP-0221.pdf,PO-SYN-500220,"DOE, INDIGO",Example Vendor Co.,
EMP-0222,900221,LT-100221,lt-100221,02:00:00:191:28:129,"WILLIAMS, HARPER",In Repair,May,2021,6/9/2024,Support Analyst,Human Resources,Windows 11 Pro,Office,"ExampleBook Pro 14 (i5, 16GB, 512GB SSD)","ExampleBook Pro 14 (i5, 16GB, 512GB SSD)",SYN-BX273F2T,12/5/2022,1/1/2025,"64,485.00","3,395.00",SYNTHETIC-ACCOUNTABILITY-EMP-0222.pdf,PO-SYN-500221,"WILLIAMS, HARPER",Example Vendor Co.,
EMP-0223,900222,LT-100222,lt-100222,02:00:00:217:40:105,"MILLER, INDIGO",Available,January,2022,9/16/2023,Account Manager,Customer Support,Windows 11 Home,Office,"ExampleBook Pro 14 (i5, 16GB, 512GB SSD)","ExampleBook Pro 14 (i5, 16GB, 512GB SSD)",SYN-LLDLYY5H,2/27/2025,1/1/2028,"88,200.00","3,741.00",SYNTHETIC-ACCOUNTABILITY-EMP-0223.pdf,PO-SYN-500222,"MILLER, INDIGO",Placeholder Hardware Inc.,
EMP-0224,900223,MON-200223,mon-200223,02:00:00:144:53:218,"SMITH, INDIGO",Unreturned Asset,February,2025,10/7/2025,Support Analyst,Finance,N/A,N/A,"ExampleView 27"" QHD Monitor","ExampleView 27"" QHD Monitor",SN-LQTWVB8E,6/26/2023,1/1/2026,"37,155.00","3,650.00",SYNTHETIC-ACCOUNTABILITY-EMP-0224.pdf,PO-SYN-500223,"SMITH, INDIGO",Placeholder Hardware Inc.,
EMP-0225,900224,MON-200224,mon-200224,02:00:00:52:251:115,"DOE, SAWYER",Available,July,2022,6/25/2022,Team Lead,Product,N/A,N/A,"ExampleView 27"" QHD Monitor","ExampleView 27"" QHD Monitor",SN-TNDBSZ7Y,3/14/2022,1/1/2025,"59,967.00","3,079.00",SYNTHETIC-ACCOUNTABILITY-EMP-0225.pdf,PO-SYN-500224,"DOE, SAWYER",Placeholder Hardware Inc.,
EMP-0226,900225,MON-200225,mon-200225,02:00:00:45:24:240,"TESTER, NOEL",Deployed,September,2024,7/21/2025,Account Manager,Product,N/A,N/A,"ExampleView 27"" QHD Monitor","ExampleView 27"" QHD Monitor",SN-LNZ1EPT1,1/9/2021,1/1/2024,"78,440.00","4,753.00",SYNTHETIC-ACCOUNTABILITY-EMP-0226.pdf,PO-SYN-500225,"TESTER, NOEL",Sample Supplier Ltd.,
EMP-0227,900226,LT-100226,lt-100226,02:00:00:47:49:219,"JOHNSON, OAKLEY",Deployed,February,2022,9/2/2026,Team Lead,Product,Windows 11 Home,Office,"ExampleBook Pro 14 (i5, 16GB, 512GB SSD)","ExampleBook Pro 14 (i5, 16GB, 512GB SSD)",SYN-N81D96ZC,6/8/2021,1/1/2024,"92,742.00","3,692.00",SYNTHETIC-ACCOUNTABILITY-EMP-0227.pdf,PO-SYN-500226,"JOHNSON, OAKLEY",Example Vendor Co.,
EMP-0228,900227,LT-100227,lt-100227,02:00:00:97:128:153,"CLARK, OAKLEY",Available,August,2026,7/17/2023,Software Engineer,Human Resources,Windows 11 Home,Office,"ExampleBook Air 13 (i7, 8GB, 256GB SSD)","ExampleBook Air 13 (i7, 8GB, 256GB SSD)",SYN-H62NH88U,5/2/2021,1/1/2024,"82,850.00","2,765.00",SYNTHETIC-ACCOUNTABILITY-EMP-0228.pdf,PO-SYN-500227,"CLARK, OAKLEY",Placeholder Hardware Inc.,
EMP-0229,900228,MON-200228,mon-200228,02:00:00:84:74:130,"SMITH, ELLIS",In Repair,September,2023,4/18/2025,Support Analyst,Operations,N/A,N/A,"ExampleView 27"" QHD Monitor","ExampleView 27"" QHD Monitor",SN-0NSCRGRQ,4/24/2021,1/1/2024,"42,495.00","3,574.00",SYNTHETIC-ACCOUNTABILITY-EMP-0229.pdf,PO-SYN-500228,"SMITH, ELLIS",Placeholder Hardware Inc.,
EMP-0230,900229,LT-100229,lt-100229,02:00:00:175:170:187,"SAMPLE, GRAY",Deployed,December,2025,10/1/2022,Support Analyst,Marketing,Windows 11 Home,Office,"ExampleBook Pro 14 (i5, 16GB, 512GB SSD)","ExampleBook Pro 14 (i5, 16GB, 512GB SSD)",SYN-USYXYTLU,6/27/2022,1/1/2025,"31,902.00","3,490.00",SYNTHETIC-ACCOUNTABILITY-EMP-0230.pdf,PO-SYN-500229,"SAMPLE, GRAY",Placeholder Hardware Inc.,
EMP-0231,900230,LT-100230,lt-100230,02:00:00:226:143:205,"MILLER, FRANKIE",Available,June,2022,6/15/2022,Support Analyst,Finance,Windows 11 Home,Office,"ExampleBook Air 13 (i7, 8GB, 256GB SSD)","ExampleBook Air 13 (i7, 8GB, 256GB SSD)",SYN-NTKPCH5S,2/9/2023,1/1/2026,"66,847.00","1,610.00",SYNTHETIC-ACCOUNTABILITY-EMP-0231.pdf,PO-SYN-500230,"MILLER, FRANKIE",Placeholder Hardware Inc.,
EMP-0232,900231,MON-200231,mon-200231,02:00:00:122:222:80,"DOE, ALEX",Available,June,2024,6/3/2026,Team Lead,Finance,N/A,N/A,"ExampleView 27"" QHD Monitor","ExampleView 27"" QHD Monitor",SN-TC3DH6AZ,10/14/2025,1/1/2028,"35,515.00","4,239.00",SYNTHETIC-ACCOUNTABILITY-EMP-0232.pdf,PO-SYN-500231,"DOE, ALEX",Placeholder Hardware Inc.,
EMP-0233,900232,LT-100232,lt-100232,02:00:00:188:185:157,"DOE, ALEX",Deployed,October,2026,7/25/2025,Team Lead,Human Resources,Windows 11 Pro,Office,"ExampleBook Pro 14 (i5, 16GB, 512GB SSD)","ExampleBook Pro 14 (i5, 16GB, 512GB SSD)",SYN-8AGAEEA5,12/10/2025,1/1/2028,"79,845.00","3,745.00",SYNTHETIC-ACCOUNTABILITY-EMP-0233.pdf,PO-SYN-500232,"DOE, ALEX",Placeholder Hardware Inc.,
EMP-0234,900233,LT-100233,lt-100233,02:00:00:174:102:62,"SAMPLE, CASEY",Deployed,December,2025,10/9/2022,Team Lead,Customer Support,Windows 11 Home,Office,"ExamplePad 11 Tablet (8GB, 128GB)","ExamplePad 11 Tablet (8GB, 128GB)",SYN-0DDRNMDZ,6/17/2025,1/1/2028,"57,407.00","2,923.00",SYNTHETIC-ACCOUNTABILITY-EMP-0234.pdf,PO-SYN-500233,"SAMPLE, CASEY",Sample Supplier Ltd.,
EMP-0235,900234,LT-100234,lt-100234,02:00:00:81:183:84,"MILLER, PARKER",Deployed,February,2023,12/22/2023,Team Lead,Customer Support,Windows 10 Pro,Office,"ExampleBook Pro 14 (i5, 16GB, 512GB SSD)","ExampleBook Pro 14 (i5, 16GB, 512GB SSD)",SYN-CQGUC6D9,2/15/2021,1/1/2024,"40,952.00","2,149.00",SYNTHETIC-ACCOUNTABILITY-EMP-0235.pdf,PO-SYN-500234,"MILLER, PARKER",Example Vendor Co.,
EMP-0236,900235,MON-200235,mon-200235,02:00:00:08:10:77,"TESTER, DANA",In Repair,July,2026,12/5/2022,Team Lead,Finance,N/A,N/A,"ExampleView 24"" IPS Monitor","ExampleView 24"" IPS Monitor",SN-MTL9XTKD,5/15/2024,1/1/2027,"31,285.00","4,569.00",SYNTHETIC-ACCOUNTABILITY-EMP-0236.pdf,PO-SYN-500235,"TESTER, DANA",Demo Distributor Inc.,
EMP-0237,900236,LT-100236,lt-100236,02:00:00:68:142:215,"BROWN, NOEL",Available,March,2026,4/13/2024,Systems Engineer,Product,Windows 11 Home,Office,"ExamplePad 11 Tablet (8GB, 128GB)","ExamplePad 11 Tablet (8GB, 128GB)",SYN-VGZB52GB,5/25/2025,1/1/2028,"35,847.00","3,144.00",SYNTHETIC-ACCOUNTABILITY-EMP-0237.pdf,PO-SYN-500236,"BROWN, NOEL",Demo Distributor Inc.,
EMP-0238,900237,LT-100237,lt-100237,02:00:00:131:125:75,"SAMPLE, OAKLEY",Available,April,2022,1/9/2023,Team Lead,Marketing,Windows 10 Pro,Office,"ExamplePad 11 Tablet (8GB, 128GB)","ExamplePad 11 Tablet (8GB, 128GB)",SYN-6QKFHPJ3,4/21/2025,1/1/2028,"92,902.00","2,993.00",SYNTHETIC-ACCOUNTABILITY-EMP-0238.pdf,PO-SYN-500237,"SAMPLE, OAKLEY",Demo Distributor Inc.,
EMP-0239,900238,LT-100238,lt-100238,02:00:00:190:234:25,"BROWN, CASEY",Deployed,August,2024,5/1/2025,Operations Specialist,Operations,Windows 11 Pro,Office,"ExampleBook Air 13 (i7, 8GB, 256GB SSD)","ExampleBook Air 13 (i7, 8GB, 256GB SSD)",SYN-B255NU0V,5/14/2022,1/1/2025,"32,023.00","4,422.00",SYNTHETIC-ACCOUNTABILITY-EMP-0239.pdf,PO-SYN-500238,"BROWN, CASEY",Example Vendor Co.,
EMP-0240,900239,LT-100239,lt-100239,02:00:00:70:225:195,"JOHNSON, LEE",Deployed,January,2024,1/14/2023,Team Lead,Human Resources,Windows 11 Pro,Office,"ExampleBook Pro 14 (i5, 16GB, 512GB SSD)","ExampleBook Pro 14 (i5, 16GB, 512GB SSD)",SYN-GJFS7B3D,11/1/2023,1/1/2026,"70,818.00","1,784.00",SYNTHETIC-ACCOUNTABILITY-EMP-0240.pdf,PO-SYN-500239,"JOHNSON, LEE",Sample Supplier Ltd.,
EMP-0241,900240,LT-100240,lt-100240,02:00:00:245:252:227,"MILLER, GRAY",In Repair,January,2024,11/11/2023,Support Analyst,Operations,Windows 11 Pro,Office,"ExampleBook Pro 14 (i5, 16GB, 512GB SSD)","ExampleBook Pro 14 (i5, 16GB, 512GB SSD)",SYN-JFJFH30R,4/7/2021,1/1/2024,"49,376.00","1,832.00",SYNTHETIC-ACCOUNTABILITY-EMP-0241.pdf,PO-SYN-500240,"MILLER, GRAY",Demo Distributor Inc.,
EMP-0242,900241,LT-100241,lt-100241,02:00:00:229:11:09,"BROWN, FRANKIE",Unreturned Asset,September,2021,2/28/2023,Systems Engineer,Field Services,Windows 11 Home,Office,"ExampleStation 15 (i5, 16GB, 1TB HDD)","ExampleStation 15 (i5, 16GB, 1TB HDD)",SYN-QCR931YF,5/23/2022,1/1/2025,"66,845.00","2,471.00",SYNTHETIC-ACCOUNTABILITY-EMP-0242.pdf,PO-SYN-500241,"BROWN, FRANKIE",Demo Distributor Inc.,
EMP-0243,900242,MON-200242,mon-200242,02:00:00:245:209:158,"BROWN, FRANKIE",In Repair,December,2021,6/1/2025,Operations Specialist,Operations,N/A,N/A,"ExampleView 24"" IPS Monitor","ExampleView 24"" IPS Monitor",SN-XV53CXZ7,12/28/2021,1/1/2024,"60,094.00","3,249.00",SYNTHETIC-ACCOUNTABILITY-EMP-0243.pdf,PO-SYN-500242,"BROWN, FRANKIE",Sample Supplier Ltd.,
EMP-0244,900243,LT-100243,lt-100243,02:00:00:150:197:67,"PLACEHOLDER, BLAIR",Deployed,September,2024,6/10/2023,Account Manager,Engineering,Windows 10 Pro,Office,"ExampleBook Air 13 (i7, 8GB, 256GB SSD)","ExampleBook Air 13 (i7, 8GB, 256GB SSD)",SYN-4TKLYMXH,1/23/2022,1/1/2025,"56,806.00","3,736.00",SYNTHETIC-ACCOUNTABILITY-EMP-0244.pdf,PO-SYN-500243,"PLACEHOLDER, BLAIR",Sample Supplier Ltd.,
EMP-0245,900244,LT-100244,lt-100244,02:00:00:204:36:60,"PLACEHOLDER, TATUM",Deployed,April,2023,9/18/2022,Software Engineer,Marketing,Windows 11 Home,Office,"ExampleStation 15 (i5, 16GB, 1TB HDD)","ExampleStation 15 (i5, 16GB, 1TB HDD)",SYN-SUQFB4SV,5/6/2025,1/1/2028,"89,838.00","2,316.00",SYNTHETIC-ACCOUNTABILITY-EMP-0245.pdf,PO-SYN-500244,"PLACEHOLDER, TATUM",Demo Distributor Inc.,
EMP-0246,900245,LT-100245,lt-100245,02:00:00:55:253:38,"DOE, OAKLEY",Deployed,October,2023,4/8/2025,Account Manager,Product,Windows 11 Home,Office,"ExamplePad 11 Tablet (8GB, 128GB)","ExamplePad 11 Tablet (8GB, 128GB)",SYN-DNTKG57Z,9/10/2024,1/1/2027,"28,679.00","4,399.00",SYNTHETIC-ACCOUNTABILITY-EMP-0246.pdf,PO-SYN-500245,"DOE, OAKLEY",Example Vendor Co.,
EMP-0247,900246,LT-100246,lt-100246,02:00:00:87:232:115,"PLACEHOLDER, JAMIE",In Repair,September,2025,7/2/2024,Systems Engineer,Product,Windows 10 Pro,Office,"ExampleStation 15 (i5, 16GB, 1TB HDD)","ExampleStation 15 (i5, 16GB, 1TB HDD)",SYN-ZLXVK8L3,12/7/2024,1/1/2027,"63,467.00","1,634.00",SYNTHETIC-ACCOUNTABILITY-EMP-0247.pdf,PO-SYN-500246,"PLACEHOLDER, JAMIE",Example Vendor Co.,
EMP-0248,900247,LT-100247,lt-100247,02:00:00:163:105:118,"PLACEHOLDER, INDIGO",Available,May,2025,12/10/2022,Systems Engineer,Customer Support,Windows 11 Home,Office,"ExampleBook Pro 14 (i5, 16GB, 512GB SSD)","ExampleBook Pro 14 (i5, 16GB, 512GB SSD)",SYN-S96XH12U,12/16/2024,1/1/2027,"29,186.00","1,462.00",SYNTHETIC-ACCOUNTABILITY-EMP-0248.pdf,PO-SYN-500247,"PLACEHOLDER, INDIGO",Demo Distributor Inc.,
EMP-0249,900248,MON-200248,mon-200248,02:00:00:247:19:75,"MILLER, GRAY",In Repair,December,2025,10/11/2023,Systems Engineer,Customer Support,N/A,N/A,"ExampleView 27"" QHD Monitor","ExampleView 27"" QHD Monitor",SN-XC08MT4K,3/9/2023,1/1/2026,"55,722.00","1,587.00",SYNTHETIC-ACCOUNTABILITY-EMP-0249.pdf,PO-SYN-500248,"MILLER, GRAY",Example Vendor Co.,
EMP-0250,900249,LT-100249,lt-100249,02:00:00:77:58:141,"WILLIAMS, DANA",Deployed,November,2022,6/16/2022,Software Engineer,Operations,Windows 10 Pro,Office,"ExamplePad 11 Tablet (8GB, 128GB)","ExamplePad 11 Tablet (8GB, 128GB)",SYN-78C9P7LY,5/24/2025,1/1/2028,"70,309.00","4,448.00",SYNTHETIC-ACCOUNTABILITY-EMP-0250.pdf,PO-SYN-500249,"WILLIAMS, DANA",Demo Distributor Inc.,
EMP-0251,900250,LT-100250,lt-100250,02:00:00:252:253:25,"JOHNSON, TATUM",Deployed,January,2021,7/26/2022,Account Manager,Human Resources,Windows 11 Home,Office,"ExamplePad 11 Tablet (8GB, 128GB)","ExamplePad 11 Tablet (8GB, 128GB)",SYN-UAE0B3J5,5/1/2025,1/1/2028,"28,374.00","3,257.00",SYNTHETIC-ACCOUNTABILITY-EMP-0251.pdf,PO-SYN-500250,"JOHNSON, TATUM",Sample Supplier Ltd.,
EMP-0252,900251,MON-200251,mon-200251,02:00:00:163:85:34,"SAMPLE, ELLIS",Deployed,November,2024,11/19/2025,Operations Specialist,Field Services,N/A,N/A,"ExampleView 24"" IPS Monitor","ExampleView 24"" IPS Monitor",SN-XKCYVN0E,4/15/2023,1/1/2026,"46,662.00","4,156.00",SYNTHETIC-ACCOUNTABILITY-EMP-0252.pdf,PO-SYN-500251,"SAMPLE, ELLIS",Demo Distributor Inc.,
EMP-0253,900252,MON-200252,mon-200252,02:00:00:94:167:48,"WILLIAMS, OAKLEY",Deployed,May,2024,6/14/2025,Team Lead,Operations,N/A,N/A,"ExampleView 24"" IPS Monitor","ExampleView 24"" IPS Monitor",SN-AJCAH2TL,3/8/2021,1/1/2024,"82,885.00","2,135.00",SYNTHETIC-ACCOUNTABILITY-EMP-0253.pdf,PO-SYN-500252,"WILLIAMS, OAKLEY",Example Vendor Co.,
EMP-0254,900253,LT-100253,lt-100253,02:00:00:202:229:151,"SAMPLE, TATUM",Deployed,July,2026,5/10/2022,Software Engineer,Marketing,Windows 11 Home,Office,"ExampleBook Air 13 (i7, 8GB, 256GB SSD)","ExampleBook Air 13 (i7, 8GB, 256GB SSD)",SYN-QK8U8M51,4/5/2021,1/1/2024,"61,599.00","3,350.00",SYNTHETIC-ACCOUNTABILITY-EMP-0254.pdf,PO-SYN-500253,"SAMPLE, TATUM",Demo Distributor Inc.,
EMP-0255,900254,MON-200254,mon-200254,02:00:00:18:172:123,"WILLIAMS, TATUM",Deployed,July,2026,9/2/2022,Operations Specialist,Marketing,N/A,N/A,"ExampleView 24"" IPS Monitor","ExampleView 24"" IPS Monitor",SN-5PBLERCE,9/4/2022,1/1/2025,"73,099.00","1,836.00",SYNTHETIC-ACCOUNTABILITY-EMP-0255.pdf,PO-SYN-500254,"WILLIAMS, TATUM",Demo Distributor Inc.,
EMP-0256,900255,LT-100255,lt-100255,02:00:00:171:90:159,"WILLIAMS, DANA",Available,January,2025,8/28/2024,Team Lead,Marketing,Windows 10 Pro,Office,"ExamplePad 11 Tablet (8GB, 128GB)","ExamplePad 11 Tablet (8GB, 128GB)",SYN-HCP7MFFX,6/16/2022,1/1/2025,"81,567.00","2,609.00",SYNTHETIC-ACCOUNTABILITY-EMP-0256.pdf,PO-SYN-500255,"WILLIAMS, DANA",Placeholder Hardware Inc.,
EMP-0257,900256,LT-100256,lt-100256,02:00:00:95:47:111,"JOHNSON, BLAIR",Deployed,December,2026,11/6/2022,Account Manager,Field Services,Windows 11 Pro,Office,"ExampleBook Air 13 (i7, 8GB, 256GB SSD)","ExampleBook Air 13 (i7, 8GB, 256GB SSD)",SYN-GEMJZ0TN,4/7/2025,1/1/2028,"85,128.00","3,536.00",SYNTHETIC-ACCOUNTABILITY-EMP-0257.pdf,PO-SYN-500256,"JOHNSON, BLAIR",Demo Distributor Inc.,
EMP-0258,900257,LT-100257,lt-100257,02:00:00:88:31:12,"PLACEHOLDER, JAMIE",In Repair,February,2024,10/2/2025,Software Engineer,Product,Windows 11 Pro,Office,"ExampleBook Air 13 (i7, 8GB, 256GB SSD)","ExampleBook Air 13 (i7, 8GB, 256GB SSD)",SYN-E6VH230V,1/3/2022,1/1/2025,"33,425.00","3,214.00",SYNTHETIC-ACCOUNTABILITY-EMP-0258.pdf,PO-SYN-500257,"PLACEHOLDER, JAMIE",Sample Supplier Ltd.,
EMP-0259,900258,LT-100258,lt-100258,02:00:00:07:12:61,"BROWN, KAI",Deployed,July,2024,1/2/2026,Team Lead,Engineering,Windows 11 Home,Office,"ExamplePad 11 Tablet (8GB, 128GB)","ExamplePad 11 Tablet (8GB, 128GB)",SYN-VC0EURV0,7/18/2022,1/1/2025,"74,956.00","1,336.00",SYNTHETIC-ACCOUNTABILITY-EMP-0259.pdf,PO-SYN-500258,"BROWN, KAI",Placeholder Hardware Inc.,
EMP-0260,900259,MON-200259,mon-200259,02:00:00:210:59:41,"JOHNSON, BLAIR",Deployed,November,2021,6/4/2026,Account Manager,Customer Support,N/A,N/A,"ExampleView 24"" IPS Monitor","ExampleView 24"" IPS Monitor",SN-1GRYXYFE,9/19/2025,1/1/2028,"27,252.00","4,410.00",SYNTHETIC-ACCOUNTABILITY-EMP-0260.pdf,PO-SYN-500259,"JOHNSON, BLAIR",Placeholder Hardware Inc.,
EMP-0261,900260,LT-100260,lt-100260,02:00:00:104:241:158,"CLARK, OAKLEY",Deployed,October,2024,9/26/2026,Team Lead,Customer Support,Windows 11 Home,Office,"ExampleBook Air 13 (i7, 8GB, 256GB SSD)","ExampleBook Air 13 (i7, 8GB, 256GB SSD)",SYN-0LMJ3V1E,11/5/2024,1/1/2027,"41,817.00","3,985.00",SYNTHETIC-ACCOUNTABILITY-EMP-0261.pdf,PO-SYN-500260,"CLARK, OAKLEY",Example Vendor Co.,
EMP-0262,900261,LT-100261,lt-100261,02:00:00:132:01:208,"SAMPLE, CASEY",Deployed,March,2025,2/21/2022,Operations Specialist,Operations,Windows 10 Pro,Office,"ExamplePad 11 Tablet (8GB, 128GB)","ExamplePad 11 Tablet (8GB, 128GB)",SYN-P4KNH3AL,12/28/2025,1/1/2028,"72,199.00","4,354.00",SYNTHETIC-ACCOUNTABILITY-EMP-0262.pdf,PO-SYN-500261,"SAMPLE, CASEY",Example Vendor Co.,
EMP-0263,900262,LT-100262,lt-100262,02:00:00:07:246:98,"TESTER, JAMIE",Unreturned Asset,May,2023,6/27/2025,Team Lead,Operations,Windows 10 Pro,Office,"ExampleStation 15 (i5, 16GB, 1TB HDD)","ExampleStation 15 (i5, 16GB, 1TB HDD)",SYN-HEDGV7XX,10/19/2023,1/1/2026,"37,141.00","4,623.00",SYNTHETIC-ACCOUNTABILITY-EMP-0263.pdf,PO-SYN-500262,"TESTER, JAMIE",Demo Distributor Inc.,
EMP-0264,900263,LT-100263,lt-100263,02:00:00:166:220:56,"TESTER, INDIGO",In Repair,August,2026,12/19/2023,Account Manager,Engineering,Windows 11 Pro,Office,"ExampleStation 15 (i5, 16GB, 1TB HDD)","ExampleStation 15 (i5, 16GB, 1TB HDD)",SYN-2DW2RQ0E,7/2/2023,1/1/2026,"81,175.00","3,166.00",SYNTHETIC-ACCOUNTABILITY-EMP-0264.pdf,PO-SYN-500263,"TESTER, INDIGO",Placeholder Hardware Inc.,
EMP-0265,900264,LT-100264,lt-100264,02:00:00:103:141:220,"JOHNSON, OAKLEY",In Repair,January,2023,6/17/2026,Support Analyst,Operations,Windows 10 Pro,Office,"ExamplePad 11 Tablet (8GB, 128GB)","ExamplePad 11 Tablet (8GB, 128GB)",SYN-0YHMVKPN,2/15/2024,1/1/2027,"56,982.00","3,285.00",SYNTHETIC-ACCOUNTABILITY-EMP-0265.pdf,PO-SYN-500264,"JOHNSON, OAKLEY",Example Vendor Co.,
EMP-0266,900265,MON-200265,mon-200265,02:00:00:124:222:204,"SMITH, ELLIS",Deployed,November,2022,3/19/2026,Systems Engineer,Operations,N/A,N/A,"ExampleView 24"" IPS Monitor","ExampleView 24"" IPS Monitor",SN-D8D4C7RJ,3/20/2023,1/1/2026,"78,856.00","1,361.00",SYNTHETIC-ACCOUNTABILITY-EMP-0266.pdf,PO-SYN-500265,"SMITH, ELLIS",Example Vendor Co.,
EMP-0267,900266,MON-200266,mon-200266,02:00:00:23:45:210,"PLACEHOLDER, BLAIR",Unreturned Asset,December,2024,2/4/2023,Operations Specialist,Engineering,N/A,N/A,"ExampleView 24"" IPS Monitor","ExampleView 24"" IPS Monitor",SN-PFCRJTL6,8/2/2023,1/1/2026,"64,054.00","2,042.00",SYNTHETIC-ACCOUNTABILITY-EMP-0267.pdf,PO-SYN-500266,"PLACEHOLDER, BLAIR",Demo Distributor Inc.,
EMP-0268,900267,LT-100267,lt-100267,02:00:00:243:60:00,"DOE, JAMIE",Available,August,2022,1/28/2026,Systems Engineer,Product,Windows 11 Pro,Office,"ExampleBook Air 13 (i7, 8GB, 256GB SSD)","ExampleBook Air 13 (i7, 8GB, 256GB SSD)",SYN-A290C2NH,5/7/2021,1/1/2024,"74,993.00","1,778.00",SYNTHETIC-ACCOUNTABILITY-EMP-0268.pdf,PO-SYN-500267,"DOE, JAMIE",Sample Supplier Ltd.,
EMP-0269,900268,LT-100268,lt-100268,02:00:00:51:10:71,"SAMPLE, FRANKIE",Deployed,November,2021,9/26/2024,Systems Engineer,Marketing,Windows 11 Pro,Office,"ExampleBook Air 13 (i7, 8GB, 256GB SSD)","ExampleBook Air 13 (i7, 8GB, 256GB SSD)",SYN-K2K88GPX,4/21/2025,1/1/2028,"54,580.00","2,749.00",SYNTHETIC-ACCOUNTABILITY-EMP-0269.pdf,PO-SYN-500268,"SAMPLE, FRANKIE",Placeholder Hardware Inc.,
EMP-0270,900269,LT-100269,lt-100269,02:00:00:177:164:219,"CLARK, KAI",In Repair,June,2023,5/12/2026,Account Manager,Customer Support,Windows 11 Home,Office,"ExampleStation 15 (i5, 16GB, 1TB HDD)","ExampleStation 15 (i5, 16GB, 1TB HDD)",SYN-GUAQCFDB,7/26/2025,1/1/2028,"34,126.00","2,141.00",SYNTHETIC-ACCOUNTABILITY-EMP-0270.pdf,PO-SYN-500269,"CLARK, KAI",Example Vendor Co.,
EMP-0271,900270,MON-200270,mon-200270,02:00:00:55:57:18,"BROWN, KAI",Deployed,November,2021,3/19/2026,Systems Engineer,Operations,N/A,N/A,"ExampleView 24"" IPS Monitor","ExampleView 24"" IPS Monitor",SN-NA5KJHVN,11/18/2023,1/1/2026,"85,374.00","2,631.00",SYNTHETIC-ACCOUNTABILITY-EMP-0271.pdf,PO-SYN-500270,"BROWN, KAI",Demo Distributor Inc.,
EMP-0272,900271,LT-100271,lt-100271,02:00:00:114:223:141,"CLARK, REESE",Deployed,May,2023,8/19/2023,Systems Engineer,Marketing,Windows 11 Pro,Office,"ExamplePad 11 Tablet (8GB, 128GB)","ExamplePad 11 Tablet (8GB, 128GB)",SYN-EBY0BMU0,5/1/2024,1/1/2027,"93,590.00","2,102.00",SYNTHETIC-ACCOUNTABILITY-EMP-0272.pdf,PO-SYN-500271,"CLARK, REESE",Demo Distributor Inc.,
EMP-0273,900272,LT-100272,lt-100272,02:00:00:146:04:185,"BROWN, FRANKIE",Deployed,November,2024,12/10/2026,Operations Specialist,Field Services,Windows 11 Home,Office,"ExampleBook Air 13 (i7, 8GB, 256GB SSD)","ExampleBook Air 13 (i7, 8GB, 256GB SSD)",SYN-9765RRMX,7/2/2022,1/1/2025,"58,908.00","4,506.00",SYNTHETIC-ACCOUNTABILITY-EMP-0273.pdf,PO-SYN-500272,"BROWN, FRANKIE",Example Vendor Co.,
EMP-0274,900273,MON-200273,mon-200273,02:00:00:120:164:234,"SAMPLE, BLAIR",Deployed,July,2025,11/5/2024,Software Engineer,Marketing,N/A,N/A,"ExampleView 27"" QHD Monitor","ExampleView 27"" QHD Monitor",SN-UDLJUSJT,9/13/2023,1/1/2026,"62,677.00","4,256.00",SYNTHETIC-ACCOUNTABILITY-EMP-0274.pdf,PO-SYN-500273,"SAMPLE, BLAIR",Placeholder Hardware Inc.,
EMP-0275,900274,LT-100274,lt-100274,02:00:00:21:238:204,"TESTER, QUINN",In Repair,February,2023,7/25/2026,Team Lead,Operations,Windows 11 Pro,Office,"ExamplePad 11 Tablet (8GB, 128GB)","ExamplePad 11 Tablet (8GB, 128GB)",SYN-63WT5LLK,4/9/2022,1/1/2025,"48,395.00","3,761.00",SYNTHETIC-ACCOUNTABILITY-EMP-0275.pdf,PO-SYN-500274,"TESTER, QUINN",Demo Distributor Inc.,
EMP-0276,900275,LT-100275,lt-100275,02:00:00:249:139:149,"BROWN, FRANKIE",Deployed,September,2026,11/6/2024,Software Engineer,Finance,Windows 11 Home,Office,"ExampleBook Air 13 (i7, 8GB, 256GB SSD)","ExampleBook Air 13 (i7, 8GB, 256GB SSD)",SYN-AED90L3U,2/8/2024,1/1/2027,"49,035.00","2,293.00",SYNTHETIC-ACCOUNTABILITY-EMP-0276.pdf,PO-SYN-500275,"BROWN, FRANKIE",Placeholder Hardware Inc.,
EMP-0277,900276,MON-200276,mon-200276,02:00:00:215:94:254,"JOHNSON, PARKER",In Repair,March,2021,5/1/2023,Support Analyst,Human Resources,N/A,N/A,"ExampleView 24"" IPS Monitor","ExampleView 24"" IPS Monitor",SN-GJC6BMSU,12/18/2023,1/1/2026,"43,999.00","1,598.00",SYNTHETIC-ACCOUNTABILITY-EMP-0277.pdf,PO-SYN-500276,"JOHNSON, PARKER",Placeholder Hardware Inc.,
EMP-0278,900277,LT-100277,lt-100277,02:00:00:119:154:185,"SAMPLE, DANA",Deployed,July,2021,2/15/2025,Team Lead,Field Services,Windows 10 Pro,Office,"ExampleStation 15 (i5, 16GB, 1TB HDD)","ExampleStation 15 (i5, 16GB, 1TB HDD)",SYN-L4TQ92U8,11/26/2022,1/1/2025,"48,597.00","3,847.00",SYNTHETIC-ACCOUNTABILITY-EMP-0278.pdf,PO-SYN-500277,"SAMPLE, DANA",Example Vendor Co.,
EMP-0279,900278,LT-100278,lt-100278,02:00:00:27:228:106,"PLACEHOLDER, PARKER",In Repair,June,2023,12/12/2025,Systems Engineer,Field Services,Windows 11 Pro,Office,"ExampleBook Pro 14 (i5, 16GB, 512GB SSD)","ExampleBook Pro 14 (i5, 16GB, 512GB SSD)",SYN-9HHM88NK,6/24/2024,1/1/2027,"46,898.00","1,959.00",SYNTHETIC-ACCOUNTABILITY-EMP-0279.pdf,PO-SYN-500278,"PLACEHOLDER, PARKER",Example Vendor Co.,
EMP-0280,900279,LT-100279,lt-100279,02:00:00:184:171:240,"TESTER, REESE",Deployed,June,2022,2/20/2023,Systems Engineer,Product,Windows 11 Pro,Office,"ExampleBook Air 13 (i7, 8GB, 256GB SSD)","ExampleBook Air 13 (i7, 8GB, 256GB SSD)",SYN-F5K0QWQF,2/11/2022,1/1/2025,"60,402.00","2,440.00",SYNTHETIC-ACCOUNTABILITY-EMP-0280.pdf,PO-SYN-500279,"TESTER, REESE",Demo Distributor Inc.,
EMP-0281,900280,LT-100280,lt-100280,02:00:00:61:187:211,"TESTER, PARKER",In Repair,May,2021,6/21/2024,Team Lead,Customer Support,Windows 10 Pro,Office,"ExamplePad 11 Tablet (8GB, 128GB)","ExamplePad 11 Tablet (8GB, 128GB)",SYN-6CJ4AZV0,9/5/2021,1/1/2024,"83,240.00","2,167.00",SYNTHETIC-ACCOUNTABILITY-EMP-0281.pdf,PO-SYN-500280,"TESTER, PARKER",Sample Supplier Ltd.,
EMP-0282,900281,LT-100281,lt-100281,02:00:00:220:141:200,"WILLIAMS, PARKER",Deployed,June,2021,11/20/2024,Software Engineer,Field Services,Windows 11 Home,Office,"ExampleStation 15 (i5, 16GB, 1TB HDD)","ExampleStation 15 (i5, 16GB, 1TB HDD)",SYN-FCRLNCBZ,12/28/2025,1/1/2028,"93,698.00","3,383.00",SYNTHETIC-ACCOUNTABILITY-EMP-0282.pdf,PO-SYN-500281,"WILLIAMS, PARKER",Placeholder Hardware Inc.,
EMP-0283,900282,LT-100282,lt-100282,02:00:00:79:237:65,"PLACEHOLDER, FRANKIE",Deployed,August,2026,9/19/2022,Account Manager,Human Resources,Windows 11 Pro,Office,"ExamplePad 11 Tablet (8GB, 128GB)","ExamplePad 11 Tablet (8GB, 128GB)",SYN-VJBACED4,4/7/2025,1/1/2028,"91,868.00","2,540.00",SYNTHETIC-ACCOUNTABILITY-EMP-0283.pdf,PO-SYN-500282,"PLACEHOLDER, FRANKIE",Demo Distributor Inc.,
EMP-0284,900283,MON-200283,mon-200283,02:00:00:211:160:42,"TESTER, FRANKIE",Unreturned Asset,April,2023,11/26/2026,Operations Specialist,Operations,N/A,N/A,"ExampleView 27"" QHD Monitor","ExampleView 27"" QHD Monitor",SN-AC8PF1K5,10/3/2024,1/1/2027,"71,221.00","1,357.00",SYNTHETIC-ACCOUNTABILITY-EMP-0284.pdf,PO-SYN-500283,"TESTER, FRANKIE",Example Vendor Co.,
EMP-0285,900284,LT-100284,lt-100284,02:00:00:50:23:120,"TESTER, INDIGO",In Repair,February,2021,7/9/2022,Support Analyst,Finance,Windows 10 Pro,Office,"ExampleBook Air 13 (i7, 8GB, 256GB SSD)","ExampleBook Air 13 (i7, 8GB, 256GB SSD)",SYN-4TVMZ0JD,8/27/2022,1/1/2025,"38,557.00","2,238.00",SYNTHETIC-ACCOUNTABILITY-EMP-0285.pdf,PO-SYN-500284,"TESTER, INDIGO",Sample Supplier Ltd.,
EMP-0286,900285,LT-100285,lt-100285,02:00:00:207:201:178,"DOE, LEE",Available,May,2025,2/2/2023,Software Engineer,Finance,Windows 11 Pro,Office,"ExamplePad 11 Tablet (8GB, 128GB)","ExamplePad 11 Tablet (8GB, 128GB)",SYN-R17E78J2,3/18/2023,1/1/2026,"51,983.00","2,288.00",SYNTHETIC-ACCOUNTABILITY-EMP-0286.pdf,PO-SYN-500285,"DOE, LEE",Demo Distributor Inc.,
EMP-0287,900286,MON-200286,mon-200286,02:00:00:252:66:63,"SAMPLE, PARKER",In Repair,April,2023,10/11/2022,Software Engineer,Human Resources,N/A,N/A,"ExampleView 24"" IPS Monitor","ExampleView 24"" IPS Monitor",SN-F5TBPCRM,12/28/2025,1/1/2028,"51,672.00","4,216.00",SYNTHETIC-ACCOUNTABILITY-EMP-0287.pdf,PO-SYN-500286,"SAMPLE, PARKER",Example Vendor Co.,
EMP-0288,900287,LT-100287,lt-100287,02:00:00:243:223:162,"TESTER, JAMIE",In Repair,November,2024,1/3/2025,Software Engineer,Operations,Windows 10 Pro,Office,"ExampleBook Pro 14 (i5, 16GB, 512GB SSD)","ExampleBook Pro 14 (i5, 16GB, 512GB SSD)",SYN-132ET3D8,10/15/2025,1/1/2028,"64,183.00","2,308.00",SYNTHETIC-ACCOUNTABILITY-EMP-0288.pdf,PO-SYN-500287,"TESTER, JAMIE",Demo Distributor Inc.,
EMP-0289,900288,LT-100288,lt-100288,02:00:00:48:161:169,"MILLER, PARKER",Unreturned Asset,February,2024,4/4/2023,Team Lead,Product,Windows 11 Home,Office,"ExampleBook Pro 14 (i5, 16GB, 512GB SSD)","ExampleBook Pro 14 (i5, 16GB, 512GB SSD)",SYN-GY8MMYM8,1/22/2021,1/1/2024,"50,595.00","3,697.00",SYNTHETIC-ACCOUNTABILITY-EMP-0289.pdf,PO-SYN-500288,"MILLER, PARKER",Demo Distributor Inc.,
EMP-0290,900289,LT-100289,lt-100289,02:00:00:227:136:236,"DOE, KAI",In Repair,October,2025,9/18/2026,Systems Engineer,Field Services,Windows 10 Pro,Office,"ExamplePad 11 Tablet (8GB, 128GB)","ExamplePad 11 Tablet (8GB, 128GB)",SYN-7PWF7WGD,5/17/2024,1/1/2027,"92,674.00","2,491.00",SYNTHETIC-ACCOUNTABILITY-EMP-0290.pdf,PO-SYN-500289,"DOE, KAI",Demo Distributor Inc.,
EMP-0291,900290,LT-100290,lt-100290,02:00:00:175:251:205,"CLARK, MORGAN",Unreturned Asset,December,2022,8/17/2024,Systems Engineer,Product,Windows 10 Pro,Office,"ExampleBook Air 13 (i7, 8GB, 256GB SSD)","ExampleBook Air 13 (i7, 8GB, 256GB SSD)",SYN-0W2Y2LJ8,7/3/2024,1/1/2027,"71,998.00","1,603.00",SYNTHETIC-ACCOUNTABILITY-EMP-0291.pdf,PO-SYN-500290,"CLARK, MORGAN",Example Vendor Co.,
EMP-0292,900291,LT-100291,lt-100291,02:00:00:110:209:220,"BROWN, KAI",Deployed,June,2026,6/22/2025,Account Manager,Engineering,Windows 11 Pro,Office,"ExampleBook Pro 14 (i5, 16GB, 512GB SSD)","ExampleBook Pro 14 (i5, 16GB, 512GB SSD)",SYN-AFWA8PWN,10/3/2024,1/1/2027,"65,699.00","4,630.00",SYNTHETIC-ACCOUNTABILITY-EMP-0292.pdf,PO-SYN-500291,"BROWN, KAI",Placeholder Hardware Inc.,
EMP-0293,900292,LT-100292,lt-100292,02:00:00:129:82:180,"JOHNSON, MORGAN",Deployed,September,2021,11/4/2023,Operations Specialist,Finance,Windows 11 Pro,Office,"ExamplePad 11 Tablet (8GB, 128GB)","ExamplePad 11 Tablet (8GB, 128GB)",SYN-RZKQWVLJ,7/3/2021,1/1/2024,"75,261.00","1,812.00",SYNTHETIC-ACCOUNTABILITY-EMP-0293.pdf,PO-SYN-500292,"JOHNSON, MORGAN",Sample Supplier Ltd.,
EMP-0294,900293,LT-100293,lt-100293,02:00:00:188:67:255,"PLACEHOLDER, TATUM",Available,August,2026,10/24/2025,Team Lead,Marketing,Windows 11 Pro,Office,"ExampleBook Pro 14 (i5, 16GB, 512GB SSD)","ExampleBook Pro 14 (i5, 16GB, 512GB SSD)",SYN-WYRGY5EG,2/27/2022,1/1/2025,"31,938.00","1,468.00",SYNTHETIC-ACCOUNTABILITY-EMP-0294.pdf,PO-SYN-500293,"PLACEHOLDER, TATUM",Example Vendor Co.,
EMP-0295,900294,LT-100294,lt-100294,02:00:00:118:89:96,"BROWN, KAI",Deployed,September,2021,4/19/2024,Account Manager,Human Resources,Windows 10 Pro,Office,"ExamplePad 11 Tablet (8GB, 128GB)","ExamplePad 11 Tablet (8GB, 128GB)",SYN-WJH0N45S,12/10/2023,1/1/2026,"84,502.00","2,555.00",SYNTHETIC-ACCOUNTABILITY-EMP-0295.pdf,PO-SYN-500294,"BROWN, KAI",Demo Distributor Inc.,
EMP-0296,900295,LT-100295,lt-100295,02:00:00:64:128:215,"WILLIAMS, LEE",Deployed,April,2022,6/9/2025,Team Lead,Field Services,Windows 11 Home,Office,"ExampleStation 15 (i5, 16GB, 1TB HDD)","ExampleStation 15 (i5, 16GB, 1TB HDD)",SYN-BMXR6H1R,12/27/2024,1/1/2027,"93,818.00","1,833.00",SYNTHETIC-ACCOUNTABILITY-EMP-0296.pdf,PO-SYN-500295,"WILLIAMS, LEE",Demo Distributor Inc.,
EMP-0297,900296,LT-100296,lt-100296,02:00:00:210:112:206,"TESTER, OAKLEY",In Repair,March,2026,9/9/2025,Account Manager,Marketing,Windows 10 Pro,Office,"ExampleStation 15 (i5, 16GB, 1TB HDD)","ExampleStation 15 (i5, 16GB, 1TB HDD)",SYN-S8T37YYB,11/2/2021,1/1/2024,"91,456.00","4,274.00",SYNTHETIC-ACCOUNTABILITY-EMP-0297.pdf,PO-SYN-500296,"TESTER, OAKLEY",Demo Distributor Inc.,
EMP-0298,900297,LT-100297,lt-100297,02:00:00:215:187:154,"MILLER, BLAIR",Unreturned Asset,December,2025,7/10/2025,Operations Specialist,Operations,Windows 10 Pro,Office,"ExamplePad 11 Tablet (8GB, 128GB)","ExamplePad 11 Tablet (8GB, 128GB)",SYN-WUFH5ZRN,9/25/2022,1/1/2025,"90,384.00","1,555.00",SYNTHETIC-ACCOUNTABILITY-EMP-0298.pdf,PO-SYN-500297,"MILLER, BLAIR",Example Vendor Co.,
EMP-0299,900298,LT-100298,lt-100298,02:00:00:10:147:157,"BROWN, NOEL",Unreturned Asset,August,2023,2/28/2022,Software Engineer,Operations,Windows 11 Pro,Office,"ExampleStation 15 (i5, 16GB, 1TB HDD)","ExampleStation 15 (i5, 16GB, 1TB HDD)",SYN-XH1EL10K,7/15/2022,1/1/2025,"70,162.00","1,657.00",SYNTHETIC-ACCOUNTABILITY-EMP-0299.pdf,PO-SYN-500298,"BROWN, NOEL",Demo Distributor Inc.,
EMP-0300,900299,LT-100299,lt-100299,02:00:00:118:33:165,"BROWN, REESE",Unreturned Asset,May,2026,11/3/2026,Account Manager,Human Resources,Windows 11 Pro,Office,"ExampleBook Pro 14 (i5, 16GB, 512GB SSD)","ExampleBook Pro 14 (i5, 16GB, 512GB SSD)",SYN-2QLTMXG0,6/22/2021,1/1/2024,"65,584.00","1,926.00",SYNTHETIC-ACCOUNTABILITY-EMP-0300.pdf,PO-SYN-500299,"BROWN, REESE",Sample Supplier Ltd.,
EMP-0301,900300,LT-100300,lt-100300,02:00:00:151:123:07,"TESTER, MORGAN",Available,June,2023,10/5/2023,Systems Engineer,Marketing,Windows 11 Pro,Office,"ExampleBook Air 13 (i7, 8GB, 256GB SSD)","ExampleBook Air 13 (i7, 8GB, 256GB SSD)",SYN-B9LTE6QJ,8/22/2021,1/1/2024,"77,738.00","4,625.00",SYNTHETIC-ACCOUNTABILITY-EMP-0301.pdf,PO-SYN-500300,"TESTER, MORGAN",Demo Distributor Inc.,
EMP-0302,900301,LT-100301,lt-100301,02:00:00:104:218:225,"BROWN, ALEX",Unreturned Asset,December,2025,6/8/2025,Support Analyst,Customer Support,Windows 11 Pro,Office,"ExampleBook Air 13 (i7, 8GB, 256GB SSD)","ExampleBook Air 13 (i7, 8GB, 256GB SSD)",SYN-CUEVQ094,10/1/2025,1/1/2028,"85,169.00","4,450.00",SYNTHETIC-ACCOUNTABILITY-EMP-0302.pdf,PO-SYN-500301,"BROWN, ALEX",Placeholder Hardware Inc.,
EMP-0303,900302,MON-200302,mon-200302,02:00:00:79:51:249,"MILLER, FRANKIE",In Repair,August,2022,5/20/2022,Team Lead,Customer Support,N/A,N/A,"ExampleView 24"" IPS Monitor","ExampleView 24"" IPS Monitor",SN-Z280202L,4/4/2023,1/1/2026,"64,743.00","2,864.00",SYNTHETIC-ACCOUNTABILITY-EMP-0303.pdf,PO-SYN-500302,"MILLER, FRANKIE",Placeholder Hardware Inc.,
EMP-0304,900303,LT-100303,lt-100303,02:00:00:213:50:162,"BROWN, HARPER",Deployed,July,2022,4/7/2023,Support Analyst,Customer Support,Windows 11 Pro,Office,"ExampleBook Pro 14 (i5, 16GB, 512GB SSD)","ExampleBook Pro 14 (i5, 16GB, 512GB SSD)",SYN-AGT0Z3DS,10/26/2024,1/1/2027,"94,797.00","3,530.00",SYNTHETIC-ACCOUNTABILITY-EMP-0304.pdf,PO-SYN-500303,"BROWN, HARPER",Sample Supplier Ltd.,
EMP-0305,900304,LT-100304,lt-100304,02:00:00:147:177:14,"BROWN, GRAY",Deployed,September,2026,5/28/2023,Support Analyst,Operations,Windows 11 Home,Office,"ExamplePad 11 Tablet (8GB, 128GB)","ExamplePad 11 Tablet (8GB, 128GB)",SYN-9LT5YNGW,8/1/2025,1/1/2028,"61,731.00","1,256.00",SYNTHETIC-ACCOUNTABILITY-EMP-0305.pdf,PO-SYN-500304,"BROWN, GRAY",Sample Supplier Ltd.,
EMP-0306,900305,MON-200305,mon-200305,02:00:00:49:242:142,"CLARK, KAI",Unreturned Asset,December,2021,10/21/2024,Operations Specialist,Marketing,N/A,N/A,"ExampleView 24"" IPS Monitor","ExampleView 24"" IPS Monitor",SN-R24WCV3W,2/24/2023,1/1/2026,"77,067.00","4,108.00",SYNTHETIC-ACCOUNTABILITY-EMP-0306.pdf,PO-SYN-500305,"CLARK, KAI",Placeholder Hardware Inc.,
EMP-0307,900306,LT-100306,lt-100306,02:00:00:13:242:122,"DOE, OAKLEY",Deployed,October,2026,12/20/2026,Operations Specialist,Customer Support,Windows 11 Home,Office,"ExampleStation 15 (i5, 16GB, 1TB HDD)","ExampleStation 15 (i5, 16GB, 1TB HDD)",SYN-3D37TC82,6/18/2022,1/1/2025,"53,501.00","3,089.00",SYNTHETIC-ACCOUNTABILITY-EMP-0307.pdf,PO-SYN-500306,"DOE, OAKLEY",Demo Distributor Inc.,
EMP-0308,900307,LT-100307,lt-100307,02:00:00:150:11:17,"BROWN, SAWYER",Deployed,April,2024,1/2/2023,Account Manager,Operations,Windows 10 Pro,Office,"ExampleStation 15 (i5, 16GB, 1TB HDD)","ExampleStation 15 (i5, 16GB, 1TB HDD)",SYN-EAY2JA4B,8/4/2022,1/1/2025,"68,831.00","1,423.00",SYNTHETIC-ACCOUNTABILITY-EMP-0308.pdf,PO-SYN-500307,"BROWN, SAWYER",Demo Distributor Inc.,
EMP-0309,900308,LT-100308,lt-100308,02:00:00:88:95:176,"SAMPLE, TATUM",Deployed,May,2026,12/26/2026,Systems Engineer,Operations,Windows 11 Home,Office,"ExampleStation 15 (i5, 16GB, 1TB HDD)","ExampleStation 15 (i5, 16GB, 1TB HDD)",SYN-Y30EP6SL,9/26/2022,1/1/2025,"68,071.00","2,667.00",SYNTHETIC-ACCOUNTABILITY-EMP-0309.pdf,PO-SYN-500308,"SAMPLE, TATUM",Sample Supplier Ltd.,
EMP-0310,900309,LT-100309,lt-100309,02:00:00:128:163:15,"SMITH, ALEX",Deployed,December,2024,5/24/2023,Account Manager,Customer Support,Windows 10 Pro,Office,"ExampleBook Pro 14 (i5, 16GB, 512GB SSD)","ExampleBook Pro 14 (i5, 16GB, 512GB SSD)",SYN-SMQUAHYD,1/12/2025,1/1/2028,"55,281.00","1,538.00",SYNTHETIC-ACCOUNTABILITY-EMP-0310.pdf,PO-SYN-500309,"SMITH, ALEX",Sample Supplier Ltd.,
EMP-0311,900310,LT-100310,lt-100310,02:00:00:127:201:16,"DOE, CASEY",In Repair,February,2023,4/25/2026,Operations Specialist,Marketing,Windows 11 Home,Office,"ExampleStation 15 (i5, 16GB, 1TB HDD)","ExampleStation 15 (i5, 16GB, 1TB HDD)",SYN-7YVFBJMF,2/11/2025,1/1/2028,"28,667.00","4,373.00",SYNTHETIC-ACCOUNTABILITY-EMP-0311.pdf,PO-SYN-500310,"DOE, CASEY",Placeholder Hardware Inc.,
EMP-0312,900311,LT-100311,lt-100311,02:00:00:217:133:156,"JOHNSON, KAI",Unreturned Asset,April,2026,12/12/2024,Operations Specialist,Product,Windows 10 Pro,Office,"ExampleStation 15 (i5, 16GB, 1TB HDD)","ExampleStation 15 (i5, 16GB, 1TB HDD)",SYN-PFTLFAZD,7/24/2022,1/1/2025,"67,223.00","4,266.00",SYNTHETIC-ACCOUNTABILITY-EMP-0312.pdf,PO-SYN-500311,"JOHNSON, KAI",Placeholder Hardware Inc.,
EMP-0313,900312,MON-200312,mon-200312,02:00:00:140:01:106,"PLACEHOLDER, ELLIS",Unreturned Asset,October,2023,12/17/2024,Systems Engineer,Finance,N/A,N/A,"ExampleView 27"" QHD Monitor","ExampleView 27"" QHD Monitor",SN-4WVWVGLB,8/3/2025,1/1/2028,"69,117.00","2,209.00",SYNTHETIC-ACCOUNTABILITY-EMP-0313.pdf,PO-SYN-500312,"PLACEHOLDER, ELLIS",Sample Supplier Ltd.,
EMP-0314,900313,LT-100313,lt-100313,02:00:00:167:249:105,"JOHNSON, DANA",Available,September,2022,10/15/2025,Account Manager,Customer Support,Windows 10 Pro,Office,"ExampleBook Air 13 (i7, 8GB, 256GB SSD)","ExampleBook Air 13 (i7, 8GB, 256GB SSD)",SYN-Z62K1A44,12/5/2023,1/1/2026,"61,557.00","3,433.00",SYNTHETIC-ACCOUNTABILITY-EMP-0314.pdf,PO-SYN-500313,"JOHNSON, DANA",Placeholder Hardware Inc.,
EMP-0315,900314,MON-200314,mon-200314,02:00:00:15:245:245,"DOE, REESE",Deployed,May,2021,12/20/2025,Support Analyst,Engineering,N/A,N/A,"ExampleView 27"" QHD Monitor","ExampleView 27"" QHD Monitor",SN-JVWTQT5P,7/1/2023,1/1/2026,"43,610.00","2,883.00",SYNTHETIC-ACCOUNTABILITY-EMP-0315.pdf,PO-SYN-500314,"DOE, REESE",Placeholder Hardware Inc.,
EMP-0316,900315,LT-100315,lt-100315,02:00:00:147:145:13,"PLACEHOLDER, JAMIE",Available,May,2023,1/17/2026,Systems Engineer,Operations,Windows 10 Pro,Office,"ExampleStation 15 (i5, 16GB, 1TB HDD)","ExampleStation 15 (i5, 16GB, 1TB HDD)",SYN-4T6HD003,3/25/2025,1/1/2028,"69,481.00","2,340.00",SYNTHETIC-ACCOUNTABILITY-EMP-0316.pdf,PO-SYN-500315,"PLACEHOLDER, JAMIE",Placeholder Hardware Inc.,
EMP-0317,900316,LT-100316,lt-100316,02:00:00:56:23:19,"DOE, REESE",In Repair,February,2023,2/8/2022,Support Analyst,Finance,Windows 11 Home,Office,"ExamplePad 11 Tablet (8GB, 128GB)","ExamplePad 11 Tablet (8GB, 128GB)",SYN-EY8Q27VD,11/16/2023,1/1/2026,"75,921.00","4,235.00",SYNTHETIC-ACCOUNTABILITY-EMP-0317.pdf,PO-SYN-500316,"DOE, REESE",Demo Distributor Inc.,
EMP-0318,900317,MON-200317,mon-200317,02:00:00:75:58:33,"TESTER, BLAIR",Deployed,June,2023,11/21/2022,Software Engineer,Engineering,N/A,N/A,"ExampleView 24"" IPS Monitor","ExampleView 24"" IPS Monitor",SN-Q2AHMRKP,11/10/2024,1/1/2027,"70,349.00","4,343.00",SYNTHETIC-ACCOUNTABILITY-EMP-0318.pdf,PO-SYN-500317,"TESTER, BLAIR",Sample Supplier Ltd.,
EMP-0319,900318,LT-100318,lt-100318,02:00:00:199:232:00,"BROWN, INDIGO",Deployed,January,2024,1/3/2024,Account Manager,Field Services,Windows 10 Pro,Office,"ExampleBook Pro 14 (i5, 16GB, 512GB SSD)","ExampleBook Pro 14 (i5, 16GB, 512GB SSD)",SYN-FDDSRYZA,3/17/2025,1/1/2028,"38,168.00","4,717.00",SYNTHETIC-ACCOUNTABILITY-EMP-0319.pdf,PO-SYN-500318,"BROWN, INDIGO",Sample Supplier Ltd.,
EMP-0320,900319,LT-100319,lt-100319,02:00:00:175:41:115,"DOE, INDIGO",Available,March,2026,1/13/2025,Software Engineer,Human Resources,Windows 11 Home,Office,"ExampleBook Air 13 (i7, 8GB, 256GB SSD)","ExampleBook Air 13 (i7, 8GB, 256GB SSD)",SYN-RW4TF63W,1/10/2021,1/1/2024,"51,593.00","2,151.00",SYNTHETIC-ACCOUNTABILITY-EMP-0320.pdf,PO-SYN-500319,"DOE, INDIGO",Example Vendor Co.,
EMP-0321,900320,LT-100320,lt-100320,02:00:00:211:237:229,"SAMPLE, DANA",Unreturned Asset,July,2023,11/17/2024,Team Lead,Human Resources,Windows 11 Pro,Office,"ExampleStation 15 (i5, 16GB, 1TB HDD)","ExampleStation 15 (i5, 16GB, 1TB HDD)",SYN-SBNN7Z3S,2/6/2023,1/1/2026,"29,770.00","1,315.00",SYNTHETIC-ACCOUNTABILITY-EMP-0321.pdf,PO-SYN-500320,"SAMPLE, DANA",Sample Supplier Ltd.,
EMP-0322,900321,LT-100321,lt-100321,02:00:00:197:50:230,"SMITH, ALEX",Deployed,September,2023,6/14/2023,Support Analyst,Product,Windows 11 Pro,Office,"ExampleBook Air 13 (i7, 8GB, 256GB SSD)","ExampleBook Air 13 (i7, 8GB, 256GB SSD)",SYN-4RX8XW02,9/24/2022,1/1/2025,"92,798.00","3,056.00",SYNTHETIC-ACCOUNTABILITY-EMP-0322.pdf,PO-SYN-500321,"SMITH, ALEX",Example Vendor Co.,
EMP-0323,900322,LT-100322,lt-100322,02:00:00:135:73:36,"DOE, OAKLEY",Deployed,May,2025,2/23/2025,Team Lead,Finance,Windows 11 Home,Office,"ExampleBook Pro 14 (i5, 16GB, 512GB SSD)","ExampleBook Pro 14 (i5, 16GB, 512GB SSD)",SYN-6DTHLXBZ,3/22/2022,1/1/2025,"67,549.00","1,699.00",SYNTHETIC-ACCOUNTABILITY-EMP-0323.pdf,PO-SYN-500322,"DOE, OAKLEY",Example Vendor Co.,
EMP-0324,900323,LT-100323,lt-100323,02:00:00:164:197:77,"PLACEHOLDER, GRAY",Available,February,2026,2/27/2023,Team Lead,Human Resources,Windows 11 Pro,Office,"ExampleBook Air 13 (i7, 8GB, 256GB SSD)","ExampleBook Air 13 (i7, 8GB, 256GB SSD)",SYN-MD88H36C,8/27/2024,1/1/2027,"38,999.00","1,426.00",SYNTHETIC-ACCOUNTABILITY-EMP-0324.pdf,PO-SYN-500323,"PLACEHOLDER, GRAY",Example Vendor Co.,
EMP-0325,900324,LT-100324,lt-100324,02:00:00:02:20:251,"TESTER, JAMIE",Available,December,2022,11/26/2022,Software Engineer,Human Resources,Windows 11 Pro,Office,"ExampleBook Pro 14 (i5, 16GB, 512GB SSD)","ExampleBook Pro 14 (i5, 16GB, 512GB SSD)",SYN-7TBNEV07,12/3/2022,1/1/2025,"47,187.00","4,181.00",SYNTHETIC-ACCOUNTABILITY-EMP-0325.pdf,PO-SYN-500324,"TESTER, JAMIE",Placeholder Hardware Inc.,
EMP-0326,900325,LT-100325,lt-100325,02:00:00:107:81:22,"CLARK, SAWYER",In Repair,March,2024,5/4/2023,Operations Specialist,Human Resources,Windows 10 Pro,Office,"ExamplePad 11 Tablet (8GB, 128GB)","ExamplePad 11 Tablet (8GB, 128GB)",SYN-5TB65QK4,8/12/2023,1/1/2026,"66,663.00","4,334.00",SYNTHETIC-ACCOUNTABILITY-EMP-0326.pdf,PO-SYN-500325,"CLARK, SAWYER",Demo Distributor Inc.,
EMP-0327,900326,LT-100326,lt-100326,02:00:00:103:97:177,"CLARK, TATUM",Unreturned Asset,October,2024,7/14/2023,Software Engineer,Human Resources,Windows 11 Pro,Office,"ExamplePad 11 Tablet (8GB, 128GB)","ExamplePad 11 Tablet (8GB, 128GB)",SYN-7PJKPNXU,10/2/2021,1/1/2024,"74,867.00","2,339.00",SYNTHETIC-ACCOUNTABILITY-EMP-0327.pdf,PO-SYN-500326,"CLARK, TATUM",Placeholder Hardware Inc.,
EMP-0328,900327,LT-100327,lt-100327,02:00:00:202:73:75,"SAMPLE, HARPER",Deployed,May,2025,1/21/2023,Software Engineer,Operations,Windows 10 Pro,Office,"ExamplePad 11 Tablet (8GB, 128GB)","ExamplePad 11 Tablet (8GB, 128GB)",SYN-SDNU9D89,5/18/2024,1/1/2027,"90,963.00","4,070.00",SYNTHETIC-ACCOUNTABILITY-EMP-0328.pdf,PO-SYN-500327,"SAMPLE, HARPER",Example Vendor Co.,
EMP-0329,900328,LT-100328,lt-100328,02:00:00:02:231:251,"DOE, ALEX",Available,January,2025,6/26/2025,Account Manager,Finance,Windows 11 Home,Office,"ExamplePad 11 Tablet (8GB, 128GB)","ExamplePad 11 Tablet (8GB, 128GB)",SYN-T010YD19,9/5/2022,1/1/2025,"73,919.00","1,257.00",SYNTHETIC-ACCOUNTABILITY-EMP-0329.pdf,PO-SYN-500328,"DOE, ALEX",Example Vendor Co.,
EMP-0330,900329,LT-100329,lt-100329,02:00:00:109:111:135,"TESTER, SAWYER",Deployed,June,2024,1/15/2023,Team Lead,Customer Support,Windows 11 Home,Office,"ExamplePad 11 Tablet (8GB, 128GB)","ExamplePad 11 Tablet (8GB, 128GB)",SYN-GSDFNAF3,9/25/2024,1/1/2027,"81,669.00","1,264.00",SYNTHETIC-ACCOUNTABILITY-EMP-0330.pdf,PO-SYN-500329,"TESTER, SAWYER",Example Vendor Co.,
EMP-0331,900330,LT-100330,lt-100330,02:00:00:157:205:134,"MILLER, MORGAN",Deployed,September,2025,11/6/2023,Operations Specialist,Field Services,Windows 11 Pro,Office,"ExampleBook Pro 14 (i5, 16GB, 512GB SSD)","ExampleBook Pro 14 (i5, 16GB, 512GB SSD)",SYN-QQA2HS9C,3/3/2024,1/1/2027,"81,381.00","3,099.00",SYNTHETIC-ACCOUNTABILITY-EMP-0331.pdf,PO-SYN-500330,"MILLER, MORGAN",Example Vendor Co.,
EMP-0332,900331,LT-100331,lt-100331,02:00:00:88:250:236,"DOE, TATUM",Deployed,June,2024,12/11/2026,Systems Engineer,Operations,Windows 11 Home,Office,"ExampleBook Pro 14 (i5, 16GB, 512GB SSD)","ExampleBook Pro 14 (i5, 16GB, 512GB SSD)",SYN-NZHE7QEN,7/28/2023,1/1/2026,"87,024.00","4,649.00",SYNTHETIC-ACCOUNTABILITY-EMP-0332.pdf,PO-SYN-500331,"DOE, TATUM",Example Vendor Co.,
EMP-0333,900332,MON-200332,mon-200332,02:00:00:137:204:195,"SMITH, JAMIE",In Repair,March,2026,1/7/2024,Software Engineer,Engineering,N/A,N/A,"ExampleView 27"" QHD Monitor","ExampleView 27"" QHD Monitor",SN-M2LZEB3B,7/1/2025,1/1/2028,"63,814.00","4,169.00",SYNTHETIC-ACCOUNTABILITY-EMP-0333.pdf,PO-SYN-500332,"SMITH, JAMIE",Sample Supplier Ltd.,
EMP-0334,900333,MON-200333,mon-200333,02:00:00:130:133:12,"WILLIAMS, BLAIR",Available,May,2023,3/7/2026,Operations Specialist,Finance,N/A,N/A,"ExampleView 24"" IPS Monitor","ExampleView 24"" IPS Monitor",SN-Z8QB2E82,11/14/2023,1/1/2026,"63,993.00","2,366.00",SYNTHETIC-ACCOUNTABILITY-EMP-0334.pdf,PO-SYN-500333,"WILLIAMS, BLAIR",Sample Supplier Ltd.,
EMP-0335,900334,MON-200334,mon-200334,02:00:00:47:43:120,"BROWN, OAKLEY",Available,May,2022,1/8/2026,Support Analyst,Product,N/A,N/A,"ExampleView 24"" IPS Monitor","ExampleView 24"" IPS Monitor",SN-FQR4808X,2/21/2025,1/1/2028,"82,465.00","3,231.00",SYNTHETIC-ACCOUNTABILITY-EMP-0335.pdf,PO-SYN-500334,"BROWN, OAKLEY",Sample Supplier Ltd.,
EMP-0336,900335,LT-100335,lt-100335,02:00:00:240:01:154,"CLARK, PARKER",Deployed,July,2026,12/5/2022,Software Engineer,Product,Windows 10 Pro,Office,"ExampleStation 15 (i5, 16GB, 1TB HDD)","ExampleStation 15 (i5, 16GB, 1TB HDD)",SYN-K82XDBFM,10/24/2023,1/1/2026,"32,675.00","1,391.00",SYNTHETIC-ACCOUNTABILITY-EMP-0336.pdf,PO-SYN-500335,"CLARK, PARKER",Sample Supplier Ltd.,
EMP-0337,900336,LT-100336,lt-100336,02:00:00:06:144:74,"SAMPLE, MORGAN",In Repair,December,2025,3/10/2023,Operations Specialist,Marketing,Windows 10 Pro,Office,"ExampleStation 15 (i5, 16GB, 1TB HDD)","ExampleStation 15 (i5, 16GB, 1TB HDD)",SYN-HHTX6B74,10/28/2021,1/1/2024,"55,617.00","1,288.00",SYNTHETIC-ACCOUNTABILITY-EMP-0337.pdf,PO-SYN-500336,"SAMPLE, MORGAN",Demo Distributor Inc.,
EMP-0338,900337,LT-100337,lt-100337,02:00:00:22:66:45,"JOHNSON, ELLIS",Deployed,August,2023,9/12/2025,Team Lead,Product,Windows 10 Pro,Office,"ExampleStation 15 (i5, 16GB, 1TB HDD)","ExampleStation 15 (i5, 16GB, 1TB HDD)",SYN-Y9W75LXU,10/1/2022,1/1/2025,"58,204.00","2,324.00",SYNTHETIC-ACCOUNTABILITY-EMP-0338.pdf,PO-SYN-500337,"JOHNSON, ELLIS",Placeholder Hardware Inc.,
EMP-0339,900338,LT-100338,lt-100338,02:00:00:199:48:252,"SMITH, GRAY",Deployed,August,2025,10/2/2025,Operations Specialist,Field Services,Windows 11 Home,Office,"ExampleBook Pro 14 (i5, 16GB, 512GB SSD)","ExampleBook Pro 14 (i5, 16GB, 512GB SSD)",SYN-WH2HN6HR,10/5/2024,1/1/2027,"36,386.00","2,890.00",SYNTHETIC-ACCOUNTABILITY-EMP-0339.pdf,PO-SYN-500338,"SMITH, GRAY",Example Vendor Co.,
EMP-0340,900339,LT-100339,lt-100339,02:00:00:157:145:29,"DOE, TATUM",Unreturned Asset,July,2023,1/5/2022,Operations Specialist,Human Resources,Windows 10 Pro,Office,"ExampleBook Air 13 (i7, 8GB, 256GB SSD)","ExampleBook Air 13 (i7, 8GB, 256GB SSD)",SYN-W1LL87DX,8/22/2024,1/1/2027,"56,852.00","2,564.00",SYNTHETIC-ACCOUNTABILITY-EMP-0340.pdf,PO-SYN-500339,"DOE, TATUM",Sample Supplier Ltd.,
EMP-0341,900340,LT-100340,lt-100340,02:00:00:152:169:236,"JOHNSON, QUINN",Deployed,March,2026,6/2/2023,Team Lead,Engineering,Windows 11 Pro,Office,"ExampleBook Air 13 (i7, 8GB, 256GB SSD)","ExampleBook Air 13 (i7, 8GB, 256GB SSD)",SYN-81ZBKZAR,12/17/2024,1/1/2027,"89,853.00","2,956.00",SYNTHETIC-ACCOUNTABILITY-EMP-0341.pdf,PO-SYN-500340,"JOHNSON, QUINN",Placeholder Hardware Inc.,
EMP-0342,900341,LT-100341,lt-100341,02:00:00:73:102:135,"DOE, QUINN",In Repair,November,2023,7/6/2024,Operations Specialist,Engineering,Windows 11 Pro,Office,"ExampleStation 15 (i5, 16GB, 1TB HDD)","ExampleStation 15 (i5, 16GB, 1TB HDD)",SYN-EAN4J3C5,3/24/2021,1/1/2024,"69,294.00","2,992.00",SYNTHETIC-ACCOUNTABILITY-EMP-0342.pdf,PO-SYN-500341,"DOE, QUINN",Placeholder Hardware Inc.,
EMP-0343,900342,LT-100342,lt-100342,02:00:00:39:208:84,"MILLER, LEE",Deployed,February,2026,9/4/2026,Support Analyst,Marketing,Windows 11 Home,Office,"ExampleStation 15 (i5, 16GB, 1TB HDD)","ExampleStation 15 (i5, 16GB, 1TB HDD)",SYN-GYGF10PV,12/4/2021,1/1/2024,"85,741.00","2,510.00",SYNTHETIC-ACCOUNTABILITY-EMP-0343.pdf,PO-SYN-500342,"MILLER, LEE",Example Vendor Co.,
EMP-0344,900343,MON-200343,mon-200343,02:00:00:06:15:244,"JOHNSON, ALEX",Deployed,July,2025,1/4/2026,Operations Specialist,Operations,N/A,N/A,"ExampleView 24"" IPS Monitor","ExampleView 24"" IPS Monitor",SN-DLEBFSJR,7/5/2022,1/1/2025,"44,125.00","4,384.00",SYNTHETIC-ACCOUNTABILITY-EMP-0344.pdf,PO-SYN-500343,"JOHNSON, ALEX",Example Vendor Co.,
EMP-0345,900344,LT-100344,lt-100344,02:00:00:135:123:253,"DOE, MORGAN",Deployed,May,2023,12/22/2025,Account Manager,Human Resources,Windows 11 Home,Office,"ExamplePad 11 Tablet (8GB, 128GB)","ExamplePad 11 Tablet (8GB, 128GB)",SYN-MJ0VPVCF,7/11/2021,1/1/2024,"85,310.00","4,777.00",SYNTHETIC-ACCOUNTABILITY-EMP-0345.pdf,PO-SYN-500344,"DOE, MORGAN",Demo Distributor Inc.,
EMP-0346,900345,LT-100345,lt-100345,02:00:00:154:97:209,"SAMPLE, BLAIR",Deployed,August,2024,10/8/2024,Support Analyst,Finance,Windows 11 Home,Office,"ExamplePad 11 Tablet (8GB, 128GB)","ExamplePad 11 Tablet (8GB, 128GB)",SYN-JRLX5CLU,2/28/2023,1/1/2026,"29,149.00","4,015.00",SYNTHETIC-ACCOUNTABILITY-EMP-0346.pdf,PO-SYN-500345,"SAMPLE, BLAIR",Sample Supplier Ltd.,
EMP-0347,900346,MON-200346,mon-200346,02:00:00:193:151:77,"CLARK, TATUM",Deployed,July,2026,4/20/2023,Team Lead,Human Resources,N/A,N/A,"ExampleView 27"" QHD Monitor","ExampleView 27"" QHD Monitor",SN-VCEBP4PY,5/22/2022,1/1/2025,"65,220.00","3,344.00",SYNTHETIC-ACCOUNTABILITY-EMP-0347.pdf,PO-SYN-500346,"CLARK, TATUM",Placeholder Hardware Inc.,
EMP-0348,900347,LT-100347,lt-100347,02:00:00:246:111:156,"CLARK, MORGAN",Unreturned Asset,February,2026,2/13/2022,Systems Engineer,Engineering,Windows 11 Home,Office,"ExampleStation 15 (i5, 16GB, 1TB HDD)","ExampleStation 15 (i5, 16GB, 1TB HDD)",SYN-VUGGTX6E,3/18/2022,1/1/2025,"80,062.00","3,111.00",SYNTHETIC-ACCOUNTABILITY-EMP-0348.pdf,PO-SYN-500347,"CLARK, MORGAN",Placeholder Hardware Inc.,
EMP-0349,900348,MON-200348,mon-200348,02:00:00:102:153:186,"SAMPLE, TATUM",Deployed,September,2026,5/27/2023,Team Lead,Field Services,N/A,N/A,"ExampleView 27"" QHD Monitor","ExampleView 27"" QHD Monitor",SN-3G0A5T68,4/16/2022,1/1/2025,"46,185.00","3,029.00",SYNTHETIC-ACCOUNTABILITY-EMP-0349.pdf,PO-SYN-500348,"SAMPLE, TATUM",Example Vendor Co.,
EMP-0350,900349,LT-100349,lt-100349,02:00:00:237:218:09,"JOHNSON, ALEX",In Repair,April,2022,11/21/2023,Systems Engineer,Human Resources,Windows 10 Pro,Office,"ExamplePad 11 Tablet (8GB, 128GB)","ExamplePad 11 Tablet (8GB, 128GB)",SYN-HZ3XFZGT,12/16/2022,1/1/2025,"67,837.00","4,763.00",SYNTHETIC-ACCOUNTABILITY-EMP-0350.pdf,PO-SYN-500349,"JOHNSON, ALEX",Placeholder Hardware Inc.,
EMP-0351,900350,LT-100350,lt-100350,02:00:00:233:162:217,"BROWN, ALEX",Deployed,November,2024,2/28/2022,Account Manager,Human Resources,Windows 11 Home,Office,"ExamplePad 11 Tablet (8GB, 128GB)","ExamplePad 11 Tablet (8GB, 128GB)",SYN-DYPWRFTL,12/21/2023,1/1/2026,"26,689.00","4,530.00",SYNTHETIC-ACCOUNTABILITY-EMP-0351.pdf,PO-SYN-500350,"BROWN, ALEX",Placeholder Hardware Inc.,
EMP-0352,900351,LT-100351,lt-100351,02:00:00:21:121:120,"WILLIAMS, FRANKIE",Unreturned Asset,February,2025,4/5/2023,Systems Engineer,Operations,Windows 11 Home,Office,"ExampleBook Pro 14 (i5, 16GB, 512GB SSD)","ExampleBook Pro 14 (i5, 16GB, 512GB SSD)",SYN-CG6Q73Z4,7/21/2025,1/1/2028,"27,183.00","1,824.00",SYNTHETIC-ACCOUNTABILITY-EMP-0352.pdf,PO-SYN-500351,"WILLIAMS, FRANKIE",Placeholder Hardware Inc.,
EMP-0353,900352,LT-100352,lt-100352,02:00:00:230:219:49,"DOE, PARKER",Deployed,May,2023,7/19/2025,Team Lead,Customer Support,Windows 10 Pro,Office,"ExampleStation 15 (i5, 16GB, 1TB HDD)","ExampleStation 15 (i5, 16GB, 1TB HDD)",SYN-FALQ4614,3/7/2025,1/1/2028,"70,739.00","3,613.00",SYNTHETIC-ACCOUNTABILITY-EMP-0353.pdf,PO-SYN-500352,"DOE, PARKER",Placeholder Hardware Inc.,
EMP-0354,900353,MON-200353,mon-200353,02:00:00:122:138:39,"JOHNSON, QUINN",Deployed,July,2025,9/5/2023,Systems Engineer,Marketing,N/A,N/A,"ExampleView 27"" QHD Monitor","ExampleView 27"" QHD Monitor",SN-QJYGVGJJ,6/5/2023,1/1/2026,"92,416.00","2,695.00",SYNTHETIC-ACCOUNTABILITY-EMP-0354.pdf,PO-SYN-500353,"JOHNSON, QUINN",Sample Supplier Ltd.,
EMP-0355,900354,LT-100354,lt-100354,02:00:00:118:210:82,"BROWN, QUINN",Deployed,January,2022,9/25/2025,Team Lead,Marketing,Windows 11 Home,Office,"ExampleBook Pro 14 (i5, 16GB, 512GB SSD)","ExampleBook Pro 14 (i5, 16GB, 512GB SSD)",SYN-BGYNDHGJ,6/12/2024,1/1/2027,"39,635.00","2,606.00",SYNTHETIC-ACCOUNTABILITY-EMP-0355.pdf,PO-SYN-500354,"BROWN, QUINN",Example Vendor Co.,
EMP-0356,900355,LT-100355,lt-100355,02:00:00:121:16:172,"CLARK, KAI",Deployed,October,2022,2/25/2026,Team Lead,Customer Support,Windows 11 Home,Office,"ExampleBook Air 13 (i7, 8GB, 256GB SSD)","ExampleBook Air 13 (i7, 8GB, 256GB SSD)",SYN-MB3N0629,12/6/2023,1/1/2026,"78,140.00","2,667.00",SYNTHETIC-ACCOUNTABILITY-EMP-0356.pdf,PO-SYN-500355,"CLARK, KAI",Sample Supplier Ltd.,
EMP-0357,900356,LT-100356,lt-100356,02:00:00:132:89:111,"SMITH, JAMIE",Unreturned Asset,October,2021,11/24/2023,Team Lead,Customer Support,Windows 10 Pro,Office,"ExampleBook Pro 14 (i5, 16GB, 512GB SSD)","ExampleBook Pro 14 (i5, 16GB, 512GB SSD)",SYN-YR37RRY3,9/19/2024,1/1/2027,"56,184.00","3,192.00",SYNTHETIC-ACCOUNTABILITY-EMP-0357.pdf,PO-SYN-500356,"SMITH, JAMIE",Placeholder Hardware Inc.,
EMP-0358,900357,LT-100357,lt-100357,02:00:00:78:247:150,"SMITH, SAWYER",Deployed,July,2022,12/17/2024,Team Lead,Marketing,Windows 11 Pro,Office,"ExamplePad 11 Tablet (8GB, 128GB)","ExamplePad 11 Tablet (8GB, 128GB)",SYN-99ZH5PLZ,2/12/2022,1/1/2025,"81,319.00","3,366.00",SYNTHETIC-ACCOUNTABILITY-EMP-0358.pdf,PO-SYN-500357,"SMITH, SAWYER",Demo Distributor Inc.,
EMP-0359,900358,LT-100358,lt-100358,02:00:00:158:209:200,"PLACEHOLDER, GRAY",Available,July,2021,10/4/2025,Account Manager,Human Resources,Windows 11 Home,Office,"ExampleBook Air 13 (i7, 8GB, 256GB SSD)","ExampleBook Air 13 (i7, 8GB, 256GB SSD)",SYN-ZKGS4PD4,3/5/2022,1/1/2025,"79,084.00","3,069.00",SYNTHETIC-ACCOUNTABILITY-EMP-0359.pdf,PO-SYN-500358,"PLACEHOLDER, GRAY",Example Vendor Co.,
EMP-0360,900359,LT-100359,lt-100359,02:00:00:215:136:119,"BROWN, ELLIS",In Repair,August,2025,7/4/2026,Team Lead,Product,Windows 11 Pro,Office,"ExampleStation 15 (i5, 16GB, 1TB HDD)","ExampleStation 15 (i5, 16GB, 1TB HDD)",SYN-8QT57ED9,10/6/2023,1/1/2026,"63,904.00","2,019.00",SYNTHETIC-ACCOUNTABILITY-EMP-0360.pdf,PO-SYN-500359,"BROWN, ELLIS",Demo Distributor Inc.,
EMP-0361,900360,MON-200360,mon-200360,02:00:00:215:67:118,"MILLER, KAI",Deployed,December,2024,7/14/2023,Team Lead,Engineering,N/A,N/A,"ExampleView 24"" IPS Monitor","ExampleView 24"" IPS Monitor",SN-U5ANK70S,2/21/2023,1/1/2026,"34,831.00","3,603.00",SYNTHETIC-ACCOUNTABILITY-EMP-0361.pdf,PO-SYN-500360,"MILLER, KAI",Demo Distributor Inc.,
EMP-0362,900361,LT-100361,lt-100361,02:00:00:218:110:07,"TESTER, LEE",Deployed,February,2025,8/17/2022,Account Manager,Finance,Windows 10 Pro,Office,"ExamplePad 11 Tablet (8GB, 128GB)","ExamplePad 11 Tablet (8GB, 128GB)",SYN-TH6NR1DX,5/26/2024,1/1/2027,"61,485.00","4,206.00",SYNTHETIC-ACCOUNTABILITY-EMP-0362.pdf,PO-SYN-500361,"TESTER, LEE",Example Vendor Co.,
EMP-0363,900362,MON-200362,mon-200362,02:00:00:94:16:223,"PLACEHOLDER, ELLIS",Deployed,July,2024,8/21/2022,Account Manager,Customer Support,N/A,N/A,"ExampleView 24"" IPS Monitor","ExampleView 24"" IPS Monitor",SN-YXXW6DUQ,9/28/2023,1/1/2026,"50,244.00","2,323.00",SYNTHETIC-ACCOUNTABILITY-EMP-0363.pdf,PO-SYN-500362,"PLACEHOLDER, ELLIS",Placeholder Hardware Inc.,
EMP-0364,900363,LT-100363,lt-100363,02:00:00:57:39:249,"SAMPLE, TATUM",Deployed,January,2024,5/18/2022,Operations Specialist,Finance,Windows 11 Pro,Office,"ExampleBook Air 13 (i7, 8GB, 256GB SSD)","ExampleBook Air 13 (i7, 8GB, 256GB SSD)",SYN-GUAKLMAM,6/10/2024,1/1/2027,"29,313.00","3,918.00",SYNTHETIC-ACCOUNTABILITY-EMP-0364.pdf,PO-SYN-500363,"SAMPLE, TATUM",Placeholder Hardware Inc.,
EMP-0365,900364,LT-100364,lt-100364,02:00:00:145:11:41,"DOE, DANA",Unreturned Asset,December,2021,7/21/2026,Support Analyst,Finance,Windows 11 Home,Office,"ExampleStation 15 (i5, 16GB, 1TB HDD)","ExampleStation 15 (i5, 16GB, 1TB HDD)",SYN-ZRLUW6JR,5/10/2024,1/1/2027,"55,414.00","2,139.00",SYNTHETIC-ACCOUNTABILITY-EMP-0365.pdf,PO-SYN-500364,"DOE, DANA",Placeholder Hardware Inc.,
EMP-0366,900365,LT-100365,lt-100365,02:00:00:119:120:213,"SAMPLE, ELLIS",Deployed,March,2021,7/18/2023,Operations Specialist,Finance,Windows 10 Pro,Office,"ExampleStation 15 (i5, 16GB, 1TB HDD)","ExampleStation 15 (i5, 16GB, 1TB HDD)",SYN-HRVYW9R9,3/21/2021,1/1/2024,"36,967.00","2,028.00",SYNTHETIC-ACCOUNTABILITY-EMP-0366.pdf,PO-SYN-500365,"SAMPLE, ELLIS",Placeholder Hardware Inc.,
EMP-0367,900366,LT-100366,lt-100366,02:00:00:40:64:199,"BROWN, FRANKIE",Available,February,2023,5/2/2024,Software Engineer,Field Services,Windows 10 Pro,Office,"ExamplePad 11 Tablet (8GB, 128GB)","ExamplePad 11 Tablet (8GB, 128GB)",SYN-3LDEL8U9,7/2/2021,1/1/2024,"44,929.00","2,433.00",SYNTHETIC-ACCOUNTABILITY-EMP-0367.pdf,PO-SYN-500366,"BROWN, FRANKIE",Demo Distributor Inc.,
EMP-0368,900367,LT-100367,lt-100367,02:00:00:221:38:191,"SMITH, HARPER",Deployed,April,2025,3/1/2025,Operations Specialist,Engineering,Windows 11 Home,Office,"ExampleBook Pro 14 (i5, 16GB, 512GB SSD)","ExampleBook Pro 14 (i5, 16GB, 512GB SSD)",SYN-NQTQHBKH,11/13/2021,1/1/2024,"58,723.00","3,930.00",SYNTHETIC-ACCOUNTABILITY-EMP-0368.pdf,PO-SYN-500367,"SMITH, HARPER",Placeholder Hardware Inc.,
EMP-0369,900368,LT-100368,lt-100368,02:00:00:109:07:186,"DOE, SAWYER",In Repair,January,2021,6/16/2024,Support Analyst,Customer Support,Windows 11 Home,Office,"ExamplePad 11 Tablet (8GB, 128GB)","ExamplePad 11 Tablet (8GB, 128GB)",SYN-RDZCUFKM,5/12/2025,1/1/2028,"34,515.00","2,108.00",SYNTHETIC-ACCOUNTABILITY-EMP-0369.pdf,PO-SYN-500368,"DOE, SAWYER",Sample Supplier Ltd.,
EMP-0370,900369,LT-100369,lt-100369,02:00:00:172:60:103,"BROWN, OAKLEY",Deployed,March,2022,2/24/2025,Account Manager,Finance,Windows 11 Pro,Office,"ExamplePad 11 Tablet (8GB, 128GB)","ExamplePad 11 Tablet (8GB, 128GB)",SYN-V1WJJQXT,11/16/2021,1/1/2024,"92,146.00","1,252.00",SYNTHETIC-ACCOUNTABILITY-EMP-0370.pdf,PO-SYN-500369,"BROWN, OAKLEY",Sample Supplier Ltd.,
EMP-0371,900370,LT-100370,lt-100370,02:00:00:224:84:103,"MILLER, ELLIS",Available,August,2022,10/5/2025,Software Engineer,Finance,Windows 11 Pro,Office,"ExampleBook Air 13 (i7, 8GB, 256GB SSD)","ExampleBook Air 13 (i7, 8GB, 256GB SSD)",SYN-P9XZFAD1,3/24/2021,1/1/2024,"31,694.00","2,223.00",SYNTHETIC-ACCOUNTABILITY-EMP-0371.pdf,PO-SYN-500370,"MILLER, ELLIS",Example Vendor Co.,
EMP-0372,900371,LT-100371,lt-100371,02:00:00:200:115:136,"WILLIAMS, TATUM",Unreturned Asset,March,2026,2/19/2022,Support Analyst,Field Services,Windows 10 Pro,Office,"ExamplePad 11 Tablet (8GB, 128GB)","ExamplePad 11 Tablet (8GB, 128GB)",SYN-YC1P182E,11/7/2021,1/1/2024,"61,296.00","3,580.00",SYNTHETIC-ACCOUNTABILITY-EMP-0372.pdf,PO-SYN-500371,"WILLIAMS, TATUM",Placeholder Hardware Inc.,
EMP-0373,900372,MON-200372,mon-200372,02:00:00:223:50:42,"MILLER, INDIGO",In Repair,January,2026,5/22/2024,Systems Engineer,Finance,N/A,N/A,"ExampleView 24"" IPS Monitor","ExampleView 24"" IPS Monitor",SN-0VYQTM6N,2/25/2021,1/1/2024,"82,102.00","2,557.00",SYNTHETIC-ACCOUNTABILITY-EMP-0373.pdf,PO-SYN-500372,"MILLER, INDIGO",Placeholder Hardware Inc.,
EMP-0374,900373,MON-200373,mon-200373,02:00:00:177:246:191,"JOHNSON, CASEY",Unreturned Asset,February,2025,3/28/2026,Software Engineer,Finance,N/A,N/A,"ExampleView 24"" IPS Monitor","ExampleView 24"" IPS Monitor",SN-WHVKG0FS,8/28/2022,1/1/2025,"48,585.00","2,243.00",SYNTHETIC-ACCOUNTABILITY-EMP-0374.pdf,PO-SYN-500373,"JOHNSON, CASEY",Sample Supplier Ltd.,
EMP-0375,900374,MON-200374,mon-200374,02:00:00:139:194:179,"SMITH, SAWYER",Available,July,2023,11/3/2025,Software Engineer,Human Resources,N/A,N/A,"ExampleView 24"" IPS Monitor","ExampleView 24"" IPS Monitor",SN-Z4D9MKSJ,7/6/2021,1/1/2024,"29,903.00","3,915.00",SYNTHETIC-ACCOUNTABILITY-EMP-0375.pdf,PO-SYN-500374,"SMITH, SAWYER",Example Vendor Co.,
EMP-0376,900375,LT-100375,lt-100375,02:00:00:242:11:107,"CLARK, ALEX",Deployed,January,2023,11/18/2024,Software Engineer,Customer Support,Windows 11 Home,Office,"ExampleBook Air 13 (i7, 8GB, 256GB SSD)","ExampleBook Air 13 (i7, 8GB, 256GB SSD)",SYN-JSM08H14,12/6/2025,1/1/2028,"88,735.00","3,643.00",SYNTHETIC-ACCOUNTABILITY-EMP-0376.pdf,PO-SYN-500375,"CLARK, ALEX",Sample Supplier Ltd.,
EMP-0377,900376,MON-200376,mon-200376,02:00:00:233:170:01,"MILLER, DANA",Deployed,March,2023,12/16/2024,Support Analyst,Product,N/A,N/A,"ExampleView 24"" IPS Monitor","ExampleView 24"" IPS Monitor",SN-3Z7SPVCQ,10/17/2023,1/1/2026,"87,061.00","1,388.00",SYNTHETIC-ACCOUNTABILITY-EMP-0377.pdf,PO-SYN-500376,"MILLER, DANA",Sample Supplier Ltd.,
EMP-0378,900377,LT-100377,lt-100377,02:00:00:132:107:89,"SAMPLE, INDIGO",Deployed,October,2023,7/4/2025,Team Lead,Customer Support,Windows 11 Pro,Office,"ExampleStation 15 (i5, 16GB, 1TB HDD)","ExampleStation 15 (i5, 16GB, 1TB HDD)",SYN-3ULRY80F,8/27/2021,1/1/2024,"40,181.00","3,898.00",SYNTHETIC-ACCOUNTABILITY-EMP-0378.pdf,PO-SYN-500377,"SAMPLE, INDIGO",Sample Supplier Ltd.,
EMP-0379,900378,LT-100378,lt-100378,02:00:00:04:132:208,"SAMPLE, TATUM",Deployed,December,2025,10/19/2024,Team Lead,Product,Windows 11 Home,Office,"ExampleStation 15 (i5, 16GB, 1TB HDD)","ExampleStation 15 (i5, 16GB, 1TB HDD)",SYN-NUNQTU4A,10/10/2025,1/1/2028,"40,122.00","3,766.00",SYNTHETIC-ACCOUNTABILITY-EMP-0379.pdf,PO-SYN-500378,"SAMPLE, TATUM",Placeholder Hardware Inc.,
EMP-0380,900379,MON-200379,mon-200379,02:00:00:54:152:183,"JOHNSON, INDIGO",Deployed,October,2023,12/12/2024,Team Lead,Operations,N/A,N/A,"ExampleView 24"" IPS Monitor","ExampleView 24"" IPS Monitor",SN-AMUHJA61,4/23/2021,1/1/2024,"36,050.00","2,611.00",SYNTHETIC-ACCOUNTABILITY-EMP-0380.pdf,PO-SYN-500379,"JOHNSON, INDIGO",Placeholder Hardware Inc.,
EMP-0381,900380,LT-100380,lt-100380,02:00:00:53:190:146,"PLACEHOLDER, ELLIS",Unreturned Asset,October,2022,10/13/2022,Support Analyst,Operations,Windows 11 Pro,Office,"ExampleStation 15 (i5, 16GB, 1TB HDD)","ExampleStation 15 (i5, 16GB, 1TB HDD)",SYN-ER3ZM6X9,12/25/2024,1/1/2027,"26,939.00","3,779.00",SYNTHETIC-ACCOUNTABILITY-EMP-0381.pdf,PO-SYN-500380,"PLACEHOLDER, ELLIS",Sample Supplier Ltd.,
EMP-0382,900381,MON-200381,mon-200381,02:00:00:107:153:154,"TESTER, PARKER",Unreturned Asset,May,2022,4/23/2026,Team Lead,Customer Support,N/A,N/A,"ExampleView 27"" QHD Monitor","ExampleView 27"" QHD Monitor",SN-S4686DPT,10/27/2021,1/1/2024,"94,962.00","4,171.00",SYNTHETIC-ACCOUNTABILITY-EMP-0382.pdf,PO-SYN-500381,"TESTER, PARKER",Example Vendor Co.,
EMP-0383,900382,LT-100382,lt-100382,02:00:00:150:05:212,"PLACEHOLDER, CASEY",Available,May,2024,10/25/2023,Software Engineer,Marketing,Windows 11 Home,Office,"ExampleStation 15 (i5, 16GB, 1TB HDD)","ExampleStation 15 (i5, 16GB, 1TB HDD)",SYN-P2EHC809,12/11/2025,1/1/2028,"35,154.00","2,531.00",SYNTHETIC-ACCOUNTABILITY-EMP-0383.pdf,PO-SYN-500382,"PLACEHOLDER, CASEY",Sample Supplier Ltd.,
EMP-0384,900383,MON-200383,mon-200383,02:00:00:91:83:150,"BROWN, ALEX",Deployed,September,2023,12/25/2023,Systems Engineer,Customer Support,N/A,N/A,"ExampleView 27"" QHD Monitor","ExampleView 27"" QHD Monitor",SN-P7NYQP73,5/5/2022,1/1/2025,"68,598.00","4,653.00",SYNTHETIC-ACCOUNTABILITY-EMP-0384.pdf,PO-SYN-500383,"BROWN, ALEX",Placeholder Hardware Inc.,
EMP-0385,900384,LT-100384,lt-100384,02:00:00:183:142:55,"DOE, OAKLEY",Deployed,January,2021,12/21/2022,Systems Engineer,Field Services,Windows 11 Home,Office,"ExampleBook Pro 14 (i5, 16GB, 512GB SSD)","ExampleBook Pro 14 (i5, 16GB, 512GB SSD)",SYN-YNPFY97C,6/24/2025,1/1/2028,"41,818.00","3,764.00",SYNTHETIC-ACCOUNTABILITY-EMP-0385.pdf,PO-SYN-500384,"DOE, OAKLEY",Example Vendor Co.,
EMP-0386,900385,LT-100385,lt-100385,02:00:00:72:20:217,"MILLER, INDIGO",In Repair,November,2026,2/24/2023,Support Analyst,Field Services,Windows 10 Pro,Office,"ExampleBook Pro 14 (i5, 16GB, 512GB SSD)","ExampleBook Pro 14 (i5, 16GB, 512GB SSD)",SYN-3SBH79BT,8/4/2022,1/1/2025,"74,640.00","3,449.00",SYNTHETIC-ACCOUNTABILITY-EMP-0386.pdf,PO-SYN-500385,"MILLER, INDIGO",Example Vendor Co.,
EMP-0387,900386,LT-100386,lt-100386,02:00:00:91:61:64,"PLACEHOLDER, GRAY",Deployed,December,2022,1/6/2022,Account Manager,Field Services,Windows 10 Pro,Office,"ExampleBook Pro 14 (i5, 16GB, 512GB SSD)","ExampleBook Pro 14 (i5, 16GB, 512GB SSD)",SYN-BAHM9WL6,9/25/2022,1/1/2025,"51,022.00","2,776.00",SYNTHETIC-ACCOUNTABILITY-EMP-0387.pdf,PO-SYN-500386,"PLACEHOLDER, GRAY",Example Vendor Co.,
EMP-0388,900387,MON-200387,mon-200387,02:00:00:20:248:25,"SAMPLE, INDIGO",Deployed,September,2024,5/16/2024,Operations Specialist,Marketing,N/A,N/A,"ExampleView 24"" IPS Monitor","ExampleView 24"" IPS Monitor",SN-GWRS8NK9,11/7/2025,1/1/2028,"50,524.00","3,679.00",SYNTHETIC-ACCOUNTABILITY-EMP-0388.pdf,PO-SYN-500387,"SAMPLE, INDIGO",Sample Supplier Ltd.,
EMP-0389,900388,MON-200388,mon-200388,02:00:00:179:142:134,"BROWN, ELLIS",Unreturned Asset,September,2023,11/18/2024,Support Analyst,Engineering,N/A,N/A,"ExampleView 27"" QHD Monitor","ExampleView 27"" QHD Monitor",SN-2GTSMKST,11/12/2022,1/1/2025,"62,126.00","2,168.00",SYNTHETIC-ACCOUNTABILITY-EMP-0389.pdf,PO-SYN-500388,"BROWN, ELLIS",Sample Supplier Ltd.,
EMP-0390,900389,LT-100389,lt-100389,02:00:00:143:90:183,"SAMPLE, OAKLEY",In Repair,January,2023,7/8/2024,Operations Specialist,Field Services,Windows 10 Pro,Office,"ExampleStation 15 (i5, 16GB, 1TB HDD)","ExampleStation 15 (i5, 16GB, 1TB HDD)",SYN-T12QCCJS,8/20/2023,1/1/2026,"50,975.00","1,509.00",SYNTHETIC-ACCOUNTABILITY-EMP-0390.pdf,PO-SYN-500389,"SAMPLE, OAKLEY",Demo Distributor Inc.,
EMP-0391,900390,LT-100390,lt-100390,02:00:00:130:240:05,"WILLIAMS, REESE",Unreturned Asset,May,2023,5/20/2024,Operations Specialist,Marketing,Windows 11 Home,Office,"ExampleBook Air 13 (i7, 8GB, 256GB SSD)","ExampleBook Air 13 (i7, 8GB, 256GB SSD)",SYN-YRG96CJS,10/7/2024,1/1/2027,"73,522.00","4,086.00",SYNTHETIC-ACCOUNTABILITY-EMP-0391.pdf,PO-SYN-500390,"WILLIAMS, REESE",Example Vendor Co.,
EMP-0392,900391,MON-200391,mon-200391,02:00:00:219:206:29,"DOE, OAKLEY",In Repair,October,2024,1/13/2022,Software Engineer,Engineering,N/A,N/A,"ExampleView 24"" IPS Monitor","ExampleView 24"" IPS Monitor",SN-U19ZDWG1,1/13/2025,1/1/2028,"30,473.00","2,257.00",SYNTHETIC-ACCOUNTABILITY-EMP-0392.pdf,PO-SYN-500391,"DOE, OAKLEY",Demo Distributor Inc.,
EMP-0393,900392,LT-100392,lt-100392,02:00:00:21:88:175,"SMITH, CASEY",Deployed,August,2026,11/5/2025,Software Engineer,Finance,Windows 11 Home,Office,"ExampleStation 15 (i5, 16GB, 1TB HDD)","ExampleStation 15 (i5, 16GB, 1TB HDD)",SYN-GLK91VU2,12/28/2022,1/1/2025,"42,164.00","2,574.00",SYNTHETIC-ACCOUNTABILITY-EMP-0393.pdf,PO-SYN-500392,"SMITH, CASEY",Demo Distributor Inc.,
EMP-0394,900393,LT-100393,lt-100393,02:00:00:77:124:129,"SAMPLE, REESE",Deployed,October,2026,9/12/2022,Software Engineer,Product,Windows 11 Pro,Office,"ExampleBook Pro 14 (i5, 16GB, 512GB SSD)","ExampleBook Pro 14 (i5, 16GB, 512GB SSD)",SYN-F4F92227,1/15/2021,1/1/2024,"42,241.00","2,348.00",SYNTHETIC-ACCOUNTABILITY-EMP-0394.pdf,PO-SYN-500393,"SAMPLE, REESE",Placeholder Hardware Inc.,
EMP-0395,900394,LT-100394,lt-100394,02:00:00:21:50:169,"JOHNSON, PARKER",Unreturned Asset,January,2021,10/16/2026,Account Manager,Human Resources,Windows 11 Home,Office,"ExampleBook Air 13 (i7, 8GB, 256GB SSD)","ExampleBook Air 13 (i7, 8GB, 256GB SSD)",SYN-N1SBKXCN,5/15/2025,1/1/2028,"65,427.00","3,627.00",SYNTHETIC-ACCOUNTABILITY-EMP-0395.pdf,PO-SYN-500394,"JOHNSON, PARKER",Sample Supplier Ltd.,
EMP-0396,900395,LT-100395,lt-100395,02:00:00:73:101:210,"TESTER, TATUM",Unreturned Asset,April,2022,6/9/2023,Software Engineer,Human Resources,Windows 10 Pro,Office,"ExampleBook Pro 14 (i5, 16GB, 512GB SSD)","ExampleBook Pro 14 (i5, 16GB, 512GB SSD)",SYN-N8JXAHVY,1/14/2021,1/1/2024,"45,152.00","4,705.00",SYNTHETIC-ACCOUNTABILITY-EMP-0396.pdf,PO-SYN-500395,"TESTER, TATUM",Sample Supplier Ltd.,
EMP-0397,900396,LT-100396,lt-100396,02:00:00:221:28:238,"DOE, CASEY",In Repair,October,2025,4/6/2022,Software Engineer,Field Services,Windows 11 Home,Office,"ExampleBook Air 13 (i7, 8GB, 256GB SSD)","ExampleBook Air 13 (i7, 8GB, 256GB SSD)",SYN-ZXNJM04C,6/18/2024,1/1/2027,"54,340.00","4,662.00",SYNTHETIC-ACCOUNTABILITY-EMP-0397.pdf,PO-SYN-500396,"DOE, CASEY",Placeholder Hardware Inc.,
EMP-0398,900397,LT-100397,lt-100397,02:00:00:10:159:227,"PLACEHOLDER, NOEL",Unreturned Asset,December,2026,7/12/2026,Team Lead,Operations,Windows 10 Pro,Office,"ExampleBook Pro 14 (i5, 16GB, 512GB SSD)","ExampleBook Pro 14 (i5, 16GB, 512GB SSD)",SYN-JJMR4ZND,12/28/2022,1/1/2025,"93,074.00","1,935.00",SYNTHETIC-ACCOUNTABILITY-EMP-0398.pdf,PO-SYN-500397,"PLACEHOLDER, NOEL",Demo Distributor Inc.,
EMP-0399,900398,LT-100398,lt-100398,02:00:00:112:160:245,"BROWN, TATUM",Deployed,August,2022,11/23/2023,Systems Engineer,Marketing,Windows 11 Home,Office,"ExamplePad 11 Tablet (8GB, 128GB)","ExamplePad 11 Tablet (8GB, 128GB)",SYN-KDCJEVH4,8/25/2024,1/1/2027,"67,372.00","4,502.00",SYNTHETIC-ACCOUNTABILITY-EMP-0399.pdf,PO-SYN-500398,"BROWN, TATUM",Placeholder Hardware Inc.,
EMP-0400,900399,LT-100399,lt-100399,02:00:00:47:38:220,"WILLIAMS, QUINN",Deployed,March,2026,3/15/2026,Team Lead,Operations,Windows 11 Pro,Office,"ExampleBook Air 13 (i7, 8GB, 256GB SSD)","ExampleBook Air 13 (i7, 8GB, 256GB SSD)",SYN-0Y1LPNV6,3/25/2023,1/1/2026,"39,493.00","1,325.00",SYNTHETIC-ACCOUNTABILITY-EMP-0400.pdf,PO-SYN-500399,"WILLIAMS, QUINN",Example Vendor Co.,
EMP-0401,900400,LT-100400,lt-100400,02:00:00:109:126:44,"WILLIAMS, HARPER",Deployed,January,2026,8/20/2023,Team Lead,Customer Support,Windows 11 Pro,Office,"ExampleBook Pro 14 (i5, 16GB, 512GB SSD)","ExampleBook Pro 14 (i5, 16GB, 512GB SSD)",SYN-X60PTA33,6/9/2021,1/1/2024,"49,438.00","3,462.00",SYNTHETIC-ACCOUNTABILITY-EMP-0401.pdf,PO-SYN-500400,"WILLIAMS, HARPER",Placeholder Hardware Inc.,
EMP-0402,900401,MON-200401,mon-200401,02:00:00:243:53:191,"CLARK, KAI",In Repair,December,2022,1/19/2023,Software Engineer,Operations,N/A,N/A,"ExampleView 24"" IPS Monitor","ExampleView 24"" IPS Monitor",SN-PFCEQLCP,4/9/2022,1/1/2025,"77,233.00","3,224.00",SYNTHETIC-ACCOUNTABILITY-EMP-0402.pdf,PO-SYN-500401,"CLARK, KAI",Demo Distributor Inc.,
EMP-0403,900402,LT-100402,lt-100402,02:00:00:177:00:98,"CLARK, CASEY",Deployed,October,2023,3/24/2022,Team Lead,Human Resources,Windows 11 Pro,Office,"ExampleBook Air 13 (i7, 8GB, 256GB SSD)","ExampleBook Air 13 (i7, 8GB, 256GB SSD)",SYN-HZUXJPZD,2/22/2021,1/1/2024,"54,318.00","3,264.00",SYNTHETIC-ACCOUNTABILITY-EMP-0403.pdf,PO-SYN-500402,"CLARK, CASEY",Example Vendor Co.,
EMP-0404,900403,LT-100403,lt-100403,02:00:00:231:101:146,"BROWN, INDIGO",Deployed,September,2023,2/2/2022,Team Lead,Engineering,Windows 11 Pro,Office,"ExampleBook Air 13 (i7, 8GB, 256GB SSD)","ExampleBook Air 13 (i7, 8GB, 256GB SSD)",SYN-SWVYTTBZ,8/25/2023,1/1/2026,"83,624.00","3,393.00",SYNTHETIC-ACCOUNTABILITY-EMP-0404.pdf,PO-SYN-500403,"BROWN, INDIGO",Example Vendor Co.,
EMP-0405,900404,LT-100404,lt-100404,02:00:00:96:36:159,"WILLIAMS, MORGAN",In Repair,December,2021,4/7/2025,Support Analyst,Product,Windows 11 Pro,Office,"ExampleBook Air 13 (i7, 8GB, 256GB SSD)","ExampleBook Air 13 (i7, 8GB, 256GB SSD)",SYN-14R1FS7E,10/20/2025,1/1/2028,"90,535.00","1,656.00",SYNTHETIC-ACCOUNTABILITY-EMP-0405.pdf,PO-SYN-500404,"WILLIAMS, MORGAN",Example Vendor Co.,
EMP-0406,900405,LT-100405,lt-100405,02:00:00:42:131:82,"MILLER, QUINN",Deployed,April,2024,6/25/2024,Account Manager,Customer Support,Windows 11 Pro,Office,"ExampleStation 15 (i5, 16GB, 1TB HDD)","ExampleStation 15 (i5, 16GB, 1TB HDD)",SYN-SY1SJT7U,4/21/2025,1/1/2028,"50,821.00","4,359.00",SYNTHETIC-ACCOUNTABILITY-EMP-0406.pdf,PO-SYN-500405,"MILLER, QUINN",Sample Supplier Ltd.,
EMP-0407,900406,LT-100406,lt-100406,02:00:00:201:111:85,"TESTER, GRAY",In Repair,May,2023,10/16/2022,Systems Engineer,Product,Windows 11 Pro,Office,"ExampleBook Pro 14 (i5, 16GB, 512GB SSD)","ExampleBook Pro 14 (i5, 16GB, 512GB SSD)",SYN-0K4S368H,6/19/2023,1/1/2026,"50,972.00","2,136.00",SYNTHETIC-ACCOUNTABILITY-EMP-0407.pdf,PO-SYN-500406,"TESTER, GRAY",Example Vendor Co.,
EMP-0408,900407,MON-200407,mon-200407,02:00:00:175:22:91,"SAMPLE, INDIGO",Deployed,July,2025,1/25/2022,Systems Engineer,Field Services,N/A,N/A,"ExampleView 24"" IPS Monitor","ExampleView 24"" IPS Monitor",SN-9SM5F9ZP,3/19/2023,1/1/2026,"31,219.00","4,234.00",SYNTHETIC-ACCOUNTABILITY-EMP-0408.pdf,PO-SYN-500407,"SAMPLE, INDIGO",Placeholder Hardware Inc.,
EMP-0409,900408,LT-100408,lt-100408,02:00:00:30:06:74,"TESTER, ALEX",Deployed,May,2026,9/4/2026,Account Manager,Marketing,Windows 11 Home,Office,"ExampleBook Air 13 (i7, 8GB, 256GB SSD)","ExampleBook Air 13 (i7, 8GB, 256GB SSD)",SYN-ASCRUDF9,10/25/2023,1/1/2026,"60,679.00","2,602.00",SYNTHETIC-ACCOUNTABILITY-EMP-0409.pdf,PO-SYN-500408,"TESTER, ALEX",Demo Distributor Inc.,
EMP-0410,900409,MON-200409,mon-200409,02:00:00:54:239:112,"CLARK, JAMIE",Deployed,April,2021,2/11/2024,Team Lead,Customer Support,N/A,N/A,"ExampleView 27"" QHD Monitor","ExampleView 27"" QHD Monitor",SN-WLB1E1U2,5/24/2024,1/1/2027,"61,210.00","2,979.00",SYNTHETIC-ACCOUNTABILITY-EMP-0410.pdf,PO-SYN-500409,"CLARK, JAMIE",Example Vendor Co.,
EMP-0411,900410,LT-100410,lt-100410,02:00:00:71:03:151,"WILLIAMS, DANA",In Repair,September,2021,11/22/2023,Systems Engineer,Engineering,Windows 11 Home,Office,"ExamplePad 11 Tablet (8GB, 128GB)","ExamplePad 11 Tablet (8GB, 128GB)",SYN-FJFB4P95,5/28/2021,1/1/2024,"41,906.00","3,201.00",SYNTHETIC-ACCOUNTABILITY-EMP-0411.pdf,PO-SYN-500410,"WILLIAMS, DANA",Sample Supplier Ltd.,
EMP-0412,900411,LT-100411,lt-100411,02:00:00:215:61:157,"MILLER, HARPER",Deployed,August,2023,5/10/2025,Team Lead,Marketing,Windows 11 Home,Office,"ExampleBook Pro 14 (i5, 16GB, 512GB SSD)","ExampleBook Pro 14 (i5, 16GB, 512GB SSD)",SYN-5QRP03DE,6/21/2022,1/1/2025,"40,834.00","3,505.00",SYNTHETIC-ACCOUNTABILITY-EMP-0412.pdf,PO-SYN-500411,"MILLER, HARPER",Sample Supplier Ltd.,
EMP-0413,900412,LT-100412,lt-100412,02:00:00:56:46:115,"DOE, SAWYER",Deployed,September,2021,8/3/2025,Account Manager,Customer Support,Windows 11 Home,Office,"ExampleBook Air 13 (i7, 8GB, 256GB SSD)","ExampleBook Air 13 (i7, 8GB, 256GB SSD)",SYN-AURD5F0X,6/20/2023,1/1/2026,"60,767.00","1,427.00",SYNTHETIC-ACCOUNTABILITY-EMP-0413.pdf,PO-SYN-500412,"DOE, SAWYER",Placeholder Hardware Inc.,
EMP-0414,900413,LT-100413,lt-100413,02:00:00:147:119:115,"WILLIAMS, KAI",Deployed,August,2021,2/21/2023,Account Manager,Operations,Windows 11 Pro,Office,"ExampleBook Air 13 (i7, 8GB, 256GB SSD)","ExampleBook Air 13 (i7, 8GB, 256GB SSD)",SYN-7PDL9T28,9/1/2024,1/1/2027,"92,544.00","2,484.00",SYNTHETIC-ACCOUNTABILITY-EMP-0414.pdf,PO-SYN-500413,"WILLIAMS, KAI",Placeholder Hardware Inc.,
EMP-0415,900414,LT-100414,lt-100414,02:00:00:166:213:247,"CLARK, JAMIE",Available,October,2026,11/17/2024,Operations Specialist,Field Services,Windows 11 Pro,Office,"ExampleBook Pro 14 (i5, 16GB, 512GB SSD)","ExampleBook Pro 14 (i5, 16GB, 512GB SSD)",SYN-89GCX2XY,11/18/2023,1/1/2026,"27,108.00","3,208.00",SYNTHETIC-ACCOUNTABILITY-EMP-0415.pdf,PO-SYN-500414,"CLARK, JAMIE",Demo Distributor Inc.,
EMP-0416,900415,LT-100415,lt-100415,02:00:00:110:121:08,"BROWN, QUINN",Deployed,January,2022,5/5/2024,Software Engineer,Product,Windows 11 Home,Office,"ExampleBook Air 13 (i7, 8GB, 256GB SSD)","ExampleBook Air 13 (i7, 8GB, 256GB SSD)",SYN-D4J11XPX,8/10/2021,1/1/2024,"93,826.00","4,139.00",SYNTHETIC-ACCOUNTABILITY-EMP-0416.pdf,PO-SYN-500415,"BROWN, QUINN",Example Vendor Co.,
EMP-0417,900416,LT-100416,lt-100416,02:00:00:134:72:133,"JOHNSON, PARKER",Deployed,July,2024,1/7/2022,Support Analyst,Human Resources,Windows 11 Home,Office,"ExampleBook Air 13 (i7, 8GB, 256GB SSD)","ExampleBook Air 13 (i7, 8GB, 256GB SSD)",SYN-AHLFUGML,8/28/2023,1/1/2026,"57,918.00","1,533.00",SYNTHETIC-ACCOUNTABILITY-EMP-0417.pdf,PO-SYN-500416,"JOHNSON, PARKER",Placeholder Hardware Inc.,
EMP-0418,900417,LT-100417,lt-100417,02:00:00:86:42:77,"WILLIAMS, OAKLEY",Deployed,April,2022,12/10/2025,Systems Engineer,Finance,Windows 11 Home,Office,"ExampleBook Pro 14 (i5, 16GB, 512GB SSD)","ExampleBook Pro 14 (i5, 16GB, 512GB SSD)",SYN-68QF3998,3/3/2024,1/1/2027,"40,065.00","3,265.00",SYNTHETIC-ACCOUNTABILITY-EMP-0418.pdf,PO-SYN-500417,"WILLIAMS, OAKLEY",Placeholder Hardware Inc.,
EMP-0419,900418,LT-100418,lt-100418,02:00:00:55:244:245,"DOE, TATUM",In Repair,August,2025,12/26/2026,Operations Specialist,Finance,Windows 10 Pro,Office,"ExampleBook Pro 14 (i5, 16GB, 512GB SSD)","ExampleBook Pro 14 (i5, 16GB, 512GB SSD)",SYN-H5SL49NZ,11/12/2023,1/1/2026,"69,581.00","3,474.00",SYNTHETIC-ACCOUNTABILITY-EMP-0419.pdf,PO-SYN-500418,"DOE, TATUM",Placeholder Hardware Inc.,
EMP-0420,900419,LT-100419,lt-100419,02:00:00:74:199:117,"PLACEHOLDER, REESE",Available,March,2022,12/12/2023,Systems Engineer,Engineering,Windows 10 Pro,Office,"ExampleBook Air 13 (i7, 8GB, 256GB SSD)","ExampleBook Air 13 (i7, 8GB, 256GB SSD)",SYN-NUAUZPTS,3/4/2021,1/1/2024,"25,734.00","1,734.00",SYNTHETIC-ACCOUNTABILITY-EMP-0420.pdf,PO-SYN-500419,"PLACEHOLDER, REESE",Placeholder Hardware Inc.,
EMP-0421,900420,LT-100420,lt-100420,02:00:00:176:125:23,"TESTER, OAKLEY",Deployed,December,2023,6/10/2023,Operations Specialist,Human Resources,Windows 11 Home,Office,"ExampleBook Air 13 (i7, 8GB, 256GB SSD)","ExampleBook Air 13 (i7, 8GB, 256GB SSD)",SYN-GNZG19DZ,5/16/2024,1/1/2027,"61,416.00","4,395.00",SYNTHETIC-ACCOUNTABILITY-EMP-0421.pdf,PO-SYN-500420,"TESTER, OAKLEY",Placeholder Hardware Inc.,
EMP-0422,900421,LT-100421,lt-100421,02:00:00:58:36:152,"JOHNSON, SAWYER",In Repair,March,2025,8/18/2022,Systems Engineer,Customer Support,Windows 11 Pro,Office,"ExamplePad 11 Tablet (8GB, 128GB)","ExamplePad 11 Tablet (8GB, 128GB)",SYN-C8K3ZHPL,10/25/2025,1/1/2028,"46,308.00","1,421.00",SYNTHETIC-ACCOUNTABILITY-EMP-0422.pdf,PO-SYN-500421,"JOHNSON, SAWYER",Placeholder Hardware Inc.,
EMP-0423,900422,LT-100422,lt-100422,02:00:00:213:201:30,"SMITH, BLAIR",Available,October,2022,9/16/2022,Operations Specialist,Marketing,Windows 10 Pro,Office,"ExampleStation 15 (i5, 16GB, 1TB HDD)","ExampleStation 15 (i5, 16GB, 1TB HDD)",SYN-KFR9L80P,6/5/2024,1/1/2027,"51,870.00","3,443.00",SYNTHETIC-ACCOUNTABILITY-EMP-0423.pdf,PO-SYN-500422,"SMITH, BLAIR",Placeholder Hardware Inc.,
EMP-0424,900423,MON-200423,mon-200423,02:00:00:69:25:248,"BROWN, GRAY",Unreturned Asset,December,2025,3/16/2025,Operations Specialist,Marketing,N/A,N/A,"ExampleView 24"" IPS Monitor","ExampleView 24"" IPS Monitor",SN-HZMXD12V,11/15/2021,1/1/2024,"28,491.00","2,260.00",SYNTHETIC-ACCOUNTABILITY-EMP-0424.pdf,PO-SYN-500423,"BROWN, GRAY",Placeholder Hardware Inc.,
EMP-0425,900424,LT-100424,lt-100424,02:00:00:183:122:26,"PLACEHOLDER, NOEL",Available,March,2023,12/11/2026,Team Lead,Engineering,Windows 11 Pro,Office,"ExamplePad 11 Tablet (8GB, 128GB)","ExamplePad 11 Tablet (8GB, 128GB)",SYN-RWNSTH8T,5/24/2023,1/1/2026,"87,472.00","2,576.00",SYNTHETIC-ACCOUNTABILITY-EMP-0425.pdf,PO-SYN-500424,"PLACEHOLDER, NOEL",Demo Distributor Inc.,
EMP-0426,900425,LT-100425,lt-100425,02:00:00:128:117:123,"CLARK, MORGAN",In Repair,November,2024,4/15/2022,Support Analyst,Human Resources,Windows 11 Pro,Office,"ExampleBook Air 13 (i7, 8GB, 256GB SSD)","ExampleBook Air 13 (i7, 8GB, 256GB SSD)",SYN-W4ZMXAU9,9/14/2025,1/1/2028,"61,105.00","3,144.00",SYNTHETIC-ACCOUNTABILITY-EMP-0426.pdf,PO-SYN-500425,"CLARK, MORGAN",Sample Supplier Ltd.,
EMP-0427,900426,LT-100426,lt-100426,02:00:00:195:250:03,"DOE, TATUM",Deployed,May,2022,7/7/2024,Support Analyst,Customer Support,Windows 11 Home,Office,"ExampleStation 15 (i5, 16GB, 1TB HDD)","ExampleStation 15 (i5, 16GB, 1TB HDD)",SYN-44K4CKT0,3/21/2025,1/1/2028,"44,537.00","1,551.00",SYNTHETIC-ACCOUNTABILITY-EMP-0427.pdf,PO-SYN-500426,"DOE, TATUM",Sample Supplier Ltd.,
EMP-0428,900427,LT-100427,lt-100427,02:00:00:157:208:238,"DOE, JAMIE",Deployed,December,2026,11/14/2022,Software Engineer,Engineering,Windows 11 Home,Office,"ExampleBook Pro 14 (i5, 16GB, 512GB SSD)","ExampleBook Pro 14 (i5, 16GB, 512GB SSD)",SYN-4TW8KWW1,2/10/2025,1/1/2028,"64,906.00","2,211.00",SYNTHETIC-ACCOUNTABILITY-EMP-0428.pdf,PO-SYN-500427,"DOE, JAMIE",Example Vendor Co.,
EMP-0429,900428,LT-100428,lt-100428,02:00:00:138:144:09,"WILLIAMS, FRANKIE",Available,June,2021,5/24/2024,Team Lead,Customer Support,Windows 11 Home,Office,"ExamplePad 11 Tablet (8GB, 128GB)","ExamplePad 11 Tablet (8GB, 128GB)",SYN-MBSFGFDH,10/6/2023,1/1/2026,"49,878.00","2,419.00",SYNTHETIC-ACCOUNTABILITY-EMP-0429.pdf,PO-SYN-500428,"WILLIAMS, FRANKIE",Sample Supplier Ltd.,
EMP-0430,900429,LT-100429,lt-100429,02:00:00:85:115:166,"PLACEHOLDER, KAI",In Repair,November,2024,2/5/2025,Operations Specialist,Engineering,Windows 11 Pro,Office,"ExamplePad 11 Tablet (8GB, 128GB)","ExamplePad 11 Tablet (8GB, 128GB)",SYN-FHGD1M26,2/26/2021,1/1/2024,"47,560.00","1,504.00",SYNTHETIC-ACCOUNTABILITY-EMP-0430.pdf,PO-SYN-500429,"PLACEHOLDER, KAI",Sample Supplier Ltd.,
EMP-0431,900430,LT-100430,lt-100430,02:00:00:196:73:31,"CLARK, HARPER",Deployed,January,2026,8/21/2022,Account Manager,Operations,Windows 11 Home,Office,"ExampleStation 15 (i5, 16GB, 1TB HDD)","ExampleStation 15 (i5, 16GB, 1TB HDD)",SYN-7CS4V0KE,5/4/2024,1/1/2027,"55,124.00","2,460.00",SYNTHETIC-ACCOUNTABILITY-EMP-0431.pdf,PO-SYN-500430,"CLARK, HARPER",Sample Supplier Ltd.,
EMP-0432,900431,MON-200431,mon-200431,02:00:00:19:183:251,"JOHNSON, FRANKIE",Deployed,February,2021,5/26/2022,Software Engineer,Operations,N/A,N/A,"ExampleView 24"" IPS Monitor","ExampleView 24"" IPS Monitor",SN-0QNZTX0T,8/21/2024,1/1/2027,"54,805.00","4,248.00",SYNTHETIC-ACCOUNTABILITY-EMP-0432.pdf,PO-SYN-500431,"JOHNSON, FRANKIE",Demo Distributor Inc.,
EMP-0433,900432,LT-100432,lt-100432,02:00:00:45:230:188,"SMITH, DANA",Deployed,August,2022,2/27/2024,Systems Engineer,Finance,Windows 10 Pro,Office,"ExampleStation 15 (i5, 16GB, 1TB HDD)","ExampleStation 15 (i5, 16GB, 1TB HDD)",SYN-J981WZQB,5/28/2025,1/1/2028,"40,947.00","1,487.00",SYNTHETIC-ACCOUNTABILITY-EMP-0433.pdf,PO-SYN-500432,"SMITH, DANA",Example Vendor Co.,
EMP-0434,900433,MON-200433,mon-200433,02:00:00:255:211:148,"CLARK, DANA",In Repair,December,2025,1/24/2022,Account Manager,Field Services,N/A,N/A,"ExampleView 27"" QHD Monitor","ExampleView 27"" QHD Monitor",SN-P8KM3Z78,9/4/2025,1/1/2028,"79,253.00","2,923.00",SYNTHETIC-ACCOUNTABILITY-EMP-0434.pdf,PO-SYN-500433,"CLARK, DANA",Sample Supplier Ltd.,
EMP-0435,900434,MON-200434,mon-200434,02:00:00:234:138:26,"DOE, BLAIR",Deployed,July,2026,9/22/2022,Software Engineer,Finance,N/A,N/A,"ExampleView 27"" QHD Monitor","ExampleView 27"" QHD Monitor",SN-UGJQE4HE,5/7/2025,1/1/2028,"86,086.00","2,042.00",SYNTHETIC-ACCOUNTABILITY-EMP-0435.pdf,PO-SYN-500434,"DOE, BLAIR",Example Vendor Co.,
EMP-0436,900435,LT-100435,lt-100435,02:00:00:76:152:155,"BROWN, KAI",Deployed,May,2021,9/28/2025,Team Lead,Human Resources,Windows 11 Home,Office,"ExampleBook Air 13 (i7, 8GB, 256GB SSD)","ExampleBook Air 13 (i7, 8GB, 256GB SSD)",SYN-AHR9PWNT,12/21/2023,1/1/2026,"93,481.00","2,400.00",SYNTHETIC-ACCOUNTABILITY-EMP-0436.pdf,PO-SYN-500435,"BROWN, KAI",Placeholder Hardware Inc.,
EMP-0437,900436,LT-100436,lt-100436,02:00:00:164:171:233,"TESTER, REESE",Deployed,January,2022,6/4/2026,Account Manager,Marketing,Windows 11 Home,Office,"ExamplePad 11 Tablet (8GB, 128GB)","ExamplePad 11 Tablet (8GB, 128GB)",SYN-XZP9SBUW,4/13/2024,1/1/2027,"56,423.00","4,648.00",SYNTHETIC-ACCOUNTABILITY-EMP-0437.pdf,PO-SYN-500436,"TESTER, REESE",Example Vendor Co.,
EMP-0438,900437,LT-100437,lt-100437,02:00:00:240:178:36,"WILLIAMS, CASEY",Available,May,2022,4/7/2024,Software Engineer,Finance,Windows 10 Pro,Office,"ExampleStation 15 (i5, 16GB, 1TB HDD)","ExampleStation 15 (i5, 16GB, 1TB HDD)",SYN-N68Y5MFH,8/15/2022,1/1/2025,"86,857.00","4,702.00",SYNTHETIC-ACCOUNTABILITY-EMP-0438.pdf,PO-SYN-500437,"WILLIAMS, CASEY",Sample Supplier Ltd.,
EMP-0439,900438,MON-200438,mon-200438,02:00:00:152:95:70,"MILLER, QUINN",Deployed,September,2022,11/6/2024,Support Analyst,Engineering,N/A,N/A,"ExampleView 24"" IPS Monitor","ExampleView 24"" IPS Monitor",SN-BLB8X5HV,1/21/2021,1/1/2024,"29,214.00","4,465.00",SYNTHETIC-ACCOUNTABILITY-EMP-0439.pdf,PO-SYN-500438,"MILLER, QUINN",Demo Distributor Inc.,
EMP-0440,900439,LT-100439,lt-100439,02:00:00:247:54:216,"SMITH, LEE",Deployed,May,2025,8/8/2026,Systems Engineer,Field Services,Windows 11 Pro,Office,"ExampleStation 15 (i5, 16GB, 1TB HDD)","ExampleStation 15 (i5, 16GB, 1TB HDD)",SYN-KVVPX3XX,5/2/2022,1/1/2025,"33,265.00","1,733.00",SYNTHETIC-ACCOUNTABILITY-EMP-0440.pdf,PO-SYN-500439,"SMITH, LEE",Placeholder Hardware Inc.,
EMP-0441,900440,LT-100440,lt-100440,02:00:00:38:183:193,"BROWN, KAI",Available,April,2025,5/11/2023,Team Lead,Customer Support,Windows 10 Pro,Office,"ExamplePad 11 Tablet (8GB, 128GB)","ExamplePad 11 Tablet (8GB, 128GB)",SYN-8176EK0D,3/20/2023,1/1/2026,"78,818.00","1,873.00",SYNTHETIC-ACCOUNTABILITY-EMP-0441.pdf,PO-SYN-500440,"BROWN, KAI",Example Vendor Co.,
EMP-0442,900441,LT-100441,lt-100441,02:00:00:15:00:129,"PLACEHOLDER, OAKLEY",In Repair,March,2023,2/20/2022,Team Lead,Marketing,Windows 11 Pro,Office,"ExampleStation 15 (i5, 16GB, 1TB HDD)","ExampleStation 15 (i5, 16GB, 1TB HDD)",SYN-9QYG9RP2,3/7/2021,1/1/2024,"90,928.00","3,249.00",SYNTHETIC-ACCOUNTABILITY-EMP-0442.pdf,PO-SYN-500441,"PLACEHOLDER, OAKLEY",Sample Supplier Ltd.,
EMP-0443,900442,LT-100442,lt-100442,02:00:00:111:98:143,"WILLIAMS, PARKER",Unreturned Asset,September,2021,6/22/2025,Software Engineer,Field Services,Windows 11 Pro,Office,"ExampleStation 15 (i5, 16GB, 1TB HDD)","ExampleStation 15 (i5, 16GB, 1TB HDD)",SYN-E27WMDWH,2/25/2025,1/1/2028,"31,646.00","3,133.00",SYNTHETIC-ACCOUNTABILITY-EMP-0443.pdf,PO-SYN-500442,"WILLIAMS, PARKER",Placeholder Hardware Inc.,
EMP-0444,900443,LT-100443,lt-100443,02:00:00:17:106:177,"PLACEHOLDER, LEE",Unreturned Asset,April,2024,10/26/2022,Operations Specialist,Operations,Windows 11 Home,Office,"ExampleBook Pro 14 (i5, 16GB, 512GB SSD)","ExampleBook Pro 14 (i5, 16GB, 512GB SSD)",SYN-HMZYS6RK,8/3/2025,1/1/2028,"90,372.00","3,134.00",SYNTHETIC-ACCOUNTABILITY-EMP-0444.pdf,PO-SYN-500443,"PLACEHOLDER, LEE",Placeholder Hardware Inc.,
EMP-0445,900444,LT-100444,lt-100444,02:00:00:30:78:255,"JOHNSON, FRANKIE",Deployed,January,2021,3/26/2024,Support Analyst,Customer Support,Windows 11 Home,Office,"ExamplePad 11 Tablet (8GB, 128GB)","ExamplePad 11 Tablet (8GB, 128GB)",SYN-6WLBKAZ2,8/16/2022,1/1/2025,"75,913.00","4,540.00",SYNTHETIC-ACCOUNTABILITY-EMP-0445.pdf,PO-SYN-500444,"JOHNSON, FRANKIE",Example Vendor Co.,
EMP-0446,900445,LT-100445,lt-100445,02:00:00:20:30:23,"PLACEHOLDER, ELLIS",Deployed,February,2023,11/15/2024,Software Engineer,Operations,Windows 11 Pro,Office,"ExamplePad 11 Tablet (8GB, 128GB)","ExamplePad 11 Tablet (8GB, 128GB)",SYN-3LPEEYNT,5/26/2023,1/1/2026,"61,449.00","2,845.00",SYNTHETIC-ACCOUNTABILITY-EMP-0446.pdf,PO-SYN-500445,"PLACEHOLDER, ELLIS",Sample Supplier Ltd.,
EMP-0447,900446,MON-200446,mon-200446,02:00:00:143:213:07,"CLARK, JAMIE",Available,July,2024,9/19/2023,Systems Engineer,Customer Support,N/A,N/A,"ExampleView 24"" IPS Monitor","ExampleView 24"" IPS Monitor",SN-DA5RJH02,10/14/2021,1/1/2024,"75,831.00","1,396.00",SYNTHETIC-ACCOUNTABILITY-EMP-0447.pdf,PO-SYN-500446,"CLARK, JAMIE",Demo Distributor Inc.,
EMP-0448,900447,LT-100447,lt-100447,02:00:00:48:243:125,"JOHNSON, BLAIR",Deployed,May,2022,2/5/2023,Systems Engineer,Human Resources,Windows 10 Pro,Office,"ExampleBook Air 13 (i7, 8GB, 256GB SSD)","ExampleBook Air 13 (i7, 8GB, 256GB SSD)",SYN-VS7E2NFE,6/9/2024,1/1/2027,"94,523.00","2,143.00",SYNTHETIC-ACCOUNTABILITY-EMP-0448.pdf,PO-SYN-500447,"JOHNSON, BLAIR",Demo Distributor Inc.,
EMP-0449,900448,LT-100448,lt-100448,02:00:00:89:144:21,"TESTER, KAI",Deployed,October,2022,3/10/2024,Operations Specialist,Operations,Windows 11 Home,Office,"ExampleBook Air 13 (i7, 8GB, 256GB SSD)","ExampleBook Air 13 (i7, 8GB, 256GB SSD)",SYN-RX72C45F,6/27/2025,1/1/2028,"51,011.00","3,944.00",SYNTHETIC-ACCOUNTABILITY-EMP-0449.pdf,PO-SYN-500448,"TESTER, KAI",Example Vendor Co.,
EMP-0450,900449,MON-200449,mon-200449,02:00:00:143:83:01,"TESTER, ALEX",Unreturned Asset,January,2026,12/1/2023,Support Analyst,Field Services,N/A,N/A,"ExampleView 24"" IPS Monitor","ExampleView 24"" IPS Monitor",SN-UK4VSKG5,8/25/2025,1/1/2028,"91,502.00","2,348.00",SYNTHETIC-ACCOUNTABILITY-EMP-0450.pdf,PO-SYN-500449,"TESTER, ALEX",Sample Supplier Ltd.,
EMP-0451,900450,LT-100450,lt-100450,02:00:00:148:178:23,"MILLER, FRANKIE",Deployed,December,2023,2/19/2022,Software Engineer,Field Services,Windows 10 Pro,Office,"ExampleStation 15 (i5, 16GB, 1TB HDD)","ExampleStation 15 (i5, 16GB, 1TB HDD)",SYN-8BFV4Y0X,8/10/2022,1/1/2025,"57,223.00","1,725.00",SYNTHETIC-ACCOUNTABILITY-EMP-0451.pdf,PO-SYN-500450,"MILLER, FRANKIE",Placeholder Hardware Inc.,
EMP-0452,900451,LT-100451,lt-100451,02:00:00:209:191:27,"SMITH, NOEL",Deployed,March,2022,11/10/2022,Systems Engineer,Field Services,Windows 11 Home,Office,"ExampleStation 15 (i5, 16GB, 1TB HDD)","ExampleStation 15 (i5, 16GB, 1TB HDD)",SYN-ZXRAEHK7,5/27/2024,1/1/2027,"69,974.00","1,602.00",SYNTHETIC-ACCOUNTABILITY-EMP-0452.pdf,PO-SYN-500451,"SMITH, NOEL",Placeholder Hardware Inc.,
EMP-0453,900452,LT-100452,lt-100452,02:00:00:185:161:113,"BROWN, KAI",Deployed,June,2024,8/22/2024,Support Analyst,Field Services,Windows 11 Pro,Office,"ExampleStation 15 (i5, 16GB, 1TB HDD)","ExampleStation 15 (i5, 16GB, 1TB HDD)",SYN-5KMKDM8U,8/12/2022,1/1/2025,"80,355.00","1,652.00",SYNTHETIC-ACCOUNTABILITY-EMP-0453.pdf,PO-SYN-500452,"BROWN, KAI",Placeholder Hardware Inc.,
EMP-0454,900453,LT-100453,lt-100453,02:00:00:19:13:239,"DOE, OAKLEY",In Repair,June,2025,11/26/2024,Team Lead,Finance,Windows 11 Pro,Office,"ExampleStation 15 (i5, 16GB, 1TB HDD)","ExampleStation 15 (i5, 16GB, 1TB HDD)",SYN-WJ4B9NRP,6/2/2025,1/1/2028,"93,817.00","3,398.00",SYNTHETIC-ACCOUNTABILITY-EMP-0454.pdf,PO-SYN-500453,"DOE, OAKLEY",Sample Supplier Ltd.,
EMP-0455,900454,LT-100454,lt-100454,02:00:00:02:27:70,"SMITH, HARPER",Deployed,December,2025,6/21/2023,Systems Engineer,Marketing,Windows 11 Home,Office,"ExampleBook Air 13 (i7, 8GB, 256GB SSD)","ExampleBook Air 13 (i7, 8GB, 256GB SSD)",SYN-KDV79YVQ,1/11/2024,1/1/2027,"70,331.00","2,884.00",SYNTHETIC-ACCOUNTABILITY-EMP-0455.pdf,PO-SYN-500454,"SMITH, HARPER",Sample Supplier Ltd.,
EMP-0456,900455,LT-100455,lt-100455,02:00:00:194:158:116,"SMITH, SAWYER",Deployed,October,2025,7/4/2025,Account Manager,Finance,Windows 11 Home,Office,"ExampleBook Air 13 (i7, 8GB, 256GB SSD)","ExampleBook Air 13 (i7, 8GB, 256GB SSD)",SYN-YHVA2VD9,11/16/2025,1/1/2028,"52,373.00","1,946.00",SYNTHETIC-ACCOUNTABILITY-EMP-0456.pdf,PO-SYN-500455,"SMITH, SAWYER",Sample Supplier Ltd.,
EMP-0457,900456,MON-200456,mon-200456,02:00:00:222:28:183,"SMITH, JAMIE",In Repair,November,2023,6/2/2023,Software Engineer,Marketing,N/A,N/A,"ExampleView 24"" IPS Monitor","ExampleView 24"" IPS Monitor",SN-3WDMTW6V,11/25/2023,1/1/2026,"80,356.00","4,363.00",SYNTHETIC-ACCOUNTABILITY-EMP-0457.pdf,PO-SYN-500456,"SMITH, JAMIE",Example Vendor Co.,
EMP-0458,900457,LT-100457,lt-100457,02:00:00:16:243:95,"SAMPLE, CASEY",In Repair,January,2021,5/12/2025,Operations Specialist,Product,Windows 10 Pro,Office,"ExampleBook Pro 14 (i5, 16GB, 512GB SSD)","ExampleBook Pro 14 (i5, 16GB, 512GB SSD)",SYN-910HHN79,11/21/2025,1/1/2028,"90,257.00","3,686.00",SYNTHETIC-ACCOUNTABILITY-EMP-0458.pdf,PO-SYN-500457,"SAMPLE, CASEY",Demo Distributor Inc.,
EMP-0459,900458,LT-100458,lt-100458,02:00:00:192:177:236,"WILLIAMS, KAI",In Repair,August,2021,11/18/2025,Team Lead,Marketing,Windows 11 Pro,Office,"ExampleBook Pro 14 (i5, 16GB, 512GB SSD)","ExampleBook Pro 14 (i5, 16GB, 512GB SSD)",SYN-NN09Z1L5,3/24/2022,1/1/2025,"35,609.00","3,351.00",SYNTHETIC-ACCOUNTABILITY-EMP-0459.pdf,PO-SYN-500458,"WILLIAMS, KAI",Placeholder Hardware Inc.,
EMP-0460,900459,LT-100459,lt-100459,02:00:00:32:109:83,"MILLER, BLAIR",Deployed,February,2022,3/15/2026,Software Engineer,Field Services,Windows 11 Pro,Office,"ExamplePad 11 Tablet (8GB, 128GB)","ExamplePad 11 Tablet (8GB, 128GB)",SYN-XYSLW7DQ,11/9/2023,1/1/2026,"71,883.00","1,714.00",SYNTHETIC-ACCOUNTABILITY-EMP-0460.pdf,PO-SYN-500459,"MILLER, BLAIR",Sample Supplier Ltd.,
EMP-0461,900460,LT-100460,lt-100460,02:00:00:253:103:19,"CLARK, TATUM",Deployed,July,2021,12/27/2024,Support Analyst,Operations,Windows 10 Pro,Office,"ExampleBook Air 13 (i7, 8GB, 256GB SSD)","ExampleBook Air 13 (i7, 8GB, 256GB SSD)",SYN-EDRP9XB2,6/20/2023,1/1/2026,"48,644.00","4,535.00",SYNTHETIC-ACCOUNTABILITY-EMP-0461.pdf,PO-SYN-500460,"CLARK, TATUM",Placeholder Hardware Inc.,
EMP-0462,900461,LT-100461,lt-100461,02:00:00:161:21:194,"DOE, HARPER",Unreturned Asset,December,2021,2/23/2024,Software Engineer,Human Resources,Windows 11 Home,Office,"ExampleBook Pro 14 (i5, 16GB, 512GB SSD)","ExampleBook Pro 14 (i5, 16GB, 512GB SSD)",SYN-D94GP0VA,3/23/2024,1/1/2027,"90,532.00","4,714.00",SYNTHETIC-ACCOUNTABILITY-EMP-0462.pdf,PO-SYN-500461,"DOE, HARPER",Example Vendor Co.,
EMP-0463,900462,LT-100462,lt-100462,02:00:00:41:59:59,"MILLER, QUINN",Deployed,March,2022,5/2/2023,Support Analyst,Finance,Windows 10 Pro,Office,"ExampleBook Pro 14 (i5, 16GB, 512GB SSD)","ExampleBook Pro 14 (i5, 16GB, 512GB SSD)",SYN-JM7BL95V,12/13/2024,1/1/2027,"86,918.00","2,854.00",SYNTHETIC-ACCOUNTABILITY-EMP-0463.pdf,PO-SYN-500462,"MILLER, QUINN",Sample Supplier Ltd.,
EMP-0464,900463,LT-100463,lt-100463,02:00:00:105:115:169,"DOE, JAMIE",Unreturned Asset,November,2022,7/26/2025,Operations Specialist,Human Resources,Windows 11 Pro,Office,"ExampleBook Air 13 (i7, 8GB, 256GB SSD)","ExampleBook Air 13 (i7, 8GB, 256GB SSD)",SYN-5HUXTJ52,10/2/2024,1/1/2027,"64,783.00","2,467.00",SYNTHETIC-ACCOUNTABILITY-EMP-0464.pdf,PO-SYN-500463,"DOE, JAMIE",Placeholder Hardware Inc.,
EMP-0465,900464,LT-100464,lt-100464,02:00:00:48:42:102,"JOHNSON, TATUM",Available,February,2026,5/10/2024,Operations Specialist,Operations,Windows 11 Home,Office,"ExamplePad 11 Tablet (8GB, 128GB)","ExamplePad 11 Tablet (8GB, 128GB)",SYN-CMJGWFXM,4/16/2021,1/1/2024,"48,448.00","2,889.00",SYNTHETIC-ACCOUNTABILITY-EMP-0465.pdf,PO-SYN-500464,"JOHNSON, TATUM",Placeholder Hardware Inc.,
EMP-0466,900465,LT-100465,lt-100465,02:00:00:110:129:109,"BROWN, HARPER",Deployed,January,2026,5/17/2023,Team Lead,Product,Windows 11 Pro,Office,"ExamplePad 11 Tablet (8GB, 128GB)","ExamplePad 11 Tablet (8GB, 128GB)",SYN-GSTBYNY6,1/20/2024,1/1/2027,"80,371.00","4,753.00",SYNTHETIC-ACCOUNTABILITY-EMP-0466.pdf,PO-SYN-500465,"BROWN, HARPER",Demo Distributor Inc.,
EMP-0467,900466,LT-100466,lt-100466,02:00:00:10:241:251,"SMITH, MORGAN",Available,June,2023,4/9/2025,Software Engineer,Field Services,Windows 10 Pro,Office,"ExampleBook Air 13 (i7, 8GB, 256GB SSD)","ExampleBook Air 13 (i7, 8GB, 256GB SSD)",SYN-J2P2YB0G,5/24/2023,1/1/2026,"56,127.00","4,578.00",SYNTHETIC-ACCOUNTABILITY-EMP-0467.pdf,PO-SYN-500466,"SMITH, MORGAN",Demo Distributor Inc.,
EMP-0468,900467,MON-200467,mon-200467,02:00:00:102:36:212,"SAMPLE, ELLIS",Deployed,September,2022,11/3/2026,Support Analyst,Engineering,N/A,N/A,"ExampleView 27"" QHD Monitor","ExampleView 27"" QHD Monitor",SN-P9LVDMH1,2/21/2022,1/1/2025,"27,576.00","3,053.00",SYNTHETIC-ACCOUNTABILITY-EMP-0468.pdf,PO-SYN-500467,"SAMPLE, ELLIS",Sample Supplier Ltd.,
EMP-0469,900468,LT-100468,lt-100468,02:00:00:167:05:205,"JOHNSON, PARKER",Available,September,2026,6/17/2025,Team Lead,Customer Support,Windows 10 Pro,Office,"ExampleBook Pro 14 (i5, 16GB, 512GB SSD)","ExampleBook Pro 14 (i5, 16GB, 512GB SSD)",SYN-2W4F7XNM,7/9/2022,1/1/2025,"44,351.00","4,026.00",SYNTHETIC-ACCOUNTABILITY-EMP-0469.pdf,PO-SYN-500468,"JOHNSON, PARKER",Demo Distributor Inc.,
EMP-0470,900469,LT-100469,lt-100469,02:00:00:35:20:70,"TESTER, TATUM",Available,August,2023,1/16/2024,Account Manager,Product,Windows 10 Pro,Office,"ExampleStation 15 (i5, 16GB, 1TB HDD)","ExampleStation 15 (i5, 16GB, 1TB HDD)",SYN-C9QTE4XS,3/25/2022,1/1/2025,"77,167.00","3,684.00",SYNTHETIC-ACCOUNTABILITY-EMP-0470.pdf,PO-SYN-500469,"TESTER, TATUM",Example Vendor Co.,
EMP-0471,900470,LT-100470,lt-100470,02:00:00:177:215:30,"JOHNSON, QUINN",Available,May,2021,4/26/2025,Software Engineer,Marketing,Windows 11 Home,Office,"ExampleStation 15 (i5, 16GB, 1TB HDD)","ExampleStation 15 (i5, 16GB, 1TB HDD)",SYN-90YA68LE,12/15/2022,1/1/2025,"92,669.00","3,502.00",SYNTHETIC-ACCOUNTABILITY-EMP-0471.pdf,PO-SYN-500470,"JOHNSON, QUINN",Sample Supplier Ltd.,
EMP-0472,900471,LT-100471,lt-100471,02:00:00:219:213:246,"SMITH, CASEY",Deployed,September,2022,6/21/2025,Software Engineer,Engineering,Windows 11 Pro,Office,"ExampleBook Pro 14 (i5, 16GB, 512GB SSD)","ExampleBook Pro 14 (i5, 16GB, 512GB SSD)",SYN-JFJK1UM7,5/25/2025,1/1/2028,"42,707.00","1,460.00",SYNTHETIC-ACCOUNTABILITY-EMP-0472.pdf,PO-SYN-500471,"SMITH, CASEY",Sample Supplier Ltd.,
EMP-0473,900472,LT-100472,lt-100472,02:00:00:201:68:234,"SMITH, NOEL",Deployed,April,2022,11/7/2025,Operations Specialist,Product,Windows 10 Pro,Office,"ExampleBook Pro 14 (i5, 16GB, 512GB SSD)","ExampleBook Pro 14 (i5, 16GB, 512GB SSD)",SYN-NM6HREWD,4/23/2025,1/1/2028,"78,836.00","4,219.00",SYNTHETIC-ACCOUNTABILITY-EMP-0473.pdf,PO-SYN-500472,"SMITH, NOEL",Sample Supplier Ltd.,
EMP-0474,900473,LT-100473,lt-100473,02:00:00:65:81:94,"PLACEHOLDER, NOEL",Unreturned Asset,September,2021,12/14/2025,Software Engineer,Human Resources,Windows 11 Home,Office,"ExampleBook Pro 14 (i5, 16GB, 512GB SSD)","ExampleBook Pro 14 (i5, 16GB, 512GB SSD)",SYN-VMYHFGK7,12/22/2022,1/1/2025,"32,355.00","4,342.00",SYNTHETIC-ACCOUNTABILITY-EMP-0474.pdf,PO-SYN-500473,"PLACEHOLDER, NOEL",Placeholder Hardware Inc.,
EMP-0475,900474,LT-100474,lt-100474,02:00:00:185:136:05,"JOHNSON, KAI",Available,June,2022,11/2/2022,Account Manager,Engineering,Windows 11 Home,Office,"ExampleStation 15 (i5, 16GB, 1TB HDD)","ExampleStation 15 (i5, 16GB, 1TB HDD)",SYN-TNBGX8P5,1/9/2024,1/1/2027,"88,691.00","4,327.00",SYNTHETIC-ACCOUNTABILITY-EMP-0475.pdf,PO-SYN-500474,"JOHNSON, KAI",Demo Distributor Inc.,
EMP-0476,900475,LT-100475,lt-100475,02:00:00:181:229:208,"TESTER, MORGAN",Available,March,2025,2/20/2022,Team Lead,Marketing,Windows 11 Home,Office,"ExampleBook Air 13 (i7, 8GB, 256GB SSD)","ExampleBook Air 13 (i7, 8GB, 256GB SSD)",SYN-Q6251AP3,9/15/2023,1/1/2026,"32,255.00","4,550.00",SYNTHETIC-ACCOUNTABILITY-EMP-0476.pdf,PO-SYN-500475,"TESTER, MORGAN",Sample Supplier Ltd.,
EMP-0477,900476,LT-100476,lt-100476,02:00:00:218:122:154,"PLACEHOLDER, OAKLEY",Deployed,July,2025,5/1/2022,Account Manager,Operations,Windows 11 Pro,Office,"ExampleBook Pro 14 (i5, 16GB, 512GB SSD)","ExampleBook Pro 14 (i5, 16GB, 512GB SSD)",SYN-8D512RK9,4/6/2025,1/1/2028,"58,134.00","3,039.00",SYNTHETIC-ACCOUNTABILITY-EMP-0477.pdf,PO-SYN-500476,"PLACEHOLDER, OAKLEY",Placeholder Hardware Inc.,
EMP-0478,900477,MON-200477,mon-200477,02:00:00:21:227:41,"SAMPLE, SAWYER",Deployed,September,2022,8/3/2024,Software Engineer,Field Services,N/A,N/A,"ExampleView 27"" QHD Monitor","ExampleView 27"" QHD Monitor",SN-CPEWF0TK,12/10/2024,1/1/2027,"40,800.00","3,549.00",SYNTHETIC-ACCOUNTABILITY-EMP-0478.pdf,PO-SYN-500477,"SAMPLE, SAWYER",Sample Supplier Ltd.,
EMP-0479,900478,LT-100478,lt-100478,02:00:00:26:52:172,"BROWN, MORGAN",Deployed,November,2022,2/22/2022,Team Lead,Product,Windows 10 Pro,Office,"ExampleStation 15 (i5, 16GB, 1TB HDD)","ExampleStation 15 (i5, 16GB, 1TB HDD)",SYN-B4FCXJRJ,6/13/2023,1/1/2026,"30,627.00","3,247.00",SYNTHETIC-ACCOUNTABILITY-EMP-0479.pdf,PO-SYN-500478,"BROWN, MORGAN",Demo Distributor Inc.,
EMP-0480,900479,LT-100479,lt-100479,02:00:00:61:111:182,"TESTER, QUINN",Deployed,July,2021,6/8/2026,Account Manager,Finance,Windows 10 Pro,Office,"ExampleBook Air 13 (i7, 8GB, 256GB SSD)","ExampleBook Air 13 (i7, 8GB, 256GB SSD)",SYN-YEF1CA3H,10/28/2025,1/1/2028,"27,553.00","3,621.00",SYNTHETIC-ACCOUNTABILITY-EMP-0480.pdf,PO-SYN-500479,"TESTER, QUINN",Demo Distributor Inc.,
EMP-0481,900480,LT-100480,lt-100480,02:00:00:45:221:203,"DOE, SAWYER",In Repair,September,2023,7/9/2024,Support Analyst,Marketing,Windows 10 Pro,Office,"ExamplePad 11 Tablet (8GB, 128GB)","ExamplePad 11 Tablet (8GB, 128GB)",SYN-RCG70VZW,9/12/2023,1/1/2026,"37,064.00","4,362.00",SYNTHETIC-ACCOUNTABILITY-EMP-0481.pdf,PO-SYN-500480,"DOE, SAWYER",Example Vendor Co.,
EMP-0482,900481,LT-100481,lt-100481,02:00:00:230:100:32,"TESTER, REESE",Deployed,January,2022,8/24/2025,Team Lead,Field Services,Windows 11 Home,Office,"ExampleStation 15 (i5, 16GB, 1TB HDD)","ExampleStation 15 (i5, 16GB, 1TB HDD)",SYN-NA5KS5AR,11/24/2025,1/1/2028,"41,323.00","3,706.00",SYNTHETIC-ACCOUNTABILITY-EMP-0482.pdf,PO-SYN-500481,"TESTER, REESE",Placeholder Hardware Inc.,
EMP-0483,900482,MON-200482,mon-200482,02:00:00:164:206:89,"SAMPLE, HARPER",Available,December,2022,1/26/2026,Support Analyst,Customer Support,N/A,N/A,"ExampleView 24"" IPS Monitor","ExampleView 24"" IPS Monitor",SN-7MVXT1U6,3/27/2023,1/1/2026,"41,437.00","2,108.00",SYNTHETIC-ACCOUNTABILITY-EMP-0483.pdf,PO-SYN-500482,"SAMPLE, HARPER",Placeholder Hardware Inc.,
EMP-0484,900483,LT-100483,lt-100483,02:00:00:110:94:248,"MILLER, HARPER",Available,April,2024,10/18/2025,Team Lead,Operations,Windows 11 Home,Office,"ExampleStation 15 (i5, 16GB, 1TB HDD)","ExampleStation 15 (i5, 16GB, 1TB HDD)",SYN-LW5DUCTF,7/26/2024,1/1/2027,"89,588.00","4,422.00",SYNTHETIC-ACCOUNTABILITY-EMP-0484.pdf,PO-SYN-500483,"MILLER, HARPER",Demo Distributor Inc.,
EMP-0485,900484,LT-100484,lt-100484,02:00:00:232:181:82,"MILLER, ALEX",Deployed,October,2024,3/14/2026,Support Analyst,Finance,Windows 10 Pro,Office,"ExampleBook Pro 14 (i5, 16GB, 512GB SSD)","ExampleBook Pro 14 (i5, 16GB, 512GB SSD)",SYN-RMSLR3XY,12/4/2023,1/1/2026,"42,585.00","3,385.00",SYNTHETIC-ACCOUNTABILITY-EMP-0485.pdf,PO-SYN-500484,"MILLER, ALEX",Sample Supplier Ltd.,
EMP-0486,900485,LT-100485,lt-100485,02:00:00:254:102:123,"SMITH, REESE",Deployed,June,2023,11/8/2022,Operations Specialist,Field Services,Windows 11 Home,Office,"ExampleBook Pro 14 (i5, 16GB, 512GB SSD)","ExampleBook Pro 14 (i5, 16GB, 512GB SSD)",SYN-QUHL2NM1,4/26/2024,1/1/2027,"39,397.00","2,851.00",SYNTHETIC-ACCOUNTABILITY-EMP-0486.pdf,PO-SYN-500485,"SMITH, REESE",Sample Supplier Ltd.,
EMP-0487,900486,MON-200486,mon-200486,02:00:00:125:00:151,"SMITH, MORGAN",Unreturned Asset,August,2024,1/7/2024,Account Manager,Finance,N/A,N/A,"ExampleView 27"" QHD Monitor","ExampleView 27"" QHD Monitor",SN-9HG28713,5/11/2025,1/1/2028,"41,123.00","3,116.00",SYNTHETIC-ACCOUNTABILITY-EMP-0487.pdf,PO-SYN-500486,"SMITH, MORGAN",Placeholder Hardware Inc.,
EMP-0488,900487,LT-100487,lt-100487,02:00:00:04:206:177,"DOE, JAMIE",Deployed,July,2021,3/25/2025,Systems Engineer,Operations,Windows 11 Home,Office,"ExamplePad 11 Tablet (8GB, 128GB)","ExamplePad 11 Tablet (8GB, 128GB)",SYN-8EQC5ZWP,9/10/2022,1/1/2025,"63,447.00","2,102.00",SYNTHETIC-ACCOUNTABILITY-EMP-0488.pdf,PO-SYN-500487,"DOE, JAMIE",Demo Distributor Inc.,
EMP-0489,900488,LT-100488,lt-100488,02:00:00:235:239:21,"BROWN, DANA",In Repair,May,2025,3/11/2023,Account Manager,Finance,Windows 11 Home,Office,"ExampleBook Air 13 (i7, 8GB, 256GB SSD)","ExampleBook Air 13 (i7, 8GB, 256GB SSD)",SYN-FDAR4W8T,9/10/2025,1/1/2028,"75,251.00","3,943.00",SYNTHETIC-ACCOUNTABILITY-EMP-0489.pdf,PO-SYN-500488,"BROWN, DANA",Demo Distributor Inc.,
EMP-0490,900489,LT-100489,lt-100489,02:00:00:242:88:181,"CLARK, INDIGO",Available,January,2022,6/14/2025,Support Analyst,Human Resources,Windows 10 Pro,Office,"ExampleStation 15 (i5, 16GB, 1TB HDD)","ExampleStation 15 (i5, 16GB, 1TB HDD)",SYN-PK7QCWN7,4/23/2024,1/1/2027,"43,415.00","3,922.00",SYNTHETIC-ACCOUNTABILITY-EMP-0490.pdf,PO-SYN-500489,"CLARK, INDIGO",Sample Supplier Ltd.,
EMP-0491,900490,LT-100490,lt-100490,02:00:00:16:227:227,"JOHNSON, INDIGO",In Repair,November,2021,4/18/2025,Operations Specialist,Marketing,Windows 11 Home,Office,"ExamplePad 11 Tablet (8GB, 128GB)","ExamplePad 11 Tablet (8GB, 128GB)",SYN-C9H6ALX7,3/21/2022,1/1/2025,"32,528.00","3,940.00",SYNTHETIC-ACCOUNTABILITY-EMP-0491.pdf,PO-SYN-500490,"JOHNSON, INDIGO",Sample Supplier Ltd.,
EMP-0492,900491,LT-100491,lt-100491,02:00:00:43:152:207,"CLARK, MORGAN",Deployed,June,2022,10/10/2022,Account Manager,Product,Windows 10 Pro,Office,"ExamplePad 11 Tablet (8GB, 128GB)","ExamplePad 11 Tablet (8GB, 128GB)",SYN-AHSM0AWT,10/7/2022,1/1/2025,"72,409.00","1,582.00",SYNTHETIC-ACCOUNTABILITY-EMP-0492.pdf,PO-SYN-500491,"CLARK, MORGAN",Placeholder Hardware Inc.,
EMP-0493,900492,MON-200492,mon-200492,02:00:00:09:83:147,"MILLER, BLAIR",Deployed,November,2021,9/28/2023,Account Manager,Customer Support,N/A,N/A,"ExampleView 24"" IPS Monitor","ExampleView 24"" IPS Monitor",SN-QYCZJRWA,1/28/2025,1/1/2028,"64,478.00","3,593.00",SYNTHETIC-ACCOUNTABILITY-EMP-0493.pdf,PO-SYN-500492,"MILLER, BLAIR",Sample Supplier Ltd.,
EMP-0494,900493,LT-100493,lt-100493,02:00:00:103:101:146,"SAMPLE, MORGAN",Available,May,2021,6/7/2024,Operations Specialist,Customer Support,Windows 11 Pro,Office,"ExampleStation 15 (i5, 16GB, 1TB HDD)","ExampleStation 15 (i5, 16GB, 1TB HDD)",SYN-15T52ZDZ,7/4/2023,1/1/2026,"67,050.00","3,155.00",SYNTHETIC-ACCOUNTABILITY-EMP-0494.pdf,PO-SYN-500493,"SAMPLE, MORGAN",Demo Distributor Inc.,
EMP-0495,900494,LT-100494,lt-100494,02:00:00:205:91:175,"MILLER, PARKER",Unreturned Asset,November,2023,4/8/2026,Software Engineer,Marketing,Windows 11 Pro,Office,"ExampleStation 15 (i5, 16GB, 1TB HDD)","ExampleStation 15 (i5, 16GB, 1TB HDD)",SYN-VBW60AH5,6/12/2024,1/1/2027,"51,710.00","1,976.00",SYNTHETIC-ACCOUNTABILITY-EMP-0495.pdf,PO-SYN-500494,"MILLER, PARKER",Placeholder Hardware Inc.,
EMP-0496,900495,LT-100495,lt-100495,02:00:00:153:252:72,"TESTER, MORGAN",Deployed,September,2024,1/14/2026,Software Engineer,Operations,Windows 10 Pro,Office,"ExampleStation 15 (i5, 16GB, 1TB HDD)","ExampleStation 15 (i5, 16GB, 1TB HDD)",SYN-MDZ5D3AP,2/19/2023,1/1/2026,"73,791.00","1,712.00",SYNTHETIC-ACCOUNTABILITY-EMP-0496.pdf,PO-SYN-500495,"TESTER, MORGAN",Example Vendor Co.,
EMP-0497,900496,LT-100496,lt-100496,02:00:00:32:58:243,"BROWN, BLAIR",In Repair,November,2021,9/20/2025,Software Engineer,Human Resources,Windows 11 Home,Office,"ExamplePad 11 Tablet (8GB, 128GB)","ExamplePad 11 Tablet (8GB, 128GB)",SYN-TWTSLPZB,6/25/2024,1/1/2027,"67,228.00","3,430.00",SYNTHETIC-ACCOUNTABILITY-EMP-0497.pdf,PO-SYN-500496,"BROWN, BLAIR",Example Vendor Co.,
EMP-0498,900497,MON-200497,mon-200497,02:00:00:116:168:89,"WILLIAMS, FRANKIE",In Repair,April,2022,12/24/2022,Support Analyst,Engineering,N/A,N/A,"ExampleView 27"" QHD Monitor","ExampleView 27"" QHD Monitor",SN-BLLQWQTV,9/5/2022,1/1/2025,"26,304.00","2,939.00",SYNTHETIC-ACCOUNTABILITY-EMP-0498.pdf,PO-SYN-500497,"WILLIAMS, FRANKIE",Sample Supplier Ltd.,
EMP-0499,900498,LT-100498,lt-100498,02:00:00:204:222:43,"SAMPLE, FRANKIE",Unreturned Asset,July,2021,7/3/2025,Team Lead,Marketing,Windows 10 Pro,Office,"ExampleBook Pro 14 (i5, 16GB, 512GB SSD)","ExampleBook Pro 14 (i5, 16GB, 512GB SSD)",SYN-BGQFZWL3,11/2/2021,1/1/2024,"65,894.00","2,600.00",SYNTHETIC-ACCOUNTABILITY-EMP-0499.pdf,PO-SYN-500498,"SAMPLE, FRANKIE",Sample Supplier Ltd.,
EMP-0500,900499,LT-100499,lt-100499,02:00:00:144:13:188,"PLACEHOLDER, HARPER",In Repair,December,2022,10/25/2025,Software Engineer,Finance,Windows 10 Pro,Office,"ExampleStation 15 (i5, 16GB, 1TB HDD)","ExampleStation 15 (i5, 16GB, 1TB HDD)",SYN-MD6GW4FZ,8/10/2023,1/1/2026,"88,180.00","2,815.00",SYNTHETIC-ACCOUNTABILITY-EMP-0500.pdf,PO-SYN-500499,"PLACEHOLDER, HARPER",Placeholder Hardware Inc.,
EMP-0501,900500,LT-100500,lt-100500,02:00:00:186:232:154,"SMITH, ALEX",Deployed,March,2026,10/9/2026,Team Lead,Human Resources,Windows 11 Home,Office,"ExamplePad 11 Tablet (8GB, 128GB)","ExamplePad 11 Tablet (8GB, 128GB)",SYN-Z0B4MX0U,5/17/2024,1/1/2027,"46,180.00","3,501.00",SYNTHETIC-ACCOUNTABILITY-EMP-0501.pdf,PO-SYN-500500,"SMITH, ALEX",Example Vendor Co.,
EMP-0502,900501,LT-100501,lt-100501,02:00:00:209:105:95,"JOHNSON, FRANKIE",Deployed,May,2024,6/15/2026,Software Engineer,Finance,Windows 11 Pro,Office,"ExampleBook Air 13 (i7, 8GB, 256GB SSD)","ExampleBook Air 13 (i7, 8GB, 256GB SSD)",SYN-WR2D7Q1H,9/2/2024,1/1/2027,"42,520.00","1,456.00",SYNTHETIC-ACCOUNTABILITY-EMP-0502.pdf,PO-SYN-500501,"JOHNSON, FRANKIE",Sample Supplier Ltd.,
EMP-0503,900502,LT-100502,lt-100502,02:00:00:163:96:89,"PLACEHOLDER, HARPER",Deployed,November,2022,5/27/2025,Operations Specialist,Field Services,Windows 10 Pro,Office,"ExampleBook Pro 14 (i5, 16GB, 512GB SSD)","ExampleBook Pro 14 (i5, 16GB, 512GB SSD)",SYN-VBSNMUS6,8/12/2025,1/1/2028,"81,410.00","2,676.00",SYNTHETIC-ACCOUNTABILITY-EMP-0503.pdf,PO-SYN-500502,"PLACEHOLDER, HARPER",Placeholder Hardware Inc.,
EMP-0504,900503,LT-100503,lt-100503,02:00:00:39:92:117,"CLARK, REESE",Available,September,2023,8/13/2023,Support Analyst,Marketing,Windows 11 Pro,Office,"ExampleBook Air 13 (i7, 8GB, 256GB SSD)","ExampleBook Air 13 (i7, 8GB, 256GB SSD)",SYN-LXZ02ND7,1/9/2022,1/1/2025,"27,863.00","2,086.00",SYNTHETIC-ACCOUNTABILITY-EMP-0504.pdf,PO-SYN-500503,"CLARK, REESE",Demo Distributor Inc.,
EMP-0505,900504,LT-100504,lt-100504,02:00:00:204:109:139,"SAMPLE, JAMIE",Deployed,November,2026,8/28/2025,Support Analyst,Customer Support,Windows 10 Pro,Office,"ExampleBook Pro 14 (i5, 16GB, 512GB SSD)","ExampleBook Pro 14 (i5, 16GB, 512GB SSD)",SYN-9MNLLT2P,10/24/2021,1/1/2024,"77,295.00","2,213.00",SYNTHETIC-ACCOUNTABILITY-EMP-0505.pdf,PO-SYN-500504,"SAMPLE, JAMIE",Placeholder Hardware Inc.,
EMP-0506,900505,LT-100505,lt-100505,02:00:00:54:30:86,"WILLIAMS, JAMIE",Available,May,2023,5/12/2022,Systems Engineer,Finance,Windows 11 Pro,Office,"ExamplePad 11 Tablet (8GB, 128GB)","ExamplePad 11 Tablet (8GB, 128GB)",SYN-FCLEMZNR,4/20/2025,1/1/2028,"34,468.00","3,708.00",SYNTHETIC-ACCOUNTABILITY-EMP-0506.pdf,PO-SYN-500505,"WILLIAMS, JAMIE",Example Vendor Co.,
EMP-0507,900506,MON-200506,mon-200506,02:00:00:142:34:227,"SMITH, FRANKIE",In Repair,April,2026,9/7/2024,Team Lead,Field Services,N/A,N/A,"ExampleView 24"" IPS Monitor","ExampleView 24"" IPS Monitor",SN-DT1GVYHD,1/23/2023,1/1/2026,"61,140.00","1,306.00",SYNTHETIC-ACCOUNTABILITY-EMP-0507.pdf,PO-SYN-500506,"SMITH, FRANKIE",Placeholder Hardware Inc.,
EMP-0508,900507,LT-100507,lt-100507,02:00:00:33:71:63,"JOHNSON, FRANKIE",In Repair,July,2024,11/26/2026,Software Engineer,Customer Support,Windows 11 Pro,Office,"ExampleStation 15 (i5, 16GB, 1TB HDD)","ExampleStation 15 (i5, 16GB, 1TB HDD)",SYN-PGL6AW4B,10/6/2021,1/1/2024,"48,598.00","2,212.00",SYNTHETIC-ACCOUNTABILITY-EMP-0508.pdf,PO-SYN-500507,"JOHNSON, FRANKIE",Demo Distributor Inc.,
EMP-0509,900508,LT-100508,lt-100508,02:00:00:119:00:181,"JOHNSON, JAMIE",Deployed,May,2025,9/24/2023,Operations Specialist,Product,Windows 11 Pro,Office,"ExampleBook Air 13 (i7, 8GB, 256GB SSD)","ExampleBook Air 13 (i7, 8GB, 256GB SSD)",SYN-FZZGMFJT,10/6/2025,1/1/2028,"34,257.00","1,385.00",SYNTHETIC-ACCOUNTABILITY-EMP-0509.pdf,PO-SYN-500508,"JOHNSON, JAMIE",Placeholder Hardware Inc.,
EMP-0510,900509,LT-100509,lt-100509,02:00:00:69:08:106,"WILLIAMS, INDIGO",Deployed,May,2021,12/21/2022,Systems Engineer,Finance,Windows 11 Pro,Office,"ExamplePad 11 Tablet (8GB, 128GB)","ExamplePad 11 Tablet (8GB, 128GB)",SYN-BUU3GJV0,3/23/2024,1/1/2027,"55,892.00","2,566.00",SYNTHETIC-ACCOUNTABILITY-EMP-0510.pdf,PO-SYN-500509,"WILLIAMS, INDIGO",Example Vendor Co.,
EMP-0511,900510,LT-100510,lt-100510,02:00:00:131:217:223,"SAMPLE, SAWYER",Deployed,June,2023,2/16/2022,Account Manager,Customer Support,Windows 11 Home,Office,"ExampleBook Pro 14 (i5, 16GB, 512GB SSD)","ExampleBook Pro 14 (i5, 16GB, 512GB SSD)",SYN-P7SN3X50,5/14/2021,1/1/2024,"28,733.00","3,573.00",SYNTHETIC-ACCOUNTABILITY-EMP-0511.pdf,PO-SYN-500510,"SAMPLE, SAWYER",Example Vendor Co.,
EMP-0512,900511,MON-200511,mon-200511,02:00:00:127:145:36,"SAMPLE, DANA",In Repair,September,2025,7/28/2025,Software Engineer,Engineering,N/A,N/A,"ExampleView 27"" QHD Monitor","ExampleView 27"" QHD Monitor",SN-V5U0TSJ0,12/14/2025,1/1/2028,"93,333.00","4,599.00",SYNTHETIC-ACCOUNTABILITY-EMP-0512.pdf,PO-SYN-500511,"SAMPLE, DANA",Demo Distributor Inc.,
EMP-0513,900512,MON-200512,mon-200512,02:00:00:18:121:199,"WILLIAMS, ALEX",Available,March,2022,9/14/2025,Software Engineer,Human Resources,N/A,N/A,"ExampleView 24"" IPS Monitor","ExampleView 24"" IPS Monitor",SN-V7W5VE1Z,9/4/2023,1/1/2026,"56,081.00","3,233.00",SYNTHETIC-ACCOUNTABILITY-EMP-0513.pdf,PO-SYN-500512,"WILLIAMS, ALEX",Sample Supplier Ltd.,
EMP-0514,900513,LT-100513,lt-100513,02:00:00:32:122:27,"MILLER, LEE",Deployed,November,2024,12/17/2026,Operations Specialist,Operations,Windows 11 Home,Office,"ExamplePad 11 Tablet (8GB, 128GB)","ExamplePad 11 Tablet (8GB, 128GB)",SYN-5Z6RW1CR,9/25/2025,1/1/2028,"29,220.00","4,068.00",SYNTHETIC-ACCOUNTABILITY-EMP-0514.pdf,PO-SYN-500513,"MILLER, LEE",Example Vendor Co.,
EMP-0515,900514,LT-100514,lt-100514,02:00:00:73:85:85,"BROWN, ELLIS",Available,December,2021,8/6/2024,Support Analyst,Field Services,Windows 11 Pro,Office,"ExamplePad 11 Tablet (8GB, 128GB)","ExamplePad 11 Tablet (8GB, 128GB)",SYN-TKXZAKK0,3/22/2025,1/1/2028,"45,769.00","2,682.00",SYNTHETIC-ACCOUNTABILITY-EMP-0515.pdf,PO-SYN-500514,"BROWN, ELLIS",Sample Supplier Ltd.,
EMP-0516,900515,LT-100515,lt-100515,02:00:00:190:05:122,"SMITH, REESE",Deployed,November,2026,8/10/2024,Account Manager,Operations,Windows 11 Pro,Office,"ExampleStation 15 (i5, 16GB, 1TB HDD)","ExampleStation 15 (i5, 16GB, 1TB HDD)",SYN-EP6TUCAH,12/19/2022,1/1/2025,"92,552.00","4,045.00",SYNTHETIC-ACCOUNTABILITY-EMP-0516.pdf,PO-SYN-500515,"SMITH, REESE",Sample Supplier Ltd.,
EMP-0517,900516,LT-100516,lt-100516,02:00:00:124:129:207,"SAMPLE, JAMIE",Available,August,2025,7/24/2024,Software Engineer,Operations,Windows 11 Home,Office,"ExampleStation 15 (i5, 16GB, 1TB HDD)","ExampleStation 15 (i5, 16GB, 1TB HDD)",SYN-WC5NTCWR,4/19/2024,1/1/2027,"25,131.00","3,613.00",SYNTHETIC-ACCOUNTABILITY-EMP-0517.pdf,PO-SYN-500516,"SAMPLE, JAMIE",Placeholder Hardware Inc.,
EMP-0518,900517,LT-100517,lt-100517,02:00:00:76:175:140,"BROWN, NOEL",Available,December,2025,7/21/2026,Support Analyst,Marketing,Windows 11 Home,Office,"ExamplePad 11 Tablet (8GB, 128GB)","ExamplePad 11 Tablet (8GB, 128GB)",SYN-FWTXAJ8Z,8/10/2024,1/1/2027,"47,335.00","2,872.00",SYNTHETIC-ACCOUNTABILITY-EMP-0518.pdf,PO-SYN-500517,"BROWN, NOEL",Example Vendor Co.,
EMP-0519,900518,LT-100518,lt-100518,02:00:00:04:178:240,"DOE, SAWYER",Available,July,2023,1/6/2024,Operations Specialist,Human Resources,Windows 11 Pro,Office,"ExampleBook Pro 14 (i5, 16GB, 512GB SSD)","ExampleBook Pro 14 (i5, 16GB, 512GB SSD)",SYN-SD02N4MC,3/5/2024,1/1/2027,"34,679.00","3,345.00",SYNTHETIC-ACCOUNTABILITY-EMP-0519.pdf,PO-SYN-500518,"DOE, SAWYER",Demo Distributor Inc.,
EMP-0520,900519,LT-100519,lt-100519,02:00:00:238:64:73,"CLARK, CASEY",Deployed,September,2022,12/10/2023,Systems Engineer,Human Resources,Windows 11 Home,Office,"ExamplePad 11 Tablet (8GB, 128GB)","ExamplePad 11 Tablet (8GB, 128GB)",SYN-H26DCWAE,9/8/2023,1/1/2026,"69,691.00","2,929.00",SYNTHETIC-ACCOUNTABILITY-EMP-0520.pdf,PO-SYN-500519,"CLARK, CASEY",Example Vendor Co.,
EMP-0521,900520,LT-100520,lt-100520,02:00:00:232:202:190,"SAMPLE, KAI",Available,November,2023,12/1/2024,Operations Specialist,Finance,Windows 11 Home,Office,"ExampleStation 15 (i5, 16GB, 1TB HDD)","ExampleStation 15 (i5, 16GB, 1TB HDD)",SYN-H2ECB5NN,9/21/2024,1/1/2027,"37,439.00","1,384.00",SYNTHETIC-ACCOUNTABILITY-EMP-0521.pdf,PO-SYN-500520,"SAMPLE, KAI",Sample Supplier Ltd.,
EMP-0522,900521,LT-100521,lt-100521,02:00:00:52:129:16,"TESTER, JAMIE",Deployed,July,2022,2/6/2023,Operations Specialist,Marketing,Windows 10 Pro,Office,"ExampleBook Air 13 (i7, 8GB, 256GB SSD)","ExampleBook Air 13 (i7, 8GB, 256GB SSD)",SYN-G5E10KD9,6/24/2021,1/1/2024,"61,271.00","2,338.00",SYNTHETIC-ACCOUNTABILITY-EMP-0522.pdf,PO-SYN-500521,"TESTER, JAMIE",Placeholder Hardware Inc.,
EMP-0523,900522,LT-100522,lt-100522,02:00:00:125:224:219,"SMITH, TATUM",Available,January,2025,12/24/2023,Systems Engineer,Marketing,Windows 11 Home,Office,"ExamplePad 11 Tablet (8GB, 128GB)","ExamplePad 11 Tablet (8GB, 128GB)",SYN-PA2XKRL8,8/13/2024,1/1/2027,"93,554.00","1,273.00",SYNTHETIC-ACCOUNTABILITY-EMP-0523.pdf,PO-SYN-500522,"SMITH, TATUM",Demo Distributor Inc.,
EMP-0524,900523,LT-100523,lt-100523,02:00:00:59:168:59,"SMITH, JAMIE",Available,September,2022,2/21/2023,Account Manager,Engineering,Windows 11 Home,Office,"ExamplePad 11 Tablet (8GB, 128GB)","ExamplePad 11 Tablet (8GB, 128GB)",SYN-0UZ27NJU,6/25/2022,1/1/2025,"92,597.00","4,758.00",SYNTHETIC-ACCOUNTABILITY-EMP-0524.pdf,PO-SYN-500523,"SMITH, JAMIE",Sample Supplier Ltd.,
EMP-0525,900524,LT-100524,lt-100524,02:00:00:51:195:108,"WILLIAMS, ALEX",In Repair,January,2022,4/12/2024,Systems Engineer,Product,Windows 10 Pro,Office,"ExampleStation 15 (i5, 16GB, 1TB HDD)","ExampleStation 15 (i5, 16GB, 1TB HDD)",SYN-H2Q3TWCG,1/22/2022,1/1/2025,"89,641.00","1,858.00",SYNTHETIC-ACCOUNTABILITY-EMP-0525.pdf,PO-SYN-500524,"WILLIAMS, ALEX",Sample Supplier Ltd.,
EMP-0526,900525,LT-100525,lt-100525,02:00:00:81:168:00,"SMITH, SAWYER",In Repair,February,2026,11/24/2026,Systems Engineer,Finance,Windows 10 Pro,Office,"ExampleBook Pro 14 (i5, 16GB, 512GB SSD)","ExampleBook Pro 14 (i5, 16GB, 512GB SSD)",SYN-Y2FU7NRW,8/28/2022,1/1/2025,"93,370.00","1,998.00",SYNTHETIC-ACCOUNTABILITY-EMP-0526.pdf,PO-SYN-500525,"SMITH, SAWYER",Placeholder Hardware Inc.,
EMP-0527,900526,MON-200526,mon-200526,02:00:00:115:51:58,"JOHNSON, INDIGO",Deployed,May,2024,4/8/2022,Support Analyst,Finance,N/A,N/A,"ExampleView 27"" QHD Monitor","ExampleView 27"" QHD Monitor",SN-RW7NGMVE,8/18/2021,1/1/2024,"75,429.00","3,807.00",SYNTHETIC-ACCOUNTABILITY-EMP-0527.pdf,PO-SYN-500526,"JOHNSON, INDIGO",Example Vendor Co.,
EMP-0528,900527,MON-200527,mon-200527,02:00:00:75:111:02,"WILLIAMS, JAMIE",Unreturned Asset,January,2021,11/26/2022,Support Analyst,Customer Support,N/A,N/A,"ExampleView 24"" IPS Monitor","ExampleView 24"" IPS Monitor",SN-02Q7J284,8/5/2024,1/1/2027,"48,984.00","3,723.00",SYNTHETIC-ACCOUNTABILITY-EMP-0528.pdf,PO-SYN-500527,"WILLIAMS, JAMIE",Demo Distributor Inc.,
EMP-0529,900528,MON-200528,mon-200528,02:00:00:145:247:76,"MILLER, ALEX",Unreturned Asset,July,2022,1/11/2023,Support Analyst,Operations,N/A,N/A,"ExampleView 24"" IPS Monitor","ExampleView 24"" IPS Monitor",SN-SYVQW8PD,11/19/2024,1/1/2027,"53,915.00","3,317.00",SYNTHETIC-ACCOUNTABILITY-EMP-0529.pdf,PO-SYN-500528,"MILLER, ALEX",Demo Distributor Inc.,
EMP-0530,900529,LT-100529,lt-100529,02:00:00:152:53:98,"JOHNSON, OAKLEY",Available,December,2023,5/12/2022,Team Lead,Field Services,Windows 11 Pro,Office,"ExampleBook Air 13 (i7, 8GB, 256GB SSD)","ExampleBook Air 13 (i7, 8GB, 256GB SSD)",SYN-J3V8C6TT,2/12/2023,1/1/2026,"64,129.00","2,705.00",SYNTHETIC-ACCOUNTABILITY-EMP-0530.pdf,PO-SYN-500529,"JOHNSON, OAKLEY",Sample Supplier Ltd.,
EMP-0531,900530,LT-100530,lt-100530,02:00:00:138:00:170,"CLARK, ALEX",In Repair,November,2025,12/23/2026,Support Analyst,Engineering,Windows 10 Pro,Office,"ExampleStation 15 (i5, 16GB, 1TB HDD)","ExampleStation 15 (i5, 16GB, 1TB HDD)",SYN-QGCC26GR,7/22/2025,1/1/2028,"29,421.00","2,854.00",SYNTHETIC-ACCOUNTABILITY-EMP-0531.pdf,PO-SYN-500530,"CLARK, ALEX",Demo Distributor Inc.,
EMP-0532,900531,LT-100531,lt-100531,02:00:00:16:101:219,"MILLER, LEE",Deployed,January,2021,8/10/2024,Operations Specialist,Engineering,Windows 11 Pro,Office,"ExampleBook Air 13 (i7, 8GB, 256GB SSD)","ExampleBook Air 13 (i7, 8GB, 256GB SSD)",SYN-5769YCJQ,1/26/2021,1/1/2024,"43,315.00","1,665.00",SYNTHETIC-ACCOUNTABILITY-EMP-0532.pdf,PO-SYN-500531,"MILLER, LEE",Example Vendor Co.,
EMP-0533,900532,MON-200532,mon-200532,02:00:00:79:34:176,"SAMPLE, NOEL",Available,May,2024,5/6/2023,Software Engineer,Field Services,N/A,N/A,"ExampleView 27"" QHD Monitor","ExampleView 27"" QHD Monitor",SN-PAVKQQ3Y,8/23/2024,1/1/2027,"49,193.00","4,722.00",SYNTHETIC-ACCOUNTABILITY-EMP-0533.pdf,PO-SYN-500532,"SAMPLE, NOEL",Demo Distributor Inc.,
EMP-0534,900533,LT-100533,lt-100533,02:00:00:08:206:20,"BROWN, KAI",Unreturned Asset,August,2023,2/9/2026,Operations Specialist,Human Resources,Windows 11 Home,Office,"ExamplePad 11 Tablet (8GB, 128GB)","ExamplePad 11 Tablet (8GB, 128GB)",SYN-RHCRELP1,6/16/2024,1/1/2027,"64,633.00","1,290.00",SYNTHETIC-ACCOUNTABILITY-EMP-0534.pdf,PO-SYN-500533,"BROWN, KAI",Demo Distributor Inc.,
EMP-0535,900534,LT-100534,lt-100534,02:00:00:04:221:242,"TESTER, JAMIE",Deployed,September,2022,12/16/2022,Account Manager,Finance,Windows 10 Pro,Office,"ExampleBook Pro 14 (i5, 16GB, 512GB SSD)","ExampleBook Pro 14 (i5, 16GB, 512GB SSD)",SYN-V8B4YQ21,8/7/2025,1/1/2028,"74,737.00","1,792.00",SYNTHETIC-ACCOUNTABILITY-EMP-0535.pdf,PO-SYN-500534,"TESTER, JAMIE",Example Vendor Co.,
EMP-0536,900535,MON-200535,mon-200535,02:00:00:19:136:125,"PLACEHOLDER, PARKER",Deployed,October,2025,11/6/2025,Software Engineer,Field Services,N/A,N/A,"ExampleView 24"" IPS Monitor","ExampleView 24"" IPS Monitor",SN-S6Y09WG5,5/1/2022,1/1/2025,"87,937.00","3,589.00",SYNTHETIC-ACCOUNTABILITY-EMP-0536.pdf,PO-SYN-500535,"PLACEHOLDER, PARKER",Sample Supplier Ltd.,
EMP-0537,900536,LT-100536,lt-100536,02:00:00:35:38:98,"BROWN, GRAY",Deployed,September,2024,8/5/2026,Support Analyst,Finance,Windows 11 Pro,Office,"ExampleBook Air 13 (i7, 8GB, 256GB SSD)","ExampleBook Air 13 (i7, 8GB, 256GB SSD)",SYN-5XE7GMTT,7/26/2024,1/1/2027,"73,188.00","2,197.00",SYNTHETIC-ACCOUNTABILITY-EMP-0537.pdf,PO-SYN-500536,"BROWN, GRAY",Example Vendor Co.,
EMP-0538,900537,LT-100537,lt-100537,02:00:00:254:43:236,"SAMPLE, HARPER",Deployed,September,2023,2/23/2026,Operations Specialist,Marketing,Windows 11 Home,Office,"ExamplePad 11 Tablet (8GB, 128GB)","ExamplePad 11 Tablet (8GB, 128GB)",SYN-UT3MKAH7,10/26/2024,1/1/2027,"81,215.00","4,228.00",SYNTHETIC-ACCOUNTABILITY-EMP-0538.pdf,PO-SYN-500537,"SAMPLE, HARPER",Sample Supplier Ltd.,
EMP-0539,900538,MON-200538,mon-200538,02:00:00:188:88:201,"BROWN, ALEX",Available,May,2026,1/9/2022,Systems Engineer,Finance,N/A,N/A,"ExampleView 27"" QHD Monitor","ExampleView 27"" QHD Monitor",SN-0HJJ46U7,6/14/2022,1/1/2025,"27,987.00","2,091.00",SYNTHETIC-ACCOUNTABILITY-EMP-0539.pdf,PO-SYN-500538,"BROWN, ALEX",Demo Distributor Inc.,
EMP-0540,900539,MON-200539,mon-200539,02:00:00:114:151:90,"DOE, GRAY",Available,June,2026,2/18/2023,Systems Engineer,Operations,N/A,N/A,"ExampleView 27"" QHD Monitor","ExampleView 27"" QHD Monitor",SN-QJ10JEVG,12/28/2025,1/1/2028,"29,092.00","3,975.00",SYNTHETIC-ACCOUNTABILITY-EMP-0540.pdf,PO-SYN-500539,"DOE, GRAY",Example Vendor Co.,
EMP-0541,900540,MON-200540,mon-200540,02:00:00:186:215:183,"JOHNSON, DANA",Available,November,2021,3/10/2024,Software Engineer,Finance,N/A,N/A,"ExampleView 27"" QHD Monitor","ExampleView 27"" QHD Monitor",SN-FTFZKNKZ,8/6/2022,1/1/2025,"51,710.00","4,616.00",SYNTHETIC-ACCOUNTABILITY-EMP-0541.pdf,PO-SYN-500540,"JOHNSON, DANA",Sample Supplier Ltd.,
EMP-0542,900541,LT-100541,lt-100541,02:00:00:17:133:84,"PLACEHOLDER, PARKER",Deployed,December,2026,12/12/2026,Support Analyst,Product,Windows 11 Home,Office,"ExampleBook Air 13 (i7, 8GB, 256GB SSD)","ExampleBook Air 13 (i7, 8GB, 256GB SSD)",SYN-V65JECNN,11/22/2023,1/1/2026,"33,140.00","2,251.00",SYNTHETIC-ACCOUNTABILITY-EMP-0542.pdf,PO-SYN-500541,"PLACEHOLDER, PARKER",Sample Supplier Ltd.,
EMP-0543,900542,LT-100542,lt-100542,02:00:00:162:129:204,"DOE, DANA",Deployed,June,2021,2/15/2025,Support Analyst,Marketing,Windows 11 Home,Office,"ExampleBook Pro 14 (i5, 16GB, 512GB SSD)","ExampleBook Pro 14 (i5, 16GB, 512GB SSD)",SYN-LC0ZYZKQ,6/12/2024,1/1/2027,"79,884.00","4,206.00",SYNTHETIC-ACCOUNTABILITY-EMP-0543.pdf,PO-SYN-500542,"DOE, DANA",Example Vendor Co.,
EMP-0544,900543,LT-100543,lt-100543,02:00:00:207:184:120,"CLARK, ELLIS",Deployed,April,2021,4/19/2026,Account Manager,Finance,Windows 11 Home,Office,"ExampleBook Pro 14 (i5, 16GB, 512GB SSD)","ExampleBook Pro 14 (i5, 16GB, 512GB SSD)",SYN-82K2ZAGP,12/12/2025,1/1/2028,"29,168.00","4,068.00",SYNTHETIC-ACCOUNTABILITY-EMP-0544.pdf,PO-SYN-500543,"CLARK, ELLIS",Example Vendor Co.,
EMP-0545,900544,LT-100544,lt-100544,02:00:00:124:166:143,"TESTER, CASEY",In Repair,August,2024,9/11/2026,Team Lead,Customer Support,Windows 11 Home,Office,"ExampleBook Pro 14 (i5, 16GB, 512GB SSD)","ExampleBook Pro 14 (i5, 16GB, 512GB SSD)",SYN-Q3R3ELZG,4/28/2025,1/1/2028,"47,959.00","1,277.00",SYNTHETIC-ACCOUNTABILITY-EMP-0545.pdf,PO-SYN-500544,"TESTER, CASEY",Sample Supplier Ltd.,
EMP-0546,900545,LT-100545,lt-100545,02:00:00:196:181:16,"JOHNSON, SAWYER",Available,April,2023,7/26/2025,Operations Specialist,Human Resources,Windows 11 Pro,Office,"ExamplePad 11 Tablet (8GB, 128GB)","ExamplePad 11 Tablet (8GB, 128GB)",SYN-C3EM3ZM8,11/2/2023,1/1/2026,"62,878.00","4,156.00",SYNTHETIC-ACCOUNTABILITY-EMP-0546.pdf,PO-SYN-500545,"JOHNSON, SAWYER",Sample Supplier Ltd.,
EMP-0547,900546,LT-100546,lt-100546,02:00:00:176:56:226,"SMITH, CASEY",Deployed,September,2024,5/14/2025,Operations Specialist,Product,Windows 11 Home,Office,"ExampleBook Air 13 (i7, 8GB, 256GB SSD)","ExampleBook Air 13 (i7, 8GB, 256GB SSD)",SYN-FJ0N0UCG,6/1/2023,1/1/2026,"62,360.00","3,355.00",SYNTHETIC-ACCOUNTABILITY-EMP-0547.pdf,PO-SYN-500546,"SMITH, CASEY",Example Vendor Co.,
EMP-0548,900547,LT-100547,lt-100547,02:00:00:99:88:232,"SMITH, HARPER",Unreturned Asset,September,2023,11/4/2022,Support Analyst,Finance,Windows 10 Pro,Office,"ExampleBook Pro 14 (i5, 16GB, 512GB SSD)","ExampleBook Pro 14 (i5, 16GB, 512GB SSD)",SYN-KBQST1BP,10/11/2022,1/1/2025,"78,740.00","2,892.00",SYNTHETIC-ACCOUNTABILITY-EMP-0548.pdf,PO-SYN-500547,"SMITH, HARPER",Example Vendor Co.,
EMP-0549,900548,LT-100548,lt-100548,02:00:00:22:128:148,"MILLER, LEE",Deployed,July,2022,11/26/2026,Team Lead,Operations,Windows 11 Home,Office,"ExamplePad 11 Tablet (8GB, 128GB)","ExamplePad 11 Tablet (8GB, 128GB)",SYN-RUMHA705,7/25/2024,1/1/2027,"60,081.00","3,973.00",SYNTHETIC-ACCOUNTABILITY-EMP-0549.pdf,PO-SYN-500548,"MILLER, LEE",Sample Supplier Ltd.,
EMP-0550,900549,LT-100549,lt-100549,02:00:00:117:233:16,"WILLIAMS, NOEL",In Repair,November,2026,6/9/2025,Systems Engineer,Marketing,Windows 11 Home,Office,"ExampleBook Pro 14 (i5, 16GB, 512GB SSD)","ExampleBook Pro 14 (i5, 16GB, 512GB SSD)",SYN-3GEHYU8S,11/25/2021,1/1/2024,"32,619.00","4,276.00",SYNTHETIC-ACCOUNTABILITY-EMP-0550.pdf,PO-SYN-500549,"WILLIAMS, NOEL",Demo Distributor Inc.,
EMP-0551,900550,MON-200550,mon-200550,02:00:00:155:196:160,"DOE, JAMIE",Deployed,February,2026,7/28/2023,Operations Specialist,Human Resources,N/A,N/A,"ExampleView 24"" IPS Monitor","ExampleView 24"" IPS Monitor",SN-CYEZATZU,5/23/2021,1/1/2024,"72,249.00","1,927.00",SYNTHETIC-ACCOUNTABILITY-EMP-0551.pdf,PO-SYN-500550,"DOE, JAMIE",Placeholder Hardware Inc.,
EMP-0552,900551,MON-200551,mon-200551,02:00:00:147:153:204,"MILLER, REESE",In Repair,October,2023,11/8/2023,Operations Specialist,Customer Support,N/A,N/A,"ExampleView 27"" QHD Monitor","ExampleView 27"" QHD Monitor",SN-XAZAGY2K,4/26/2025,1/1/2028,"80,223.00","3,377.00",SYNTHETIC-ACCOUNTABILITY-EMP-0552.pdf,PO-SYN-500551,"MILLER, REESE",Demo Distributor Inc.,
EMP-0553,900552,LT-100552,lt-100552,02:00:00:252:124:77,"MILLER, GRAY",Unreturned Asset,January,2023,3/28/2022,Software Engineer,Finance,Windows 10 Pro,Office,"ExampleStation 15 (i5, 16GB, 1TB HDD)","ExampleStation 15 (i5, 16GB, 1TB HDD)",SYN-7AHC1KQB,6/6/2022,1/1/2025,"58,025.00","2,575.00",SYNTHETIC-ACCOUNTABILITY-EMP-0553.pdf,PO-SYN-500552,"MILLER, GRAY",Example Vendor Co.,
EMP-0554,900553,LT-100553,lt-100553,02:00:00:121:165:80,"SMITH, DANA",Deployed,April,2022,11/20/2026,Team Lead,Operations,Windows 11 Pro,Office,"ExamplePad 11 Tablet (8GB, 128GB)","ExamplePad 11 Tablet (8GB, 128GB)",SYN-P3XXSSAM,3/13/2023,1/1/2026,"79,220.00","4,517.00",SYNTHETIC-ACCOUNTABILITY-EMP-0554.pdf,PO-SYN-500553,"SMITH, DANA",Sample Supplier Ltd.,
EMP-0555,900554,LT-100554,lt-100554,02:00:00:157:35:151,"PLACEHOLDER, DANA",Available,September,2026,9/6/2022,Operations Specialist,Engineering,Windows 11 Pro,Office,"ExampleBook Pro 14 (i5, 16GB, 512GB SSD)","ExampleBook Pro 14 (i5, 16GB, 512GB SSD)",SYN-5SAVYUDH,7/2/2024,1/1/2027,"51,653.00","3,542.00",SYNTHETIC-ACCOUNTABILITY-EMP-0555.pdf,PO-SYN-500554,"PLACEHOLDER, DANA",Example Vendor Co.,
EMP-0556,900555,LT-100555,lt-100555,02:00:00:166:55:164,"MILLER, NOEL",In Repair,June,2026,1/20/2022,Operations Specialist,Operations,Windows 10 Pro,Office,"ExampleBook Pro 14 (i5, 16GB, 512GB SSD)","ExampleBook Pro 14 (i5, 16GB, 512GB SSD)",SYN-TCNWW3S5,1/18/2021,1/1/2024,"62,635.00","4,663.00",SYNTHETIC-ACCOUNTABILITY-EMP-0556.pdf,PO-SYN-500555,"MILLER, NOEL",Demo Distributor Inc.,
EMP-0557,900556,LT-100556,lt-100556,02:00:00:178:89:96,"TESTER, ELLIS",Unreturned Asset,May,2026,7/28/2026,Operations Specialist,Operations,Windows 11 Home,Office,"ExampleStation 15 (i5, 16GB, 1TB HDD)","ExampleStation 15 (i5, 16GB, 1TB HDD)",SYN-TXDBL2C0,7/25/2025,1/1/2028,"64,393.00","1,743.00",SYNTHETIC-ACCOUNTABILITY-EMP-0557.pdf,PO-SYN-500556,"TESTER, ELLIS",Sample Supplier Ltd.,
EMP-0558,900557,LT-100557,lt-100557,02:00:00:189:91:93,"BROWN, QUINN",Available,June,2025,11/4/2022,Support Analyst,Operations,Windows 10 Pro,Office,"ExamplePad 11 Tablet (8GB, 128GB)","ExamplePad 11 Tablet (8GB, 128GB)",SYN-UFWZ0HKM,9/18/2023,1/1/2026,"60,118.00","2,358.00",SYNTHETIC-ACCOUNTABILITY-EMP-0558.pdf,PO-SYN-500557,"BROWN, QUINN",Sample Supplier Ltd.,
EMP-0559,900558,MON-200558,mon-200558,02:00:00:28:154:158,"CLARK, CASEY",In Repair,May,2021,3/10/2024,Systems Engineer,Operations,N/A,N/A,"ExampleView 24"" IPS Monitor","ExampleView 24"" IPS Monitor",SN-N3CUYA0L,10/21/2021,1/1/2024,"69,826.00","4,038.00",SYNTHETIC-ACCOUNTABILITY-EMP-0559.pdf,PO-SYN-500558,"CLARK, CASEY",Demo Distributor Inc.,
EMP-0560,900559,MON-200559,mon-200559,02:00:00:115:195:54,"DOE, NOEL",Unreturned Asset,July,2024,10/14/2024,Team Lead,Product,N/A,N/A,"ExampleView 27"" QHD Monitor","ExampleView 27"" QHD Monitor",SN-YNJ3A0LH,8/2/2023,1/1/2026,"57,374.00","3,316.00",SYNTHETIC-ACCOUNTABILITY-EMP-0560.pdf,PO-SYN-500559,"DOE, NOEL",Placeholder Hardware Inc.,
EMP-0561,900560,MON-200560,mon-200560,02:00:00:177:125:193,"MILLER, ELLIS",Deployed,May,2021,9/2/2022,Systems Engineer,Customer Support,N/A,N/A,"ExampleView 27"" QHD Monitor","ExampleView 27"" QHD Monitor",SN-E4LHNG4S,2/6/2025,1/1/2028,"85,960.00","3,819.00",SYNTHETIC-ACCOUNTABILITY-EMP-0561.pdf,PO-SYN-500560,"MILLER, ELLIS",Placeholder Hardware Inc.,
EMP-0562,900561,LT-100561,lt-100561,02:00:00:29:104:107,"SAMPLE, GRAY",Deployed,February,2026,9/26/2024,Team Lead,Engineering,Windows 11 Pro,Office,"ExampleStation 15 (i5, 16GB, 1TB HDD)","ExampleStation 15 (i5, 16GB, 1TB HDD)",SYN-GZJARNVB,9/3/2023,1/1/2026,"39,982.00","3,457.00",SYNTHETIC-ACCOUNTABILITY-EMP-0562.pdf,PO-SYN-500561,"SAMPLE, GRAY",Sample Supplier Ltd.,
EMP-0563,900562,LT-100562,lt-100562,02:00:00:04:69:148,"TESTER, FRANKIE",Deployed,March,2026,7/20/2025,Team Lead,Engineering,Windows 11 Home,Office,"ExamplePad 11 Tablet (8GB, 128GB)","ExamplePad 11 Tablet (8GB, 128GB)",SYN-VK0BMA4F,8/4/2022,1/1/2025,"71,283.00","3,772.00",SYNTHETIC-ACCOUNTABILITY-EMP-0563.pdf,PO-SYN-500562,"TESTER, FRANKIE",Demo Distributor Inc.,
EMP-0564,900563,MON-200563,mon-200563,02:00:00:75:198:238,"WILLIAMS, REESE",Deployed,May,2026,1/22/2025,Operations Specialist,Human Resources,N/A,N/A,"ExampleView 27"" QHD Monitor","ExampleView 27"" QHD Monitor",SN-4KGCQGDW,1/5/2022,1/1/2025,"91,171.00","3,023.00",SYNTHETIC-ACCOUNTABILITY-EMP-0564.pdf,PO-SYN-500563,"WILLIAMS, REESE",Sample Supplier Ltd.,
EMP-0565,900564,LT-100564,lt-100564,02:00:00:25:157:57,"JOHNSON, ALEX",In Repair,November,2026,2/25/2025,Software Engineer,Product,Windows 11 Home,Office,"ExampleStation 15 (i5, 16GB, 1TB HDD)","ExampleStation 15 (i5, 16GB, 1TB HDD)",SYN-XQ0NTAWJ,8/26/2022,1/1/2025,"56,960.00","3,892.00",SYNTHETIC-ACCOUNTABILITY-EMP-0565.pdf,PO-SYN-500564,"JOHNSON, ALEX",Example Vendor Co.,
EMP-0566,900565,MON-200565,mon-200565,02:00:00:81:209:176,"WILLIAMS, REESE",Available,May,2026,12/9/2026,Systems Engineer,Engineering,N/A,N/A,"ExampleView 27"" QHD Monitor","ExampleView 27"" QHD Monitor",SN-U7UB952E,3/21/2022,1/1/2025,"40,736.00","2,208.00",SYNTHETIC-ACCOUNTABILITY-EMP-0566.pdf,PO-SYN-500565,"WILLIAMS, REESE",Placeholder Hardware Inc.,
EMP-0567,900566,MON-200566,mon-200566,02:00:00:11:37:239,"WILLIAMS, FRANKIE",Deployed,September,2025,3/12/2026,Account Manager,Product,N/A,N/A,"ExampleView 27"" QHD Monitor","ExampleView 27"" QHD Monitor",SN-G73M4LK4,2/17/2025,1/1/2028,"64,293.00","2,271.00",SYNTHETIC-ACCOUNTABILITY-EMP-0567.pdf,PO-SYN-500566,"WILLIAMS, FRANKIE",Sample Supplier Ltd.,
EMP-0568,900567,LT-100567,lt-100567,02:00:00:248:38:253,"DOE, GRAY",Deployed,December,2024,4/2/2024,Operations Specialist,Field Services,Windows 11 Home,Office,"ExampleBook Air 13 (i7, 8GB, 256GB SSD)","ExampleBook Air 13 (i7, 8GB, 256GB SSD)",SYN-KPUFF55F,5/22/2023,1/1/2026,"76,834.00","3,991.00",SYNTHETIC-ACCOUNTABILITY-EMP-0568.pdf,PO-SYN-500567,"DOE, GRAY",Example Vendor Co.,
EMP-0569,900568,LT-100568,lt-100568,02:00:00:114:237:226,"SMITH, REESE",Unreturned Asset,October,2024,1/25/2023,Team Lead,Product,Windows 10 Pro,Office,"ExampleStation 15 (i5, 16GB, 1TB HDD)","ExampleStation 15 (i5, 16GB, 1TB HDD)",SYN-HNSD7CTB,3/22/2021,1/1/2024,"66,900.00","1,326.00",SYNTHETIC-ACCOUNTABILITY-EMP-0569.pdf,PO-SYN-500568,"SMITH, REESE",Example Vendor Co.,
EMP-0570,900569,LT-100569,lt-100569,02:00:00:64:90:187,"PLACEHOLDER, QUINN",Unreturned Asset,July,2023,7/20/2025,Support Analyst,Marketing,Windows 11 Pro,Office,"ExampleBook Air 13 (i7, 8GB, 256GB SSD)","ExampleBook Air 13 (i7, 8GB, 256GB SSD)",SYN-5VQ8PTBM,9/23/2021,1/1/2024,"47,903.00","1,506.00",SYNTHETIC-ACCOUNTABILITY-EMP-0570.pdf,PO-SYN-500569,"PLACEHOLDER, QUINN",Placeholder Hardware Inc.,
EMP-0571,900570,MON-200570,mon-200570,02:00:00:159:52:192,"BROWN, DANA",Available,November,2026,9/24/2023,Systems Engineer,Customer Support,N/A,N/A,"ExampleView 27"" QHD Monitor","ExampleView 27"" QHD Monitor",SN-TZ49JZQW,2/28/2021,1/1/2024,"61,422.00","1,932.00",SYNTHETIC-ACCOUNTABILITY-EMP-0571.pdf,PO-SYN-500570,"BROWN, DANA",Demo Distributor Inc.,
EMP-0572,900571,MON-200571,mon-200571,02:00:00:207:171:94,"MILLER, NOEL",Unreturned Asset,September,2021,9/10/2025,Systems Engineer,Human Resources,N/A,N/A,"ExampleView 27"" QHD Monitor","ExampleView 27"" QHD Monitor",SN-0BBTA3A2,2/12/2023,1/1/2026,"80,343.00","4,115.00",SYNTHETIC-ACCOUNTABILITY-EMP-0572.pdf,PO-SYN-500571,"MILLER, NOEL",Demo Distributor Inc.,
EMP-0573,900572,MON-200572,mon-200572,02:00:00:245:159:131,"SMITH, SAWYER",Available,October,2021,4/13/2022,Operations Specialist,Operations,N/A,N/A,"ExampleView 27"" QHD Monitor","ExampleView 27"" QHD Monitor",SN-WK0HEKW0,10/3/2022,1/1/2025,"65,025.00","3,960.00",SYNTHETIC-ACCOUNTABILITY-EMP-0573.pdf,PO-SYN-500572,"SMITH, SAWYER",Example Vendor Co.,
EMP-0574,900573,MON-200573,mon-200573,02:00:00:85:115:225,"BROWN, TATUM",Unreturned Asset,December,2021,3/16/2025,Team Lead,Customer Support,N/A,N/A,"ExampleView 27"" QHD Monitor","ExampleView 27"" QHD Monitor",SN-WC68LT2C,9/23/2022,1/1/2025,"89,269.00","3,362.00",SYNTHETIC-ACCOUNTABILITY-EMP-0574.pdf,PO-SYN-500573,"BROWN, TATUM",Sample Supplier Ltd.,
EMP-0575,900574,LT-100574,lt-100574,02:00:00:96:78:81,"TESTER, GRAY",Deployed,December,2024,1/17/2022,Team Lead,Marketing,Windows 11 Home,Office,"ExampleBook Air 13 (i7, 8GB, 256GB SSD)","ExampleBook Air 13 (i7, 8GB, 256GB SSD)",SYN-1ATF6LCW,5/23/2024,1/1/2027,"49,755.00","3,665.00",SYNTHETIC-ACCOUNTABILITY-EMP-0575.pdf,PO-SYN-500574,"TESTER, GRAY",Demo Distributor Inc.,
EMP-0576,900575,LT-100575,lt-100575,02:00:00:50:169:95,"JOHNSON, SAWYER",Deployed,June,2023,10/15/2024,Account Manager,Field Services,Windows 11 Home,Office,"ExampleStation 15 (i5, 16GB, 1TB HDD)","ExampleStation 15 (i5, 16GB, 1TB HDD)",SYN-48EW8VZZ,9/5/2023,1/1/2026,"49,790.00","4,429.00",SYNTHETIC-ACCOUNTABILITY-EMP-0576.pdf,PO-SYN-500575,"JOHNSON, SAWYER",Example Vendor Co.,
EMP-0577,900576,LT-100576,lt-100576,02:00:00:187:191:139,"SAMPLE, NOEL",In Repair,January,2022,1/8/2022,Team Lead,Finance,Windows 11 Pro,Office,"ExampleStation 15 (i5, 16GB, 1TB HDD)","ExampleStation 15 (i5, 16GB, 1TB HDD)",SYN-GXZKYQNL,8/19/2021,1/1/2024,"63,413.00","1,451.00",SYNTHETIC-ACCOUNTABILITY-EMP-0577.pdf,PO-SYN-500576,"SAMPLE, NOEL",Sample Supplier Ltd.,
EMP-0578,900577,LT-100577,lt-100577,02:00:00:251:194:188,"TESTER, TATUM",Deployed,June,2026,3/5/2023,Team Lead,Marketing,Windows 11 Pro,Office,"ExampleBook Air 13 (i7, 8GB, 256GB SSD)","ExampleBook Air 13 (i7, 8GB, 256GB SSD)",SYN-UXUF83T6,9/6/2025,1/1/2028,"93,280.00","3,056.00",SYNTHETIC-ACCOUNTABILITY-EMP-0578.pdf,PO-SYN-500577,"TESTER, TATUM",Demo Distributor Inc.,
EMP-0579,900578,LT-100578,lt-100578,02:00:00:94:125:17,"WILLIAMS, HARPER",Deployed,October,2024,11/19/2023,Account Manager,Customer Support,Windows 11 Pro,Office,"ExampleBook Air 13 (i7, 8GB, 256GB SSD)","ExampleBook Air 13 (i7, 8GB, 256GB SSD)",SYN-VGHDTZTA,1/1/2025,1/1/2028,"33,154.00","3,384.00",SYNTHETIC-ACCOUNTABILITY-EMP-0579.pdf,PO-SYN-500578,"WILLIAMS, HARPER",Placeholder Hardware Inc.,
EMP-0580,900579,MON-200579,mon-200579,02:00:00:187:96:44,"TESTER, DANA",Deployed,June,2026,8/12/2025,Account Manager,Field Services,N/A,N/A,"ExampleView 24"" IPS Monitor","ExampleView 24"" IPS Monitor",SN-WTH5TXXK,11/27/2025,1/1/2028,"39,370.00","4,569.00",SYNTHETIC-ACCOUNTABILITY-EMP-0580.pdf,PO-SYN-500579,"TESTER, DANA",Sample Supplier Ltd.,
EMP-0581,900580,LT-100580,lt-100580,02:00:00:46:166:155,"WILLIAMS, BLAIR",Available,December,2026,10/9/2022,Team Lead,Human Resources,Windows 10 Pro,Office,"ExampleBook Air 13 (i7, 8GB, 256GB SSD)","ExampleBook Air 13 (i7, 8GB, 256GB SSD)",SYN-3FDPHKD6,10/25/2022,1/1/2025,"37,550.00","2,268.00",SYNTHETIC-ACCOUNTABILITY-EMP-0581.pdf,PO-SYN-500580,"WILLIAMS, BLAIR",Demo Distributor Inc.,
EMP-0582,900581,LT-100581,lt-100581,02:00:00:80:220:109,"SAMPLE, NOEL",Deployed,August,2021,8/16/2026,Account Manager,Finance,Windows 10 Pro,Office,"ExampleBook Air 13 (i7, 8GB, 256GB SSD)","ExampleBook Air 13 (i7, 8GB, 256GB SSD)",SYN-YGFQNF5F,10/24/2025,1/1/2028,"49,679.00","1,559.00",SYNTHETIC-ACCOUNTABILITY-EMP-0582.pdf,PO-SYN-500581,"SAMPLE, NOEL",Demo Distributor Inc.,
EMP-0583,900582,LT-100582,lt-100582,02:00:00:116:243:196,"PLACEHOLDER, GRAY",In Repair,May,2022,3/14/2022,Account Manager,Field Services,Windows 11 Pro,Office,"ExamplePad 11 Tablet (8GB, 128GB)","ExamplePad 11 Tablet (8GB, 128GB)",SYN-TP3L6N06,12/26/2025,1/1/2028,"42,342.00","3,612.00",SYNTHETIC-ACCOUNTABILITY-EMP-0583.pdf,PO-SYN-500582,"PLACEHOLDER, GRAY",Sample Supplier Ltd.,
EMP-0584,900583,LT-100583,lt-100583,02:00:00:194:121:176,"MILLER, BLAIR",In Repair,June,2022,2/26/2022,Operations Specialist,Operations,Windows 11 Pro,Office,"ExampleBook Air 13 (i7, 8GB, 256GB SSD)","ExampleBook Air 13 (i7, 8GB, 256GB SSD)",SYN-4ES2WHK5,3/9/2023,1/1/2026,"90,765.00","2,642.00",SYNTHETIC-ACCOUNTABILITY-EMP-0584.pdf,PO-SYN-500583,"MILLER, BLAIR",Example Vendor Co.,
EMP-0585,900584,LT-100584,lt-100584,02:00:00:101:04:217,"SMITH, OAKLEY",Unreturned Asset,January,2023,10/3/2025,Operations Specialist,Field Services,Windows 10 Pro,Office,"ExampleBook Air 13 (i7, 8GB, 256GB SSD)","ExampleBook Air 13 (i7, 8GB, 256GB SSD)",SYN-P62AEQNQ,10/23/2022,1/1/2025,"51,360.00","1,780.00",SYNTHETIC-ACCOUNTABILITY-EMP-0585.pdf,PO-SYN-500584,"SMITH, OAKLEY",Placeholder Hardware Inc.,
EMP-0586,900585,LT-100585,lt-100585,02:00:00:179:169:71,"DOE, BLAIR",Deployed,March,2025,9/18/2023,Systems Engineer,Engineering,Windows 10 Pro,Office,"ExampleBook Air 13 (i7, 8GB, 256GB SSD)","ExampleBook Air 13 (i7, 8GB, 256GB SSD)",SYN-RCGY4JEF,7/9/2024,1/1/2027,"67,350.00","2,047.00",SYNTHETIC-ACCOUNTABILITY-EMP-0586.pdf,PO-SYN-500585,"DOE, BLAIR",Placeholder Hardware Inc.,
EMP-0587,900586,LT-100586,lt-100586,02:00:00:118:128:36,"JOHNSON, QUINN",Unreturned Asset,January,2024,3/25/2025,Software Engineer,Finance,Windows 10 Pro,Office,"ExampleBook Pro 14 (i5, 16GB, 512GB SSD)","ExampleBook Pro 14 (i5, 16GB, 512GB SSD)",SYN-MGEUGL6J,9/9/2024,1/1/2027,"82,948.00","3,921.00",SYNTHETIC-ACCOUNTABILITY-EMP-0587.pdf,PO-SYN-500586,"JOHNSON, QUINN",Sample Supplier Ltd.,
EMP-0588,900587,LT-100587,lt-100587,02:00:00:27:222:123,"CLARK, QUINN",Deployed,October,2021,10/23/2025,Software Engineer,Finance,Windows 11 Pro,Office,"ExampleStation 15 (i5, 16GB, 1TB HDD)","ExampleStation 15 (i5, 16GB, 1TB HDD)",SYN-773VUEA1,4/3/2023,1/1/2026,"85,657.00","4,559.00",SYNTHETIC-ACCOUNTABILITY-EMP-0588.pdf,PO-SYN-500587,"CLARK, QUINN",Demo Distributor Inc.,
EMP-0589,900588,MON-200588,mon-200588,02:00:00:13:220:250,"JOHNSON, FRANKIE",Deployed,March,2021,9/15/2023,Support Analyst,Marketing,N/A,N/A,"ExampleView 24"" IPS Monitor","ExampleView 24"" IPS Monitor",SN-DSWS3F8W,12/12/2021,1/1/2024,"58,923.00","2,969.00",SYNTHETIC-ACCOUNTABILITY-EMP-0589.pdf,PO-SYN-500588,"JOHNSON, FRANKIE",Example Vendor Co.,
EMP-0590,900589,LT-100589,lt-100589,02:00:00:63:12:210,"SMITH, ELLIS",In Repair,October,2022,2/23/2026,Operations Specialist,Human Resources,Windows 11 Home,Office,"ExampleStation 15 (i5, 16GB, 1TB HDD)","ExampleStation 15 (i5, 16GB, 1TB HDD)",SYN-3XY1C64A,9/7/2022,1/1/2025,"86,811.00","1,471.00",SYNTHETIC-ACCOUNTABILITY-EMP-0590.pdf,PO-SYN-500589,"SMITH, ELLIS",Example Vendor Co.,
EMP-0591,900590,LT-100590,lt-100590,02:00:00:08:34:155,"SAMPLE, ELLIS",Deployed,January,2023,9/24/2023,Support Analyst,Field Services,Windows 11 Pro,Office,"ExamplePad 11 Tablet (8GB, 128GB)","ExamplePad 11 Tablet (8GB, 128GB)",SYN-XXTH1HVV,4/20/2025,1/1/2028,"70,114.00","4,518.00",SYNTHETIC-ACCOUNTABILITY-EMP-0591.pdf,PO-SYN-500590,"SAMPLE, ELLIS",Placeholder Hardware Inc.,
EMP-0592,900591,LT-100591,lt-100591,02:00:00:192:152:253,"CLARK, DANA",In Repair,October,2025,3/1/2025,Operations Specialist,Field Services,Windows 11 Home,Office,"ExampleBook Pro 14 (i5, 16GB, 512GB SSD)","ExampleBook Pro 14 (i5, 16GB, 512GB SSD)",SYN-WESXBAG6,5/1/2022,1/1/2025,"85,125.00","4,613.00",SYNTHETIC-ACCOUNTABILITY-EMP-0592.pdf,PO-SYN-500591,"CLARK, DANA",Example Vendor Co.,
EMP-0593,900592,MON-200592,mon-200592,02:00:00:207:54:24,"SAMPLE, LEE",Deployed,July,2023,9/8/2026,Support Analyst,Human Resources,N/A,N/A,"ExampleView 27"" QHD Monitor","ExampleView 27"" QHD Monitor",SN-V62361WH,3/26/2023,1/1/2026,"72,897.00","1,804.00",SYNTHETIC-ACCOUNTABILITY-EMP-0593.pdf,PO-SYN-500592,"SAMPLE, LEE",Sample Supplier Ltd.,
EMP-0594,900593,MON-200593,mon-200593,02:00:00:229:121:113,"DOE, REESE",Deployed,April,2021,3/26/2022,Operations Specialist,Marketing,N/A,N/A,"ExampleView 27"" QHD Monitor","ExampleView 27"" QHD Monitor",SN-AXBU9J5M,7/20/2024,1/1/2027,"72,792.00","3,969.00",SYNTHETIC-ACCOUNTABILITY-EMP-0594.pdf,PO-SYN-500593,"DOE, REESE",Placeholder Hardware Inc.,
EMP-0595,900594,LT-100594,lt-100594,02:00:00:202:247:24,"WILLIAMS, ELLIS",Deployed,July,2021,10/23/2023,Team Lead,Field Services,Windows 10 Pro,Office,"ExamplePad 11 Tablet (8GB, 128GB)","ExamplePad 11 Tablet (8GB, 128GB)",SYN-TYY28GYA,5/15/2023,1/1/2026,"34,954.00","4,191.00",SYNTHETIC-ACCOUNTABILITY-EMP-0595.pdf,PO-SYN-500594,"WILLIAMS, ELLIS",Demo Distributor Inc.,
EMP-0596,900595,MON-200595,mon-200595,02:00:00:105:66:56,"CLARK, SAWYER",In Repair,June,2024,3/3/2023,Support Analyst,Operations,N/A,N/A,"ExampleView 27"" QHD Monitor","ExampleView 27"" QHD Monitor",SN-ZY2DTBA3,4/5/2024,1/1/2027,"51,809.00","3,395.00",SYNTHETIC-ACCOUNTABILITY-EMP-0596.pdf,PO-SYN-500595,"CLARK, SAWYER",Example Vendor Co.,
EMP-0597,900596,LT-100596,lt-100596,02:00:00:10:104:78,"DOE, LEE",Available,July,2024,10/17/2026,Support Analyst,Operations,Windows 11 Pro,Office,"ExamplePad 11 Tablet (8GB, 128GB)","ExamplePad 11 Tablet (8GB, 128GB)",SYN-E52R2QL5,2/11/2022,1/1/2025,"61,831.00","2,420.00",SYNTHETIC-ACCOUNTABILITY-EMP-0597.pdf,PO-SYN-500596,"DOE, LEE",Example Vendor Co.,
EMP-0598,900597,LT-100597,lt-100597,02:00:00:247:212:65,"SMITH, SAWYER",Deployed,July,2026,11/14/2024,Account Manager,Engineering,Windows 11 Home,Office,"ExampleBook Air 13 (i7, 8GB, 256GB SSD)","ExampleBook Air 13 (i7, 8GB, 256GB SSD)",SYN-HQKLV978,6/15/2023,1/1/2026,"75,300.00","4,522.00",SYNTHETIC-ACCOUNTABILITY-EMP-0598.pdf,PO-SYN-500597,"SMITH, SAWYER",Example Vendor Co.,
EMP-0599,900598,MON-200598,mon-200598,02:00:00:227:119:242,"SMITH, JAMIE",Unreturned Asset,June,2022,2/26/2024,Account Manager,Human Resources,N/A,N/A,"ExampleView 24"" IPS Monitor","ExampleView 24"" IPS Monitor",SN-TZQD05DS,7/13/2024,1/1/2027,"35,535.00","3,778.00",SYNTHETIC-ACCOUNTABILITY-EMP-0599.pdf,PO-SYN-500598,"SMITH, JAMIE",Example Vendor Co.,
EMP-0600,900599,LT-100599,lt-100599,02:00:00:00:246:221,"MILLER, TATUM",Deployed,November,2025,8/20/2024,Support Analyst,Human Resources,Windows 10 Pro,Office,"ExamplePad 11 Tablet (8GB, 128GB)","ExamplePad 11 Tablet (8GB, 128GB)",SYN-XJBTT148,5/23/2024,1/1/2027,"83,495.00","4,159.00",SYNTHETIC-ACCOUNTABILITY-EMP-0600.pdf,PO-SYN-500599,"MILLER, TATUM",Sample Supplier Ltd.,
