EE ID,SAP,ASSET TAG," Host Name"," MAC Address"," EMPLOYEE NAME",STATUS,Month,Year,DEPLOYED DATE," POSITION",BUSINESS UNIT,Operating System,Storage Location,REVISED MODEL 1," DESCRIPTION",SERIAL NO.,ACQUISITION DATE,WARRANTY EXPIRE,ACQUISITION COST,PURCHASED PRICE,ACCOUNTABILITY FORM,PO# / SI#,LAST USER,VENDOR NAME,
05-02313,100000,YONDU100001,YONDU100001,Pending,"MENDOZA, DANIEL JOSEPH MERCADO",Unreturned Asset,November,2021,"Nov 16, 2021",,Technology Group,Windows,,ACER TRAVELMATE P214 i5,ACER TRAVELMATE P214 i5,,"Jun 2, 2021","Jun 2, 2024","  50,223.22 ","2,511.16",,PO # 4700001180,,MICRO PACIFIC TECHNOLIGIE,
05-01072,100001,100002,100002,Pending,"VILLANUEVA, LOVELY GARCIA",Deployed,August,2020,Hold,CFO,Finance,Windows,,LENOVO THINKPAD E470 i7,"THINKPAD E470 I7, 16GB RAM, 1TB HDD, 2GB VIDEO CARD",PF-WQMR1G,"May 15, 2019","May 14, 2022","  55,669.64 ","2,783.48",,"DE LAS ALAS, JOHN GERWIN ARCETA",PAULO MIGUEL GARCIA,ACCENT MICRO TECHNOLOGIES,
05-02358,100002,YONDU100003,YONDU100003,Pending,"BERNARDO, JOHN PAUL FLORES",Unreturned Asset,January,2022,"Jan 11, 2022",,Client Based Globe,Windows,,LENOVO THINKPAD E490 i5,"THINKPAD E490 I5, 16GB RAM, 1TB HDD, 2GB VIDEO CARD",PF-5M5PKJ,"Aug 11, 2020","Aug 11, 2023","  51,843.75 ","2,592.19",,PO#4700000965 SI#238420,"MENDOZA, PATRICIA ANNE BAUTISTA",,
CON-00021,100003,YONDU100004,YONDU100004,08719041B769,"GARCIA, MARK ANTHONY VILLANUEVA",Deployed,December,2022,"Dec 22, 2022",Admin Officer,Admin,Windows,,LENOVO THINKPAD E490 i7,"THINKPAD E490 I7, 16GB RAM, 512SSD, 2GB VIDEO CARD",PF-BJUG6B,"Dec 17, 2019","Dec 16, 2022","  54,732.14 ","2,736.61",ACCF_GARCIA__MARK_ANTHONY_VILLANUEVA.pdf,"PO#4700000963 SI#017443; MALINAO,MAY QUIZON",,JUMP SOLUTIONS,
CON-00021,100004,YONDU100005,YONDU100005,Pending,"DELA CRUZ, CHARLENE FERNANDEZ",Deployed,September,2022,"Sep 22, 2022",Admin Assistant,Admin,Windows,,LENOVO THINKPAD E490 i5,"THINKPAD E490 I5, 16GB RAM, 1TB HDD, 2GB VIDEO CARD",PF-EF6LQR,"Aug 11, 2020","Aug 11, 2023","  51,843.75 ","2,592.19",ACCF_DELA_CRUZ__CHARLENE_FERNANDEZ.pdf,PO#4700000965 SI#238420,,JUMP SOLUTIONS,
05-03106,100005,YONDU100006,YONDU100006,Pending,"HERNANDEZ, PAULO MIGUEL RAMOS",Deployed,August,2025,"Aug 8, 2025",Asset Management Specialist,Technology Group,Windows,,LENOVO THINKBOOK 14S i7,"LENOVO THINKBOOK 14S,  PROCESSOR I7, 16GB RAM, 512 SSD",SN-F6UGSG,"Dec 1, 2020","Dec 1, 2023","  54,007.14 ","2,700.36",ACCF_HERNANDEZ__PAULO_MIGUEL_RAMOS.pdf,"PO#4700001037 SI#242106; LUCINARIO,EDGAR MEDINA",,ACCENT MICRO TECHNOLOGIES,
CON-00021,100006,YONDU100007,YONDU100007,Pending,"DELA CRUZ, CHARLENE FERNANDEZ",Deployed,April,2024,"Apr 12, 2024",Admin Officer,Admin,Windows,,LENOVO THINKBOOK 14S i7,"LENOVO THINKBOOK 14S,  PROCESSOR I7, 16GB RAM, 512 SSD",SN-FUWBXG,"Apr 1, 2021","Mar 31, 2024","  53,571.43 ","2,678.57",ACCF_DELA_CRUZ__CHARLENE_FERNANDEZ.pdf,"DOLLISON, JOSEPH",,ACCENT MICRO TECHNOLOGIES,
CON-00021,100007,YONDU100008,YONDU100008,087190ACFC1B,"PASCUAL, ERIKA RAMOS",Deployed,December,2024,"Dec 9, 2024",Admin,Admin,Windows,,ACER TRAVELMATE P214 i5,"ACER TRAVELMATE P215 i5 16GB RAM, 475SSD",SN-1UXZPW,"Jul 1, 2021","Jun 30, 2024","  40,982.14 ","2,049.11",ACCF_PASCUAL__ERIKA_RAMOS.pdf,"YAMBAO,MARK ANTHONY SUBA","DAVID, KEVIN BAUTISTA",MICRO PACIFIC TECHNOLIGIE,
,100008,YONDU100009,YONDU100009,Pending,,Spare,,,N/A,,,Windows,"Strong Start ",ACER TRAVELMATE P214 i5,ACER TRAVELMATE P214 i5,SN-SQ0VVY,"Aug 1, 2021","Jul 31, 2024","  50,223.22 ","2,511.16",,"PO # 4700001180; LIGAN, MICHAEL JENARD; AMBROSIO, STEPHANIE MARIE JACINTA",,MICRO PACIFIC TECHNOLIGIE,
05-09018,100009,YONDU100010,YONDU100010,087190CF2E02,,Spare for Sale,,,N/A,,,Windows,LAT-1A,ACER TRAVELMATE P214 i5,ACER TRAVELMATE P214 i5,SN-SXVZWP,"Aug 1, 2021","Jul 31, 2024","  50,223.22 ","2,511.16",,"PO # 4700001180; NESSIA, BRIX RODMAN BUSLAY","MIRANDA, MICHAEL ANGELO FLORES",MICRO PACIFIC TECHNOLIGIE,
05-01092,100010,YONDU100011,YONDU100011,Pending,"SORIANO, STEPHANIE MENDOZA",Deployed,July,2025,"Jul 17, 2025",Network Administrator,Technology Group,Windows,,ACER TRAVELMATE P214 i5,ACER TRAVELMATE P214 i5,,"Aug 1, 2021","Jul 31, 2024","  50,223.22 ","2,511.16",,"PO # 4700001180; GARANIA, RUSSELL ANDRADA","ALCANTARA, ALEXANDER MENDOZA",MICRO PACIFIC TECHNOLIGIE,
05-01069,100011,YONDU100012,YONDU100012,Pending,"DAVID, VINCENT BAUTISTA",Deployed,November,2023,"Nov 21, 2023",Sr. Platform Engineer,Technology Group,Windows,,LENOVO THINKPAD L14 i7,LENOVO THINKPAD L14,PF-D8C2ER,"Aug 13, 2021","Aug 12, 2024","  60,399.01 ","3,019.95",ACCF_DAVID__VINCENT_BAUTISTA.pdf,"PO # 4700001141 ; ESPIRITU, JOHN PAULO MARQUEZ",,ACCENT MICRO TECHNOLOGIES,
05-09018,100012,YONDU100013,YONDU100013,087190857B4B,,Spare for Sale,,,N/A,,,Windows,LAT-3B,Dell Latitude 3420 i7,Dell Latitude 3420 i7,SN-BLSP5C,"Jan 31, 2022","Jan 30, 2025","  59,196.43 ","2,959.82",,"PO 4700001253 - MICROPACIFIC; CUEVAS,LOURDESS GEM PELLETERO","BAUTISTA, ERIKA MENDOZA",MICRO PACIFIC TECHNOLIGIE,
05-09018,100013,YONDU100014,YONDU100014,0871905B2562,,Spare for Sale,,,,,,Windows,,Dell Latitude 3420 i7,Dell Latitude 3420 i7,SN-FHTS01,"Jan 31, 2022","Jan 30, 2025","  59,196.43 ","2,959.82",,"PO 4700001253 - MICROPACIFIC; DELA PAZ,EDLIA MAE GARCIA","RAMOS, LOVELY FERNANDEZ",MICRO PACIFIC TECHNOLIGIE,
05-09018,100014,YONDU100015,YONDU100015,087190850FB2,,Spare for Sale,,,,,,Windows,LAT-1A,ACER TRAVELMATE P214 i7,ACER TRAVELMATE P214 i7,SN-2EBGPV,"Jun 2, 2022","Jun 1, 2025","  54,910.71 ","2,745.54",,PO 4700001300 (Advance Microsystem),"RIVERA, MICHAEL ANGELO RIVERA",ADVANCE MICROSYSTEMS CORP,
05-09018,100015,YONDU100016,YONDU100016,08719041ADC0,,Spare for Deploy,,,,,Technology Group,Windows,LAT-1A,ACER TRAVELMATE P214 i7,ACER TRAVELMATE P214 i7,SN-AT83U3,"Jun 2, 2022","Jun 1, 2025","  54,910.71 ","2,745.54",,"PO 4700001300 (Advance Microsystem); CERVANTES, HEIDELLE MARIE JAHNELLE VICTORIA","JAVIER, VINCENT TORRES",ADVANCE MICROSYSTEMS CORP,
CON-00021,100016,YONDU100017,YONDU100017,087190A426C5,"ATIENZA, CHRISTIAN SANTOS",Deployed,August,2025,"Aug 18, 2025",Admin Officer,Admin,Windows,,ACER TRAVELMATE P214 i7,ACER TRAVELMATE P214 i7,SN-S6MHXE,"Jun 2, 2022","Jun 1, 2025","  54,910.71 ","2,745.54",,"PO 4700001300 (Advance Microsystem); CUYUGAN, ARVIN REMAR ANDAL","REYES, ANDREA GAIL TORRES",ADVANCE MICROSYSTEMS CORP,
05-06954,100017,100018,100018,087190843F81,"DELA CRUZ, VINCENT TORRES",Deployed,March,2026,"Mar 27, 2026",Software Engineer,Technology Group,MacOS,,2022 MacBook Pro,MacBook Pro (M2 Chip) 16GB RAM 256GB SSD,SN-Q314UB,"Dec 28, 2022","Dec 27, 2025","  79,687.50 ","7,968.75",ACCF_DELA_CRUZ__VINCENT_TORRES.pdf,"PO 4700001358 (Micro Pacific); ","MALABANAN, ANGELO CASTILLO",MICROPACIFIC,
,100018,100019,100019,Pending,,Spare For Deploy,,,,,,Windows,,ACER TRAVELMATE P215 i7,ACER TRAVELMATE P215 i7,SN-7UD4Z3,"Oct 31, 2022","Oct 30, 2025","  48,214.28 ","2,410.71",,PO 4700001365 (Advance Microsystem),"CASTILLO, SOFIA MERCADO",ADVANCE MICROSYSTEMS CORP,
05-01662,100019,100020,100020,Pending,"PASCUAL, DOMINIC FLORES",Deployed,January,2025,"Jan 27, 2025",SOC Service Manager,Technology Group,Windows,,ACER TRAVELMATE P215 i7,ACER TRAVELMATE P215 i7,SN-F6G1C2,"Oct 31, 2022","Oct 30, 2025","  48,214.28 ","2,410.71",,PO 4700001365 (Advance Microsystem); PAUL CHRISTIAN BERGOLA VILLANUEVA,,ADVANCE MICROSYSTEMS CORP,
05-09018,100020,100021,100021,Pending,,Spare for Sale,,,N/A,,,Windows,LAT-1B,ACER TRAVELMATE P215 i7,ACER TRAVELMATE P215 i7,SN-BPUS0V,"Oct 31, 2022","Oct 30, 2025","  48,214.28 ","2,410.71",,"PO 4700001365 (Advance Microsystem) ; ALMAZORA, MARLO MAGBITANG","GONZALES, DOMINIC VILLANUEVA",ADVANCE MICROSYSTEMS CORP,
05-09770,100021,100022,100022,Pending,"RAMOS, MARK ANTHONY BAUTISTA",Deployed,June,2026,"Jun 19, 2026",Finance Intern,Finance,Windows,,ACER TRAVELMATE P215 i7,ACER TRAVELMATE P215 i7,SN-TC8QDS,"Oct 31, 2022","Oct 30, 2025","  48,214.28 ","2,410.71",,PO 4700001365 (Advance Microsystem),"SALAZAR, CAMILLE DELA CRUZ",ADVANCE MICROSYSTEMS CORP,
05-09770,100022,100023,100023,Pending,"ATIENZA, ERIKA CRUZ",Deployed,June,2026,"Jun 19, 2026",HR Intern,Human Resources,Windows,,ACER TRAVELMATE P215 i7,ACER TRAVELMATE P215 i7,SN-030RRE,"Oct 31, 2022","Oct 30, 2025","  48,214.28 ","2,410.71",,"PO 4700001365 (Advance Microsystem); ENRIQUEZ, JULIUS CAESAR MARIANO","DAVID, ADRIAN AQUINO",ADVANCE MICROSYSTEMS CORP,
05-09018,100023,100024,100024,Pending,,Spare for Sale,,,N/A,,,Windows,LAT-3B,ACER TRAVELMATE P215 i7,ACER TRAVELMATE P215 i7,SN-BMA6DH,"Oct 31, 2022","Oct 30, 2025","  48,214.28 ","2,410.71",,PO 4700001365 (Advance Microsystem),"PADILLA, MICHAEL ANGELO BAUTISTA",ADVANCE MICROSYSTEMS CORP,
05-09018,100024,100025,100025,0871909C22F5,,Spare for Sale,,,N/A,,,Windows,LAT-3B,ACER TRAVELMATE P215 i7,ACER TRAVELMATE P215 i7,SN-BVNX0L,"Oct 31, 2022","Oct 30, 2025","  48,214.28 ","2,410.71",,PO 4700001365 (Advance Microsystem),"ATIENZA, DIANNE VILLANUEVA",ADVANCE MICROSYSTEMS CORP,
,100025,100026,100026,Pending,MARK ANTHONY CASTILLO,Deployed,,,,,,Windows,LAT-1C,ACER TRAVELMATE P215 i7,ACER TRAVELMATE P215 i7,SN-2P2WF7,"Oct 31, 2022","Oct 30, 2025","  48,214.28 ","2,410.71",,"PO 4700001365 (Advance Microsystem) HO JR.,NOEL CASINOVA","MARQUEZ, CHARLENE CRUZ",ADVANCE MICROSYSTEMS CORP,
05-09770,100026,100027,100027,087190338CC8,"PADILLA, MARIA CLARA FERNANDEZ",Deployed,June,2026,"Jun 3, 2026",Legal Intern,Legal,Windows,,ACER TRAVELMATE P215 i7,ACER TRAVELMATE P215 i7,SN-Q30ZWX,"Oct 31, 2022","Oct 30, 2025","  48,214.28 ","2,410.71",,"PO 4700001365 (Advance Microsystem); SERVITO, AUBREY FELIX","ATIENZA, CARLO LOPEZ",ADVANCE MICROSYSTEMS CORP,
05-09018,100027,100028,100028,Pending,,Spare for Sale,,,N/A,,,Windows,LAT-1B,ACER TRAVELMATE P215 i7,ACER TRAVELMATE P215 i7,SN-8NUEH7,"Oct 31, 2022","Oct 30, 2025","  48,214.28 ","2,410.71",,"PO 4700001365 FULGENCIO, MARIA ERIKA","RAMOS, CHRISTINE JOY CASTILLO",ADVANCE MICROSYSTEMS CORP,
05-09018,100028,100029,100029,0871901E6E97,,Spare for Sale,,,N/A,,,Windows,LAT-1A,ACER TRAVELMATE P215 i7,ACER TRAVELMATE P215 i7,SN-UDHLPL,"Oct 31, 2022","Oct 30, 2025","  48,214.28 ","2,410.71",,"PO 4700001365 (Advance Microsystem); OLISCO, MARKEINSTEN JOSEPH CORRE","CABRERA, KENNETH VILLANUEVA",ADVANCE MICROSYSTEMS CORP,
05-02424,100029,100030,100030,087190D01903,"OCAMPO, MARCO MERCADO",Deployed,October,2025,"Oct 22, 2025",Release Manager,Technology Group,Windows,,ACER TRAVELMATE P215 i7,ACER TRAVELMATE P215 i7,SN-C15KSG,"Oct 31, 2022","Oct 30, 2025","  48,214.28 ","2,410.71",,PO 4700001365 (Advance Microsystem),"DELA CRUZ, ANGELO VILLANUEVA",ADVANCE MICROSYSTEMS CORP,
05-09018,100030,100031,100031,0871901877F1,,Spare for Sale,,,,,,Windows,LAT-1A,ACER TRAVELMATE P215 i7,ACER TRAVELMATE P215 i7,SN-YX5V1T,"Oct 31, 2022","Oct 30, 2025","  48,214.28 ","2,410.71",,"PO 4700001365 (Advance Microsystem);BELARDO,MARK ANTHONY SALINAS","JAVIER, ANGELA MAE RIVERA",ADVANCE MICROSYSTEMS CORP,
05-09018,100031,100032,100032,Pending,,Spare for Sale,,,N/A,,,Windows,LAT-3B,ACER TRAVELMATE P215 i7,ACER TRAVELMATE P215 i7,SN-DRXXHM,"Oct 31, 2022","Oct 30, 2025","  48,214.28 ","2,410.71",,PO 4700001365 (Advance Microsystem),"PANGANIBAN, JOSHUA LOPEZ",ADVANCE MICROSYSTEMS CORP,
05-09018,100032,100033,100033,0871902929FA,,Spare for Deploy,,,,,,Windows,LAT-3B,ACER TRAVELMATE P215 i7,ACER TRAVELMATE P215 i7,SN-1HJWY7,"Oct 31, 2022","Oct 30, 2025","  48,214.28 ","2,410.71",,"PO 4700001365 (Advance Microsystem); GUBAT, ROBERT PEÑOLA","DAVID, KATRINA MERCADO",ADVANCE MICROSYSTEMS CORP,
05-09018,100033,100034,100034,0871900E4529,,Spare for Deploy,,,,,,Windows,LAT-1C,ACER TRAVELMATE P215 i7,ACER TRAVELMATE P215 i7,SN-RE7ZNF,"Oct 31, 2022","Oct 30, 2025","  48,214.28 ","2,410.71",,PO 4700001365 (Advance Microsystem),"ALCANTARA, ADRIAN RIVERA",ADVANCE MICROSYSTEMS CORP,
05-09018,100034,100035,100035,087190CFF7E0,,Spare for Deploy,,,,,,Windows,LAT-1C,ACER TRAVELMATE P215 i7,ACER TRAVELMATE P215 i7,SN-WYWCK8,"Oct 31, 2022","Oct 30, 2025","  48,214.28 ","2,410.71",,PO 4700001365 (Advance Microsystem),"OCAMPO, ANDREA GAIL AQUINO",ADVANCE MICROSYSTEMS CORP,
,100035,100036,100036,087190D931E3,,Spare for Deploy,,,,,,Windows,,ACER TRAVELMATE P215 i7,ACER TRAVELMATE P215 i7,SN-TZU378,"Oct 31, 2022","Oct 30, 2025","  48,214.28 ","2,410.71",,PO 4700001365 (Advance Microsystem),"RAMOS, KATHERINE ROSE CRUZ",ADVANCE MICROSYSTEMS CORP,
05-09018,100036,100037,100037,Pending,,Spare for Sale,,,,,,Windows,LAT-1A,ACER TRAVELMATE P215 i7,ACER TRAVELMATE P215 i7,SN-BJ21U0,"Oct 31, 2022","Oct 30, 2025","  48,214.28 ","2,410.71",,"PO 4700001365 (Advance Microsystem); LIN, JASON EREDERA","BERNARDO, PAULO MIGUEL DELA CRUZ",ADVANCE MICROSYSTEMS CORP,
05-09018,100037,100038,100038,Pending,,Spare for Sale,,,N/A,,,Windows,LAT-3B,ACER TRAVELMATE P215 i7,ACER TRAVELMATE P215 i7,SN-LG9ARA,"Oct 31, 2022","Oct 30, 2025","  48,214.28 ","2,410.71",,PO 4700001365 (Advance Microsystem),,ADVANCE MICROSYSTEMS CORP,
05-09018,100038,100039,100039,Pending,,Spare for Sale,,,,,,Windows,LAT-1A,ACER TRAVELMATE P215 i7,ACER TRAVELMATE P215 i7,SN-877JGZ,"Oct 31, 2022","Oct 30, 2025","  48,214.28 ","2,410.71",,PO 4700001365 (Advance Microsystem),,ADVANCE MICROSYSTEMS CORP,
05-09018,100039,100040,100040,08719009581C,,Spare for Deploy,,,,,,Windows,LAT-1B,ACER TRAVELMATE P215 i7,ACER TRAVELMATE P215 i7,SN-MD3QCB,"Oct 31, 2022","Oct 30, 2025","  48,214.28 ","2,410.71",,PO 4700001365 (Advance Microsystem),"LAXAMANA, CAMILLE RAMOS",ADVANCE MICROSYSTEMS CORP,
05-09018,100040,100041,100041,087190A515E7,,Spare for Sale,,,N/A,,,Windows,LAT-1C,ACER TRAVELMATE P215 i7,ACER TRAVELMATE P215 i7,SN-R11QM8,"Oct 31, 2022","Oct 30, 2025","  48,214.28 ","2,410.71",,PO 4700001365 (Advance Microsystem),"NATIVIDAD, CAMILLE BAUTISTA",ADVANCE MICROSYSTEMS CORP,
05-09018,100041,100042,100042,0871903B6670,,Spare For Deploy,,,,,,Windows,LAT-1C,ACER TRAVELMATE P215 i7,ACER TRAVELMATE P215 i7,SN-7W31K3,"Oct 31, 2022","Oct 30, 2025","  48,214.28 ","2,410.71",,"PO 4700001365 (Advance Microsystem); OMBROG, MARK ANTHONY POLICARPIO","CORTEZ, ALEXANDER RIVERA",ADVANCE MICROSYSTEMS CORP,
05-09770,100042,100043,100043,087190F8DFF6,"CALDERON, BIANCA GARCIA",Deployed,February,2026,"Feb 13, 2026",ITSM Intern,Technology Group,Windows,,ACER TRAVELMATE P215 i7,ACER TRAVELMATE P215 i7,SN-2KA59C,"Oct 31, 2022","Oct 30, 2025","  48,214.28 ","2,410.71",ACCF_CALDERON__BIANCA_GARCIA.pdf,PO 4700001365 (Advance Microsystem),"DAVID, KATRINA MERCADO",ADVANCE MICROSYSTEMS CORP,
05-09018,100043,100044,100044,Pending,,Spare for Sale,,,,,,Windows,LAT-1A,ACER TRAVELMATE P215 i7,ACER TRAVELMATE P215 i7,SN-6UJWS7,"Oct 31, 2022","Oct 30, 2025","  48,214.28 ","2,410.71",,PO 4700001365 (Advance Microsystem),"CASTRO, ERIKA LOPEZ",ADVANCE MICROSYSTEMS CORP,
05-09018,100044,100045,100045,087190B9653E,,Spare For Deploy,,,,,,Windows,LAT-3B,ACER TRAVELMATE P215 i7,ACER TRAVELMATE P215 i7,SN-2QBMSQ,"Oct 31, 2022","Oct 30, 2025","  48,214.28 ","2,410.71",,PO 4700001365 (Advance Microsystem),"RAMOS, JOHN PAUL RIVERA",ADVANCE MICROSYSTEMS CORP,
05-09018,100045,100046,100046,Pending,,Spare for Sale,,,N/A,,,Windows,LAT-1B,ACER TRAVELMATE P215 i7,ACER TRAVELMATE P215 i7,SN-JJYXEF,"Oct 31, 2022","Oct 30, 2025","  48,214.28 ","2,410.71",,"PO 4700001365 (Advance Microsystem); ROBLES, MARVIN MENDOZA ",,ADVANCE MICROSYSTEMS CORP,
,100046,100047,100047,08719024351D,,Spare for Sale,,,,,,Windows,LAT-1C,ACER TRAVELMATE P215 i7,ACER TRAVELMATE P215 i7,SN-MVAU0E,"Oct 31, 2022","Oct 30, 2025","  48,214.28 ","2,410.71",,PO 4700001365 (Advance Microsystem),"LAXAMANA, KATHERINE ROSE FERNANDEZ",ADVANCE MICROSYSTEMS CORP,
05-09770,100047,100048,100048,087190FBB1D3,"BAUTISTA, JOHN PAUL DELA CRUZ",Deployed,March,2026,"Mar 13, 2026",ITSM Intern,Technology Group,Windows,LAT-1B,ACER TRAVELMATE P215 i7,ACER TRAVELMATE P215 i7,SN-VSXC2J,"Oct 31, 2022","Oct 30, 2025","  48,214.28 ","2,410.71",,PO 4700001365 (Advance Microsystem),"PASCUAL, GABRIEL TORRES",ADVANCE MICROSYSTEMS CORP,
05-09770,100048,100049,100049,087190378DDD,"DAVID, ADRIAN AQUINO",Deployed,April,2026,"Apr 6, 2026",Finance Intern,Finance,Windows,,ACER TRAVELMATE P215 i7,ACER TRAVELMATE P215 i7,SN-WV2QJ2,"Oct 31, 2022","Oct 30, 2025","  48,214.28 ","2,410.71",,PO 4700001365 (Advance Microsystem),"RAMOS, JOHN PAUL RIVERA",ADVANCE MICROSYSTEMS CORP,
05-09018,100049,100050,100050,0871909B4166,,Spare for Sale,,,N/A,,,Windows,LAT-1B,ACER TRAVELMATE P215 i7,ACER TRAVELMATE P215 i7,SN-G3DTKZ,"Oct 31, 2022","Oct 30, 2025","  48,214.28 ","2,410.71",,"PO 4700001365 (Advance Microsystem); FLORES, SEANE FLANDEZ",,ADVANCE MICROSYSTEMS CORP,
05-09018,100050,100051,100051,Pending,,Spare for Sale,,,N/A,,,Windows,LAT-1B,ACER TRAVELMATE P215 i7,ACER TRAVELMATE P215 i7,SN-R5DUP5,"Oct 31, 2022","Oct 30, 2025","  48,214.28 ","2,410.71",,PO 4700001365 (Advance Microsystem),"GONZALES, MARCO LOPEZ",ADVANCE MICROSYSTEMS CORP,
,100051,100052,100052,0871906110C6,,Spare for Deploy,,,,,,MacOS,,2022 MacBook Pro,MacBook Pro (M2 Chip),SN-THZ2BQ,"Apr 25, 2023","Apr 24, 2026","  75,223.21 ","7,522.32",,"PO4700001444 - AMTI; TINIO, CHRISTINA MARIE","CABRERA, PAULO MIGUEL LOPEZ",ACCENT MICRO TECHNOLOGIES,
05-06952,100052,100053,100053,08719080BD0B,"RAMOS, MICHAEL ANGELO TORRES",Deployed,April,2026,"Apr 10, 2026",Software Engineer,Client Based New Biz,MacOS,,2022 MacBook Pro,MacBook Pro (M2 Chip) 16GB RAM 256GB SSD,SN-MKAZJD,"May 31, 2023","May 30, 2026","  75,223.21 ","7,522.32",ACCF_RAMOS__MICHAEL_ANGELO_TORRES.pdf,"PO4700001445 - AMTI; SISON, ANGELA MEI MAZON","FERNANDEZ, KATHERINE ROSE TORRES",ACCENT MICRO TECHNOLOGIES,
,100053,100054,100054,087190104070,,Spare for Deploy,,,,,,MacOS,," 2020 MacBook Air ",MacBook Air (M1 Chip),SN-5USLN2,"Apr 25, 2023","Apr 24, 2026","  45,089.29 ","2,254.46",,"PO4700001449 - MEDINA, JASON JAMES","FRANCISCO, ROCHELLE TORRES",ACCENT MICRO TECHNOLOGIES,
05-06265,100054,100055,100055,087190B52C93,"PANGANIBAN, DANIEL JOSEPH DELA CRUZ",Deployed,April,2023,"Apr 14, 2023",MANCOM,MANCOM,MacOS,,"2020 MacBook Air ",MacBook Air (M1 Chip),SN-QE0S3T,"Apr 25, 2023","Apr 24, 2026","  45,089.29 ","2,254.46",,PO4700001454 - AMTI,,STUDIO 84,
,100055,100056,100056,08719068912B,,Spare for deploy,March,2026,"Mar 27, 2026",Software Engineer,Client Based New Biz,MacOS,CAB 3E,2022 MacBook Pro,MacBook Pro (M2 Chip) 16GB RAM 256GB SSD,SN-91K7DW,"Apr 19, 2023","Apr 18, 2026","  75,223.21 ","7,522.32",,"PO4700001461 - AMTI; SANTOS, ADRIAN JUSTIN DELA CRUZ","AQUINO, KENNETH BAUTISTA",ACCENT MICRO TECHNOLOGIES,
,100056,100057,100057,0871904506DE,,Spare for Deploy,,,,,,MacOS,CAB 3F,2022 MacBook Pro,MacBook Pro (M2 Chip),SN-X3F1E7,"Apr 19, 2023","Apr 18, 2026","  75,223.21 ","7,522.32",,"PO4700001461 - AMTI; ROLDAN, MARK JOEL SEÑAR",,ACCENT MICRO TECHNOLOGIES,
,100057,100058,100058,0871905F5CAF,,Spare for Deply,,,,,,MacOS,,2022 MacBook Pro,MacBook Pro (M2 Chip),SN-TX24NU,"Apr 19, 2023","Apr 18, 2026","  75,223.21 ","7,522.32",,"PO4700001461 - AMTI; SHIINA,KEN JUSTINE RAMA","MERCADO, BIANCA FLORES",ACCENT MICRO TECHNOLOGIES,
,100058,100059,100059,087190DA6A35,,Spare for Deploy,,,,,,MacOS,CAB 3E,2022 MacBook Pro,MacBook Pro (M2 Chip),SN-85PASX,"Apr 19, 2023","Apr 18, 2026","  75,223.21 ","7,522.32",,"PO4700001461 - AMTI;  VALENCIA, MARK ANTHONY","HERNANDEZ, FRANCIS AQUINO",ACCENT MICRO TECHNOLOGIES,
05-01752,100059,100060,100060,087190B0BAF3,"BERNARDO, DIANNE FLORES",Deployed,March,2026,"Mar 31, 2026",Lead Software Engineer,Client Based New Biz,MacOS,,2022 MacBook Pro,MacBook Pro (M2 Chip),SN-NV116S,"Apr 19, 2023","Apr 18, 2026","  75,223.21 ","7,522.32",,PO4700001461 - AMTI,,ACCENT MICRO TECHNOLOGIES,
,100060,100061,100061,0871907DAE9A,,Spare for Deploy,,,,,,MacOS,,2022 MacBook Pro,MacBook Pro (M2 Chip),SN-YB4660,"Apr 19, 2023","Apr 18, 2026","  75,223.21 ","7,522.32",,"PO4700001461 - AMTI; LIVELO, JOSE LUIS DINEROS","CORPUZ, MONIQUE CASTILLO",ACCENT MICRO TECHNOLOGIES,
,100061,100062,100062,08719047E66B,,Spare for Deploy,,,,,,MacOS,,2022 MacBook Pro,MacBook Pro (M2 Chip) 16GB RAM 256GB SSD,SN-GR280K,"Apr 19, 2023","Apr 18, 2026","  75,223.21 ","7,522.32",,"PO4700001461 - AMTI; TUD, KEVIN LLOYD BALLESTEROS","GUTIERREZ, NICOLE AQUINO",ACCENT MICRO TECHNOLOGIES,
,100062,100063,100063,087190CF5A64,,Spare for Deploy,,,,,,MacOS,CAB-3F,2022 MacBook Pro,MacBook Pro (M2 Chip) 16GB RAM 256GB SSD,SN-ZKQ50F,"Apr 19, 2023","Apr 18, 2026","  75,223.21 ","7,522.32",,PO4700001461 - AMTI,"NAVARRO, JOHN PAUL AQUINO",ACCENT MICRO TECHNOLOGIES,
,100063,100064,100064,087190F2597E,,Spare for Deploy,,,,,,MacOS,,2022 MacBook Pro,MacBook Pro (M2 Chip),SN-TNLY8H,"Apr 19, 2023","Apr 18, 2026","  75,223.21 ","7,522.32",,PO4700001461 - AMTI,"EVANGELISTA, DANIEL JOSEPH RIVERA",ACCENT MICRO TECHNOLOGIES,
05-01612,100064,100065,100065,087190E0393A,"RAMOS, KATHERINE ROSE LOPEZ",Deployed,March,2024,"Mar 4, 2024",Capability Lead,Technology Group,MacOS,," 2022 MacBook Pro ",MacBook Pro (M2 Chip),SN-QK3WFX,"Apr 19, 2023","Apr 18, 2026","  75,223.21 ","7,522.32",,"PO4700001460 - AMTI; ONG, NICOLAS ADRIAN PASCUAL-MOREY",,ACCENT MICRO TECHNOLOGIES,
05-03191,100065,100066,100066,0871902CAEAF,"FERNANDEZ, SOFIA SANTOS",Deployed,November,2025,"Nov 21, 2025",Jr. Software Engineer,Client Based Globe,MacOS,,2020 MacBook Air,MacBook Air (M1 Chip),SN-7JLMRB,"Jul 31, 2023","Jul 30, 2026","  44,551.79 ","4,455.18",ACCF_FERNANDEZ__SOFIA_SANTOS.pdf,PO4700001537 - AMTI,"VALDEZ, DENISE LOPEZ",ACCENT MICRO TECHNOLOGIES,
,100066,100067,100067,08719001D527,,Spare for Deploy,,,,,,MacOS,,2022 MacBook Pro,MacBook Pro (M2 Chip),SN-7L920V,"Nov 30, 2023","Nov 29, 2026","  76,785.71 ","7,678.57",,PO 4700001613,"CALDERON, PAULO MIGUEL CASTILLO",STUDIO 84,
05-01115,100067,100068,100068,087190226242,"RIVERA, ANGELA MAE CRUZ",Deployed,December,2023,"Dec 6, 2023",Capability Lead,Technology Group,MacOS,,2022 MacBook Pro,MacBook Pro (M2 Chip),SN-X04M51,"Nov 30, 2023","Nov 29, 2026","  76,785.71 ","7,678.57",,PO 4700001613,,STUDIO 84,
05-04925,100068,100069,100069,087190EBD83D,"RIVERA, ROCHELLE FERNANDEZ",Deployed,December,2024,"Dec 6, 2024",Capability Lead,Technology Group,MacOS,,2022 MacBook Pro,MacBook Pro (M2 Chip),SN-N6HTGZ,"Nov 30, 2023","Nov 29, 2026","  76,785.71 ","7,678.57",,PO 4700001613,"GARCIA, JUAN CARLOS RIVERA",STUDIO 84,
05-01096,100069,100070,100070,087190729F3C,"PANGANIBAN, ROCHELLE CRUZ",Deployed,December,2023,"Dec 15, 2023",Sr. Software Engineer,Technology Group,MacOS,,2022 MacBook Pro,MacBook Pro (M2 Chip),SN-JZSG75,"Nov 30, 2023","Nov 29, 2026","  76,785.71 ","7,678.57",,PO 4700001613,,STUDIO 84,
05-02471,100070,100071,100071,087190604557,"BAUTISTA, JOHN PAUL AQUINO",Deployed,December,2023,"Dec 15, 2023",UI/UX Designer,Technology Group,MacOS,,2022 MacBook Pro,MacBook Pro (M2 Chip),SN-2K2T7C,"Nov 30, 2023","Nov 29, 2026","  76,785.71 ","7,678.57",,PO 4700001613,,STUDIO 84,
05-06884,100071,100072,100072,08719061068C,"ILAGAN, MARK ANTHONY VILLANUEVA",Deployed,August,2025,"Aug 1, 2025",Software Engineer,Client Based New Biz,MacOS,,2022 MacBook Pro,MacBook Pro (M2 Chip),SN-AYN5FL,"Nov 30, 2023","Nov 29, 2026","  76,785.71 ","7,678.57",ACCF_ILAGAN__MARK_ANTHONY_VILLANUEVA.pdf,PO 4700001613,"SALAZAR, NICOLE LOPEZ",STUDIO 84,
05-03214,100072,100073,100073,087190D3C7D2,"BERNARDO, DENISE VILLANUEVA",Deployed,"May ",2026,"May 22, 2026",Software Engineer (Full stack AI Engineer),Delivery Group,MacOS,,2022 MacBook Pro,MacBook Pro (M2 Chip),SN-L393H2,"Nov 30, 2023","Nov 29, 2026","  76,785.71 ","7,678.57",,PO 4700001613,"PADILLA, KENNETH BAUTISTA",STUDIO 84,
05-03190,100073,100074,100074,0871904AE84B,"CRUZ, CARLO DELA CRUZ",Deployed,October,2025,"Oct 8, 2025",Jr. Solutions Designer,Technology Group,MacOS,,2020 MacBook Air,MacBook Air (M1 Chip),SN-ZYD1RR,"Nov 20, 2023","Nov 19, 2026","  53,571.43 ","2,678.57",,PO 4700001614,"ILAGAN, JASMIN FERNANDEZ",STUDIO 84,
05-03014,100074,100075,100075,087190FB12AE,"HERNANDEZ, CHRISTIAN BAUTISTA",Deployed,March,2024,"Mar 1, 2024",Capability Lead,Technology Group,MacOS,," 2020 MacBook Air ","MacBook Air (M1 Chip) 13"" 8GB RAM 256 SSD",SN-LNRSTG,"Dec 12, 2023","Dec 11, 2026","  51,410.71 ","2,570.54",,PO 4700001643,,ABSI,
05-02403,100075,100076,100076,087190433EF1,"RIVERA, DOMINIC TORRES",Deployed,March,2024,"Mar 7, 2024",Recruitment Manager,Talent Acquisition Group (TAG),MacOS,," 2020 MacBook Air ","MacBook Air (M1 Chip) 13"" 8GB RAM 256 SSD",SN-KM5ZED,"Dec 12, 2023","Dec 11, 2026","  51,410.71 ","2,570.54",,PO 4700001643,,ABSI,
05-01661,100076,100077,100077,087190887260,"MORALES, JUAN CARLOS FLORES",Deployed,March,2024,"Mar 7, 2024",Resource Manager,Human Resources,MacOS,," 2020 MacBook Air ","MacBook Air (M1 Chip) 13"" 8GB RAM 256 SSD",SN-N9WX1Q,"Dec 12, 2023","Dec 11, 2026","  51,410.71 ","2,570.54",,PO 4700001643,,ABSI,
05-03169,100077,100078,100078,08719013E20B,"VALDEZ, LOVELY CASTILLO",Deployed,July,2025,"Jul 1, 2025",Sr. Software Engineer (Fullstack),Technology Group,MacOS,," 2020 MacBook Air ","MacBook Air (M1 Chip) 13"" 8GB RAM 256 SSD",SN-JJD37R,"Dec 12, 2023","Dec 11, 2026","  51,410.71 ","2,570.54",,PO 4700001643,"CRUZ, MICHAEL ANGELO AQUINO",ABSI,
05-06675,100078,100079,100079,08719053AA21,"MALABANAN, BEATRICE GARCIA",Deployed,March,2024,"Mar 27, 2024",Network Administrator,Technology Group,MacOS,," 2020 MacBook Air ","MacBook Air (M1 Chip) 13"" 8GB RAM 256 SSD",SN-0AWUWJ,"Dec 12, 2023","Dec 11, 2026","  51,410.71 ","2,570.54",,PO 4700001643,"PADILLA, KENNETH BAUTISTA",ABSI,
05-03146,100079,100080,100080,0871904407B0,"MALABANAN, CHRISTIAN DELA CRUZ",Deployed,February,2025,"Feb 28, 2025",Data Engineer,Technology Group,MacOS,," 2020 MacBook Air ","MacBook Air (M1 Chip) 13"" 8GB RAM 256 SSD",SN-XSUYED,"Dec 12, 2023","Dec 11, 2026","  51,410.71 ","2,570.54",,PO 4700001643,"ESGUERRA, PATRICIA ANNE CASTILLO",ABSI,
05-03169,100080,100081,100081,087190EEEF71,"DELA CRUZ, FRANCIS CRUZ",Deployed,June,2025,"Jun 27, 2025",Sr. Software Engineer,Technology Group,MacOS,," 2020 MacBook Air ","MacBook Air (M1 Chip) 13"" 8GB RAM 256 SSD",SN-50KQRF,"Dec 12, 2023","Dec 11, 2026","  51,410.71 ","2,570.54",ACCF_DELA_CRUZ__FRANCIS_CRUZ.pdf,PO 4700001643,"MALABANAN, FRANCIS SANTOS",ABSI,
05-03146,100081,100082,100082,087190773618,"BERNARDO, CHARLENE RIVERA",Deployed,February,2025,"Feb 28, 2025",Data Engineer,Technology Group,MacOS,," 2020 MacBook Air ","MacBook Air (M1 Chip) 13"" 8GB RAM 256 SSD",SN-7AUSUE,"Dec 12, 2023","Dec 11, 2026","  51,410.71 ","2,570.54",,PO 4700001643,"HERNANDEZ, GABRIEL FLORES",ABSI,
05-02333,100082,100083,100083,0871901B57D7,"MIRANDA, PATRICK OLIVER CRUZ",Deployed,March,2024,"Mar 27, 2024",Software Engineer,Technology Group,MacOS,," 2020 MacBook Air ","MacBook Air (M1 Chip) 13"" 8GB RAM 256 SSD",SN-R7G6PE,"Dec 12, 2023","Dec 11, 2026","  51,410.71 ","2,570.54",,PO 4700001643,,ABSI,
05-03195,100083,100084,100084,08719055C54A,"DAVID, JEROME FERNANDEZ",Deployed,February,2026,"Feb 18, 2026",Project Manager,Client Based Globe,MacOS,," 2020 MacBook Air ","MacBook Air (M1 Chip) 13"" 8GB RAM 256 SSD",SN-9H91E3,"Dec 12, 2023","Dec 11, 2026","  51,410.71 ","2,570.54",ACCF_DAVID__JEROME_FERNANDEZ.pdf,PO 4700001643,"FERNANDEZ, MONIQUE LOPEZ",ABSI,
05-01729,100084,100085,100085,0871901EE889,"MORALES, DIANNE LOPEZ",Deployed,March,2024,"Mar 20, 2024",CMS Administrator,Client Based Globe,MacOS,," 2020 MacBook Air ","MacBook Air (M1 Chip) 13"" 8GB RAM 256 SSD",SN-E7R44E,"Dec 12, 2023","Dec 11, 2026","  51,410.71 ","2,570.54",,PO 4700001643,,ABSI,
05-03173,100085,100086,100086,087190C57E4C,"MANALANG, CHARLENE DELA CRUZ",Deployed,August,2025,"Aug 15, 2025",Systems Engineer,Technology Group,MacOS,," 2020 MacBook Air ","MacBook Air (M1 Chip) 13"" 8GB RAM 256 SSD",SN-DWYRGU,"Dec 12, 2023","Dec 11, 2026","  51,410.71 ","2,570.54",,PO 4700001643,"MAGNO, PATRICIA ANNE LOPEZ",ABSI,
05-03174,100086,100087,100087,0871903A9F7E,"MALABANAN, KENNETH DELA CRUZ",Deployed,November,2025,"Nov 6, 2025",Data Analyst,Technology Group,MacOS,," 2020 MacBook Air ","MacBook Air (M1 Chip) 13"" 8GB RAM 256 SSD",SN-APP8P9,"Dec 12, 2023","Dec 11, 2026","  51,410.71 ","2,570.54",,PO 4700001643,"EVANGELISTA, PATRICK OLIVER AQUINO",ABSI,
05-06952,100087,100088,100088,087190B5E230,"MERCADO, JEROME MERCADO",Deployed,April,2026,"Apr 10, 2026",Business Analyst,Client Based Globe,MacOS,," 2020 MacBook Air ","MacBook Air (M1 Chip) 13"" 8GB RAM 256 SSD",SN-1H6T59,"Dec 12, 2023","Dec 11, 2026","  51,410.71 ","2,570.54",ACCF_MERCADO__JEROME_MERCADO.pdf,PO 4700001643,"TOLENTINO, KENNETH RIVERA",ABSI,
05-02316,100088,100089,100089,087190A7BEAB,"VALDEZ, JOSHUA TORRES",Deployed,March,2024,"Mar 20, 2024",Software Engineer,Technology Group,MacOS,," 2020 MacBook Air ","MacBook Air (M1 Chip) 13"" 8GB RAM 256 SSD",SN-ZXVX4Y,"Dec 12, 2023","Dec 11, 2026","  51,410.71 ","2,570.54",,PO 4700001643,,ABSI,
05-03148,100089,100090,100090,0871900E6E02,"DOMINGO, DENISE MENDOZA",Deployed,February,2025,"Feb 28, 2025",Application Support,Technology Group,MacOS,," 2020 MacBook Air ","MacBook Air (M1 Chip) 13"" 8GB RAM 256 SSD",SN-W1H6L8,"Dec 12, 2023","Dec 11, 2026","  51,410.71 ","2,570.54",,PO 4700001643,"DOMINGO, CARLO DELA CRUZ",ABSI,
05-01701,100090,100091,100091,0871908E1CCC,"DE LEON, JOHN PAUL FLORES",Deployed,June,2026,"Jun 3, 2026",NOC Engineer,Digital Solutions Group (DSG),MacOS,," 2020 MacBook Air ","MacBook Air (M1 Chip) 13"" 8GB RAM 256 SSD",SN-Q1GJ6Q,"Dec 12, 2023","Dec 11, 2026","  51,410.71 ","2,570.54",,PO 4700001643,"CASTRO, MICHAEL ANGELO MERCADO",ABSI,
05-03148,100091,100092,100092,087190244332,"CALDERON, CHRISTINE JOY MERCADO",Deployed,March,2025,"Mar 21, 2025",Application Support Specialist,Technology Group,MacOS,," 2020 MacBook Air ","MacBook Air (M1 Chip) 13"" 8GB RAM 256 SSD",SN-Z4FKAV,"Dec 12, 2023","Dec 11, 2026","  51,410.71 ","2,570.54",,PO 4700001643,"GUTIERREZ, PAULO MIGUEL LOPEZ",ABSI,
05-01774,100092,100093,100093,0871907C7120,"VILLANUEVA, KATHERINE ROSE FERNANDEZ",Deployed,March,2024,"Mar 20, 2024",Sr. Software Engineer,Technology Group,MacOS,," 2020 MacBook Air ","MacBook Air (M1 Chip) 13"" 8GB RAM 256 SSD",SN-H3P7K6,"Dec 12, 2023","Dec 11, 2026","  51,410.71 ","2,570.54",,PO 4700001643,,ABSI,
05-02359,100093,100094,100094,0871906366CB,"GUTIERREZ, FRANCIS FLORES",Deployed,March,2024,"Mar 20, 2024",Sr. Database Administrator,Technology Group,MacOS,," 2020 MacBook Air ","MacBook Air (M1 Chip) 13"" 8GB RAM 256 SSD",SN-3FM17H,"Dec 12, 2023","Dec 11, 2026","  51,410.71 ","2,570.54",,PO 4700001643,,ABSI,
05-03215,100094,100095,100095,087190DB3A9B,"ALCANTARA, PATRICK OLIVER FERNANDEZ",Deployed,June,2026,"Jun 19, 2026",Automation Engineer,Delivery Group,MacOS,," 2020 MacBook Air ","MacBook Air (M1 Chip) 13"" 8GB RAM 256 SSD",SN-CW4H9Y,"Dec 12, 2023","Dec 11, 2026","  51,410.71 ","2,570.54",,PO 4700001643,"RIVERA, PAULO MIGUEL CASTILLO",ABSI,
05-03148,100095,100096,100096,087190669BF9,"BAUTISTA, STEPHANIE VILLANUEVA",Deployed,February,2025,"Feb 28, 2025",Service Desk Specialist,Technology Group,MacOS,," 2020 MacBook Air ","MacBook Air (M1 Chip) 13"" 8GB RAM 256 SSD",SN-G2EC8B,"Dec 12, 2023","Dec 11, 2026","  51,410.71 ","2,570.54",,PO 4700001643,"CASTRO, ALEXANDER DELA CRUZ",ABSI,
05-01793,100096,100097,100097,08719086FEF8,"NATIVIDAD, DANIEL JOSEPH DELA CRUZ",Deployed,March,2024,"Mar 27, 2024",QA Engineer,Technology Group,MacOS,," 2020 MacBook Air ","MacBook Air (M1 Chip) 13"" 8GB RAM 256 SSD",SN-KA7CV7,"Dec 12, 2023","Dec 11, 2026","  51,410.71 ","2,570.54",,PO 4700001643,,ABSI,
05-01684,100097,100098,100098,087190844192,"MENDOZA, KEVIN VILLANUEVA",Deployed,March,2024,"Mar 27, 2024",Sr. Process Engineer,Technology Group,MacOS,," 2020 MacBook Air ","MacBook Air (M1 Chip) 13"" 8GB RAM 256 SSD",SN-LTHJ0C,"Dec 12, 2023","Dec 11, 2026","  51,410.71 ","2,570.54",,PO 4700001643,,ABSI,
05-03214,100098,100099,100099,087190FDF37D,"CASTILLO, JUAN CARLOS LOPEZ",Deployed,May,2026,"May 29, 2026",Data Architect Lead,Delivery Group,MacOS,," 2020 MacBook Air ","MacBook Air (M1 Chip) 13"" 8GB RAM 256 SSD",SN-CKS3W5,"Dec 12, 2023","Dec 11, 2026","  51,410.71 ","2,570.54",ACCF_CASTILLO__JUAN_CARLOS_LOPEZ.pdf,PO 4700001643,"ALCANTARA, KATHERINE ROSE MENDOZA",ABSI,
05-01701,100099,100100,100100,0871901DB4E3,"DE LEON, JOHN PAUL FLORES",For Repair,March,2024,"Mar 27, 2024",NOC Engineer,Digital Solutions Group (DSG),MacOS,," 2020 MacBook Air ","MacBook Air (M1 Chip) 13"" 8GB RAM 256 SSD",SN-P34H2N,"Dec 12, 2023","Dec 11, 2026","  51,410.71 ","2,570.54",,PO 4700001643,,ABSI,
05-01702,100100,100101,100101,0871903B39A5,"EVANGELISTA, CHRISTIAN LOPEZ",Deployed,March,2024,"Mar 27, 2024",Service Desk Lead,Digital Solutions Group (DSG),MacOS,," 2020 MacBook Air ","MacBook Air (M1 Chip) 13"" 8GB RAM 256 SSD",SN-SH2QCM,"Dec 12, 2023","Dec 11, 2026","  51,410.71 ","2,570.54",,PO 4700001643,,ABSI,
05-01002,100101,100102,100102,087190AFA58A,"LAXAMANA, JEROME MENDOZA",Deployed,March,2024,"Mar 27, 2024",Business Development Manager,Enterprise Solutions Group (ESG),MacOS,," 2020 MacBook Air ","MacBook Air (M1 Chip) 13"" 8GB RAM 256 SSD",SN-6PB630,"Dec 12, 2023","Dec 11, 2026","  51,410.71 ","2,570.54",,PO 4700001643,,ABSI,
05-02380,100102,100103,100103,08719089DBF1,"SERRANO, SOFIA VILLANUEVA",Deployed,March,2024,"Mar 27, 2024",Product Manager,Office of the President,MacOS,," 2020 MacBook Air ","MacBook Air (M1 Chip) 13"" 8GB RAM 256 SSD",SN-6VP92X,"Dec 12, 2023","Dec 11, 2026","  51,410.71 ","2,570.54",,PO 4700001643,,ABSI,
05-05189,100103,100104,100104,087190A4EEA4,"CALDERON, CHARLENE VILLANUEVA",Deployed,March,2024,"Mar 27, 2024",Software Engineer (Full Stack),Technology Group,MacOS,," 2020 MacBook Air ","MacBook Air (M1 Chip) 13"" 8GB RAM 256 SSD",SN-TS725L,"Dec 12, 2023","Dec 11, 2026","  51,410.71 ","2,570.54",,PO 4700001643,,ABSI,
05-06888,100104,100105,100105,087190C251D6,"GONZALES, KATHERINE ROSE MERCADO",Deployed,September,2025,"Sep 4, 2025",Software Engineer,Client Based Globe,MacOS,," 2020 MacBook Air ","MacBook Air (M1 Chip) 13"" 8GB RAM 256 SSD",SN-ZRL509,"Dec 12, 2023","Dec 11, 2026","  51,410.71 ","2,570.54",,PO 4700001643,"FERNANDEZ, JUAN CARLOS FERNANDEZ",ABSI,
CON-00021,100105,100106,100106,0871905A6722,"ATIENZA, CHRISTIAN SANTOS",For Repair,July,2025,"Jul 17, 2025",Facility and Corporate Admin Manager,Admin,MacOS,," 2020 MacBook Air ","MacBook Air (M1 Chip) 13"" 8GB RAM 256 SSD",SN-H5J6VQ,"Dec 12, 2023","Dec 11, 2026","  51,410.71 ","2,570.54",,PO 4700001643,,ABSI,
05-03147,100106,100107,100107,08719092F95D,"MANALANG, BIANCA VILLANUEVA",Deployed,March,2025,"Mar 7, 2025",Data Engineer,Technology Group,MacOS,," 2020 MacBook Air ","MacBook Air (M1 Chip) 13"" 8GB RAM 256 SSD",SN-NNLC77,"Dec 12, 2023","Dec 11, 2026","  51,410.71 ","2,570.54",,PO 4700001643,"DOMINGO, MARIA CLARA CASTILLO",ABSI,
05-03147,100107,100108,100108,087190B13F76,"NAVARRO, KEVIN RIVERA",Deployed,March,2025,"Mar 7, 2025",Sr. Application Support Specialist,Technology Group,MacOS,," 2020 MacBook Air ","MacBook Air (M1 Chip) 13"" 8GB RAM 256 SSD",SN-NHXGRR,"Dec 12, 2023","Dec 11, 2026","  51,410.71 ","2,570.54",,PO 4700001643,"FRANCISCO, DOMINIC GARCIA",ABSI,
05-03149,100108,100109,100109,0871907E0128,"LAXAMANA, CHARLENE VILLANUEVA",Deployed,March,2025,"Mar 7, 2025",Sr. Software Engineer - Mobile Native (Android),Technology Group,MacOS,," 2020 MacBook Air ","MacBook Air (M1 Chip) 13"" 8GB RAM 256 SSD",SN-1BS4EW,"Dec 12, 2023","Dec 11, 2026","  51,410.71 ","2,570.54",,PO 4700001643,,ABSI,
05-03171,100109,100110,100110,087190C8F412,"TOLENTINO, PAULO MIGUEL LOPEZ",Deployed,July,2025,"Jul 17, 2025",Cloud Architect,Technology Group,MacOS,," 2020 MacBook Air ","MacBook Air (M1 Chip) 13"" 8GB RAM 256 SSD",SN-X2CFT4,"Dec 12, 2023","Dec 11, 2026","  51,410.71 ","2,570.54",ACCF_TOLENTINO__PAULO_MIGUEL_LOPEZ.pdf,PO 4700001643,"CABRERA, DENISE CASTILLO",ABSI,
05-05181,100110,100111,100111,Pending,"CABRERA, KEVIN CASTILLO",Deployed,April,2024,"Apr 11, 2024",Scrum Master,Technology Group,MacOS,," 2020 MacBook Air ","MacBook Air (M1 Chip) 13"" 8GB RAM 256 SSD",SN-0ZVBLZ,"Dec 12, 2023","Dec 11, 2026","  51,410.71 ","2,570.54",,PO 4700001643,,ABSI,
05-01747,100111,100112,100112,087190CFE11F,"MIRANDA, ADRIAN CRUZ",Deployed,April,2024,"Apr 5, 2024",Sr. UI/UX Designer,Client Based Globe,MacOS,," 2020 MacBook Air ","MacBook Air (M1 Chip) 13"" 8GB RAM 256 SSD",SN-FSQ58K,"Dec 12, 2023","Dec 11, 2026","  51,410.71 ","2,570.54",,PO 4700001643,,ABSI,
05-03171,100112,100113,100113,087190B86058,"PANGANIBAN, DANIEL JOSEPH FERNANDEZ",Deployed,July,2025,"Jul 4, 2025",Software Engineer (Java),Technology Group,MacOS,," 2020 MacBook Air ","MacBook Air (M1 Chip) 13"" 8GB RAM 256 SSD",SN-7Z3KRL,"Dec 12, 2023","Dec 11, 2026","  51,410.71 ","2,570.54",,PO 4700001643,"CASTILLO, KENNETH MERCADO",ABSI,
05-03172,100113,100114,100114,08719097B4F4,"CORTEZ, PATRICK OLIVER SANTOS",Deployed,August,2025,"Aug 15, 2025",Sr. Finance Analyst,Finance,MacOS,," 2020 MacBook Air ","MacBook Air (M1 Chip) 13"" 8GB RAM 256 SSD",SN-MBXV90,"Dec 12, 2023","Dec 11, 2026","  51,410.71 ","2,570.54",,PO 4700001643,"RIVERA, JASMIN BAUTISTA",ABSI,
05-06884,100114,100115,100115,087190C9F5E4,"DELA CRUZ, VINCENT RIVERA",Deployed,July,2025,"Jul 4, 2025",Resource Analyst,Technology Group,MacOS,," 2020 MacBook Air ","MacBook Air (M1 Chip) 13"" 8GB RAM 256 SSD",SN-3H7D0K,"Dec 12, 2023","Dec 11, 2026","  51,410.71 ","2,570.54",,PO 4700001643,"LAXAMANA, ANGELO RAMOS",ABSI,
05-03081,100115,100116,100116,087190DA0C7A,"SERRANO, KEVIN RAMOS",Deployed,April,2024,"Nov 14, 2024",Project Manager,Client Based New Biz,MacOS,," 2020 MacBook Air ","MacBook Air (M1 Chip) 13"" 8GB RAM 256 SSD",SN-S2GAVK,"Dec 12, 2023","Dec 11, 2026","  51,410.71 ","2,570.54",,PO 4700001643,"SANTOS, JASMIN TORRES",ABSI,
05-03080,100116,100117,100117,0871905E4280,"PASCUAL, ERIKA RAMOS",Deployed,April,2024,"Apr 5, 2024",Sr. QA Engineer,Digital Solutions Group (DSG),MacOS,," 2020 MacBook Air ","MacBook Air (M1 Chip) 13"" 8GB RAM 256 SSD",SN-Y36P01,"Dec 12, 2023","Dec 11, 2026","  51,410.71 ","2,570.54",,PO 4700001643,,ABSI,
05-06687,100117,100118,100118,087190C42F12,"RIVERA, KENNETH CRUZ",Deployed,April,2024,"Apr 5, 2024",Application Support Specialist,Technology Group,MacOS,," 2020 MacBook Air ","MacBook Air (M1 Chip) 13"" 8GB RAM 256 SSD",SN-WK29N0,"Dec 12, 2023","Dec 11, 2026","  51,410.71 ","2,570.54",,PO 4700001643,,ABSI,
05-01701,100118,100119,100119,087190E4DE81,"NAVARRO, STEPHANIE LOPEZ",Deployed,April,2024,"Apr 5, 2024",NOC Engineer,Digital Solutions Group (DSG),MacOS,," 2020 MacBook Air ","MacBook Air (M1 Chip) 13"" 8GB RAM 256 SSD",SN-F8LDBB,"Dec 12, 2023","Dec 11, 2026","  51,410.71 ","2,570.54",,PO 4700001643,,ABSI,
05-01725,100119,100120,100120,087190CE3122,"DELA CRUZ, CARLO TORRES",Deployed,April,2024,"Apr 5, 2024",Sr. Business Development Manager,Enterprise Solutions Group (ESG),MacOS,," 2020 MacBook Air ","MacBook Air (M1 Chip) 13"" 8GB RAM 256 SSD",SN-8W1AZJ,"Dec 12, 2023","Dec 11, 2026","  51,410.71 ","2,570.54",,PO 4700001643,,ABSI,
05-06879,100120,100121,100121,0871909EE4B6,"MANALANG, ALEXANDER TORRES",Deployed,April,2025,"Apr 25, 2025",Jr. QA Engineer,Client Based Globe,MacOS,," 2020 MacBook Air ","MacBook Air (M1 Chip) 13"" 8GB RAM 256 SSD",SN-HYP2VZ,"Dec 12, 2023","Dec 11, 2026","  51,410.71 ","2,570.54",,PO 4700001643,"MENDOZA, CAMILLE AQUINO",ABSI,
05-03148,100121,100122,100122,087190E8F97D,"PASCUAL, ANDREA GAIL CASTILLO",Deployed,March,2025,"Mar 7, 2025",Sr. Application Support Specialist,Technology Group,MacOS,," 2020 MacBook Air ","MacBook Air (M1 Chip) 13"" 8GB RAM 256 SSD",SN-WF5SP1,"Dec 12, 2023","Dec 11, 2026","  51,410.71 ","2,570.54",,PO 4700001643,"PASCUAL, ANGELA MAE FERNANDEZ",ABSI,
05-03150,100122,100123,100123,087190CC7D35,"NATIVIDAD, JOHN PAUL MERCADO",Deployed,March,2025,"Mar 28, 2025",Product Manager,Products and Innovation,MacOS,," 2020 MacBook Air ","MacBook Air (M1 Chip) 13"" 8GB RAM 256 SSD",SN-QZTDZR,"Dec 12, 2023","Dec 11, 2026","  51,410.71 ","2,570.54",,PO 4700001643,"CASTILLO, MICHAEL ANGELO DELA CRUZ",ABSI,
05-01794,100123,100124,100124,087190562CB2,"CABRERA, SOFIA MENDOZA",Deployed,April,2024,"Apr 11, 2024",Executive Assistant and Client Services Officer,Enterprise Solutions Group (ESG),MacOS,," 2020 MacBook Air ","MacBook Air (M1 Chip) 13"" 8GB RAM 256 SSD",SN-2R1BN1,"Dec 12, 2023","Dec 11, 2026","  51,410.71 ","2,570.54",,PO 4700001643,,ABSI,
05-03169,100124,100125,100125,087190231EF6,"DAVID, ANDREA GAIL VILLANUEVA",Deployed,May,2025,"May 28, 2025",L1 Support Engineer,Technology Group,MacOS,," 2020 MacBook Air ","MacBook Air (M1 Chip) 13"" 8GB RAM 256 SSD",SN-ZN0NDM,"Dec 12, 2023","Dec 11, 2026","  51,410.71 ","2,570.54",,PO 4700001643,"SORIANO, STEPHANIE MENDOZA",ABSI,
05-01097,100125,100126,100126,087190D0DEDE,"MORALES, DIANNE CASTILLO",Deployed,April,2024,"Apr 12, 2024",Cloud Architect,Technology Group,MacOS,," 2020 MacBook Air ","MacBook Air (M1 Chip) 13"" 8GB RAM 256 SSD",SN-SD3626,"Dec 12, 2023","Dec 11, 2026","  51,410.71 ","2,570.54",,PO 4700001643,,ABSI,
05-03171,100126,100127,100127,087190C0E27F,"SERRANO, JUAN CARLOS LOPEZ",Deployed,August,2025,"Aug 1, 2025",Solutions Architect,Technology Group,MacOS,," 2020 MacBook Air ","MacBook Air (M1 Chip) 13"" 8GB RAM 256 SSD",SN-VQQTXN,"Dec 12, 2023","Dec 11, 2026","  51,410.71 ","2,570.54",,PO 4700001643,"CALDERON, BEATRICE MERCADO",ABSI,
05-03169,100127,100128,100128,0871900E041B,"EVANGELISTA, ALEXANDER FERNANDEZ",Deployed,June,2025,"Jun 27, 2025",Project Manager (Scrum Master),Technology Group,MacOS,," 2020 MacBook Air ","MacBook Air (M1 Chip) 13"" 8GB RAM 256 SSD",SN-Z8GL5G,"Dec 12, 2023","Dec 11, 2026","  51,410.71 ","2,570.54",ACCF_EVANGELISTA__ALEXANDER_FERNANDEZ.pdf,PO 4700001643,"VALDEZ, STEPHANIE SANTOS",ABSI,
05-03016,100128,100129,100129,087190CB9EBD,"MERCADO, ANDREA GAIL LOPEZ",Deployed,April,2024,"Apr 11, 2024",Lead Technical Support Specialist,Technology Group,MacOS,," 2020 MacBook Air ","MacBook Air (M1 Chip) 13"" 8GB RAM 256 SSD",SN-S13Q33,"Dec 12, 2023","Dec 11, 2026","  51,410.71 ","2,570.54",,PO 4700001643,,ABSI,
05-03172,100129,100130,100130,087190D95AC8,"MERCADO, ALEXANDER VILLANUEVA",Deployed,August,2025,"Aug 15, 2025",Data Engineer,Technology Group,MacOS,," 2020 MacBook Air ","MacBook Air (M1 Chip) 13"" 8GB RAM 256 SSD",SN-WX52HA,"Dec 12, 2023","Dec 11, 2026","  51,410.71 ","2,570.54",ACCF_MERCADO__ALEXANDER_VILLANUEVA.pdf,PO 4700001643,"RIVERA, CARLO AQUINO",ABSI,
05-02404,100130,100131,100131,Pending,"CORTEZ, STEPHANIE FLORES",Deployed,April,2024,"Apr 26, 2024",L1/L2 Operations Specialist,Technology Group,MacOS,CAB-7C," 2020 MacBook Air ","MacBook Air (M1 Chip) 13"" 8GB RAM 256 SSD",SN-46NZC4,"Dec 12, 2023","Dec 11, 2026","  51,410.71 ","2,570.54",,PO 4700001643,,ABSI,
05-06878,100131,100132,100132,087190E8BD46,"DOMINGO, SOFIA MENDOZA",Deployed,May,2025,"May 2, 2025",Data Engineer,Technology Group,MacOS,," 2020 MacBook Air ","MacBook Air (M1 Chip) 13"" 8GB RAM 256 SSD",SN-R2X7L4,"Dec 12, 2023","Dec 11, 2026","  51,410.71 ","2,570.54",,PO 4700001643,"HERNANDEZ, MARK ANTHONY LOPEZ",ABSI,
05-01707,100132,100133,100133,087190962052,"MANALANG, ALYSSA MARIE BAUTISTA",Deployed,April,2024,"Apr 12, 2024",Sr. Network Administrator,Client Based Globe,MacOS,," 2020 MacBook Air ","MacBook Air (M1 Chip) 13"" 8GB RAM 256 SSD",SN-P8W88J,"Dec 12, 2023","Dec 11, 2026","  51,410.71 ","2,570.54",,PO 4700001643,,ABSI,
05-03193,100133,100134,100134,087190FC355D,"PADILLA, ANGELO FLORES",Deployed,January,2026,"Jan 23, 2026",Sr. RPA Power Platform Developer,Technology Group,MacOS,," 2020 MacBook Air ","MacBook Air (M1 Chip) 13"" 8GB RAM 256 SSD",SN-SXN84Y,"Dec 12, 2023","Dec 11, 2026","  51,410.71 ","2,570.54",ACCF_PADILLA__ANGELO_FLORES.pdf,PO 4700001643,"SORIANO, CAMILLE RAMOS",ABSI,
05-02428,100134,100135,100135,08719018D723,"NAVARRO, BIANCA VILLANUEVA",Deployed,April,2024,"Apr 12, 2024",Software Engineer,Technology Group,MacOS,," 2020 MacBook Air ","MacBook Air (M1 Chip) 13"" 8GB RAM 256 SSD",SN-088NPK,"Dec 12, 2023","Dec 11, 2026","  51,410.71 ","2,570.54",,PO 4700001643,,ABSI,
05-03193,100135,100136,100136,0871905A2AF2,"ALCANTARA, BIANCA FLORES",Deployed,January,2026,"Jan 16, 2026",Software Engineer (Fullstack),Client Based Globe,MacOS,," 2020 MacBook Air ","MacBook Air (M1 Chip) 13"" 8GB RAM 256 SSD",SN-8V62SM,"Dec 12, 2023","Dec 11, 2026","  51,410.71 ","2,570.54",ACCF_ALCANTARA__BIANCA_FLORES.pdf,PO 4700001643,"MALABANAN, ANGELO CASTILLO",ABSI,
05-03103,100136,100137,100137,087190E22281,"NATIVIDAD, MARIA CLARA RAMOS",Deployed,April,2024,"Apr 12, 2024",Application Support Specialist,Technology Group,MacOS,," 2020 MacBook Air ","MacBook Air (M1 Chip) 13"" 8GB RAM 256 SSD",SN-XMDFJL,"Dec 12, 2023","Dec 11, 2026","  51,410.71 ","2,570.54",,PO 4700001643,,ABSI,
05-05198,100137,100138,100138,0871903735A1,"DEL ROSARIO, BEATRICE FERNANDEZ",Deployed,April,2024,"Apr 12, 2024",Application Support Lead,Technology Group,MacOS,," 2020 MacBook Air ","MacBook Air (M1 Chip) 13"" 8GB RAM 256 SSD",SN-E5HL1E,"Dec 12, 2023","Dec 11, 2026","  51,410.71 ","2,570.54",,PO 4700001643,,ABSI,
,100138,100139,100139,08719081E7C6,,Spare for Deploy,,,,,,MacOS,," 2020 MacBook Air ","MacBook Air (M1 Chip) 13"" 8GB RAM 256 SSD",SN-NPFBJR,"Dec 12, 2023","Dec 11, 2026","  51,410.71 ","2,570.54",,PO 4700001643,"DE LEON, JASMIN MERCADO",ABSI,
05-03148,100139,100140,100140,0871905276AC,"ALCANTARA, CHARLENE SANTOS",Deployed,March,2025,"Mar 7, 2025",Data Analyst,Technology Group,MacOS,," 2020 MacBook Air ","MacBook Air (M1 Chip) 13"" 8GB RAM 256 SSD",SN-B8Q8ES,"Dec 12, 2023","Dec 11, 2026","  51,410.71 ","2,570.54",,PO 4700001643,"LAXAMANA, KATHERINE ROSE FERNANDEZ",ABSI,
05-03212,100140,100141,100141,087190C73C2E,"MENDOZA, CHARLENE CASTILLO",Deployed,April,2026,"Apr 17, 2026",Application Support Specialist (Data Operations),Technology Group,MacOS,," 2020 MacBook Air ","MacBook Air (M1 Chip) 13"" 8GB RAM 256 SSD",SN-F3D01H,"Dec 12, 2023","Dec 11, 2026","  51,410.71 ","2,570.54",ACCF_MENDOZA__CHARLENE_CASTILLO.pdf,PO 4700001643,"LAXAMANA, ROCHELLE MENDOZA",ABSI,
05-03170,100141,100142,100142,0871908A7CC3,"CRUZ, MARCO GARCIA",Deployed,June,2025,"Jun 27, 2025",Data Analyst,Technology Group,MacOS,," 2020 MacBook Air ","MacBook Air (M1 Chip) 13"" 8GB RAM 256 SSD",SN-P3QVZQ,"Dec 12, 2023","Dec 11, 2026","  51,410.71 ","2,570.54",ACCF_CRUZ__MARCO_GARCIA.pdf,PO 4700001643,"CABRERA, CHRISTIAN CRUZ",ABSI,
05-01730,100142,100143,100143,087190C95B49,"DE LEON, CARLO AQUINO",Deployed,April,2024,"Apr 19, 2024",Operations Lead,Technology Group,MacOS,," 2020 MacBook Air ","MacBook Air (M1 Chip) 13"" 8GB RAM 256 SSD",SN-R1K21B,"Dec 12, 2023","Dec 11, 2026","  51,410.71 ","2,570.54",,PO 4700001643,,ABSI,
05-03056,100143,100144,100144,087190C2B75A,"FERNANDEZ, RAFAEL BAUTISTA",Deployed,April,2024,"Apr 24, 2024",Service Delivery Manager,Technology Group,MacOS,," 2020 MacBook Air ","MacBook Air (M1 Chip) 13"" 8GB RAM 256 SSD",SN-VVX67G,"Dec 12, 2023","Dec 11, 2026","  51,410.71 ","2,570.54",,PO 4700001643,,ABSI,
,100144,100145,100145,08719035BAA6,,Spare for Deploy,,,,,,MacOS,," 2020 MacBook Air ","MacBook Air (M1 Chip) 13"" 8GB RAM 256 SSD",SN-5YZR6A,"Dec 12, 2023","Dec 11, 2026","  51,410.71 ","2,570.54",,PO 4700001643,"LAXAMANA, CAMILLE RAMOS",ABSI,
05-06884,100145,100146,100146,0871900BD408,"DAVID, MONIQUE RIVERA",Deployed,July,2025,"Jul 11, 2025",Data Analyst,Client Based Globe,MacOS,," 2020 MacBook Air ","MacBook Air (M1 Chip) 13"" 8GB RAM 256 SSD",SN-RA0DR9,"Dec 12, 2023","Dec 11, 2026","  51,410.71 ","2,570.54",,PO 4700001643,"CABRERA, GABRIEL FLORES",ABSI,
05-01030,100146,100147,100147,087190526C8C,"RIVERA, ALYSSA MARIE RIVERA",Deployed,May,2024,"May 2, 2024",Business Development Director,Enterprise Solutions Group (ESG),MacOS,," 2020 MacBook Air ","MacBook Air (M1 Chip) 13"" 8GB RAM 256 SSD",SN-VVGK4J,"Dec 12, 2023","Dec 11, 2026","  51,410.71 ","2,570.54",,PO 4700001643,,ABSI,
05-03149,100147,100148,100148,087190D815FD,"MAGNO, CHARLENE SANTOS",Deployed,March,2025,"Mar 7, 2025",Application Support Specialist,Technology Group,MacOS,," 2020 MacBook Air ","MacBook Air (M1 Chip) 13"" 8GB RAM 256 SSD",SN-A7TPN3,"Dec 12, 2023","Dec 11, 2026","  51,410.71 ","2,570.54",,PO 4700001643,"ALCANTARA, PATRICIA ANNE AQUINO",ABSI,
05-01726,100148,100149,100149,087190A2C571,"CASTILLO, ANDREA GAIL LOPEZ",Deployed,May,2024,"May 17, 2024",QA Engineer,Technology Group,MacOS,," 2020 MacBook Air ","MacBook Air (M1 Chip) 13"" 8GB RAM 256 SSD",SN-31NCVE,"Dec 12, 2023","Dec 11, 2026","  51,410.71 ","2,570.54",,PO 4700001643,,ABSI,
05-01120,100149,100150,100150,0871904EF0FB,"VALDEZ, DENISE LOPEZ",Deployed,May,2024,"May 24, 2024",Sr. Technical Support Specialist,Technology Group,MacOS,," 2020 MacBook Air ","MacBook Air (M1 Chip) 13"" 8GB RAM 256 SSD",SN-Z9MYLP,"Dec 12, 2023","Dec 11, 2026","  51,410.71 ","2,570.54",,PO 4700001643,,ABSI,
05-04642,100150,100151,100151,08719001FC95,"REYES, DOMINIC MENDOZA",Deployed,May,2024,"May 17, 2024",Sr. Database Administrator,Digital Solutions Group (DSG),MacOS,," 2020 MacBook Air ","MacBook Air (M1 Chip) 13"" 8GB RAM 256 SSD",SN-5Z53MG,"Dec 12, 2023","Dec 11, 2026","  51,410.71 ","2,570.54",,PO 4700001643,,ABSI,
05-06949,100151,100152,100152,087190614B00,"GUTIERREZ, PAULO MIGUEL MERCADO",Deployed,February,2026,"Feb 18, 2026",Software Engineer,Technology Group,MacOS,," 2020 MacBook Air ","MacBook Air (M1 Chip) 13"" 8GB RAM 256 SSD",SN-3SA7YW,"Dec 12, 2023","Dec 11, 2026","  51,410.71 ","2,570.54",ACCF_GUTIERREZ__PAULO_MIGUEL_MERCADO.pdf,PO 4700001643,"PANGANIBAN, JEROME VILLANUEVA",ABSI,
05-01730,100152,100153,100153,087190760E29,"GONZALES, CAMILLE LOPEZ",Deployed,May,2024,"May 17, 2024",Jr. Software Engineer,Technology Group,MacOS,," 2020 MacBook Air ","MacBook Air (M1 Chip) 13"" 8GB RAM 256 SSD",SN-MPE979,"Dec 12, 2023","Dec 11, 2026","  51,410.71 ","2,570.54",,PO 4700001643,,ABSI,
05-03195,100153,100154,100154,087190D8CC9A,"BAUTISTA, ALEXANDER BAUTISTA",Deployed,February,2026,"Feb 18, 2026",Sr. Software Engineer (Fullstack NodeJS and ReactJS),Technology Group,MacOS,," 2020 MacBook Air ","MacBook Air (M1 Chip) 13"" 8GB RAM 256 SSD",SN-76GNRH,"Dec 12, 2023","Dec 11, 2026","  51,410.71 ","2,570.54",ACCF_BAUTISTA__ALEXANDER_BAUTISTA.pdf,PO 4700001643,"JAVIER, CHRISTINE JOY TORRES",ABSI,
,100154,100155,100155,087190C850B9,,Spare for Deploy,,,,,,MacOS,," 2020 MacBook Air ","MacBook Air (M1 Chip) 13"" 8GB RAM 256 SSD",SN-K0PVHG,"Dec 12, 2023","Dec 11, 2026","  51,410.71 ","2,570.54",,PO 4700001643,"CORTEZ, ALYSSA MARIE LOPEZ",ABSI,
05-03083,100155,100156,100156,0871904E1638,"FRANCISCO, PATRICK OLIVER CASTILLO",Deployed,May,2024,"May 17, 2024",Sr. UI/UX Designer,Technology Group,MacOS,," 2020 MacBook Air ","MacBook Air (M1 Chip) 13"" 8GB RAM 256 SSD",SN-8W8CBD,"Dec 12, 2023","Dec 11, 2026","  51,410.71 ","2,570.54",,PO 4700001643,,ABSI,
05-02405,100156,100157,100157,087190ED253F,"MALABANAN, ALYSSA MARIE RIVERA",Deployed,May,2024,"May 17, 2024",Sr. Service Transition Engineer,Client Based Globe,MacOS,," 2020 MacBook Air ","MacBook Air (M1 Chip) 13"" 8GB RAM 256 SSD",SN-5YECA8,"Dec 12, 2023","Dec 11, 2026","  51,410.71 ","2,570.54",,PO 4700001643,,ABSI,
05-06667,100157,100158,100158,0871906C1E51,"CORPUZ, ALYSSA MARIE MENDOZA",Deployed,May,2024,"May 17, 2024",Application Support Specialist,Technology Group,MacOS,," 2020 MacBook Air ","MacBook Air (M1 Chip) 13"" 8GB RAM 256 SSD",SN-UPXL17,"Dec 12, 2023","Dec 11, 2026","  51,410.71 ","2,570.54",,PO 4700001643,,ABSI,
05-06886,100158,100159,100159,087190247384,"CASTILLO, ANDREA GAIL DELA CRUZ",Deployed,August,2025,"Aug 29, 2025",Data Analyst,Client Based Globe,MacOS,," 2020 MacBook Air ","MacBook Air (M1 Chip) 13"" 8GB RAM 256 SSD",SN-NZZUWG,"Dec 12, 2023","Dec 11, 2026","  51,410.71 ","2,570.54",,PO 4700001643,"DAVID, ALYSSA MARIE RAMOS",ABSI,
05-03171,100159,100160,100160,0871901E9CE8,"GUTIERREZ, JUAN CARLOS CASTILLO",Deployed,July,2025,"Jul 17, 2025",Project Manager (Scrum Master),Technology Group,MacOS,," 2020 MacBook Air ","MacBook Air (M1 Chip) 13"" 8GB RAM 256 SSD",SN-P0NBA9,"Dec 12, 2023","Dec 11, 2026","  51,410.71 ","2,570.54",ACCF_GUTIERREZ__JUAN_CARLOS_CASTILLO.pdf,PO 4700001643,"FERNANDEZ, ANGELA MAE VILLANUEVA",ABSI,
05-06888,100160,100161,100161,0871906BCED3,"SALAZAR, ROCHELLE RAMOS",Deployed,September,2025,"Sep 29, 2025",Software Engineer,Client Based Globe,MacOS,," 2020 MacBook Air ","MacBook Air (M1 Chip) 13"" 8GB RAM 256 SSD",SN-1LW0PP,"Dec 12, 2023","Dec 11, 2026","  51,410.71 ","2,570.54",,PO 4700001643,"MANALANG, NICOLE AQUINO",ABSI,
05-03193,100161,100162,100162,0871906B1F30,"REYES, DOMINIC GARCIA",Deployed,February,2026,"Feb 6, 2026",Software Engineer (Fullstack),Client Based Globe,MacOS,," 2020 MacBook Air ","MacBook Air (M1 Chip) 13"" 8GB RAM 256 SSD",SN-4YW7BN,"Dec 12, 2023","Dec 11, 2026","  51,410.71 ","2,570.54",ACCF_REYES__DOMINIC_GARCIA.pdf,PO 4700001643,"DOMINGO, KENNETH FERNANDEZ",ABSI,
05-03148,100162,100163,100163,087190E604ED,"SERRANO, PATRICIA ANNE CRUZ",Deployed,March,2025,"Mar 14, 2025",Sr. Software Engineer,Technology Group,MacOS,," 2020 MacBook Air ","MacBook Air (M1 Chip) 13"" 8GB RAM 256 SSD",SN-4UJ38Q,"Dec 12, 2023","Dec 11, 2026","  51,410.71 ","2,570.54",,PO 4700001643,"DE LEON, DOMINIC VILLANUEVA",ABSI,
05-03195,100163,100164,100164,087190C20EAB,"NATIVIDAD, JASMIN DELA CRUZ",Deployed,March,2026,"Mar 6, 2026",Product Manager,Products and Innovation,MacOS,," 2020 MacBook Air ","MacBook Air (M1 Chip) 13"" 8GB RAM 256 SSD",SN-4PTC2V,"Dec 12, 2023","Dec 11, 2026","  51,410.71 ","2,570.54",ACCF_NATIVIDAD__JASMIN_DELA_CRUZ.pdf,PO 4700001643,"VALDEZ, PATRICK OLIVER CRUZ",ABSI,
,100164,100165,100165,087190B38E9F,,Spare for Deploy,,,,,,MacOS,," 2020 MacBook Air ","MacBook Air (M1 Chip) 13"" 8GB RAM 256 SSD",SN-JBYD5W,"Dec 12, 2023","Dec 11, 2026","  51,410.71 ","2,570.54",,PO 4700001643,"GONZALES, LOVELY BAUTISTA",ABSI,
05-03077,100165,100166,100166,087190B9577C,"GARCIA, JOSHUA MERCADO",Deployed,May,2024,"May 24, 2024",Business Analyst,Technology Group,MacOS,," 2020 MacBook Air ","MacBook Air (M1 Chip) 13"" 8GB RAM 256 SSD",SN-SFVALY,"Dec 12, 2023","Dec 11, 2026","  51,410.71 ","2,570.54",,PO 4700001643,,ABSI,
,100166,100167,100167,087190EA0E2F,,Spare for Deploy,,,,,,MacOS,," 2020 MacBook Air ","MacBook Air (M1 Chip) 13"" 8GB RAM 256 SSD",SN-54XVTC,"Dec 12, 2023","Dec 11, 2026","  51,410.71 ","2,570.54",,PO 4700001643,"AGUILAR, DENISE CRUZ",ABSI,
05-01728,100167,100168,100168,087190CE8C02,"PASCUAL, MARK ANTHONY VILLANUEVA",Deployed,May,2024,"May 24, 2024",Rollout Manager,Client Based Globe,MacOS,," 2020 MacBook Air ","MacBook Air (M1 Chip) 13"" 8GB RAM 256 SSD",SN-MTBS68,"Dec 12, 2023","Dec 11, 2026","  51,410.71 ","2,570.54",,PO 4700001643,,ABSI,
05-02425,100168,100169,100169,0871901C2350,"DEL ROSARIO, CARLO FLORES",Deployed,June,2024,"Jun 4, 2024",Recruiter,Talent Acquisition Group (TAG),MacOS,," 2020 MacBook Air ","MacBook Air (M1 Chip) 13"" 8GB RAM 256 SSD",SN-AM02GB,"Dec 12, 2023","Dec 11, 2026","  51,410.71 ","2,570.54",,PO 4700001643,,ABSI,
05-03169,100169,100170,100170,087190E18A97,"OCAMPO, CARLO MENDOZA",Deployed,June,2025,"Jun 27, 2025",Data Analyst,Technology Group,MacOS,," 2020 MacBook Air ","MacBook Air (M1 Chip) 13"" 8GB RAM 256 SSD",SN-VPAH1J,"Dec 12, 2023","Dec 11, 2026","  51,410.71 ","2,570.54",ACCF_OCAMPO__CARLO_MENDOZA.pdf,PO 4700001643,"GUTIERREZ, DANIEL JOSEPH CRUZ",ABSI,
05-03171,100170,100171,100171,087190A33E5D,"CABRERA, JOHN PAUL LOPEZ",Deployed,August,2025,"Aug 1, 2025",Solutions Designer,Technology Group,MacOS,," 2020 MacBook Air ","MacBook Air (M1 Chip) 13"" 8GB RAM 256 SSD",SN-HD7QXX,"Dec 12, 2023","Dec 11, 2026","  51,410.71 ","2,570.54",,PO 4700001643,"MANALANG, ADRIAN RAMOS",ABSI,
05-01728,100171,100172,100172,08719018757B,"CORPUZ, KENNETH AQUINO",Deployed,May,2024,"May 31, 2024",Business Analyst,Technology Group,MacOS,," 2020 MacBook Air ","MacBook Air (M1 Chip) 13"" 8GB RAM 256 SSD",SN-4RZTS5,"Dec 12, 2023","Dec 11, 2026","  51,410.71 ","2,570.54",,PO 4700001643,,ABSI,
05-02514,100172,100173,100173,087190C3BC6E,"ALCANTARA, DOMINIC FLORES",Deployed,August,2025,"Jun 5, 2024",Software Engineer,Technology Group,MacOS,," 2020 MacBook Air ","MacBook Air (M1 Chip) 13"" 8GB RAM 256 SSD",SN-DQYF6Z,"Dec 12, 2023","Dec 11, 2026","  51,410.71 ","2,570.54",ACCF_ALCANTARA__DOMINIC_FLORES.pdf,PO 4700001643,"JAVIER, ADRIAN CRUZ",ABSI,
05-01612,100173,100174,100174,0871906E98A8,"RAMOS, KATHERINE ROSE LOPEZ",Deployed,July,2026,"Jul 7, 2026",Capability Lead,Technology Group,MacOS,," 2020 MacBook Air ","MacBook Air (M1 Chip) 13"" 8GB RAM 256 SSD",SN-GTMD2T,"Dec 12, 2023","Dec 11, 2026","  51,410.71 ","2,570.54",,PO 4700001643,,ABSI,
05-03105,100174,100175,100175,087190C1152F,"BERNARDO, MARIA CLARA RAMOS",Deployed,June,2024,"Jun 3, 2024",MANCOM,MANCOM,MacOS,," 2020 MacBook Air ","MacBook Air (M1 Chip) 13"" 8GB RAM 256 SSD",SN-VQQTXN,"Dec 12, 2023","Dec 11, 2026","  51,410.71 ","2,570.54",,PO 4700001643,,ABSI,
05-04772,100175,100176,100176,087190986840,"FRANCISCO, JOHN PAUL MERCADO",Deployed,June,2024,"Jun 5, 2024",Project Management Officer,Client Based Globe,MacOS,," 2020 MacBook Air ","MacBook Air (M1 Chip) 13"" 8GB RAM 256 SSD",SN-P1MAZT,"Dec 12, 2023","Dec 11, 2026","  51,410.71 ","2,570.54",,PO 4700001643,,ABSI,
05-02516,100176,100177,100177,087190E7A2CA,"ATIENZA, JUAN CARLOS CRUZ",Deployed,June,2024,"Jun 4, 2024",Technical Support Specialist,Client Based New Biz,MacOS,," 2020 MacBook Air ","MacBook Air (M1 Chip) 13"" 8GB RAM 256 SSD",SN-65R308,"Dec 12, 2023","Dec 11, 2026","  51,410.71 ","2,570.54",,PO 4700001643,,ABSI,
05-03173,100177,100178,100178,087190DA9320,"RIVERA, KATRINA TORRES",Deployed,September,2025,"Sep 4, 2025",Service Desk Specialist,Technology Group,MacOS,," 2020 MacBook Air ","MacBook Air (M1 Chip) 13"" 8GB RAM 256 SSD",SN-YBJUXK,"Dec 12, 2023","Dec 11, 2026","  51,410.71 ","2,570.54",ACCF_RIVERA__KATRINA_TORRES.pdf,PO 4700001643,"DE LEON, MARK ANTHONY DELA CRUZ",ABSI,
05-03212,100178,100179,100179,087190C61624,"MALABANAN, DENISE RAMOS",Deployed,April,2026,"Apr 10, 2026",Sales Operations Analyst (CRM Specialist),Office of the President,MacOS,," 2020 MacBook Air ","MacBook Air (M1 Chip) 13"" 8GB RAM 256 SSD",SN-DFYFMK,"Dec 12, 2023","Dec 11, 2026","  51,410.71 ","2,570.54",ACCF_MALABANAN__DENISE_RAMOS.pdf,PO 4700001643,,ABSI,
05-03834,100179,100180,100180,087190F7F30F,"GUTIERREZ, CHARLENE CRUZ",Deployed,October,2025,"Oct 30, 2025",Customer Engagement Specialist,Enterprise Solutions Group,MacOS,," 2020 MacBook Air ","MacBook Air (M1 Chip) 13"" 8GB RAM 256 SSD",SN-3FH6G4,"Dec 12, 2023","Dec 11, 2026","  51,410.71 ","2,570.54",,PO 4700001643,"CABRERA, GABRIEL BAUTISTA",ABSI,
05-01820,100180,100181,100181,08719081103F,"JAVIER, KEVIN CRUZ",Deployed,June,2024,"Jun 21, 2024",Sr. Software Engineer,Technology Group,MacOS,," 2020 MacBook Air ","MacBook Air (M1 Chip) 13"" 8GB RAM 256 SSD",SN-0CKTSH,"Dec 12, 2023","Dec 11, 2026","  51,410.71 ","2,570.54",,PO 4700001643,,ABSI,
05-01091,100181,100182,100182,087190A9AFD4,"CALDERON, VINCENT CRUZ",Deployed,May,2024,"May 31, 2024",SysOps Admin,Technology Group,MacOS,," 2020 MacBook Air ","MacBook Air (M1 Chip) 13"" 8GB RAM 256 SSD",SN-YWL1U3,"Dec 12, 2023","Dec 11, 2026","  51,410.71 ","2,570.54",,PO 4700001643,,ABSI,
05-01729,100182,100183,100183,087190BCAFA4,"PANGANIBAN, DOMINIC TORRES",Deployed,May,2024,"May 31, 2024",Solutions Designer,Technology Group,MacOS,," 2020 MacBook Air ","MacBook Air (M1 Chip) 13"" 8GB RAM 256 SSD",SN-VG1SXV,"Dec 12, 2023","Dec 11, 2026","  51,410.71 ","2,570.54",,PO 4700001643,,ABSI,
05-01746,100183,100184,100184,0871901E8707,"TORRES, MARIA CLARA FERNANDEZ",Deployed,June,2024,"Jun 21, 2024",Sr. QA Engineer,Technology Group,MacOS,," 2020 MacBook Air ","MacBook Air (M1 Chip) 13"" 8GB RAM 256 SSD",SN-W1H6L8,"Dec 12, 2023","Dec 11, 2026","  51,410.71 ","2,570.54",,PO 4700001643,,ABSI,
05-01682,100184,100185,100185,0871906C1B05,"NATIVIDAD, ALEXANDER VILLANUEVA",Deployed,June,2024,"Jun 21, 2024",Business Development Director,Enterprise Solutions Group (ESG),MacOS,," 2020 MacBook Air ","MacBook Air (M1 Chip) 13"" 8GB RAM 256 SSD",SN-NZCEPY,"Dec 12, 2023","Dec 11, 2026","  51,410.71 ","2,570.54",,PO 4700001643,,ABSI,
05-01634,100185,100186,100186,087190005EBD,"MIRANDA, ALEXANDER MENDOZA",Deployed,June,2024,"Jun 21, 2024",Operations Lead,Technology Group,MacOS,," 2020 MacBook Air ","MacBook Air (M1 Chip) 13"" 8GB RAM 256 SSD",SN-S63WSA,"Dec 12, 2023","Dec 11, 2026","  51,410.71 ","2,570.54",,PO 4700001643,,ABSI,
05-01662,100186,100187,100187,0871904DE439,"ILAGAN, ADRIAN MERCADO",Deployed,June,2024,"Jun 24, 2024",Sr. Command Center Operation Analyst,Technology Group,MacOS,," 2020 MacBook Air ","MacBook Air (M1 Chip) 13"" 8GB RAM 256 SSD",SN-C9XU5U,"Dec 12, 2023","Dec 11, 2026","  51,410.71 ","2,570.54",,PO 4700001643,,ABSI,
05-01769,100187,100188,100188,0871909E149A,"GUTIERREZ, ANDREA GAIL MENDOZA",Deployed,June,2024,"Jun 21, 2024",Sr. Business Analyst,Technology Group,MacOS,," 2020 MacBook Air ","MacBook Air (M1 Chip) 13"" 8GB RAM 256 SSD",SN-Y2VLSQ,"Dec 12, 2023","Dec 11, 2026","  51,410.71 ","2,570.54",,PO 4700001643,,ABSI,
05-06891,100188,100189,100189,087190108D74,"SANTOS, JOHN PAUL SANTOS",Deployed,October,2025,"Oct 24, 2025",Network Administrator,Technology Group,MacOS,," 2020 MacBook Air ","MacBook Air (M1 Chip) 13"" 8GB RAM 256 SSD",SN-E244RN,"Dec 12, 2023","Dec 11, 2026","  51,410.71 ","2,570.54",,PO 4700001643,"CALDERON, SOFIA CASTILLO",ABSI,
05-06873,100189,100190,100190,087190B46EAB,"MORALES, MARCO CASTILLO",Deployed,March,2025,"Mar 14, 2025",Data Analyst,Client Based Globe,MacOS,," 2020 MacBook Air ","MacBook Air (M1 Chip) 13"" 8GB RAM 256 SSD",SN-6KDP31,"Dec 12, 2023","Dec 11, 2026","  51,410.71 ","2,570.54",,PO 4700001643,"CALDERON, FRANCIS CRUZ",ABSI,
05-03019,100190,100191,100191,087190512760,"NATIVIDAD, LOVELY BAUTISTA",Deployed,July,2024,"Jul 1, 2024",Sr. UI/UX Designer,Technology Group,MacOS,," 2020 MacBook Air ","MacBook Air (M1 Chip) 13"" 8GB RAM 256 SSD",SN-0SFE75,"Dec 12, 2023","Dec 11, 2026","  51,410.71 ","2,570.54",,PO 4700001643,,ABSI,
05-05196,100191,100192,100192,087190F25D36,"BERNARDO, DENISE RIVERA",Deployed,July,2024,"Jul 3, 2024",Software Engineer,Technology Group,MacOS,," 2020 MacBook Air ","MacBook Air (M1 Chip) 13"" 8GB RAM 256 SSD",SN-GXNL2G,"Dec 12, 2023","Dec 11, 2026","  51,410.71 ","2,570.54",,PO 4700001643,,ABSI,
05-06873,100192,100193,100193,08719074E740,"MERCADO, VINCENT VILLANUEVA",Deployed,March,2025,"Mar 14, 2025",Product Owner,Client Based Globe,MacOS,," 2020 MacBook Air ","MacBook Air (M1 Chip) 13"" 8GB RAM 256 SSD",SN-ZTJT10,"Dec 12, 2023","Dec 11, 2026","  51,410.71 ","2,570.54",,PO 4700001643,"NATIVIDAD, RAFAEL FERNANDEZ",ABSI,
,100193,100194,100194,0871904B4B53,,Spare for Deploy,,,,,,MacOS,," 2020 MacBook Air ","MacBook Air (M1 Chip) 13"" 8GB RAM 256 SSD",SN-GDSSM4,"Dec 29, 2023","Dec 28, 2026","  51,410.71 ","2,570.54",,PO 4700001657,"PADILLA, ROCHELLE DELA CRUZ",ABSI,
05-06954,100194,100195,100195,087190DA1BF2,"MERCADO, CAMILLE MENDOZA",Deployed,April,2026,"Apr 17, 2026",Jr. Data Engineer,Client Based Globe,MacOS,," 2020 MacBook Air ","MacBook Air (M1 Chip) 13"" 8GB RAM 256 SSD",SN-CUJHQT,"Dec 29, 2023","Dec 28, 2026","  51,410.71 ","2,570.54",ACCF_MERCADO__CAMILLE_MENDOZA.pdf,PO 4700001657,"REYES, ANGELA MAE GARCIA",ABSI,
05-02427,100195,100196,100196,087190707EA6,"ATIENZA, CHRISTIAN RIVERA",Deployed,November,2024,"Nov 21, 2024",Command Center Operator Analyst,Technology Group,MacOS,," 2020 MacBook Air ","MacBook Air (M1 Chip) 13"" 8GB RAM 256 SSD",SN-9RL405,"Dec 29, 2023","Dec 28, 2026","  51,410.71 ","2,570.54",,PO 4700001657,,ABSI,
,100196,100197,100197,087190707EA6,,Spare for Deploy,,,,,,MacOS,," 2020 MacBook Air ","MacBook Air (M1 Chip) 13"" 8GB RAM 256 SSD",SN-ADBJE4,"Dec 29, 2023","Dec 28, 2026","  51,410.71 ","2,570.54",,PO 4700001657,"PASCUAL, KEVIN RIVERA",ABSI,
05-04650,100197,100198,100198,08719068E15E,"MIRANDA, PATRICK OLIVER RIVERA",Deployed,January,2025,"Jan 28, 2025",Sr. QA Engineer,Technology Group,MacOS,," 2020 MacBook Air ","MacBook Air (M1 Chip) 13"" 8GB RAM 256 SSD",SN-25ZP4D,"Dec 29, 2023","Dec 28, 2026","  51,410.71 ","2,570.54",ACCF_MIRANDA__PATRICK_OLIVER_RIVERA.pdf,PO 4700001657,,ABSI,
05-02356,100198,100199,100199,0871900E452A,"OCAMPO, CARLO RAMOS",Deployed,November,2024,"Nov 21, 2024",Sr. Software Engineer,Technology Group,MacOS,," 2020 MacBook Air ","MacBook Air (M1 Chip) 13"" 8GB RAM 256 SSD",SN-3R4VHP,"Dec 29, 2023","Dec 28, 2026","  51,410.71 ","2,570.54",,PO 4700001657,,ABSI,
05-03834,100199,100200,100200,087190FE302C,"ALCANTARA, DOMINIC TORRES",Deployed,May,2025,"May 28, 2025",Sales,Enterprise Solutions Group,MacOS,," 2020 MacBook Air ","MacBook Air (M1 Chip) 13"" 8GB RAM 256 SSD",SN-54BGXA,"Dec 29, 2023","Dec 28, 2026","  51,410.71 ","2,570.54",,PO 4700001657,"GUTIERREZ, SOFIA RIVERA",ABSI,
05-01793,100200,100201,100201,087190E2E2CF,"MANALANG, ANGELO CRUZ",Deployed,December,2024,"Dec 5, 2024",Solutions Architect,Technology Group,MacOS,," 2020 MacBook Air ","MacBook Air (M1 Chip) 13"" 8GB RAM 256 SSD",SN-2GXGD8,"Dec 29, 2023","Dec 28, 2026","  51,410.71 ","2,570.54",,PO 4700001657,,ABSI,
05-03191,100201,100202,100202,0871904349D1,"AGUILAR, JASMIN MENDOZA",Deployed,December,2025,"Dec 5, 2025",Sr. Software Engineer,Client Based Globe,MacOS,," 2020 MacBook Air ","MacBook Air (M1 Chip) 13"" 8GB RAM 256 SSD",SN-B8Q8ES,"Dec 29, 2023","Dec 28, 2026","  51,410.71 ","2,570.54",ACCF_AGUILAR__JASMIN_MENDOZA.pdf,PO 4700001657,"DE LEON, DOMINIC MERCADO",ABSI,
05-06949,100202,100203,100203,08719085519C,"MIRANDA, CARLO MENDOZA",Deployed,March,2026,"Mar 6, 2026",Project Manager,Client Based Globe,MacOS,," 2020 MacBook Air ","MacBook Air (M1 Chip) 13"" 8GB RAM 256 SSD",SN-6PT3RR,"Dec 29, 2023","Dec 28, 2026","  51,410.71 ","2,570.54",ACCF_MIRANDA__CARLO_MENDOZA.pdf,PO 4700001657,"SALAZAR, KATRINA RAMOS",ABSI,
05-06888,100203,100204,100204,087190566420,"REYES, JUAN CARLOS CRUZ",Deployed,May,2026,"May 18, 2026",Change Management Analyst,Technology Group,MacOS,," 2020 MacBook Air ","MacBook Air (M1 Chip) 13"" 8GB RAM 256 SSD",SN-1KPLX0,"Dec 29, 2023","Dec 28, 2026","  51,410.71 ","2,570.54",,PO 4700001657,"DAVID, DANIEL JOSEPH DELA CRUZ",ABSI,
05-03172,100204,100205,100205,0871904BE0AC,"DAVID, ADRIAN GARCIA",Deployed,August,2025,"Aug 29, 2025",Sr. Software Engineer - Fullstack Java,Technology Group,MacOS,," 2020 MacBook Air ","MacBook Air (M1 Chip) 13"" 8GB RAM 256 SSD",SN-UC3H90,"Dec 29, 2023","Dec 28, 2026","  51,410.71 ","2,570.54",,PO 4700001657,"MAGNO, JASMIN FERNANDEZ",ABSI,
05-03213,100205,100206,100206,0871909C26CA,"FLORES, DOMINIC RIVERA",Deployed,April,2026,"Apr 30, 2026",Admin,Admin,MacOS,," 2020 MacBook Air ","MacBook Air (M1 Chip) 13"" 8GB RAM 256 SSD",SN-FNTBB5,"Dec 29, 2023","Dec 28, 2026","  51,410.71 ","2,570.54",,PO 4700001657,"AGUILAR, ANGELO RAMOS",ABSI,
05-03196,100206,100207,100207,087190B01BF3,"SORIANO, DOMINIC LOPEZ",Deployed,March,2026,"Mar 6, 2026",Sales Operations Executive,Technology Group,MacOS,," 2020 MacBook Air ","MacBook Air (M1 Chip) 13"" 8GB RAM 256 SSD",SN-SX8M10,"Dec 29, 2023","Dec 28, 2026","  51,410.71 ","2,570.54",ACCF_SORIANO__DOMINIC_LOPEZ.pdf,PO 4700001657,"FRANCISCO, KEVIN VILLANUEVA",ABSI,
05-01093,100207,100208,100208,0871902F9181,"CABRERA, SOFIA DELA CRUZ",Deployed,November,2024,"Nov 15, 2024",F,Technology Group,MacOS,," 2020 MacBook Air ","MacBook Air (M1 Chip) 13"" 8GB RAM 256 SSD",SN-U8HXCA,"Dec 29, 2023","Dec 28, 2026","  51,410.71 ","2,570.54",,PO 4700001657,,ABSI,
05-03059,100208,100209,100209,087190DF8E6F,"DELA CRUZ, MARCO CASTILLO",Deployed,November,2024,"Nov 14, 2024",Sr. Application Support Specialist,Technology Group,MacOS,," 2020 MacBook Air ","MacBook Air (M1 Chip) 13"" 8GB RAM 256 SSD",SN-PA5TCJ,"Dec 29, 2023","Dec 28, 2026","  51,410.71 ","2,570.54",,PO 4700001657,,ABSI,
05-03100,100209,100210,100210,08719010B9B4,"SERRANO, MARK ANTHONY CASTILLO",Deployed,December,2024,"Dec 18, 2024",Jr. Application Support Specialist,Technology Group,MacOS,," 2020 MacBook Air ","MacBook Air (M1 Chip) 13"" 8GB RAM 256 SSD",SN-69HV74,"Dec 29, 2023","Dec 28, 2026","  51,410.71 ","2,570.54",ACCF_SERRANO__MARK_ANTHONY_CASTILLO.pdf,PO 4700001657,,ABSI,
05-01655,100210,100211,100211,087190A0DB8F,"DAVID, CHARLENE DELA CRUZ",Deployed,November,2024,"Nov 22, 2024",Vue Developer,Technology Group,MacOS,," 2020 MacBook Air ","MacBook Air (M1 Chip) 13"" 8GB RAM 256 SSD",SN-AE6SM0,"Dec 29, 2023","Dec 28, 2026","  51,410.71 ","2,570.54",,PO 4700001657,,ABSI,
05-03083,100211,100212,100212,087190932E06,"CRUZ, JUAN CARLOS MENDOZA",Deployed,November,2024,"Nov 22, 2024",Solutions Architect,Technology Group,MacOS,," 2020 MacBook Air ","MacBook Air (M1 Chip) 13"" 8GB RAM 256 SSD",SN-A2CQUT,"Dec 29, 2023","Dec 28, 2026","  51,410.71 ","2,570.54",,PO 4700001657,,ABSI,
05-01817,100212,100213,100213,087190A4AABA,"ESGUERRA, MARIA CLARA RIVERA",Deployed,November,2024,"Nov 15, 2024",Production Support Analyst,Technology Group,MacOS,," 2020 MacBook Air ","MacBook Air (M1 Chip) 13"" 8GB RAM 256 SSD",SN-QVF8WU,"Dec 29, 2023","Dec 28, 2026","  51,410.71 ","2,570.54",,PO 4700001657,,ABSI,
05-03106,100213,100214,100214,087190AD0281,"GUTIERREZ, PAULO MIGUEL FERNANDEZ",Deployed,September,2024,"Sep 27, 2024",Quality Assurance Lead,Technology Group,MacOS,,2023 MacBook Pro,"Macbook PRO 14"" M3 Chip 8Gb RAM 512Gb SSD",SN-DKP2T6,"May 1, 2024","May 1, 2027","  102,660.71 ","10,266.07",,PO 4700001715,,ABSI,
05-03212,100214,100215,100215,087190BC464A,"FLORES, BIANCA LOPEZ",Deployed,April,2026,"Apr 10, 2026",Software Engineer,Client Based Globe,MacOS,CAB-3F,2023 MacBook Pro,"Macbook PRO 14"" M3 Chip 8Gb RAM 512Gb SSD",SN-MY3H4S,"May 1, 2024","May 1, 2027","  102,660.71 ","10,266.07",ACCF_FLORES__BIANCA_LOPEZ.pdf,PO 4700001715,"BERNARDO, DIANNE FLORES",ABSI,
05-03212,100215,100216,100216,087190D96C57,"VALDEZ, BIANCA CRUZ",Deployed,April,2026,"Apr 10, 2026",DevOps Lead,Client Based Globe,MacOS,CAB-3F,2023 MacBook Pro,"Macbook PRO 14"" M3 Chip 8Gb RAM 512Gb SSD",SN-FUUHSF,"May 1, 2024","May 1, 2027","  102,660.71 ","10,266.07",ACCF_VALDEZ__BIANCA_CRUZ.pdf,PO 4700001715,"HERNANDEZ, MONIQUE FERNANDEZ",ABSI,
05-03080,100216,100217,100217,087190D5D914,"AGUILAR, CHRISTINE JOY SANTOS",Deployed,December,2024,"Dec 20, 2024",Operations Lead,Technology Group,MacOS,," 2024 MacBook Air ","13-INCH MACBOOK AIR; APPLE M2 CHIP WITH 8 CORE CPU, 16GB, 512GB",SN-X0UP1H,"Nov 14, 2024","Nov 13, 2027","  68,360.00 ","3,418.00",ACCF_AGUILAR__CHRISTINE_JOY_SANTOS.pdf,PO# 4700001818,,Iridium Technologies Inc.,
05-05194,100217,100218,100218,087190E71E76,"CORPUZ, JOHN PAUL GARCIA",Deployed,November,2024,"Nov 26, 2024",QA Engineer,Technology Group,MacOS,," 2024 MacBook Air ","13-INCH MACBOOK AIR; APPLE M2 CHIP WITH 8 CORE CPU, 16GB, 512GB",SN-U0QSR8,"Nov 14, 2024","Nov 13, 2027","  68,360.00 ","3,418.00",ACCF_CORPUZ__JOHN_PAUL_GARCIA.pdf,PO# 4700001818,,Iridium Technologies Inc.,
05-03060,100218,100219,100219,0871907295C4,"BAUTISTA, MARK ANTHONY RIVERA",Deployed,December,2024,"Dec 6, 2024",CISO,Technology Group,MacOS,," 2024 MacBook Air ","13-INCH MACBOOK AIR; APPLE M2 CHIP WITH 8 CORE CPU, 16GB, 512GB",SN-CLVSH2,"Nov 14, 2024","Nov 13, 2027","  68,360.00 ","3,418.00",ACCF_BAUTISTA__MARK_ANTHONY_RIVERA.pdf,PO# 4700001818,,Iridium Technologies Inc.,
05-01727,100219,100220,100220,087190310939,"JAVIER, ROCHELLE SANTOS",Deployed,January,2025,"Jan 20, 2025",QA Engineer,Technology Group,MacOS,," 2024 MacBook Air ","13-INCH MACBOOK AIR; APPLE M2 CHIP WITH 8 CORE CPU, 16GB, 512GB",SN-KQYN9M,"Nov 14, 2024","Nov 13, 2027","  68,360.00 ","3,418.00",ACCF_JAVIER__ROCHELLE_SANTOS.pdf,PO# 4700001818,,Iridium Technologies Inc.,
05-02424,100220,100221,100221,087190BAA081,"PADILLA, LOVELY FLORES",Deployed,December,2024,"Dec 9, 2024",Business Analyst,Client Based New Biz,MacOS,," 2024 MacBook Air ","13-INCH MACBOOK AIR; APPLE M2 CHIP WITH 8 CORE CPU, 16GB, 512GB",SN-6NLM4Q,"Nov 14, 2024","Nov 13, 2027","  68,360.00 ","3,418.00",ACCF_PADILLA__LOVELY_FLORES.pdf,PO# 4700001818,,Iridium Technologies Inc.,
05-02338,100221,100222,100222,08719090E41E,"MARQUEZ, DIANNE VILLANUEVA",Deployed,January,2026,"Jan 5, 2026",Project Manager,Client Based Globe,MacOS,," 2024 MacBook Air ","13-INCH MACBOOK AIR; APPLE M2 CHIP WITH 8 CORE CPU, 16GB, 512GB",SN-4NZNP0,"Nov 14, 2024","Nov 13, 2027","  68,360.00 ","3,418.00",ACCF_MARQUEZ__DIANNE_VILLANUEVA.pdf,PO# 4700001818,"ESGUERRA, PATRICIA ANNE FLORES",Iridium Technologies Inc.,
05-03100,100222,100223,100223,087190CC5174,"NATIVIDAD, ALEXANDER VILLANUEVA",Deployed,December,2024,"Dec 19, 2024",Software Engineer,Technology Group,MacOS,," 2024 MacBook Air ","13-INCH MACBOOK AIR; APPLE M2 CHIP WITH 8 CORE CPU, 16GB, 512GB",SN-0DW4ZV,"Nov 14, 2024","Nov 13, 2027","  68,360.00 ","3,418.00",ACCF_NATIVIDAD__ALEXANDER_VILLANUEVA.pdf,PO# 4700001818,,Iridium Technologies Inc.,
05-01614,100223,100224,100224,087190207FEF,"FRANCISCO, ROCHELLE TORRES",Deployed,December,2024,"Dec 9, 2024",Sr. QA Engineer,Technology Group,MacOS,," 2024 MacBook Air ","13-INCH MACBOOK AIR; APPLE M2 CHIP WITH 8 CORE CPU, 16GB, 512GB",SN-887WH5,"Nov 14, 2024","Nov 13, 2027","  68,360.00 ","3,418.00",ACCF_FRANCISCO__ROCHELLE_TORRES.pdf,PO# 4700001818,,Iridium Technologies Inc.,
05-02425,100224,100225,100225,087190EAF9C3,"EVANGELISTA, CHARLENE AQUINO",Deployed,January,2025,"Jan 23, 2025",Sr. Software Engineer,Technology Group,MacOS,," 2024 MacBook Air ","13-INCH MACBOOK AIR; APPLE M2 CHIP WITH 8 CORE CPU, 16GB, 512GB",SN-SFX3JF,"Nov 14, 2024","Nov 13, 2027","  68,360.00 ","3,418.00",,PO# 4700001818,,Iridium Technologies Inc.,
05-03192,100225,100226,100226,087190B9EB42,"ESGUERRA, JEROME SANTOS",Deployed,November,2025,"Nov 14, 2025",Sr Software Engineer (Sr Dynamics 365 CE Technical Consultant),Technology Group,MacOS,," 2024 MacBook Air ","13-INCH MACBOOK AIR; APPLE M2 CHIP WITH 8 CORE CPU, 16GB, 512GB",SN-AWAZDX,"Nov 14, 2024","Nov 13, 2027","  68,360.00 ","3,418.00",,PO# 4700001818,"DOMINGO, ADRIAN GARCIA",Iridium Technologies Inc.,
05-02334,100226,100227,100227,0871901A87CC,"LAXAMANA, JOHN PAUL FERNANDEZ",Deployed,November,2024,"Jan 22, 2025",QA Engineer,Technology Group,MacOS,," 2024 MacBook Air ","13-INCH MACBOOK AIR; APPLE M2 CHIP WITH 8 CORE CPU, 16GB, 512GB",SN-X0FL3B,"Nov 14, 2024","Nov 13, 2027","  68,360.00 ","3,418.00",,PO# 4700001818,,Iridium Technologies Inc.,
05-02334,100227,100228,100228,087190B60763,"FERNANDEZ, ANDREA GAIL FERNANDEZ",Deployed,November,2024,"Nov 19, 2024",Sr. QA Engineer,Technology Group,MacOS,," 2024 MacBook Air ","13-INCH MACBOOK AIR; APPLE M2 CHIP WITH 8 CORE CPU, 16GB, 512GB",SN-S7VDGQ,"Nov 14, 2024","Nov 13, 2027","  68,360.00 ","3,418.00",ACCF_FERNANDEZ__ANDREA_GAIL_FERNANDEZ.pdf,PO# 4700001818,,Iridium Technologies Inc.,
05-03172,100228,100229,100229,0871905141D1,"CALDERON, ROCHELLE FLORES",Deployed,September,2025,"Sep 18, 2025",Data Scientist,Technology Group,MacOS,," 2024 MacBook Air ","13-INCH MACBOOK AIR; APPLE M2 CHIP WITH 8 CORE CPU, 16GB, 512GB",SN-G2DK5T,"Nov 14, 2024","Nov 13, 2027","  68,360.00 ","3,418.00",ACCF_CALDERON__ROCHELLE_FLORES.pdf,PO# 4700001818,"EVANGELISTA, PATRICIA ANNE SANTOS",Iridium Technologies Inc.,
,100229,100230,100230,087190C2B987,,Spare for Deploy,,,,,,MacOS,," 2024 MacBook Air ","13-INCH MACBOOK AIR; APPLE M2 CHIP WITH 8 CORE CPU, 16GB, 512GB",SN-1N9X7J,"Nov 14, 2024","Nov 13, 2027","  68,360.00 ","3,418.00",,PO# 4700001818,"BAUTISTA, CARLO FERNANDEZ",Iridium Technologies Inc.,
05-01660,100230,100231,100231,0871906266CD,"DELA CRUZ, JOSHUA SANTOS",Deployed,November,2024,"Nov 22, 2024",Database Administrator,Technology Group,MacOS,," 2024 MacBook Air ","13-INCH MACBOOK AIR; APPLE M2 CHIP WITH 8 CORE CPU, 16GB, 512GB",SN-EHRV5E,"Nov 14, 2024","Nov 13, 2027","  68,360.00 ","3,418.00",ACCF_DELA_CRUZ__JOSHUA_SANTOS.pdf,PO# 4700001818,,Iridium Technologies Inc.,
05-01679,100231,100232,100232,0871900054A8,"GUTIERREZ, PAULO MIGUEL BAUTISTA",Deployed,January,2025,"Jan 31, 2025",Command Center Operations Lead,Technology Group,MacOS,," 2024 MacBook Air ","13-INCH MACBOOK AIR; APPLE M2 CHIP WITH 8 CORE CPU, 16GB, 512GB",SN-BF3T91,"Nov 14, 2024","Nov 13, 2027","  68,360.00 ","3,418.00",ACCF_GUTIERREZ__PAULO_MIGUEL_BAUTISTA.pdf,PO# 4700001818,,Iridium Technologies Inc.,
05-01681,100232,100233,100233,0871903711A5,"PASCUAL, MARCO VILLANUEVA",Deployed,December,2024,"Dec 9, 2024",Sr. Java Developer,Technology Group,MacOS,," 2024 MacBook Air ","13-INCH MACBOOK AIR; APPLE M2 CHIP WITH 8 CORE CPU, 16GB, 512GB",SN-TSQX0T,"Nov 14, 2024","Nov 13, 2027","  68,360.00 ","3,418.00",ACCF_PASCUAL__MARCO_VILLANUEVA.pdf,PO# 4700001818,,Iridium Technologies Inc.,
05-01679,100233,100234,100234,0871902A32F6,"DOMINGO, CHRISTINE JOY FLORES",Deployed,January,2025,"Jan 31, 2025",Command Center Operations Lead,Technology Group,MacOS,," 2024 MacBook Air ","13-INCH MACBOOK AIR; APPLE M2 CHIP WITH 8 CORE CPU, 16GB, 512GB",SN-17JFGX,"Nov 14, 2024","Nov 13, 2027","  68,360.00 ","3,418.00",ACCF_DOMINGO__CHRISTINE_JOY_FLORES.pdf,PO# 4700001818,,Iridium Technologies Inc.,
05-02960,100234,100235,100235,087190962CC4,"CASTILLO, DANIEL JOSEPH RAMOS",Deployed,December,2024,"Dec 18, 2024",Program Director,Technology Group,MacOS,," 2024 MacBook Air ","13-INCH MACBOOK AIR; APPLE M2 CHIP WITH 8 CORE CPU, 16GB, 512GB",SN-MQ7Z6J,"Nov 14, 2024","Nov 13, 2027","  68,360.00 ","3,418.00",ACCF_CASTILLO__DANIEL_JOSEPH_RAMOS.pdf,PO# 4700001818,,Iridium Technologies Inc.,
05-06958,100235,100236,100236,0871900E5652,"DAVID, JEROME FLORES",Deployed,June,2026,"Jun 24, 2026",Machine Learning Operations Specialist,Client Based Globe,MacOS,," 2024 MacBook Air ","13-INCH MACBOOK AIR; APPLE M2 CHIP WITH 8 CORE CPU, 16GB, 512GB",SN-MCQRG6,"Nov 14, 2024","Nov 13, 2027","  68,360.00 ","3,418.00",,PO# 4700001818,"TORRES, DOMINIC FERNANDEZ",Iridium Technologies Inc.,
05-01633,100236,100237,100237,08719077792B,"GUTIERREZ, MICHAEL ANGELO BAUTISTA",Deployed,December,2024,"Dec 10, 2024",Lead Software Engineer,Technology Group,MacOS,," 2024 MacBook Air ","13-INCH MACBOOK AIR; APPLE M2 CHIP WITH 8 CORE CPU, 16GB, 512GB",SN-NS2KAM,"Nov 14, 2024","Nov 13, 2027","  68,360.00 ","3,418.00",ACCF_GUTIERREZ__MICHAEL_ANGELO_BAUTISTA.pdf,PO# 4700001818,,Iridium Technologies Inc.,
05-02484,100237,100238,100238,08719078F811,"MORALES, PATRICIA ANNE DELA CRUZ",Deployed,December,2024,"Dec 18, 2024",Sr. UI/UX Designer,Technology Group,MacOS,," 2024 MacBook Air ","13-INCH MACBOOK AIR; APPLE M2 CHIP WITH 8 CORE CPU, 16GB, 512GB",SN-ZL202G,"Nov 14, 2024","Nov 13, 2027","  68,360.00 ","3,418.00",ACCF_MORALES__PATRICIA_ANNE_DELA_CRUZ.pdf,PO# 4700001818,,Iridium Technologies Inc.,
05-02949,100238,100239,100239,087190012D62,"TORRES, KATHERINE ROSE SANTOS",Deployed,December,2024,"Dec 16, 2024",Sr. Project Manager,Client Based Globe,MacOS,," 2024 MacBook Air ","13-INCH MACBOOK AIR; APPLE M2 CHIP WITH 8 CORE CPU, 16GB, 512GB",SN-GSLBRQ,"Nov 14, 2024","Nov 13, 2027","  68,360.00 ","3,418.00",ACCF_TORRES__KATHERINE_ROSE_SANTOS.pdf,PO# 4700001818,,Iridium Technologies Inc.,
05-05198,100239,100240,100240,0871900133FC,"CASTRO, MONIQUE MERCADO",Deployed,January,2025,"Jan 14, 2025",Software Engineer,Technology Group,MacOS,," 2024 MacBook Air ","13-INCH MACBOOK AIR; APPLE M2 CHIP WITH 8 CORE CPU, 16GB, 512GB",SN-XXERRN,"Nov 14, 2024","Nov 13, 2027","  68,360.00 ","3,418.00",ACCF_CASTRO__MONIQUE_MERCADO.pdf,PO# 4700001818,,Iridium Technologies Inc.,
05-06949,100240,100241,100241,087190911F69,"CASTILLO, BEATRICE CRUZ",Deployed,April,2026,"Apr 10, 2026",Machine Learning Operations Specialist,Client Based Globe,MacOS,," 2024 MacBook Air ","13-INCH MACBOOK AIR; APPLE M2 CHIP WITH 8 CORE CPU, 16GB, 512GB",SN-RVTQYJ,"Nov 14, 2024","Nov 13, 2027","  68,360.00 ","3,418.00",ACCF_CASTILLO__BEATRICE_CRUZ.pdf,PO# 4700001818,"DELA CRUZ, BIANCA FLORES",Iridium Technologies Inc.,
05-02469,100241,100242,100242,087190E94C2A,"ATIENZA, JOHN PAUL RIVERA",Deployed,January,2025,"Jan 17, 2025",HR Specialist,Human Resources,MacOS,," 2024 MacBook Air ","13-INCH MACBOOK AIR; APPLE M2 CHIP WITH 8 CORE CPU, 16GB, 512GB",SN-AWU2R4,"Nov 14, 2024","Nov 13, 2027","  68,360.00 ","3,418.00",ACCF_ATIENZA__JOHN_PAUL_RIVERA.pdf,PO# 4700001818,,Iridium Technologies Inc.,
05-03195,100242,100243,100243,087190BC178C,"OCAMPO, PAULO MIGUEL GARCIA",Deployed,March,2026,"Mar 27, 2026",Cyber Integration Manager,Technology Group,MacOS,," 2024 MacBook Air ","13-INCH MACBOOK AIR; APPLE M2 CHIP WITH 8 CORE CPU, 16GB, 512GB",SN-HRAPSB,"Nov 14, 2024","Nov 13, 2027","  68,360.00 ","3,418.00",ACCF_OCAMPO__PAULO_MIGUEL_GARCIA.pdf,PO# 4700001818,"DOMINGO, CHARLENE TORRES",Iridium Technologies Inc.,
05-02423,100243,100244,100244,087190F70598,"NAVARRO, ANGELA MAE CASTILLO",Deployed,December,2024,"Dec 17, 2024",Technical Support Specialist,Technology Group,MacOS,," 2024 MacBook Air ","13-INCH MACBOOK AIR; APPLE M2 CHIP WITH 8 CORE CPU, 16GB, 512GB",SN-MPNX9H,"Nov 14, 2024","Nov 13, 2027","  68,360.00 ","3,418.00",ACCF_NAVARRO__ANGELA_MAE_CASTILLO.pdf,PO# 4700001818,,Iridium Technologies Inc.,
05-03146,100244,100245,100245,087190D7CA56,"MARQUEZ, KATRINA SANTOS",Deployed,May,2026,"May 26, 2026",Software Engineer (Fullstack - Java React),Technology Group,MacOS,," 2024 MacBook Air ","13-INCH MACBOOK AIR; APPLE M2 CHIP WITH 8 CORE CPU, 16GB, 512GB",SN-PTR16J,"Nov 14, 2024","Nov 13, 2027","  68,360.00 ","3,418.00",,PO# 4700001818,"HERNANDEZ, JASMIN AQUINO",Iridium Technologies Inc.,
05-03056,100245,100246,100246,0871904BB246,"AQUINO, CHARLENE BAUTISTA",Deployed,November,2024,"Dec 10, 2024",Sr. Software Engineer,Technology Group,MacOS,," 2024 MacBook Air ","13-INCH MACBOOK AIR; APPLE M2 CHIP WITH 8 CORE CPU, 16GB, 512GB",SN-CWNKQ1,"Nov 14, 2024","Nov 13, 2027","  68,360.00 ","3,418.00",ACCF_AQUINO__CHARLENE_BAUTISTA.pdf,PO# 4700001818,,Iridium Technologies Inc.,
05-02334,100246,100247,100247,087190BC178C,"GUTIERREZ, JUAN CARLOS RIVERA",Deployed,January,2025,"Jan 27, 2025",Software Engineer,Technology Group,MacOS,," 2024 MacBook Air ","13-INCH MACBOOK AIR; APPLE M2 CHIP WITH 8 CORE CPU, 16GB, 512GB",SN-DE3WFA,"Nov 14, 2024","Nov 13, 2027","  68,360.00 ","3,418.00",ACCF_GUTIERREZ__JUAN_CARLOS_RIVERA.pdf,PO# 4700001818,,Iridium Technologies Inc.,
05-03124,100247,100248,100248,0871906F87CD,"SALAZAR, JOHN PAUL LOPEZ",Deployed,January,2026,"Jan 6, 2026",Sr. Database Administrator,Technology Group,MacOS,," 2024 MacBook Air ","13-INCH MACBOOK AIR; APPLE M2 CHIP WITH 8 CORE CPU, 16GB, 512GB",SN-9QBYNZ,"Nov 14, 2024","Nov 13, 2027","  68,360.00 ","3,418.00",ACCF_SALAZAR__JOHN_PAUL_LOPEZ.pdf,PO# 4700001818,"PANGANIBAN, ALEXANDER MENDOZA",Iridium Technologies Inc.,
05-01751,100248,100249,100249,087190E153F7,"RAMOS, ADRIAN MENDOZA",Deployed,December,2024,"Dec 10, 2024",Software Engineer,Technology Group,MacOS,," 2024 MacBook Air ","13-INCH MACBOOK AIR; APPLE M2 CHIP WITH 8 CORE CPU, 16GB, 512GB",SN-606VBE,"Nov 14, 2024","Nov 13, 2027","  68,360.00 ","3,418.00",ACCF_RAMOS__ADRIAN_MENDOZA.pdf,PO# 4700001818,,Iridium Technologies Inc.,
05-01637,100249,100250,100250,087190D25D3D,"FERNANDEZ, JOSHUA CASTILLO",Deployed,December,2024,"Dec 20, 2024",Sr. Software Engineer,Technology Group,MacOS,," 2024 MacBook Air ","13-INCH MACBOOK AIR; APPLE M2 CHIP WITH 8 CORE CPU, 16GB, 512GB",SN-J88RDN,"Nov 14, 2024","Nov 13, 2027","  68,360.00 ","3,418.00",ACCF_FERNANDEZ__JOSHUA_CASTILLO.pdf,PO# 4700001818,,Iridium Technologies Inc.,
05-02449,100250,100251,100251,0871907F7DB2,"PASCUAL, BEATRICE CASTILLO",Deployed,December,2024,"Dec 11, 2024",Software Engineer,Technology Group,MacOS,," 2024 MacBook Air ","13-INCH MACBOOK AIR; APPLE M2 CHIP WITH 8 CORE CPU, 16GB, 512GB",SN-LEE60N,"Nov 14, 2024","Nov 13, 2027","  68,360.00 ","3,418.00",ACCF_PASCUAL__BEATRICE_CASTILLO.pdf,PO# 4700001818,,Iridium Technologies Inc.,
,100251,100252,100252,087190EDFFEC,,Spare for Deploy,,,,,,MacOS,," 2024 MacBook Air ","13-INCH MACBOOK AIR; APPLE M2 CHIP WITH 8 CORE CPU, 16GB, 512GB",SN-KGPYXJ,"Nov 14, 2024","Nov 13, 2027","  68,360.00 ","3,418.00",,PO# 4700001818,"MENDOZA, JASMIN DELA CRUZ",Iridium Technologies Inc.,
05-03102,100252,100253,100253,087190B128E7,"BERNARDO, LOVELY MENDOZA",Deployed,December,2024,"Dec 10, 2024",Operations Specialist,Technology Group,MacOS,," 2024 MacBook Air ","13-INCH MACBOOK AIR; APPLE M2 CHIP WITH 8 CORE CPU, 16GB, 512GB",SN-YZMFEL,"Nov 14, 2024","Nov 13, 2027","  68,360.00 ","3,418.00",ACCF_BERNARDO__LOVELY_MENDOZA.pdf,PO# 4700001818,,Iridium Technologies Inc.,
05-01749,100253,100254,100254,08719073007C,"MERCADO, ALYSSA MARIE BAUTISTA",Deployed,December,2024,"Dec 10, 2024",Sr. Business Analyst,Technology Group,MacOS,," 2024 MacBook Air ","13-INCH MACBOOK AIR; APPLE M2 CHIP WITH 8 CORE CPU, 16GB, 512GB",SN-0LLBDY,"Nov 14, 2024","Nov 13, 2027","  68,360.00 ","3,418.00",ACCF_MERCADO__ALYSSA_MARIE_BAUTISTA.pdf,PO# 4700001818,,Iridium Technologies Inc.,
,100254,100255,100255,0871902EC096,,Spare for Deploy,,,,,Technology Group,MacOS,," 2024 MacBook Air ","13-INCH MACBOOK AIR; APPLE M2 CHIP WITH 8 CORE CPU, 16GB, 512GB",SN-RXU7TL,"Nov 14, 2024","Nov 13, 2027","  68,360.00 ","3,418.00",,PO# 4700001818,"DELA CRUZ, ALYSSA MARIE BAUTISTA",Iridium Technologies Inc.,
05-02495,100255,100256,100256,087190EB8F88,"FRANCISCO, JEROME CRUZ",Deployed,January,2025,"Jan 14, 2025",Business Development Manager,Enterprise Solutions Group (ESG),MacOS,," 2024 MacBook Air ","13-INCH MACBOOK AIR; APPLE M2 CHIP WITH 8 CORE CPU, 16GB, 512GB",SN-RKUF7Q,"Nov 14, 2024","Nov 13, 2027","  68,360.00 ","3,418.00",ACCF_FRANCISCO__JEROME_CRUZ.pdf,PO# 4700001818,,Iridium Technologies Inc.,
05-01797,100256,100257,100257,08719011B0D1,"MALABANAN, BEATRICE TORRES",Deployed,December,2024,"Dec 20, 2024",Systems Analyst,Technology Group,MacOS,," 2024 MacBook Air ","13-INCH MACBOOK AIR; APPLE M2 CHIP WITH 8 CORE CPU, 16GB, 512GB",SN-BRBQPD,"Nov 14, 2024","Nov 13, 2027","  68,360.00 ","3,418.00",ACCF_MALABANAN__BEATRICE_TORRES.pdf,PO# 4700001818,,Iridium Technologies Inc.,
05-01816,100257,100258,100258,08719062F5DF,"NATIVIDAD, STEPHANIE MENDOZA",Deployed,December,2024,"Dec 10, 2024",Recruiter,Talent Acquisition Group (TAG),MacOS,," 2024 MacBook Air ","13-INCH MACBOOK AIR; APPLE M2 CHIP WITH 8 CORE CPU, 16GB, 512GB",SN-UNF8K1,"Nov 14, 2024","Nov 13, 2027","  68,360.00 ","3,418.00",ACCF_NATIVIDAD__STEPHANIE_MENDOZA.pdf,PO# 4700001818,,Iridium Technologies Inc.,
05-01768,100258,100259,100259,087190D60716,"MIRANDA, MARCO LOPEZ",Deployed,December,2024,"Dec 19, 2024",Sr. QA Engineer,Technology Group,MacOS,," 2024 MacBook Air ","13-INCH MACBOOK AIR; APPLE M2 CHIP WITH 8 CORE CPU, 16GB, 512GB",SN-8T5K37,"Nov 14, 2024","Nov 13, 2027","  68,360.00 ","3,418.00",ACCF_MIRANDA__MARCO_LOPEZ.pdf,PO# 4700001818,,Iridium Technologies Inc.,
05-01797,100259,100260,100260,087190BD474C,"DOMINGO, KEVIN LOPEZ",Deployed,December,2024,"Dec 16, 2024",Software Engineer,Technology Group,MacOS,," 2024 MacBook Air ","13-INCH MACBOOK AIR; APPLE M2 CHIP WITH 8 CORE CPU, 16GB, 512GB",SN-UQDE0S,"Nov 14, 2024","Nov 13, 2027","  68,360.00 ","3,418.00",ACCF_DOMINGO__KEVIN_LOPEZ.pdf,PO# 4700001818,,Iridium Technologies Inc.,
05-03196,100260,100261,100261,0871900482C8,"MAGNO, RAFAEL BAUTISTA",Deployed,March,2026,"Mar 27, 2026",Sr. Solutions Architect,Client Based Globe,MacOS,," 2024 MacBook Air ","13-INCH MACBOOK AIR; APPLE M2 CHIP WITH 8 CORE CPU, 16GB, 512GB",SN-U0B6DD,"Nov 14, 2024","Nov 13, 2027","  68,360.00 ","3,418.00",ACCF_MAGNO__RAFAEL_BAUTISTA.pdf,PO# 4700001818,"CASTILLO, MICHAEL ANGELO DELA CRUZ",Iridium Technologies Inc.,
05-01749,100261,100262,100262,087190882D8F,"SORIANO, MICHAEL ANGELO CASTILLO",Deployed,November,2024,"Nov 26, 2024",Scrum Master,Technology Group,MacOS,," 2024 MacBook Air ","13-INCH MACBOOK AIR; APPLE M2 CHIP WITH 8 CORE CPU, 16GB, 512GB",SN-SU8USK,"Nov 14, 2024","Nov 13, 2027","  68,360.00 ","3,418.00",ACCF_SORIANO__MICHAEL_ANGELO_CASTILLO.pdf,PO# 4700001818,,Iridium Technologies Inc.,
05-03077,100262,100263,100263,087190F8FA52,"ESGUERRA, ALYSSA MARIE LOPEZ",Deployed,November,2024,"Nov 27, 2024",Business Analyst,Technology Group,MacOS,," 2024 MacBook Air ","13-INCH MACBOOK AIR; APPLE M2 CHIP WITH 8 CORE CPU, 16GB, 512GB",SN-UGVE5W,"Nov 14, 2024","Nov 13, 2027","  68,360.00 ","3,418.00",ACCF_ESGUERRA__ALYSSA_MARIE_LOPEZ.pdf,PO# 4700001818,,Iridium Technologies Inc.,
05-02516,100263,100264,100264,087190FEEF68,"PASCUAL, DOMINIC GARCIA",Deployed,December,2024,"Dec 17, 2024",Technical Support Specialist,Client Based New Biz,MacOS,," 2024 MacBook Air ","13-INCH MACBOOK AIR; APPLE M2 CHIP WITH 8 CORE CPU, 16GB, 512GB",SN-3B9EZ5,"Nov 14, 2024","Nov 13, 2027","  68,360.00 ","3,418.00",ACCF_PASCUAL__DOMINIC_GARCIA.pdf,PO# 4700001818,,Iridium Technologies Inc.,
05-03216,100264,100265,100265,0871907F674D,"MANALANG, JEROME TORRES",Deployed,July,2026,"Jul 10, 2026",AI Evangelist,Delivery Group,MacOS,," 2024 MacBook Air ","13-INCH MACBOOK AIR; APPLE M2 CHIP WITH 8 CORE CPU, 16GB, 512GB",SN-09Z4GD,"Nov 14, 2024","Nov 13, 2027","  68,360.00 ","3,418.00",,PO# 4700001818,"TORRES, ALYSSA MARIE MERCADO",Iridium Technologies Inc.,
05-06737,100265,100266,100266,087190E48793,"BERNARDO, PAULO MIGUEL AQUINO",Deployed,December,2024,"Dec 13, 2024",Jr. Network Administrator,Technology Group,MacOS,," 2024 MacBook Air ","13-INCH MACBOOK AIR; APPLE M2 CHIP WITH 8 CORE CPU, 16GB, 512GB",SN-KS49G4,"Nov 14, 2024","Nov 13, 2027","  68,360.00 ","3,418.00",ACCF_BERNARDO__PAULO_MIGUEL_AQUINO.pdf,PO# 4700001818,,Iridium Technologies Inc.,
05-03190,100266,100267,100267,087190F3AF56,"DE LEON, FRANCIS MERCADO",Deployed,November,2025,"Nov 14, 2025",Software Engineer (Fullstack),Client Based Globe,MacOS,," 2024 MacBook Air ","13-INCH MACBOOK AIR; APPLE M2 CHIP WITH 8 CORE CPU, 16GB, 512GB",SN-0EU9PV,"Dec 12, 2024","Dec 11, 2027","  68,360.00 ","3,418.00",ACCF_DE_LEON__FRANCIS_MERCADO.pdf,PO# 4700001818,"DOMINGO, PATRICIA ANNE CRUZ",Iridium Technologies Inc.,
05-05128,100267,100268,100268,0871903315A5,"MENDOZA, DIANNE MERCADO",Deployed,December,2024,"Dec 18, 2024",Sr. QA Engineer,Technology Group,MacOS,," 2024 MacBook Air ","13-INCH MACBOOK AIR; APPLE M2 CHIP WITH 8 CORE CPU, 16GB, 512GB",SN-BYJJUH,"Dec 12, 2024","Dec 11, 2027","  68,360.00 ","3,418.00",ACCF_MENDOZA__DIANNE_MERCADO.pdf,PO# 4700001818,,Iridium Technologies Inc.,
05-01750,100268,100269,100269,087190F6309F,"JAVIER, VINCENT TORRES",Deployed,December,2024,"Dec 20, 2024",Solutions Architect,Technology Group,MacOS,," 2024 MacBook Air ","13-INCH MACBOOK AIR; APPLE M2 CHIP WITH 8 CORE CPU, 16GB, 512GB",SN-TLJJN9,"Dec 12, 2024","Dec 11, 2027","  68,360.00 ","3,418.00",ACCF_JAVIER__VINCENT_TORRES.pdf,PO# 4700001818,,Iridium Technologies Inc.,
05-03215,100269,100270,100270,087190C3A252,"AGUILAR, DANIEL JOSEPH MENDOZA",Deployed,June,2026,"Jun 5, 2026",Automation Engineer,Delivery Group,MacOS,," 2024 MacBook Air ","13-INCH MACBOOK AIR; APPLE M2 CHIP WITH 8 CORE CPU, 16GB, 512GB",SN-KYW731,"Dec 12, 2024","Dec 11, 2027","  68,360.00 ","3,418.00",ACCF_AGUILAR__DANIEL_JOSEPH_MENDOZA.pdf,PO# 4700001818,"CABRERA, KEVIN CASTILLO",Iridium Technologies Inc.,
05-01751,100270,100271,100271,087190A80246,"ATIENZA, NICOLE DELA CRUZ",Deployed,January,2025,"Jan 16, 2025",Software Engineer,Technology Group,MacOS,," 2024 MacBook Air ","13-INCH MACBOOK AIR; APPLE M2 CHIP WITH 8 CORE CPU, 16GB, 512GB",SN-VWD33W,"Dec 12, 2024","Dec 11, 2027","  68,360.00 ","3,418.00",ACCF_ATIENZA__NICOLE_DELA_CRUZ.pdf,PO# 4700001818,,Iridium Technologies Inc.,
05-03173,100271,100272,100272,087190B62F55,"NAVARRO, ANDREA GAIL FERNANDEZ",Deployed,October,2025,"Oct 3, 2025",Data Analyst,Technology Group,MacOS,," 2024 MacBook Air ","13-INCH MACBOOK AIR; APPLE M2 CHIP WITH 8 CORE CPU, 16GB, 512GB",SN-DU2VU1,"Dec 12, 2024","Dec 11, 2027","  68,360.00 ","3,418.00",ACCF_NAVARRO__ANDREA_GAIL_FERNANDEZ.pdf,PO# 4700001818,"PADILLA, FRANCIS LOPEZ",Iridium Technologies Inc.,
05-03190,100272,100273,100273,087190CFC252,"SANTOS, BIANCA DELA CRUZ",Deployed,May,2026,"May 25, 2026",Credit and Collection/ Admin Assistant,,MacOS,," 2024 MacBook Air ","13-INCH MACBOOK AIR; APPLE M2 CHIP WITH 8 CORE CPU, 16GB, 512GB",SN-95W3W8,"Dec 12, 2024","Dec 11, 2027","  68,360.00 ","3,418.00",ACCF_SANTOS__BIANCA_DELA_CRUZ.pdf,PO# 4700001818,"AGUILAR, LOVELY CRUZ",Iridium Technologies Inc.,
05-06670,100273,100274,100274,087190440967,"ILAGAN, KATRINA CASTILLO",Deployed,December,2024,"Dec 20, 2024",Application Support Specialist,Technology Group,MacOS,," 2024 MacBook Air ","13-INCH MACBOOK AIR; APPLE M2 CHIP WITH 8 CORE CPU, 16GB, 512GB",SN-19T1AK,"Dec 12, 2024","Dec 11, 2027","  68,360.00 ","3,418.00",ACCF_ILAGAN__KATRINA_CASTILLO.pdf,PO# 4700001818,,Iridium Technologies Inc.,
05-03191,100274,100275,100275,087190FAB46D,"MENDOZA, MARCO CRUZ",Deployed,November,2025,"Nov 6, 2025",Sr. Business Analyst (UI/UX),Technology Group,MacOS,," 2024 MacBook Air ","13-INCH MACBOOK AIR; APPLE M2 CHIP WITH 8 CORE CPU, 16GB, 512GB",SN-TSF1T3,"Dec 12, 2024","Dec 11, 2027","  68,360.00 ","3,418.00",ACCF_MENDOZA__MARCO_CRUZ.pdf,PO# 4700001818,"CALDERON, BEATRICE MENDOZA",Iridium Technologies Inc.,
05-03195,100275,100276,100276,08719061537F,"ILAGAN, PAULO MIGUEL RIVERA",Deployed,February,2026,"Feb 6, 2026",Project Manager,Client Based Globe,MacOS,," 2024 MacBook Air ","13-INCH MACBOOK AIR; APPLE M2 CHIP WITH 8 CORE CPU, 16GB, 512GB",SN-BV5EH4,"Dec 12, 2024","Dec 11, 2027","  68,360.00 ","3,418.00",ACCF_ILAGAN__PAULO_MIGUEL_RIVERA.pdf,PO# 4700001818,"CALDERON, STEPHANIE MERCADO",Iridium Technologies Inc.,
05-03194,100276,100277,100277,0871905B21FB,"NATIVIDAD, PATRICK OLIVER MERCADO",Deployed,February,2026,"Feb 6, 2026",Technical Writer,Technology Group,MacOS,," 2024 MacBook Air ","13-INCH MACBOOK AIR; APPLE M2 CHIP WITH 8 CORE CPU, 16GB, 512GB",SN-1U6RJQ,"Dec 12, 2024","Dec 11, 2027","  68,360.00 ","3,418.00",ACCF_NATIVIDAD__PATRICK_OLIVER_MERCADO.pdf,PO# 4700001818,"MORALES, JUAN CARLOS MENDOZA",Iridium Technologies Inc.,
05-01794,100277,100278,100278,087190C0AE7F,"TOLENTINO, KEVIN LOPEZ",Deployed,January,2025,"Jan 15, 2025",Software Engineer,Technology Group,MacOS,," 2024 MacBook Air ","13-INCH MACBOOK AIR; APPLE M2 CHIP WITH 8 CORE CPU, 16GB, 512GB",SN-0X7ZKK,"Dec 12, 2024","Dec 11, 2027","  68,360.00 ","3,418.00",ACCF_TOLENTINO__KEVIN_LOPEZ.pdf,PO# 4700001818,,Iridium Technologies Inc.,
05-03105,100278,100279,100279,087190696DBE,"CALDERON, ANGELA MAE RAMOS",Deployed,June,2026,"Jun 11, 2026",CoE Lead - Solutions Architect,Technology Group,MacOS,," 2024 MacBook Air ","13-INCH MACBOOK AIR; APPLE M2 CHIP WITH 8 CORE CPU, 16GB, 512GB",SN-P9GM54,"Dec 12, 2024","Dec 11, 2027","  68,360.00 ","3,418.00",,PO# 4700001818,"ALCANTARA, MARIA CLARA AQUINO",Iridium Technologies Inc.,
05-02355,100279,100280,100280,087190FE2F38,"RIVERA, ROCHELLE TORRES",Deployed,December,2024,"Dec 17, 2024",Business Analyst,Technology Group,MacOS,," 2024 MacBook Air ","13-INCH MACBOOK AIR; APPLE M2 CHIP WITH 8 CORE CPU, 16GB, 512GB",SN-7S2A34,"Dec 12, 2024","Dec 11, 2027","  68,360.00 ","3,418.00",ACCF_RIVERA__ROCHELLE_TORRES.pdf,PO# 4700001818,,Iridium Technologies Inc.,
05-01773,100280,100281,100281,0871909F3088,"MANALANG, MICHAEL ANGELO CASTILLO",Deployed,January,2025,"Jan 23, 2025",Sr. Software Engineer,Technology Group,MacOS,," 2024 MacBook Air ","13-INCH MACBOOK AIR; APPLE M2 CHIP WITH 8 CORE CPU, 16GB, 512GB",SN-L5LC66,"Dec 12, 2024","Dec 11, 2027","  68,360.00 ","3,418.00",ACCF_MANALANG__MICHAEL_ANGELO_CASTILLO.pdf,PO# 4700001818,,Iridium Technologies Inc.,
05-06672,100281,100282,100282,087190DA629A,"CORPUZ, DENISE SANTOS",Deployed,January,2025,"Jan 20, 2025",Software Engineer,Technology Group,MacOS,," 2024 MacBook Air ","13-INCH MACBOOK AIR; APPLE M2 CHIP WITH 8 CORE CPU, 16GB, 512GB",SN-HTDKW5,"Dec 12, 2024","Dec 11, 2027","  68,360.00 ","3,418.00",ACCF_CORPUZ__DENISE_SANTOS.pdf,PO# 4700001818,,Iridium Technologies Inc.,
05-03193,100282,100283,100283,08719005D0C7,"MIRANDA, GABRIEL RIVERA",For Repair,,,,,Technology Group,MacOS,," 2024 MacBook Air ","13-INCH MACBOOK AIR; APPLE M2 CHIP WITH 8 CORE CPU, 16GB, 512GB",SN-GP2ENR,"Dec 12, 2024","Dec 11, 2027","  68,360.00 ","3,418.00",,PO# 4700001818,"MIRANDA, GABRIEL RIVERA",Iridium Technologies Inc.,
05-06735,100283,100284,100284,087190AEB537,"MORALES, CAMILLE MENDOZA",Deployed,December,2024,"Dec 18, 2024",Jr. NOC Engineer,Technology Group,MacOS,," 2024 MacBook Air ","13-INCH MACBOOK AIR; APPLE M2 CHIP WITH 8 CORE CPU, 16GB, 512GB",SN-J7UC5F,"Dec 12, 2024","Dec 11, 2027","  68,360.00 ","3,418.00",ACCF_MORALES__CAMILLE_MENDOZA.pdf,PO# 4700001818,,Iridium Technologies Inc.,
05-02332,100284,100285,100285,0871902CF9C1,"MENDOZA, VINCENT FLORES",Deployed,December,2024,"Dec 16, 2024",QA Engineer,Technology Group,MacOS,," 2024 MacBook Air ","13-INCH MACBOOK AIR; APPLE M2 CHIP WITH 8 CORE CPU, 16GB, 512GB",SN-AMGEZK,"Dec 12, 2024","Dec 11, 2027","  68,360.00 ","3,418.00",ACCF_MENDOZA__VINCENT_FLORES.pdf,PO# 4700001818,,Iridium Technologies Inc.,
05-03151,100285,100286,100286,08719027A3A0,"ALCANTARA, DOMINIC MERCADO",Deployed,April,2025,"Apr 4, 2025",Application Support Specialist,Technology Group,MacOS,," 2024 MacBook Air ","13-INCH MACBOOK AIR; APPLE M2 CHIP WITH 8 CORE CPU, 16GB, 512GB",SN-GKGAEC,"Dec 12, 2024","Dec 11, 2027","  68,360.00 ","3,418.00",ACCF_ALCANTARA__DOMINIC_MERCADO.pdf,PO# 4700001818,"VILLANUEVA, ADRIAN CASTILLO",Iridium Technologies Inc.,
05-03081,100286,100287,100287,087190288D06,"SORIANO, SOFIA GARCIA",Deployed,December,2024,"Dec 18, 2024",Application Support Specialist,Technology Group,MacOS,," 2024 MacBook Air ","13-INCH MACBOOK AIR; APPLE M2 CHIP WITH 8 CORE CPU, 16GB, 512GB",SN-QB0YG7,"Dec 12, 2024","Dec 11, 2027","  68,360.00 ","3,418.00",ACCF_SORIANO__SOFIA_GARCIA.pdf,PO# 4700001818,,Iridium Technologies Inc.,
05-03032,100287,100288,100288,0871902D1B94,"DAVID, CARLO TORRES",Deployed,December,2024,"Dec 16, 2024",Software Engineer,Technology Group,MacOS,," 2024 MacBook Air ","13-INCH MACBOOK AIR; APPLE M2 CHIP WITH 8 CORE CPU, 16GB, 512GB",SN-QS8C7N,"Dec 12, 2024","Dec 11, 2027","  68,360.00 ","3,418.00",ACCF_DAVID__CARLO_TORRES.pdf,PO# 4700001818,,Iridium Technologies Inc.,
05-01770,100288,100289,100289,08719009F463,"MANALANG, RAFAEL VILLANUEVA",Deployed,December,2024,"Dec 18, 2024",Sr. Database Administrator,Technology Group,MacOS,," 2024 MacBook Air ","13-INCH MACBOOK AIR; APPLE M2 CHIP WITH 8 CORE CPU, 16GB, 512GB",SN-P0SG53,"Dec 12, 2024","Dec 11, 2027","  68,360.00 ","3,418.00",ACCF_MANALANG__RAFAEL_VILLANUEVA.pdf,PO# 4700001818,,Iridium Technologies Inc.,
05-01771,100289,100290,100290,087190A5B9D7,"SERRANO, VINCENT GARCIA",Deployed,December,2024,"Dec 18, 2024",Service Delivery Manager,Technology Group,MacOS,," 2024 MacBook Air ","13-INCH MACBOOK AIR; APPLE M2 CHIP WITH 8 CORE CPU, 16GB, 512GB",SN-ZNF99E,"Dec 12, 2024","Dec 11, 2027","  68,360.00 ","3,418.00",ACCF_SERRANO__VINCENT_GARCIA.pdf,PO# 4700001818,,Iridium Technologies Inc.,
,100290,100291,100291,08719067F122,,Spare for Deploy,,,,,Technology Group,MacOS,," 2024 MacBook Air ","13-INCH MACBOOK AIR; APPLE M2 CHIP WITH 8 CORE CPU, 16GB, 512GB",SN-Q2QQ3G,"Dec 12, 2024","Dec 11, 2027","  68,360.00 ","3,418.00",,PO# 4700001818,"AQUINO, CHRISTIAN RIVERA",Iridium Technologies Inc.,
05-03033,100291,100292,100292,0871903313EB,"MORALES, RAFAEL MENDOZA",Deployed,January,2025,"Jan 22, 2025",Application Support Specialist,Technology Group,MacOS,," 2024 MacBook Air ","13-INCH MACBOOK AIR; APPLE M2 CHIP WITH 8 CORE CPU, 16GB, 512GB",SN-MFX7UX,"Dec 12, 2024","Dec 11, 2027","  68,360.00 ","3,418.00",ACCF_MORALES__RAFAEL_MENDOZA.pdf,PO# 4700001818,,Iridium Technologies Inc.,
05-02513,100292,100293,100293,0871900FD80A,"MORALES, ANGELO CASTILLO",Deployed,January,2025,"Jan 9, 2025",Sr. IT Trainer,Technology Group,MacOS,," 2024 MacBook Air ","13-INCH MACBOOK AIR; APPLE M2 CHIP WITH 8 CORE CPU, 16GB, 512GB",SN-9WL7ZH,"Dec 12, 2024","Dec 11, 2027","  68,360.00 ","3,418.00",ACCF_MORALES__ANGELO_CASTILLO.pdf,PO# 4700001818,,Iridium Technologies Inc.,
,100293,100294,100294,087190020CEE,,Spare for Deploy,,,,,,MacOS,," 2024 MacBook Air ","13-INCH MACBOOK AIR; APPLE M2 CHIP WITH 8 CORE CPU, 16GB, 512GB",SN-5D1GE4,"Dec 12, 2024","Dec 11, 2027","  68,360.00 ","3,418.00",,PO# 4700001818,"TORRES, KENNETH CASTILLO",Iridium Technologies Inc.,
05-02549,100294,100295,100295,0871907235F9,"DELA CRUZ, SOFIA AQUINO",Deployed,December,2024,"Dec 19, 2024",Sr. Recruiter,Talent Acquisition Group (TAG),MacOS,," 2024 MacBook Air ","13-INCH MACBOOK AIR; APPLE M2 CHIP WITH 8 CORE CPU, 16GB, 512GB",SN-RQDWJF,"Dec 12, 2024","Dec 11, 2027","  68,360.00 ","3,418.00",ACCF_DELA_CRUZ__SOFIA_AQUINO.pdf,PO# 4700001818,,Iridium Technologies Inc.,
05-03190,100295,100296,100296,08719085E1D5,"JAVIER, JUAN CARLOS BAUTISTA",Deployed,November,2025,"Nov 6, 2025",Sr. Software Engineer (Fullstack),Client Based Globe,MacOS,," 2024 MacBook Air ","13-INCH MACBOOK AIR; APPLE M2 CHIP WITH 8 CORE CPU, 16GB, 512GB",SN-EEP03T,"Dec 12, 2024","Dec 11, 2027","  68,360.00 ","3,418.00",ACCF_JAVIER__JUAN_CARLOS_BAUTISTA.pdf,PO# 4700001818,"CASTILLO, PAULO MIGUEL VILLANUEVA",Iridium Technologies Inc.,
05-03192,100296,100297,100297,08719048D52E,"JAVIER, CHRISTINE JOY CASTILLO",Deployed,November,2025,"Nov 28, 2025",Software Engineer (Fullstack),Client Based Globe,MacOS,," 2024 MacBook Air ","13-INCH MACBOOK AIR; APPLE M2 CHIP WITH 8 CORE CPU, 16GB, 512GB",SN-NAWAT5,"Dec 12, 2024","Dec 11, 2027","  68,360.00 ","3,418.00",ACCF_JAVIER__CHRISTINE_JOY_CASTILLO.pdf,PO# 4700001818,"SORIANO, PAULO MIGUEL CRUZ",Iridium Technologies Inc.,
05-01792,100297,100298,100298,08719062AC1D,"PADILLA, BIANCA LOPEZ",Deployed,January,2025,"Jan 23, 2025",QA Engineer,Technology Group,MacOS,," 2024 MacBook Air ","13-INCH MACBOOK AIR; APPLE M2 CHIP WITH 8 CORE CPU, 16GB, 512GB",SN-9972DJ,"Dec 12, 2024","Dec 11, 2027","  68,360.00 ","3,418.00",ACCF_PADILLA__BIANCA_LOPEZ.pdf,PO# 4700001818,,Iridium Technologies Inc.,
05-02472,100298,100299,100299,0871903EBE65,"ESGUERRA, VINCENT SANTOS",Deployed,January,2025,"Jan 14, 2025",Jr. Software Engineer,Technology Group,MacOS,," 2024 MacBook Air ","13-INCH MACBOOK AIR; APPLE M2 CHIP WITH 8 CORE CPU, 16GB, 512GB",SN-DFR43V,"Dec 12, 2024","Dec 11, 2027","  68,360.00 ","3,418.00",ACCF_ESGUERRA__VINCENT_SANTOS.pdf,PO# 4700001818,,Iridium Technologies Inc.,
05-01816,100299,100300,100300,0871907CA85B,"ALCANTARA, JOHN PAUL DELA CRUZ",Deployed,December,2024,"Dec 20, 2024",Sr. Solutions Architect,Technology Group,MacOS,," 2024 MacBook Air ","13-INCH MACBOOK AIR; APPLE M2 CHIP WITH 8 CORE CPU, 16GB, 512GB",SN-9ZTK28,"Dec 12, 2024","Dec 11, 2027","  68,360.00 ","3,418.00",ACCF_ALCANTARA__JOHN_PAUL_DELA_CRUZ.pdf,PO# 4700001818,,Iridium Technologies Inc.,
05-01680,100300,100301,100301,0871909FE5F4,"VALDEZ, CHARLENE RAMOS",Deployed,January,2025,"Jan 10, 2025",Command Center Operations Lead,Technology Group,MacOS,," 2024 MacBook Air ","13-INCH MACBOOK AIR; APPLE M2 CHIP WITH 8 CORE CPU, 16GB, 512GB",SN-WQ950P,"Dec 12, 2024","Dec 11, 2027","  68,360.00 ","3,418.00",ACCF_VALDEZ__CHARLENE_RAMOS.pdf,PO# 4700001818,,Iridium Technologies Inc.,
05-01796,100301,100302,100302,087190AF4721,"SERRANO, MARCO RIVERA",Deployed,January,2025,"Jan 17, 2025",Software Engineer,Technology Group,MacOS,," 2024 MacBook Air ","13-INCH MACBOOK AIR; APPLE M2 CHIP WITH 8 CORE CPU, 16GB, 512GB",SN-929B5U,"Dec 12, 2024","Dec 11, 2027","  68,360.00 ","3,418.00",ACCF_SERRANO__MARCO_RIVERA.pdf,PO# 4700001818,,Iridium Technologies Inc.,
05-03173,100302,100303,100303,0871904F0202,"DAVID, MARK ANTHONY AQUINO",Deployed,September,2025,"Sep 29, 2025",Data Scientist,Technology Group,MacOS,," 2024 MacBook Air ","13-INCH MACBOOK AIR; APPLE M2 CHIP WITH 8 CORE CPU, 16GB, 512GB",SN-W7UVS8,"Dec 12, 2024","Dec 11, 2027","  68,360.00 ","3,418.00",ACCF_DAVID__MARK_ANTHONY_AQUINO.pdf,PO# 4700001818,"MALABANAN, ANGELO RIVERA",Iridium Technologies Inc.,
05-02400,100303,100304,100304,0871908D883F,"AQUINO, CAMILLE FERNANDEZ",Deployed,January,2025,"Jan 10, 2025",Service Design and Transition Manager,Technology Group,MacOS,," 2024 MacBook Air ","13-INCH MACBOOK AIR; APPLE M2 CHIP WITH 8 CORE CPU, 16GB, 512GB",SN-9K31M9,"Dec 12, 2024","Dec 11, 2027","  68,360.00 ","3,418.00",ACCF_AQUINO__CAMILLE_FERNANDEZ.pdf,PO# 4700001818,,Iridium Technologies Inc.,
05-03215,100304,100305,100305,0871902EEEE6,"FRANCISCO, PATRICK OLIVER MENDOZA",Deployed,July,2026,"Jul 3, 2026",Business Development Director,Enterprise Solutions Group,MacOS,," 2024 MacBook Air ","13-INCH MACBOOK AIR; APPLE M2 CHIP WITH 8 CORE CPU, 16GB, 512GB",SN-H50NJ0,"Dec 12, 2024","Dec 11, 2027","  68,360.00 ","3,418.00",,PO# 4700001818,"BAUTISTA, JEROME MERCADO",Iridium Technologies Inc.,
05-02405,100305,100306,100306,087190162436,"MIRANDA, SOFIA RIVERA",Deployed,January,2025,"Jan 9, 2025",Sourcing Specialist,Talent Acquisition Group (TAG),MacOS,," 2024 MacBook Air ","13-INCH MACBOOK AIR; APPLE M2 CHIP WITH 8 CORE CPU, 16GB, 512GB",SN-2P1SAQ,"Dec 12, 2024","Dec 11, 2027","  68,360.00 ","3,418.00",ACCF_MIRANDA__SOFIA_RIVERA.pdf,PO# 4700001818,,Iridium Technologies Inc.,
05-03193,100306,100307,100307,087190A39078,"VILLANUEVA, ANGELA MAE GARCIA",Deployed,January,2026,"Jan 20, 2026",Sr. Power Platform Developer,Technology Group,MacOS,," 2024 MacBook Air ","13-INCH MACBOOK AIR; APPLE M2 CHIP WITH 8 CORE CPU, 16GB, 512GB",SN-S8F1RE,"Dec 12, 2024","Dec 11, 2027","  68,360.00 ","3,418.00",ACCF_VILLANUEVA__ANGELA_MAE_GARCIA.pdf,PO# 4700001818,"GONZALES, JASMIN MERCADO",Iridium Technologies Inc.,
05-02468,100307,100308,100308,0871907EEB1E,"CASTILLO, DENISE DELA CRUZ",Deployed,December,2024,"Dec 16, 2024",Software Engineer,Client Based Globe,MacOS,," 2024 MacBook Air ","13-INCH MACBOOK AIR; APPLE M2 CHIP WITH 8 CORE CPU, 16GB, 512GB",SN-33BPLZ,"Dec 12, 2024","Dec 11, 2027","  68,360.00 ","3,418.00",ACCF_CASTILLO__DENISE_DELA_CRUZ.pdf,PO# 4700001818,,Iridium Technologies Inc.,
05-01703,100308,100309,100309,087190AAE39E,"PANGANIBAN, MARIA CLARA TORRES",For Repair,December,2024,"Dec 19, 2024",Sr. Software Engineer,Technology Group,MacOS,," 2024 MacBook Air ","13-INCH MACBOOK AIR; APPLE M2 CHIP WITH 8 CORE CPU, 16GB, 512GB",SN-GHSYX5,"Dec 12, 2024","Dec 11, 2027","  68,360.00 ","3,418.00",ACCF_PANGANIBAN__MARIA_CLARA_TORRES.pdf,PO# 4700001818,,Iridium Technologies Inc.,
,100309,100310,100310,087190AB2B90,,Spare for Deploy,,,,,,MacOS,," 2024 MacBook Air ","13-INCH MACBOOK AIR; APPLE M2 CHIP WITH 8 CORE CPU, 16GB, 512GB",SN-B31BTB,"Dec 12, 2024","Dec 11, 2027","  68,360.00 ","3,418.00",,PO# 4700001818,"OCAMPO, KATRINA BAUTISTA",Iridium Technologies Inc.,
05-03190,100310,100311,100311,087190A0DE2C,"SANTOS, BIANCA DELA CRUZ",For Repair,June,2025,"Jun 13, 2025",Credit and Collection/ Admin Assistant,Finance,MacOS,," 2024 MacBook Air ","13-INCH MACBOOK AIR; APPLE M2 CHIP WITH 8 CORE CPU, 16GB, 512GB",SN-VVXP5G,"Dec 12, 2024","Dec 11, 2027","  68,360.00 ","3,418.00",ACCF_SANTOS__BIANCA_DELA_CRUZ.pdf,PO# 4700001818,"FLORES, DIANNE SANTOS",Iridium Technologies Inc.,
,100311,100312,100312,087190A99A6A,,Spare for Deploy,December,2024,"Dec 20, 2024",,,MacOS,," 2024 MacBook Air ","13-INCH MACBOOK AIR; APPLE M2 CHIP WITH 8 CORE CPU, 16GB, 512GB",SN-4BS7T4,"Dec 12, 2024","Dec 11, 2027","  68,360.00 ","3,418.00",,PO# 4700001818,"FRANCISCO, BIANCA VILLANUEVA",Iridium Technologies Inc.,
05-03078,100312,100313,100313,08719041FC05,"ESGUERRA, ANGELA MAE DELA CRUZ",Deployed,January,2025,"Jan 24, 2025",Project Manager,Technology Group,MacOS,," 2024 MacBook Air ","13-INCH MACBOOK AIR; APPLE M2 CHIP WITH 8 CORE CPU, 16GB, 512GB",SN-EE84WD,"Dec 12, 2024","Dec 11, 2027","  68,360.00 ","3,418.00",ACCF_ESGUERRA__ANGELA_MAE_DELA_CRUZ.pdf,PO# 4700001818,,Iridium Technologies Inc.,
05-03167,100313,100314,100314,0871908CE0F9,"ILAGAN, ALEXANDER MERCADO",Deployed,April,2025,"Apr 10, 2025",Cloud Security Engineer,Technology Group,MacOS,," 2024 MacBook Air ","13-INCH MACBOOK AIR; APPLE M2 CHIP WITH 8 CORE CPU, 16GB, 512GB",SN-DTT6YF,"Dec 12, 2024","Dec 11, 2027","  68,360.00 ","3,418.00",,PO# 4700001818,,Iridium Technologies Inc.,
05-01796,100314,100315,100315,087190C80CF8,"CORTEZ, SOFIA FERNANDEZ",Deployed,December,2024,"Dec 16, 2024",Recruiter,Talent Acquisition Group (TAG),MacOS,," 2024 MacBook Air ","13-INCH MACBOOK AIR; APPLE M2 CHIP WITH 8 CORE CPU, 16GB, 512GB",SN-JJP3A9,"Dec 12, 2024","Dec 11, 2027","  68,360.00 ","3,418.00",ACCF_CORTEZ__SOFIA_FERNANDEZ.pdf,PO# 4700001818,,Iridium Technologies Inc.,
05-01795,100315,100316,100316,08719022668A,"MORALES, KATRINA FERNANDEZ",Deployed,December,2024,"Dec 17, 2024",Sr. Business Analyst,Technology Group,MacOS,," 2024 MacBook Air ","13-INCH MACBOOK AIR; APPLE M2 CHIP WITH 8 CORE CPU, 16GB, 512GB",SN-DJ76N9,"Dec 12, 2024","Dec 11, 2027","  68,360.00 ","3,418.00",ACCF_MORALES__KATRINA_FERNANDEZ.pdf,PO# 4700001818,,Iridium Technologies Inc.,
05-02424,100316,100317,100317,087190923B00,"PANGANIBAN, PATRICK OLIVER BAUTISTA",Deployed,January,2025,"Jan 24, 2025",Sr. QA Engineer,Technology Group,MacOS,," 2024 MacBook Air ","13-INCH MACBOOK AIR; APPLE M2 CHIP WITH 8 CORE CPU, 16GB, 512GB",SN-XBY7FK,"Dec 12, 2024","Dec 11, 2027","  68,360.00 ","3,418.00",ACCF_PANGANIBAN__PATRICK_OLIVER_BAUTISTA.pdf,PO# 4700001818,,Iridium Technologies Inc.,
05-06674,100317,100318,100318,0871905D16E9,"GUTIERREZ, LOVELY VILLANUEVA",Deployed,January,2025,"Jan 13, 2025",Network Administrator,Technology Group,MacOS,," 2024 MacBook Air ","13-INCH MACBOOK AIR; APPLE M2 CHIP WITH 8 CORE CPU, 16GB, 512GB",SN-0F1ZWN,"Dec 12, 2024","Dec 11, 2027","  68,360.00 ","3,418.00",ACCF_GUTIERREZ__LOVELY_VILLANUEVA.pdf,PO# 4700001818,,Iridium Technologies Inc.,
05-03196,100318,100319,100319,0871900766B1,"MIRANDA, PAULO MIGUEL RIVERA",Deployed,April,2026,"Apr 24, 2026",Sr. Software Engineer,Technology Group,MacOS,," 2024 MacBook Air ","13-INCH MACBOOK AIR; APPLE M2 CHIP WITH 8 CORE CPU, 16GB, 512GB",SN-AYQCDW,"Dec 12, 2024","Dec 11, 2027","  68,360.00 ","3,418.00",ACCF_MIRANDA__PAULO_MIGUEL_RIVERA.pdf,PO# 4700001818,"AGUILAR, MICHAEL ANGELO RAMOS",Iridium Technologies Inc.,
05-03170,100319,100320,100320,087190721B7A,"LOPEZ, ERIKA AQUINO",Deployed,July,2025,"Jul 4, 2025","Software Engineer (Java, AWS, Cloud)",Technology Group,MacOS,," 2024 MacBook Air ","13-INCH MACBOOK AIR; APPLE M2 CHIP WITH 8 CORE CPU, 16GB, 512GB",SN-K3E8GB,"Dec 12, 2024","Dec 11, 2027","  68,360.00 ","3,418.00",,PO# 4700001818,LOVELY TORRES,Iridium Technologies Inc.,
05-03100,100320,100321,100321,0871909782EF,"SALAZAR, PAULO MIGUEL FERNANDEZ",Deployed,December,2024,"Dec 20, 2024",Business Analyst,Technology Group,MacOS,," 2024 MacBook Air ","13-INCH MACBOOK AIR; APPLE M2 CHIP WITH 8 CORE CPU, 16GB, 512GB",SN-LM06VL,"Dec 12, 2024","Dec 11, 2027","  68,360.00 ","3,418.00",ACCF_SALAZAR__PAULO_MIGUEL_FERNANDEZ.pdf,PO# 4700001818,,Iridium Technologies Inc.,
05-03087,100321,100322,100322,087190662607,"FRANCISCO, CARLO VILLANUEVA",Deployed,December,2024,"Dec 18, 2024",Service Delivery Manager,Technology Group,MacOS,," 2024 MacBook Air ","13-INCH MACBOOK AIR; APPLE M2 CHIP WITH 8 CORE CPU, 16GB, 512GB",SN-JAEB40,"Dec 12, 2024","Dec 11, 2027","  68,360.00 ","3,418.00",ACCF_FRANCISCO__CARLO_VILLANUEVA.pdf,PO# 4700001818,,Iridium Technologies Inc.,
05-05170,100322,100323,100323,087190D4752C,"CASTILLO, FRANCIS DELA CRUZ",Deployed,March,2026,"Mar 31, 2026",Sr. Account Manager,NCS,MacOS,," 2024 MacBook Air ","13-INCH MACBOOK AIR; APPLE M2 CHIP WITH 8 CORE CPU, 16GB, 512GB",SN-4TDZN1,"Dec 12, 2024","Dec 11, 2027","  68,360.00 ","3,418.00",,PO# 4700001818,"MIRANDA, MONIQUE RAMOS",Iridium Technologies Inc.,
05-03078,100323,100324,100324,087190282ED4,"CASTRO, KATHERINE ROSE VILLANUEVA",Deployed,January,2025,"Jan 31, 2025",Service Manager,Technology Group,MacOS,," 2024 MacBook Air ","13-INCH MACBOOK AIR; APPLE M2 CHIP WITH 8 CORE CPU, 16GB, 512GB",SN-Y1HS7J,"Dec 12, 2024","Dec 11, 2027","  68,360.00 ","3,418.00",ACCF_CASTRO__KATHERINE_ROSE_VILLANUEVA.pdf,PO# 4700001818,,Iridium Technologies Inc.,
05-03193,100324,100325,100325,08719021D024,"CASTRO, KEVIN RIVERA",Deployed,January,2026,"Jan 16, 2026",Software Engineer (Fullstack),Client Based Globe,MacOS,," 2024 MacBook Air ","13-INCH MACBOOK AIR; APPLE M2 CHIP WITH 8 CORE CPU, 16GB, 512GB",SN-U9RA18,"Dec 12, 2024","Dec 11, 2027","  68,360.00 ","3,418.00",ACCF_CASTRO__KEVIN_RIVERA.pdf,PO# 4700001818,"SORIANO, DANIEL JOSEPH MERCADO",Iridium Technologies Inc.,
05-03170,100325,100326,100326,08719085B36C,"LOPEZ, FRANCIS FERNANDEZ",Deployed,July,2025,"Jul 4, 2025",Cloud Architect,Technology Group,MacOS,," 2024 MacBook Air ","13-INCH MACBOOK AIR; APPLE M2 CHIP WITH 8 CORE CPU, 16GB, 512GB",SN-V059KN,"Dec 12, 2024","Dec 11, 2027","  68,360.00 ","3,418.00",,PO# 4700001818,"HERNANDEZ, BEATRICE TORRES",Iridium Technologies Inc.,
,100326,100327,100327,087190DADB4E,,Spare for Deploy,,,,,,MacOS,," 2024 MacBook Air ","13-INCH MACBOOK AIR; APPLE M2 CHIP WITH 8 CORE CPU, 16GB, 512GB",SN-MQWQW1,"Dec 12, 2024","Dec 11, 2027","  68,360.00 ","3,418.00",,PO# 4700001818,"VALDEZ, JOHN PAUL SANTOS",Iridium Technologies Inc.,
05-03195,100327,100328,100328,087190263693,"DAVID, GABRIEL FLORES",Deployed,March,2026,"Mar 27, 2026",Multimedia Specialist,Office of the President,MacOS,," 2024 MacBook Air ","13-INCH MACBOOK AIR; APPLE M2 CHIP WITH 8 CORE CPU, 16GB, 512GB",SN-N8XYS7,"Dec 12, 2024","Dec 11, 2027","  68,360.00 ","3,418.00",ACCF_DAVID__GABRIEL_FLORES.pdf,PO# 4700001818,"LOPEZ, NICOLE LOPEZ",Iridium Technologies Inc.,
05-02547,100328,100329,100329,0871901C246F,"NAVARRO, MARK ANTHONY AQUINO",Deployed,December,2024,"Dec 16, 2024",HR Manager (C&B),Human Resources,MacOS,," 2024 MacBook Air ","13-INCH MACBOOK AIR; APPLE M2 CHIP WITH 8 CORE CPU, 16GB, 512GB",SN-X21T1W,"Dec 12, 2024","Dec 11, 2027","  68,360.00 ","3,418.00",ACCF_NAVARRO__MARK_ANTHONY_AQUINO.pdf,PO# 4700001818,,Iridium Technologies Inc.,
05-02313,100329,100330,100330,087190CF5FA5,"MAGNO, CHRISTIAN MERCADO",Deployed,December,2024,"Dec 17, 2024",L2 Operations Specialist,Technology Group,MacOS,," 2024 MacBook Air ","13-INCH MACBOOK AIR; APPLE M2 CHIP WITH 8 CORE CPU, 16GB, 512GB",SN-MAWK9L,"Dec 12, 2024","Dec 11, 2027","  68,360.00 ","3,418.00",ACCF_MAGNO__CHRISTIAN_MERCADO.pdf,PO# 4700001818,,Iridium Technologies Inc.,
,100330,100331,100331,087190446225,,Spare for Deploy,,,,,,MacOS,," 2024 MacBook Air ","13-INCH MACBOOK AIR; APPLE M2 CHIP WITH 8 CORE CPU, 16GB, 512GB",SN-ACRRTW,"Dec 12, 2024","Dec 11, 2027","  68,360.00 ","3,418.00",,PO# 4700001818,"FRANCISCO, CARLO AQUINO",Iridium Technologies Inc.,
05-02313,100331,100332,100332,087190B36EEF,"CORPUZ, PATRICK OLIVER CASTILLO",Deployed,December,2024,"Dec 16, 2024",QA Engineer,Technology Group,MacOS,," 2024 MacBook Air ","13-INCH MACBOOK AIR; APPLE M2 CHIP WITH 8 CORE CPU, 16GB, 512GB",SN-YZKJ5J,"Dec 12, 2024","Dec 11, 2027","  68,360.00 ","3,418.00",ACCF_CORPUZ__PATRICK_OLIVER_CASTILLO.pdf,PO# 4700001818,,Iridium Technologies Inc.,
05-06958,100332,100333,100333,08719081E5B7,"FRANCISCO, DANIEL JOSEPH BAUTISTA",Deployed,May,2026,"May 29, 2026",Process Writer,Client Based Globe,MacOS,," 2024 MacBook Air ","13-INCH MACBOOK AIR; APPLE M2 CHIP WITH 8 CORE CPU, 16GB, 512GB",SN-8QXN6U,"Dec 12, 2024","Dec 11, 2027","  68,360.00 ","3,418.00",,PO# 4700001818,"PANGANIBAN, RAFAEL CASTILLO",Iridium Technologies Inc.,
05-03213,100333,100334,100334,08719036B251,"CALDERON, MARK ANTHONY LOPEZ",Deployed,April,2026,"Apr 30, 2026",Sr. Technical Support Specialist (Service Desk),Delivery Group,MacOS,," 2024 MacBook Air ","13-INCH MACBOOK AIR; APPLE M2 CHIP WITH 8 CORE CPU, 16GB, 512GB",SN-D5YRDD,"Dec 12, 2024","Dec 11, 2027","  68,360.00 ","3,418.00",,PO# 4700001818,"DAVID, MONIQUE BAUTISTA",Iridium Technologies Inc.,
05-02471,100334,100335,100335,087190265A66,"BERNARDO, ERIKA AQUINO",Deployed,December,2024,"Dec 16, 2024",Solutions Architect,Client Based Globe,MacOS,," 2024 MacBook Air ","13-INCH MACBOOK AIR; APPLE M2 CHIP WITH 8 CORE CPU, 16GB, 512GB",SN-CBV303,"Dec 12, 2024","Dec 11, 2027","  68,360.00 ","3,418.00",ACCF_BERNARDO__ERIKA_AQUINO.pdf,PO# 4700001818,,Iridium Technologies Inc.,
05-03058,100335,100336,100336,08719044F27D,"CASTILLO, FRANCIS SANTOS",Deployed,January,2025,"Jan 17, 2025",NOC Engineer,Technology Group,MacOS,," 2024 MacBook Air ","13-INCH MACBOOK AIR; APPLE M2 CHIP WITH 8 CORE CPU, 16GB, 512GB",SN-Z4NCWA,"Dec 12, 2024","Dec 11, 2027","  68,360.00 ","3,418.00",ACCF_CASTILLO__FRANCIS_SANTOS.pdf,PO# 4700001818,,Iridium Technologies Inc.,
05-02490,100336,100337,100337,087190A00F5E,"SORIANO, JASMIN VILLANUEVA",Deployed,June,2025,"Jun 10, 2025",QA Engineer,Technology Group,MacOS,," 2024 MacBook Air ","13-INCH MACBOOK AIR; APPLE M2 CHIP WITH 8 CORE CPU, 16GB, 512GB",SN-VPTW5A,"Dec 12, 2024","Dec 11, 2027","  68,360.00 ","3,418.00",ACCF_SORIANO__JASMIN_VILLANUEVA.pdf,PO# 4700001818,"DOMINGO, CHRISTINE JOY MENDOZA",Iridium Technologies Inc.,
05-06886,100337,100338,100338,087190045804,"DELA CRUZ, SOFIA FLORES",Deployed,August,2025,"Aug 1, 2025",CMS Administrator,Client Based Globe,MacOS,," 2024 MacBook Air ","13-INCH MACBOOK AIR; APPLE M2 CHIP WITH 8 CORE CPU, 16GB, 512GB",SN-DK9AFW,"Dec 12, 2024","Dec 11, 2027","  68,360.00 ","3,418.00",ACCF_DELA_CRUZ__SOFIA_FLORES.pdf,PO# 4700001818,"AQUINO, RAFAEL MENDOZA",Iridium Technologies Inc.,
05-02313,100338,100339,100339,087190166C99,"GONZALES, JOHN PAUL MENDOZA",Deployed,December,2024,"Dec 20, 2024",Software Engineer,Technology Group,MacOS,," 2024 MacBook Air ","13-INCH MACBOOK AIR; APPLE M2 CHIP WITH 8 CORE CPU, 16GB, 512GB",SN-EN9JQ7,"Dec 12, 2024","Dec 11, 2027","  68,360.00 ","3,418.00",ACCF_GONZALES__JOHN_PAUL_MENDOZA.pdf,PO# 4700001818,,Iridium Technologies Inc.,
05-03193,100339,100340,100340,087190F23E10,"LAXAMANA, ERIKA LOPEZ",Deployed,January,2026,"Jan 9, 2026",Jr. Process Engineer,Technology Group,MacOS,," 2024 MacBook Air ","13-INCH MACBOOK AIR; APPLE M2 CHIP WITH 8 CORE CPU, 16GB, 512GB",SN-BB257M,"Dec 12, 2024","Dec 11, 2027","  68,360.00 ","3,418.00",ACCF_LAXAMANA__ERIKA_LOPEZ.pdf,PO# 4700001818,"PANGANIBAN, BIANCA GARCIA",Iridium Technologies Inc.,
05-02378,100340,100341,100341,087190ADA0CC,"MAGNO, ALEXANDER CRUZ",Deployed,January,2025,"Jan 21, 2025",Process Engineer,Technology Group,MacOS,," 2024 MacBook Air ","13-INCH MACBOOK AIR; APPLE M2 CHIP WITH 8 CORE CPU, 16GB, 512GB",SN-EHRWKN,"Dec 12, 2024","Dec 11, 2027","  68,360.00 ","3,418.00",ACCF_MAGNO__ALEXANDER_CRUZ.pdf,PO# 4700001818,,Iridium Technologies Inc.,
05-02402,100341,100342,100342,087190E377A3,"MARQUEZ, MARIA CLARA TORRES",Deployed,December,2024,"Dec 20, 2024",Jr. Application Support Specialist,Technology Group,MacOS,," 2024 MacBook Air ","13-INCH MACBOOK AIR; APPLE M2 CHIP WITH 8 CORE CPU, 16GB, 512GB",SN-WNL4S1,"Dec 12, 2024","Dec 11, 2027","  68,360.00 ","3,418.00",ACCF_MARQUEZ__MARIA_CLARA_TORRES.pdf,PO# 4700001818,,Iridium Technologies Inc.,
05-03150,100342,100343,100343,087190C8CAD1,"TORRES, GABRIEL TORRES",Deployed,February,2025,"Apr 4, 2025",Project Manager (Scrum Master),Technology Group,MacOS,," 2024 MacBook Air ","13-INCH MACBOOK AIR; APPLE M2 CHIP WITH 8 CORE CPU, 16GB, 512GB",SN-1E9Z5F,"Dec 12, 2024","Dec 11, 2027","  68,360.00 ","3,418.00",ACCF_TORRES__GABRIEL_TORRES.pdf,PO# 4700001818,,Iridium Technologies Inc.,
05-02338,100343,100344,100344,087190676330,"SALAZAR, DOMINIC TORRES",For Repair,January,2025,"Jan 27, 2025",QA Engineer,Technology Group,MacOS,," 2024 MacBook Air ","13-INCH MACBOOK AIR; APPLE M2 CHIP WITH 8 CORE CPU, 16GB, 512GB",SN-92AD5B,"Dec 12, 2024","Dec 11, 2027","  68,360.00 ","3,418.00",ACCF_SALAZAR__DOMINIC_TORRES.pdf,PO# 4700001818,,Iridium Technologies Inc.,
05-02312,100344,100345,100345,087190C4B9C7,"CALDERON, PATRICK OLIVER MERCADO",Deployed,January,2025,"Jan 27, 2025",Solutions Architect,Client Based Globe,MacOS,," 2024 MacBook Air ","13-INCH MACBOOK AIR; APPLE M2 CHIP WITH 8 CORE CPU, 16GB, 512GB",SN-JQH6RE,"Dec 12, 2024","Dec 11, 2027","  68,360.00 ","3,418.00",ACCF_CALDERON__PATRICK_OLIVER_MERCADO.pdf,PO# 4700001818,,Iridium Technologies Inc.,
05-02404,100345,100346,100346,087190780438,"MANALANG, SOFIA AQUINO",Deployed,January,2025,"Jan 31, 2025",Operations Specialist,Technology Group,MacOS,," 2024 MacBook Air ","13-INCH MACBOOK AIR; APPLE M2 CHIP WITH 8 CORE CPU, 16GB, 512GB",SN-Y9XPR6,"Dec 12, 2024","Dec 11, 2027","  68,360.00 ","3,418.00",ACCF_MANALANG__SOFIA_AQUINO.pdf,PO# 4700001818,,Iridium Technologies Inc.,
05-02332,100346,100347,100347,0871906EB4C8,"RAMOS, KATRINA AQUINO",Deployed,January,2025,"Jan 14, 2025",UI/UX Designer,Technology Group,MacOS,," 2024 MacBook Air ","13-INCH MACBOOK AIR; APPLE M2 CHIP WITH 8 CORE CPU, 16GB, 512GB",SN-95W43R,"Dec 12, 2024","Dec 11, 2027","  68,360.00 ","3,418.00",ACCF_RAMOS__KATRINA_AQUINO.pdf,PO# 4700001818,,Iridium Technologies Inc.,
05-03032,100347,100348,100348,087190EA5A26,"VILLANUEVA, DANIEL JOSEPH RIVERA",Deployed,December,2024,"Dec 19, 2024",Sr. Application Support Specialist,Technology Group,MacOS,," 2024 MacBook Air ","13-INCH MACBOOK AIR; APPLE M2 CHIP WITH 8 CORE CPU, 16GB, 512GB",SN-AYPUMD,"Dec 12, 2024","Dec 11, 2027","  68,360.00 ","3,418.00",ACCF_VILLANUEVA__DANIEL_JOSEPH_RIVERA.pdf,PO# 4700001818,,Iridium Technologies Inc.,
05-02335,100348,100349,100349,087190AF793A,"TOLENTINO, ERIKA SANTOS",Deployed,January,2025,"Jan 31, 2025",Systems Analyst,Technology Group,MacOS,," 2024 MacBook Air ","13-INCH MACBOOK AIR; APPLE M2 CHIP WITH 8 CORE CPU, 16GB, 512GB",SN-NU59UM,"Dec 12, 2024","Dec 11, 2027","  68,360.00 ","3,418.00",ACCF_TOLENTINO__ERIKA_SANTOS.pdf,PO# 4700001818,,Iridium Technologies Inc.,
05-03213,100349,100350,100350,0871901F4021,"MERCADO, MARCO DELA CRUZ",Deployed,April,2026,"Apr 30, 2026",Data Engineer,Delivery Group,MacOS,," 2024 MacBook Air ","13-INCH MACBOOK AIR; APPLE M2 CHIP WITH 8 CORE CPU, 16GB, 512GB",SN-WW2RZ2,"Dec 12, 2024","Dec 11, 2027","  68,360.00 ","3,418.00",,PO# 4700001818,"ALCANTARA, ALEXANDER MENDOZA",Iridium Technologies Inc.,
05-03171,100350,100351,100351,087190FC35EF,"BAUTISTA, STEPHANIE CRUZ",Deployed,July,2025,"Jul 29, 2025",Project Manager (Scrum Master),Technology Group,MacOS,," 2024 MacBook Air ","13-INCH MACBOOK AIR; APPLE M2 CHIP WITH 8 CORE CPU, 16GB, 512GB",SN-U1TR76,"Dec 12, 2024","Dec 11, 2027","  68,360.00 ","3,418.00",ACCF_BAUTISTA__STEPHANIE_CRUZ.pdf,PO# 4700001818,"CRUZ, CHRISTIAN VILLANUEVA",Iridium Technologies Inc.,
05-03080,100351,100352,100352,087190BF3321,"VALDEZ, CHRISTINE JOY AQUINO",Deployed,January,2025,"Jan 28, 2025",Jr. Application Support Specialist,Technology Group,MacOS,," 2024 MacBook Air ","13-INCH MACBOOK AIR; APPLE M2 CHIP WITH 8 CORE CPU, 16GB, 512GB",SN-DMVE70,"Dec 12, 2024","Dec 11, 2027","  68,360.00 ","3,418.00",ACCF_VALDEZ__CHRISTINE_JOY_AQUINO.pdf,PO# 4700001818,,Iridium Technologies Inc.,
05-02314,100352,100353,100353,0871908580E2,"CASTILLO, GABRIEL FLORES",Deployed,January,2025,"Jan 31, 2025",Software Engineer,Technology Group,MacOS,," 2024 MacBook Air ","13-INCH MACBOOK AIR; APPLE M2 CHIP WITH 8 CORE CPU, 16GB, 512GB",SN-5BUFMK,"Dec 12, 2024","Dec 11, 2027","  68,360.00 ","3,418.00",ACCF_CASTILLO__GABRIEL_FLORES.pdf,PO# 4700001818,,Iridium Technologies Inc.,
05-03214,100353,100354,100354,087190866A50,"JAVIER, ALEXANDER TORRES",Deployed,June,2026,"Jun 3, 2026",Application Support Specialist,Delivery Group,MacOS,," 2024 MacBook Air ","13-INCH MACBOOK AIR; APPLE M2 CHIP WITH 8 CORE CPU, 16GB, 512GB",SN-45R638,"Dec 12, 2024","Dec 11, 2027","  68,360.00 ","3,418.00",,PO# 4700001818,"LOPEZ, JOHN PAUL FERNANDEZ",Iridium Technologies Inc.,
05-03174,100354,100355,100355,08719087EE73,"NATIVIDAD, MARCO CASTILLO",Deployed,September,2025,"Sep 11, 2025",Jr. Technical Recruiter,Talent Acquisition Group (TAG),MacOS,," 2024 MacBook Air ","13-INCH MACBOOK AIR; APPLE M2 CHIP WITH 8 CORE CPU, 16GB, 512GB",SN-UNVW35,"Dec 12, 2024","Dec 11, 2027","  68,360.00 ","3,418.00",ACCF_NATIVIDAD__MARCO_CASTILLO.pdf,PO# 4700001818,"HERNANDEZ, MICHAEL ANGELO BAUTISTA",Iridium Technologies Inc.,
05-03174,100355,100356,100356,087190912639,"VALDEZ, ANGELO FLORES",Deployed,September,2025,"Sep 26, 2025",Jr. Application Support Specialist,Technology Group,MacOS,," 2024 MacBook Air ","13-INCH MACBOOK AIR; APPLE M2 CHIP WITH 8 CORE CPU, 16GB, 512GB",SN-2A9HR8,"Dec 12, 2024","Dec 11, 2027","  68,360.00 ","3,418.00",,PO# 4700001818,"SERRANO, DOMINIC FLORES",Iridium Technologies Inc.,
05-02336,100356,100357,100357,087190346BAF,"LAXAMANA, PAULO MIGUEL SANTOS",Deployed,December,2024,"Dec 17, 2024",Sr. Software Engineer,Technology Group,MacOS,," 2024 MacBook Air ","13-INCH MACBOOK AIR; APPLE M2 CHIP WITH 8 CORE CPU, 16GB, 512GB",SN-PHAFV6,"Dec 12, 2024","Dec 11, 2027","  68,360.00 ","3,418.00",ACCF_LAXAMANA__PAULO_MIGUEL_SANTOS.pdf,PO# 4700001818,,Iridium Technologies Inc.,
05-03214,100357,100358,100358,087190AE5324,"BAUTISTA, ADRIAN AQUINO",Deployed,June,2026,"Jun 24, 2026",Data Engineer,Delivery Group,MacOS,," 2024 MacBook Air ","13-INCH MACBOOK AIR; APPLE M2 CHIP WITH 8 CORE CPU, 16GB, 512GB",SN-G7T8BJ,"Dec 12, 2024","Dec 11, 2027","  68,360.00 ","3,418.00",,PO# 4700001818,"CORTEZ, FRANCIS SANTOS",Iridium Technologies Inc.,
05-01769,100358,100359,100359,08719083D89C,"CABRERA, DENISE RIVERA",Deployed,January,2025,"Jan 22, 2025",QA Engineer,Technology Group,MacOS,," 2024 MacBook Air ","13-INCH MACBOOK AIR; APPLE M2 CHIP WITH 8 CORE CPU, 16GB, 512GB",SN-S94HJ7,"Dec 12, 2024","Dec 11, 2027","  68,360.00 ","3,418.00",ACCF_CABRERA__DENISE_RIVERA.pdf,PO# 4700001818,,Iridium Technologies Inc.,
05-03082,100359,100360,100360,087190745CF1,"DEL ROSARIO, CAMILLE RIVERA",Deployed,January,2025,"Jan 13, 2025",Business Analyst,Technology Group,MacOS,," 2024 MacBook Air ","13-INCH MACBOOK AIR; APPLE M2 CHIP WITH 8 CORE CPU, 16GB, 512GB",SN-XEAHS5,"Dec 12, 2024","Dec 11, 2027","  68,360.00 ","3,418.00",ACCF_DEL_ROSARIO__CAMILLE_RIVERA.pdf,PO# 4700001818,,Iridium Technologies Inc.,
05-03172,100360,100361,100361,08719092A811,"BERNARDO, ROCHELLE SANTOS",Deployed,August,2025,"Aug 15, 2025",Sr. Software Engineer (Fullstack),Technology Group,MacOS,," 2024 MacBook Air ","13-INCH MACBOOK AIR; APPLE M2 CHIP WITH 8 CORE CPU, 16GB, 512GB",SN-5AFSGU,"Dec 12, 2024","Dec 11, 2027","  68,360.00 ","3,418.00",ACCF_BERNARDO__ROCHELLE_SANTOS.pdf,PO# 4700001818,"MORALES, ANDREA GAIL SANTOS",Iridium Technologies Inc.,
05-01773,100361,100362,100362,087190EA4ED3,"DOMINGO, CHRISTINE JOY MENDOZA",Deployed,December,2024,"Dec 20, 2024",Software Engineer,Technology Group,MacOS,," 2024 MacBook Air ","13-INCH MACBOOK AIR; APPLE M2 CHIP WITH 8 CORE CPU, 16GB, 512GB",SN-1WMY5B,"Dec 12, 2024","Dec 11, 2027","  68,360.00 ","3,418.00",ACCF_DOMINGO__CHRISTINE_JOY_MENDOZA.pdf,PO# 4700001818,"DOMINGO, CHRISTINE JOY MENDOZA",Iridium Technologies Inc.,
05-01615,100362,100363,100363,087190E6028A,"MARQUEZ, CHARLENE FLORES",Deployed,January,2025,"Jan 15, 2025",Accountant,Finance,MacOS,," 2024 MacBook Air ","13-INCH MACBOOK AIR; APPLE M2 CHIP WITH 8 CORE CPU, 16GB, 512GB",SN-7B1JFW,"Dec 12, 2024","Dec 11, 2027","  68,360.00 ","3,418.00",ACCF_MARQUEZ__CHARLENE_FLORES.pdf,PO# 4700001818,,Iridium Technologies Inc.,
05-03059,100363,100364,100364,0871908B844C,"JAVIER, JASMIN DELA CRUZ",Deployed,January,2025,"Jan 30, 2025",Jr. QA Engineer,Client Based Globe,MacOS,," 2024 MacBook Air ","13-INCH MACBOOK AIR; APPLE M2 CHIP WITH 8 CORE CPU, 16GB, 512GB",SN-9087JA,"Dec 12, 2024","Dec 11, 2027","  68,360.00 ","3,418.00",ACCF_JAVIER__JASMIN_DELA_CRUZ.pdf,PO# 4700001818,,Iridium Technologies Inc.,
05-03037,100364,100365,100365,0871907ED894,"LAXAMANA, ANGELO FERNANDEZ",Deployed,December,2024,"Dec 17, 2024",DevOps Engineer,Technology Group,MacOS,," 2024 MacBook Air ","13-INCH MACBOOK AIR; APPLE M2 CHIP WITH 8 CORE CPU, 16GB, 512GB",SN-GKJA97,"Dec 12, 2024","Dec 11, 2027","  68,360.00 ","3,418.00",ACCF_LAXAMANA__ANGELO_FERNANDEZ.pdf,PO# 4700001818,,Iridium Technologies Inc.,
05-05120,100365,100366,100366,08719079A0A5,"DE LEON, MARIA CLARA VILLANUEVA",Deployed,January,2025,"Jan 8, 2025",Test Lead,Technology Group,MacOS,," 2024 MacBook Air ","13-INCH MACBOOK AIR; APPLE M2 CHIP WITH 8 CORE CPU, 16GB, 512GB",SN-608MT3,"Dec 12, 2024","Dec 11, 2027","  68,360.00 ","3,418.00",ACCF_DE_LEON__MARIA_CLARA_VILLANUEVA.pdf,PO# 4700001818,,Iridium Technologies Inc.,
05-09659,100366,100367,100367,08719052DD1C,"EVANGELISTA, KATRINA FLORES",Deployed,January,2025,"Jan 7, 2025",QA Engineer,Technology Group,MacOS,," 2024 MacBook Air ","13-INCH MACBOOK AIR; APPLE M2 CHIP WITH 8 CORE CPU, 16GB, 512GB",SN-3R4XA4,"Dec 12, 2024","Dec 11, 2027","  68,360.00 ","3,418.00",ACCF_EVANGELISTA__KATRINA_FLORES.pdf,PO# 4700001818,,Iridium Technologies Inc.,
05-01047,100367,100368,100368,0871907F7558,"MORALES, KATRINA BAUTISTA",Deployed,January,2025,"Jan 7, 2025",Sr. Software Engineer,Technology Group,MacOS,," 2024 MacBook Air ","13-INCH MACBOOK AIR; APPLE M2 CHIP WITH 8 CORE CPU, 16GB, 512GB",SN-RUPNLF,"Dec 12, 2024","Dec 11, 2027","  68,360.00 ","3,418.00",ACCF_MORALES__KATRINA_BAUTISTA.pdf,PO# 4700001818,,Iridium Technologies Inc.,
05-02514,100368,100369,100369,08719073950E,"FLORES, MONIQUE GARCIA",Deployed,January,2025,"Jan 10, 2025",Sr. HR Specialist,Human Resources,MacOS,," 2024 MacBook Air ","13-INCH MACBOOK AIR; APPLE M2 CHIP WITH 8 CORE CPU, 16GB, 512GB",SN-NN8W2N,"Dec 12, 2024","Dec 11, 2027","  68,360.00 ","3,418.00",ACCF_FLORES__MONIQUE_GARCIA.pdf,PO# 4700001818,,Iridium Technologies Inc.,
05-02495,100369,100370,100370,08719055956E,"RIVERA, ROCHELLE CRUZ",Deployed,January,2025,"Jan 17, 2025",Software Engineer,Technology Group,MacOS,," 2024 MacBook Air ","13-INCH MACBOOK AIR; APPLE M2 CHIP WITH 8 CORE CPU, 16GB, 512GB",SN-8JNH1X,"Dec 12, 2024","Dec 11, 2027","  68,360.00 ","3,418.00",ACCF_RIVERA__ROCHELLE_CRUZ.pdf,PO# 4700001818,,Iridium Technologies Inc.,
05-03213,100370,100371,100371,087190CE5279,"FERNANDEZ, JUAN CARLOS FERNANDEZ",Deployed,May,2026,"May 8, 2026",Project Accountant,Finance,MacOS,," 2024 MacBook Air ","13-INCH MACBOOK AIR; APPLE M2 CHIP WITH 8 CORE CPU, 16GB, 512GB",SN-PYK2PU,"Dec 12, 2024","Dec 11, 2027","  68,360.00 ","3,418.00",ACCF_FERNANDEZ__JUAN_CARLOS_FERNANDEZ.pdf,PO# 4700001818,"ATIENZA, ERIKA FLORES",Iridium Technologies Inc.,
05-01795,100371,100372,100372,0871908384A9,"GARCIA, ANGELO CASTILLO",Deployed,January,2025,"Jan 8, 2025",QA Engineer,Technology Group,MacOS,," 2024 MacBook Air ","13-INCH MACBOOK AIR; APPLE M2 CHIP WITH 8 CORE CPU, 16GB, 512GB",SN-Q9XKZY,"Dec 12, 2024","Dec 11, 2027","  68,360.00 ","3,418.00",ACCF_GARCIA__ANGELO_CASTILLO.pdf,PO# 4700001818,,Iridium Technologies Inc.,
05-03084,100372,100373,100373,0871908173EF,"ESGUERRA, DIANNE CRUZ",Deployed,January,2025,"Jan 10, 2025",Jr. Software Engineer,Technology Group,MacOS,," 2024 MacBook Air ","13-INCH MACBOOK AIR; APPLE M2 CHIP WITH 8 CORE CPU, 16GB, 512GB",SN-Y524XA,"Dec 12, 2024","Dec 11, 2027","  68,360.00 ","3,418.00",ACCF_ESGUERRA__DIANNE_CRUZ.pdf,PO# 4700001818,,Iridium Technologies Inc.,
05-02400,100373,100374,100374,087190C3F3FE,"FERNANDEZ, ROCHELLE DELA CRUZ",Deployed,January,2025,"Jan 8, 2025",QA Engineer,Technology Group,MacOS,," 2024 MacBook Air ","13-INCH MACBOOK AIR; APPLE M2 CHIP WITH 8 CORE CPU, 16GB, 512GB",SN-F7SQB0,"Dec 12, 2024","Dec 11, 2027","  68,360.00 ","3,418.00",ACCF_FERNANDEZ__ROCHELLE_DELA_CRUZ.pdf,PO# 4700001818,,Iridium Technologies Inc.,
05-03169,100374,100375,100375,087190B1C05E,"CABRERA, FRANCIS TORRES",Deployed,June,2025,"Jun 27, 2025",Business Analyst,Technology Group,MacOS,," 2024 MacBook Air ","13-INCH MACBOOK AIR; APPLE M2 CHIP WITH 8 CORE CPU, 16GB, 512GB",SN-LPRP3N,"Dec 12, 2024","Dec 11, 2027","  68,360.00 ","3,418.00",ACCF_CABRERA__FRANCIS_TORRES.pdf,PO# 4700001818,"BAUTISTA, ANGELA MAE MENDOZA",Iridium Technologies Inc.,
05-03081,100375,100376,100376,087190C84F6A,"MAGNO, RAFAEL SANTOS",Deployed,December,2024,"Dec 18, 2024",Lead Technical Support Specialist,Technology Group,MacOS,," 2024 MacBook Air ","13-INCH MACBOOK AIR; APPLE M2 CHIP WITH 8 CORE CPU, 16GB, 512GB",SN-XEJQDM,"Dec 12, 2024","Dec 11, 2027","  68,360.00 ","3,418.00",ACCF_MAGNO__RAFAEL_SANTOS.pdf,PO# 4700001818,,Iridium Technologies Inc.,
05-01752,100376,100377,100377,087190680236,"CORPUZ, JUAN CARLOS MENDOZA",Deployed,January,2025,"Jan 24, 2025",Legal Assistant,Legal,MacOS,," 2024 MacBook Air ","13-INCH MACBOOK AIR; APPLE M2 CHIP WITH 8 CORE CPU, 16GB, 512GB",SN-MN8PQA,"Dec 12, 2024","Dec 11, 2027","  68,360.00 ","3,418.00",ACCF_CORPUZ__JUAN_CARLOS_MENDOZA.pdf,PO# 4700001818,,Iridium Technologies Inc.,
05-03151,100377,100378,100378,08719059D06A,"CORPUZ, CHRISTINE JOY FERNANDEZ",Deployed,April,2026,"Apr 23, 2026",Solutions Designer,Technology Group,MacOS,," 2024 MacBook Air ","13-INCH MACBOOK AIR; APPLE M2 CHIP WITH 8 CORE CPU, 16GB, 512GB",SN-M52L5H,"Dec 12, 2024","Dec 11, 2027","  68,360.00 ","3,418.00",,PO# 4700001818,"SORIANO, DIANNE BAUTISTA",Iridium Technologies Inc.,
05-02314,100378,100379,100379,087190630B38,"TORRES, JOHN PAUL CASTILLO",Deployed,January,2025,"Jan 13, 2025",QA Engineer,Technology Group,MacOS,," 2024 MacBook Air ","13-INCH MACBOOK AIR; APPLE M2 CHIP WITH 8 CORE CPU, 16GB, 512GB",SN-M6B3PJ,"Dec 12, 2024","Dec 11, 2027","  68,360.00 ","3,418.00",ACCF_TORRES__JOHN_PAUL_CASTILLO.pdf,PO# 4700001818,,Iridium Technologies Inc.,
05-03150,100379,100380,100380,087190836340,"DEL ROSARIO, PATRICIA ANNE GARCIA",Deployed,April,2025,"Apr 4, 2025",Project Manager (Scrum Master),Technology Group,MacOS,," 2024 MacBook Air ","13-INCH MACBOOK AIR; APPLE M2 CHIP WITH 8 CORE CPU, 16GB, 512GB",SN-XX8HAA,"Dec 12, 2024","Dec 11, 2027","  68,360.00 ","3,418.00",ACCF_DEL_ROSARIO__PATRICIA_ANNE_GARCIA.pdf,PO# 4700001818,"MAGNO, MARIA CLARA FLORES",Iridium Technologies Inc.,
05-02517,100380,100381,100381,087190634FDE,"TORRES, MARIA CLARA MENDOZA",Deployed,January,2025,"Jan 20, 2025",Lead Software Engineer,Technology Group,MacOS,," 2024 MacBook Air ","13-INCH MACBOOK AIR; APPLE M2 CHIP WITH 8 CORE CPU, 16GB, 512GB",SN-6U84L5,"Dec 12, 2024","Dec 11, 2027","  68,360.00 ","3,418.00",ACCF_TORRES__MARIA_CLARA_MENDOZA.pdf,PO# 4700001818,,Iridium Technologies Inc.,
05-06958,100381,100382,100382,087190C203E3,"RIVERA, JEROME RAMOS",Deployed,July,2026,"Jul 3, 2026",Jr. SEO Specialist,Client Based Globe,MacOS,," 2024 MacBook Air ","13-INCH MACBOOK AIR; APPLE M2 CHIP WITH 8 CORE CPU, 16GB, 512GB",SN-9KXBW6,"Dec 12, 2024","Dec 11, 2027","  68,360.00 ","3,418.00",,PO# 4700001818,"HERNANDEZ, JOSHUA BAUTISTA",Iridium Technologies Inc.,
05-03191,100382,100383,100383,087190944C3D,"GARCIA, ALEXANDER CASTILLO",Deployed,November,2025,"Nov 6, 2025",Project Manager,Technology Group,MacOS,," 2024 MacBook Air ","13-INCH MACBOOK AIR; APPLE M2 CHIP WITH 8 CORE CPU, 16GB, 512GB",SN-TP1VDX,"Dec 12, 2024","Dec 11, 2027","  68,360.00 ","3,418.00",,PO# 4700001818,"MERCADO, ANDREA GAIL LOPEZ",Iridium Technologies Inc.,
05-06890,100383,100384,100384,0871900E6751,"PASCUAL, ADRIAN CASTILLO",Deployed,September,2025,"Sep 29, 2025",Metadata Administrator,Client Based Globe,MacOS,," 2024 MacBook Air ","13-INCH MACBOOK AIR; APPLE M2 CHIP WITH 8 CORE CPU, 16GB, 512GB",SN-93Z44S,"Dec 12, 2024","Dec 11, 2027","  68,360.00 ","3,418.00",,PO# 4700001818,"NAVARRO, DANIEL JOSEPH FLORES",Iridium Technologies Inc.,
05-04714,100384,100385,100385,087190652496,"MALABANAN, CHRISTIAN FERNANDEZ",Deployed,January,2025,"Jan 9, 2025",Capability Lead,Technology Group,MacOS,," 2024 MacBook Air ","13-INCH MACBOOK AIR; APPLE M2 CHIP WITH 8 CORE CPU, 16GB, 512GB",SN-5RJXTW,"Dec 12, 2024","Dec 11, 2027","  68,360.00 ","3,418.00",ACCF_MALABANAN__CHRISTIAN_FERNANDEZ.pdf,PO# 4700001818,,Iridium Technologies Inc.,
CON-00021,100385,100386,100386,087190AE85CF,"EVANGELISTA, ADRIAN GARCIA",Deployed,January,2026,"Jan 9, 2026",Accountant (Revenue),Finance,MacOS,," 2024 MacBook Air ","13-INCH MACBOOK AIR; APPLE M2 CHIP WITH 8 CORE CPU, 16GB, 512GB",SN-A5XA9H,"Dec 12, 2024","Dec 11, 2027","  68,360.00 ","3,418.00",ACCF_EVANGELISTA__ADRIAN_GARCIA.pdf,PO# 4700001818,"ATIENZA, ALEXANDER VILLANUEVA",Iridium Technologies Inc.,
05-02334,100386,100387,100387,0871906E620C,"RAMOS, KATHERINE ROSE FERNANDEZ",Deployed,December,2024,"Dec 17, 2024",Sr. Web Developer,Technology Group,MacOS,," 2024 MacBook Air ","13-INCH MACBOOK AIR; APPLE M2 CHIP WITH 8 CORE CPU, 16GB, 512GB",SN-QEYYB3,"Dec 12, 2024","Dec 11, 2027","  68,360.00 ","3,418.00",ACCF_RAMOS__KATHERINE_ROSE_FERNANDEZ.pdf,PO# 4700001818,,Iridium Technologies Inc.,
05-01791,100387,100388,100388,087190D94712,"CRUZ, KENNETH BAUTISTA",Deployed,January,2025,"Jan 16, 2025",Scrum Master,Technology Group,MacOS,," 2024 MacBook Air ","13-INCH MACBOOK AIR; APPLE M2 CHIP WITH 8 CORE CPU, 16GB, 512GB",SN-K3N4X2,"Dec 12, 2024","Dec 11, 2027","  68,360.00 ","3,418.00",ACCF_CRUZ__KENNETH_BAUTISTA.pdf,PO# 4700001818,,Iridium Technologies Inc.,
05-01096,100388,100389,100389,087190DF5301,"CABRERA, CAMILLE GARCIA",Deployed,January,2025,"Jan 9, 2025",Workforce Manager / Lead Recruiter,Talent Acquisition Group (TAG),MacOS,," 2024 MacBook Air ","13-INCH MACBOOK AIR; APPLE M2 CHIP WITH 8 CORE CPU, 16GB, 512GB",SN-28N4Q7,"Dec 12, 2024","Dec 11, 2027","  68,360.00 ","3,418.00",ACCF_CABRERA__CAMILLE_GARCIA.pdf,PO# 4700001818,,Iridium Technologies Inc.,
05-03193,100389,100390,100390,087190E7B83F,"MIRANDA, KEVIN AQUINO",Deployed,January,2026,"Jan 16, 2026",Jr. DevOps Engineer,Technology Group,MacOS,," 2024 MacBook Air ","13-INCH MACBOOK AIR; APPLE M2 CHIP WITH 8 CORE CPU, 16GB, 512GB",SN-W74FH2,"Dec 12, 2024","Dec 11, 2027","  68,360.00 ","3,418.00",ACCF_MIRANDA__KEVIN_AQUINO.pdf,PO# 4700001818,"CORTEZ, JASMIN MENDOZA",Iridium Technologies Inc.,
05-06952,100390,100391,100391,08719018B74A,"OCAMPO, KATRINA RIVERA",Deployed,March,2026,"Mar 13, 2026",Campaign Assurance Analyst,Technology Group,MacOS,," 2024 MacBook Air ","13-INCH MACBOOK AIR; APPLE M2 CHIP WITH 8 CORE CPU, 16GB, 512GB",SN-TLJJN9,"Dec 12, 2024","Dec 11, 2027","  68,360.00 ","3,418.00",ACCF_OCAMPO__KATRINA_RIVERA.pdf,PO# 4700001818,"DEL ROSARIO, JASMIN SANTOS",Iridium Technologies Inc.,
05-01797,100391,100392,100392,0871909F48B8,"SANTOS, DIANNE RAMOS",Deployed,January,2025,"Jan 7, 2025",Systems Analyst,Technology Group,MacOS,," 2024 MacBook Air ","13-INCH MACBOOK AIR; APPLE M2 CHIP WITH 8 CORE CPU, 16GB, 512GB",SN-MPFEWA,"Dec 12, 2024","Dec 11, 2027","  68,360.00 ","3,418.00",ACCF_SANTOS__DIANNE_RAMOS.pdf,PO# 4700001818,,Iridium Technologies Inc.,
05-03037,100392,100393,100393,087190B6997D,"HERNANDEZ, PATRICK OLIVER LOPEZ",Deployed,January,2025,"Jan 6, 2025",Portfolio Manager,Technology Group,MacOS,," 2024 MacBook Air ","13-INCH MACBOOK AIR; APPLE M2 CHIP WITH 8 CORE CPU, 16GB, 512GB",SN-028HBP,"Dec 12, 2024","Dec 11, 2027","  68,360.00 ","3,418.00",ACCF_HERNANDEZ__PATRICK_OLIVER_LOPEZ.pdf,PO# 4700001818,,Iridium Technologies Inc.,
05-02380,100393,100394,100394,08719011B5CF,"MAGNO, SOFIA BAUTISTA",Deployed,January,2025,"Jan 8, 2025",Solutions Designer,Technology Group,MacOS,," 2024 MacBook Air ","13-INCH MACBOOK AIR; APPLE M2 CHIP WITH 8 CORE CPU, 16GB, 512GB",SN-2EAMQR,"Dec 12, 2024","Dec 11, 2027","  68,360.00 ","3,418.00",ACCF_MAGNO__SOFIA_BAUTISTA.pdf,PO# 4700001818,,Iridium Technologies Inc.,
05-03123,100394,100395,100395,08719020D37F,"DELA CRUZ, JASMIN SANTOS",Deployed,February,2025,"Feb 4, 2025",Data Analyst,Technology Group,MacOS,," 2024 MacBook Air ","13-INCH MACBOOK AIR; APPLE M2 CHIP WITH 8 CORE CPU, 16GB, 512GB",SN-H9Q6PF,"Dec 12, 2024","Dec 11, 2027","  68,360.00 ","3,418.00",ACCF_DELA_CRUZ__JASMIN_SANTOS.pdf,PO# 4700001818,,Iridium Technologies Inc.,
05-01658,100395,100396,100396,087190A0C9BD,"ILAGAN, JUAN CARLOS TORRES",Deployed,January,2025,"Jan 10, 2025",QA Engineer,Technology Group,MacOS,," 2024 MacBook Air ","13-INCH MACBOOK AIR; APPLE M2 CHIP WITH 8 CORE CPU, 16GB, 512GB",SN-MEEJEG,"Dec 12, 2024","Dec 11, 2027","  68,360.00 ","3,418.00",ACCF_ILAGAN__JUAN_CARLOS_TORRES.pdf,PO# 4700001818,,Iridium Technologies Inc.,
05-06943,100396,100397,100397,087190621D34,"BAUTISTA, CHARLENE AQUINO",Deployed,January,2026,"Jan 9, 2026",Jr. Technical Support Specialist,Technology Group,MacOS,," 2024 MacBook Air ","13-INCH MACBOOK AIR; APPLE M2 CHIP WITH 8 CORE CPU, 16GB, 512GB",SN-C253CH,"Dec 12, 2024","Dec 11, 2027","  68,360.00 ","3,418.00",ACCF_BAUTISTA__CHARLENE_AQUINO.pdf,PO# 4700001818,"AGUILAR, PATRICK OLIVER DELA CRUZ",Iridium Technologies Inc.,
05-02962,100397,100398,100398,087190A2E768,"MORALES, DOMINIC DELA CRUZ",Deployed,January,2025,"Jan 17, 2025",Lead Software Engineer,Technology Group,MacOS,," 2024 MacBook Air ","13-INCH MACBOOK AIR; APPLE M2 CHIP WITH 8 CORE CPU, 16GB, 512GB",SN-39U0ZC,"Dec 12, 2024","Dec 11, 2027","  68,360.00 ","3,418.00",ACCF_MORALES__DOMINIC_DELA_CRUZ.pdf,PO# 4700001818,,Iridium Technologies Inc.,
05-02400,100398,100399,100399,0871908A68C8,"GUTIERREZ, PAULO MIGUEL LOPEZ",Deployed,January,2025,"Jan 22, 2025",Sr. Software Engineer,Technology Group,MacOS,," 2024 MacBook Air ","13-INCH MACBOOK AIR; APPLE M2 CHIP WITH 8 CORE CPU, 16GB, 512GB",SN-70CHPE,"Dec 12, 2024","Dec 11, 2027","  68,360.00 ","3,418.00",ACCF_GUTIERREZ__PAULO_MIGUEL_LOPEZ.pdf,PO# 4700001818,,Iridium Technologies Inc.,
05-02356,100399,100400,100400,08719048320B,"OCAMPO, FRANCIS TORRES",Deployed,January,2025,"Jan 20, 2025",QA Engineer,Technology Group,MacOS,," 2024 MacBook Air ","13-INCH MACBOOK AIR; APPLE M2 CHIP WITH 8 CORE CPU, 16GB, 512GB",SN-10FT78,"Dec 12, 2024","Dec 11, 2027","  68,360.00 ","3,418.00",ACCF_OCAMPO__FRANCIS_TORRES.pdf,PO# 4700001818,,Iridium Technologies Inc.,
05-03196,100400,100401,100401,087190ED8D23,"MALABANAN, FRANCIS RIVERA",Deployed,March,2026,"Mar 18, 2026",Project Manager,Technology Group,MacOS,," 2024 MacBook Air ","13-INCH MACBOOK AIR; APPLE M2 CHIP WITH 8 CORE CPU, 16GB, 512GB",SN-WUCU26,"Dec 12, 2024","Dec 11, 2027","  68,360.00 ","3,418.00",ACCF_MALABANAN__FRANCIS_RIVERA.pdf,PO# 4700001818,"CABRERA, KEVIN FERNANDEZ",Iridium Technologies Inc.,
05-03213,100401,100402,100402,087190D434A8,"JAVIER, KEVIN FLORES",Deployed,April,2026,"Apr 30, 2026",Business Analyst Lead,Client Based Globe,MacOS,," 2024 MacBook Air ","13-INCH MACBOOK AIR; APPLE M2 CHIP WITH 8 CORE CPU, 16GB, 512GB",SN-Q5PQME,"Dec 12, 2024","Dec 11, 2027","  68,360.00 ","3,418.00",,PO# 4700001818,"FERNANDEZ, JOSHUA LOPEZ",Iridium Technologies Inc.,
05-03100,100402,100403,100403,087190D7E6B8,"CALDERON, JEROME FLORES",Deployed,January,2025,"Jan 20, 2025",Solutions Designer,Technology Group,MacOS,," 2024 MacBook Air ","13-INCH MACBOOK AIR; APPLE M2 CHIP WITH 8 CORE CPU, 16GB, 512GB",SN-WWSJ8E,"Dec 12, 2024","Dec 11, 2027","  68,360.00 ","3,418.00",ACCF_CALDERON__JEROME_FLORES.pdf,PO# 4700001818,,Iridium Technologies Inc.,
05-03104,100403,100404,100404,08719048A6ED,"MAGNO, ALEXANDER MENDOZA",Deployed,January,2025,"Jan 10, 2025",Application Support Specialist,Technology Group,MacOS,," 2024 MacBook Air ","13-INCH MACBOOK AIR; APPLE M2 CHIP WITH 8 CORE CPU, 16GB, 512GB",SN-CZ71GD,"Dec 12, 2024","Dec 11, 2027","  68,360.00 ","3,418.00",ACCF_MAGNO__ALEXANDER_MENDOZA.pdf,PO# 4700001818,,Iridium Technologies Inc.,
05-03057,100404,100405,100405,087190FB9A8A,"VALDEZ, PATRICK OLIVER CASTILLO",Deployed,February,2025,"Feb 6, 2025",Jr. QA Engineer,Client Based Globe,MacOS,," 2024 MacBook Air ","13-INCH MACBOOK AIR; APPLE M2 CHIP WITH 8 CORE CPU, 16GB, 512GB",SN-XN172D,"Dec 12, 2024","Dec 11, 2027","  68,360.00 ","3,418.00",ACCF_VALDEZ__PATRICK_OLIVER_CASTILLO.pdf,PO# 4700001818,,Iridium Technologies Inc.,
05-05111,100405,100406,100406,087190B04162,"NAVARRO, MARK ANTHONY SANTOS",Deployed,January,2025,"Jan 9, 2025",Solutions Designer,Technology Group,MacOS,," 2024 MacBook Air ","13-INCH MACBOOK AIR; APPLE M2 CHIP WITH 8 CORE CPU, 16GB, 512GB",SN-3FHMJ5,"Dec 12, 2024","Dec 11, 2027","  68,360.00 ","3,418.00",ACCF_NAVARRO__MARK_ANTHONY_SANTOS.pdf,PO# 4700001818,,Iridium Technologies Inc.,
05-02452,100406,100407,100407,0871908CF3BC,"DELA CRUZ, MONIQUE TORRES",Deployed,February,2025,"Feb 12, 2025",Software Engineer,Technology Group,MacOS,," 2024 MacBook Air ","13-INCH MACBOOK AIR; APPLE M2 CHIP WITH 8 CORE CPU, 16GB, 512GB",SN-F93L9P,"Dec 12, 2024","Dec 11, 2027","  68,360.00 ","3,418.00",ACCF_DELA_CRUZ__MONIQUE_TORRES.pdf,PO# 4700001818,,Iridium Technologies Inc.,
05-02358,100407,100408,100408,08719035DA31,"FLORES, BEATRICE LOPEZ",Deployed,January,2025,"Jan 16, 2025",Software Engineer,Technology Group,MacOS,," 2024 MacBook Air ","13-INCH MACBOOK AIR; APPLE M2 CHIP WITH 8 CORE CPU, 16GB, 512GB",SN-5F76ZF,"Dec 12, 2024","Dec 11, 2027","  68,360.00 ","3,418.00",ACCF_FLORES__BEATRICE_LOPEZ.pdf,PO# 4700001818,,Iridium Technologies Inc.,
05-01661,100408,100409,100409,08719093B6A7,"CALDERON, JEROME GARCIA",Deployed,January,2025,"Jan 16, 2025",Sr. Software Engineer,Technology Group,MacOS,," 2024 MacBook Air ","13-INCH MACBOOK AIR; APPLE M2 CHIP WITH 8 CORE CPU, 16GB, 512GB",SN-W7CX9K,"Dec 12, 2024","Dec 11, 2027","  68,360.00 ","3,418.00",ACCF_CALDERON__JEROME_GARCIA.pdf,PO# 4700001818,,Iridium Technologies Inc.,
05-03171,100409,100410,100410,087190E84633,"CRUZ, GABRIEL VILLANUEVA",Deployed,July,2025,"Jul 11, 2025",Solutions Architect,Technology Group,MacOS,," 2024 MacBook Air ","13-INCH MACBOOK AIR; APPLE M2 CHIP WITH 8 CORE CPU, 16GB, 512GB",SN-AHU4MD,"Dec 12, 2024","Dec 11, 2027","  68,360.00 ","3,418.00",ACCF_CRUZ__GABRIEL_VILLANUEVA.pdf,PO# 4700001818,"PADILLA, CHRISTINE JOY SANTOS",Iridium Technologies Inc.,
05-06938,100410,100411,100411,0871905F46C8,"BERNARDO, LOVELY FLORES",Deployed,October,2025,"Oct 30, 2025",Jr. Software Engineer (Perl Programmer),Client Based Globe,MacOS,," 2024 MacBook Air ","13-INCH MACBOOK AIR; APPLE M2 CHIP WITH 8 CORE CPU, 16GB, 512GB",SN-NGHNZF,"Dec 12, 2024","Dec 11, 2027","  68,360.00 ","3,418.00",ACCF_BERNARDO__LOVELY_FLORES.pdf,PO# 4700001818,"DEL ROSARIO, CARLO FERNANDEZ",Iridium Technologies Inc.,
05-01748,100411,100412,100412,08719004E837,"NAVARRO, ALYSSA MARIE TORRES",Deployed,January,2025,"Jan 6, 2025",Release Train Engineer,Technology Group,MacOS,," 2024 MacBook Air ","13-INCH MACBOOK AIR; APPLE M2 CHIP WITH 8 CORE CPU, 16GB, 512GB",SN-S8BARG,"Dec 12, 2024","Dec 11, 2027","  68,360.00 ","3,418.00",ACCF_NAVARRO__ALYSSA_MARIE_TORRES.pdf,PO# 4700001818,,Iridium Technologies Inc.,
05-03123,100412,100413,100413,087190EC7913,"DAVID, PAULO MIGUEL GARCIA",Deployed,March,2025,"Mar 4, 2025",Sr. Software Engineer,Technology Group,MacOS,," 2024 MacBook Air ","13-INCH MACBOOK AIR; APPLE M2 CHIP WITH 8 CORE CPU, 16GB, 512GB",SN-APARK6,"Dec 12, 2024","Dec 11, 2027","  68,360.00 ","3,418.00",ACCF_DAVID__PAULO_MIGUEL_GARCIA.pdf,PO# 4700001818,,Iridium Technologies Inc.,
05-01097,100413,100414,100414,0871903AEC45,"TORRES, NICOLE GARCIA",Deployed,January,2025,"Jan 31, 2025",QA Lead,Technology Group,MacOS,," 2024 MacBook Air ","13-INCH MACBOOK AIR; APPLE M2 CHIP WITH 8 CORE CPU, 16GB, 512GB",SN-ZPPJA2,"Dec 12, 2024","Dec 11, 2027","  68,360.00 ","3,418.00",ACCF_TORRES__NICOLE_GARCIA.pdf,PO# 4700001818,,Iridium Technologies Inc.,
05-01770,100414,100415,100415,087190AEF781,"DOMINGO, BIANCA BAUTISTA",Deployed,January,2025,"Jan 14, 2025",Software Engineer,Technology Group,MacOS,," 2024 MacBook Air ","13-INCH MACBOOK AIR; APPLE M2 CHIP WITH 8 CORE CPU, 16GB, 512GB",SN-27524A,"Dec 12, 2024","Dec 11, 2027","  68,360.00 ","3,418.00",ACCF_DOMINGO__BIANCA_BAUTISTA.pdf,PO# 4700001818,,Iridium Technologies Inc.,
05-02470,100415,100416,100416,087190CAD22C,"TOLENTINO, MARIA CLARA AQUINO",Deployed,January,2025,"Jan 10, 2025",Jr. Command Center Ops Analyst,Technology Group,MacOS,," 2024 MacBook Air ","13-INCH MACBOOK AIR; APPLE M2 CHIP WITH 8 CORE CPU, 16GB, 512GB",SN-QCZQKU,"Dec 12, 2024","Dec 11, 2027","  68,360.00 ","3,418.00",ACCF_TOLENTINO__MARIA_CLARA_AQUINO.pdf,PO# 4700001818,,Iridium Technologies Inc.,
05-01704,100416,100417,100417,08719094D04B,"MARQUEZ, KEVIN SANTOS",Deployed,January,2025,"Jan 17, 2025",Sr. Software Engineer,Technology Group,MacOS,," 2024 MacBook Air ","13-INCH MACBOOK AIR; APPLE M2 CHIP WITH 8 CORE CPU, 16GB, 512GB",SN-PLHUQ1,"Dec 12, 2024","Dec 11, 2027","  68,360.00 ","3,418.00",ACCF_MARQUEZ__KEVIN_SANTOS.pdf,PO# 4700001818,,Iridium Technologies Inc.,
05-03150,100417,100418,100418,087190694C35,"SALAZAR, GABRIEL AQUINO",Deployed,April,2025,"Apr 11, 2025",Solutions Designer,Technology Group,MacOS,," 2024 MacBook Air ","13-INCH MACBOOK AIR; APPLE M2 CHIP WITH 8 CORE CPU, 16GB, 512GB",SN-N51JKJ,"Dec 12, 2024","Dec 11, 2027","  68,360.00 ","3,418.00",ACCF_SALAZAR__GABRIEL_AQUINO.pdf,PO# 4700001818,"CASTRO, VINCENT FERNANDEZ",Iridium Technologies Inc.,
05-03080,100418,100419,100419,087190D1CC11,"LOPEZ, ANGELO SANTOS",Deployed,January,2025,"Jan 7, 2025",Jr. Application Support Specialist,Technology Group,MacOS,," 2024 MacBook Air ","13-INCH MACBOOK AIR; APPLE M2 CHIP WITH 8 CORE CPU, 16GB, 512GB",SN-0B5HD7,"Dec 12, 2024","Dec 11, 2027","  68,360.00 ","3,418.00",ACCF_LOPEZ__ANGELO_SANTOS.pdf,PO# 4700001818,,Iridium Technologies Inc.,
05-06939,100419,100420,100420,087190392A8A,"EVANGELISTA, ROCHELLE DELA CRUZ",Deployed,November,2025,"Nov 6, 2025",Software Engineer (Fullstack),Technology Group,MacOS,," 2024 MacBook Air ","13-INCH MACBOOK AIR; APPLE M2 CHIP WITH 8 CORE CPU, 16GB, 512GB",SN-7EP8D5,"Dec 12, 2024","Dec 11, 2027","  68,360.00 ","3,418.00",,PO# 4700001818,"JAVIER, JASMIN RIVERA",Iridium Technologies Inc.,
05-01726,100420,100421,100421,087190A1FAB3,"GUTIERREZ, MARIA CLARA DELA CRUZ",Deployed,January,2025,"Jan 8, 2025",Solutions Designer,Technology Group,MacOS,," 2024 MacBook Air ","13-INCH MACBOOK AIR; APPLE M2 CHIP WITH 8 CORE CPU, 16GB, 512GB",SN-U2Q8YZ,"Dec 12, 2024","Dec 11, 2027","  68,360.00 ","3,418.00",ACCF_GUTIERREZ__MARIA_CLARA_DELA_CRUZ.pdf,PO# 4700001818,,Iridium Technologies Inc.,
05-01817,100421,100422,100422,087190BE23E2,"MAGNO, RAFAEL BAUTISTA",Deployed,January,2025,"Jan 23, 2025",QA Engineer,Technology Group,MacOS,," 2024 MacBook Air ","13-INCH MACBOOK AIR; APPLE M2 CHIP WITH 8 CORE CPU, 16GB, 512GB",SN-FZC2G4,"Dec 12, 2024","Dec 11, 2027","  68,360.00 ","3,418.00",ACCF_MAGNO__RAFAEL_BAUTISTA.pdf,PO# 4700001818,,Iridium Technologies Inc.,
05-01817,100422,100423,100423,087190D524DD,"ESGUERRA, JUAN CARLOS DELA CRUZ",Deployed,January,2025,"Jan 10, 2025",QA Engineer,Technology Group,MacOS,," 2024 MacBook Air ","13-INCH MACBOOK AIR; APPLE M2 CHIP WITH 8 CORE CPU, 16GB, 512GB",SN-YEHQXS,"Dec 12, 2024","Dec 11, 2027","  68,360.00 ","3,418.00",ACCF_ESGUERRA__JUAN_CARLOS_DELA_CRUZ.pdf,PO# 4700001818,,Iridium Technologies Inc.,
05-03038,100423,100424,100424,0871900BF62D,"BAUTISTA, CHARLENE BAUTISTA",Deployed,May,2026,"May 7, 2026",Software Engineer,Technology Group,MacOS,," 2024 MacBook Air ","13-INCH MACBOOK AIR; APPLE M2 CHIP WITH 8 CORE CPU, 16GB, 512GB",SN-F50V2F,"Dec 12, 2024","Dec 11, 2027","  68,360.00 ","3,418.00",ACCF_BAUTISTA__CHARLENE_BAUTISTA.pdf,PO# 4700001818,"ESGUERRA, LOVELY TORRES",Iridium Technologies Inc.,
05-03171,100424,100425,100425,087190D8B449,"MORALES, JUAN CARLOS CRUZ",Deployed,July,2025,"Jul 11, 2025",Solutions Architect,Technology Group,MacOS,," 2024 MacBook Air ","13-INCH MACBOOK AIR; APPLE M2 CHIP WITH 8 CORE CPU, 16GB, 512GB",SN-E3H3T0,"Dec 12, 2024","Dec 11, 2027","  68,360.00 ","3,418.00",ACCF_MORALES__JUAN_CARLOS_CRUZ.pdf,PO# 4700001818,"MORALES, DANIEL JOSEPH DELA CRUZ",Iridium Technologies Inc.,
05-03193,100425,100426,100426,087190740E1E,"MENDOZA, ANGELA MAE RAMOS",Deployed,January,2026,"Jan 28, 2026",Sr. Software Engineer (Sr Dynamics 365 CE Technical Consultant),Technology Group,MacOS,," 2024 MacBook Air ","13-INCH MACBOOK AIR; APPLE M2 CHIP WITH 8 CORE CPU, 16GB, 512GB",SN-2BRWXB,"Dec 12, 2024","Dec 11, 2027","  68,360.00 ","3,418.00",ACCF_MENDOZA__ANGELA_MAE_RAMOS.pdf,PO# 4700001818,"FERNANDEZ, KATHERINE ROSE TORRES",Iridium Technologies Inc.,
05-03038,100426,100427,100427,087190CA9182,"GARCIA, CHARLENE FERNANDEZ",Deployed,January,2025,"Jan 10, 2025",Business Analyst,Technology Group,MacOS,," 2024 MacBook Air ","13-INCH MACBOOK AIR; APPLE M2 CHIP WITH 8 CORE CPU, 16GB, 512GB",SN-8BDSQ5,"Dec 12, 2024","Dec 11, 2027","  68,360.00 ","3,418.00",ACCF_GARCIA__CHARLENE_FERNANDEZ.pdf,PO# 4700001818,,Iridium Technologies Inc.,
05-01615,100427,100428,100428,087190E51465,"NATIVIDAD, MARCO AQUINO",Deployed,January,2025,"Jan 9, 2025",Sr. Software Engineer,Technology Group,MacOS,," 2024 MacBook Air ","13-INCH MACBOOK AIR; APPLE M2 CHIP WITH 8 CORE CPU, 16GB, 512GB",SN-KUFJK0,"Dec 12, 2024","Dec 11, 2027","  68,360.00 ","3,418.00",ACCF_NATIVIDAD__MARCO_AQUINO.pdf,PO# 4700001818,,Iridium Technologies Inc.,
05-01612,100428,100429,100429,08719034DB58,"MARQUEZ, FRANCIS AQUINO",Deployed,February,2025,"Feb 7, 2025",PHP Developer,Technology Group,MacOS,," 2024 MacBook Air ","13-INCH MACBOOK AIR; APPLE M2 CHIP WITH 8 CORE CPU, 16GB, 512GB",SN-VKB5C8,"Dec 12, 2024","Dec 11, 2027","  68,360.00 ","3,418.00",ACCF_MARQUEZ__FRANCIS_AQUINO.pdf,PO# 4700001818,,Iridium Technologies Inc.,
05-06947,100429,100430,100430,08719004670E,"CALDERON, ERIKA DELA CRUZ",Deployed,February,2026,"Feb 18, 2026",Project Manager,Client Based Globe,MacOS,," 2024 MacBook Air ","13-INCH MACBOOK AIR; APPLE M2 CHIP WITH 8 CORE CPU, 16GB, 512GB",SN-WJ3D6U,"Dec 12, 2024","Dec 11, 2027","  68,360.00 ","3,418.00",ACCF_CALDERON__ERIKA_DELA_CRUZ.pdf,PO# 4700001818,"VILLANUEVA, BIANCA CRUZ",Iridium Technologies Inc.,
05-03102,100430,100431,100431,0871902F43C2,"PASCUAL, JASMIN MENDOZA",Deployed,January,2025,"Jan 16, 2025",Technical Support Specialist,Technology Group,MacOS,," 2024 MacBook Air ","13-INCH MACBOOK AIR; APPLE M2 CHIP WITH 8 CORE CPU, 16GB, 512GB",SN-TJ00QD,"Dec 12, 2024","Dec 11, 2027","  68,360.00 ","3,418.00",ACCF_PASCUAL__JASMIN_MENDOZA.pdf,PO# 4700001818,,Iridium Technologies Inc.,
05-02471,100431,100432,100432,087190186D97,"MENDOZA, DENISE MERCADO",Deployed,January,2025,"Jan 16, 2025",Business Development Manager,Enterprise Solutions Group (ESG),MacOS,," 2024 MacBook Air ","13-INCH MACBOOK AIR; APPLE M2 CHIP WITH 8 CORE CPU, 16GB, 512GB",SN-0EL7Z0,"Dec 12, 2024","Dec 11, 2027","  68,360.00 ","3,418.00",ACCF_MENDOZA__DENISE_MERCADO.pdf,PO# 4700001818,,Iridium Technologies Inc.,
05-03191,100432,100433,100433,087190641E7B,"CALDERON, MARIA CLARA MENDOZA",Deployed,November,2025,"Nov 6, 2025",Jr. Application Support Specialist,Technology Group,MacOS,," 2024 MacBook Air ","13-INCH MACBOOK AIR; APPLE M2 CHIP WITH 8 CORE CPU, 16GB, 512GB",SN-1W5J6T,"Dec 12, 2024","Dec 11, 2027","  68,360.00 ","3,418.00",ACCF_CALDERON__MARIA_CLARA_MENDOZA.pdf,PO# 4700001818,"DAVID, MARIA CLARA AQUINO",Iridium Technologies Inc.,
05-04716,100433,100434,100434,08719034EC98,"DOMINGO, ALYSSA MARIE AQUINO",Deployed,January,2025,"Jan 16, 2025",Project Manager,Technology Group,MacOS,," 2024 MacBook Air ","13-INCH MACBOOK AIR; APPLE M2 CHIP WITH 8 CORE CPU, 16GB, 512GB",SN-HQ9Y8W,"Dec 12, 2024","Dec 11, 2027","  68,360.00 ","3,418.00",ACCF_DOMINGO__ALYSSA_MARIE_AQUINO.pdf,PO# 4700001818,,Iridium Technologies Inc.,
05-01816,100434,100435,100435,0871906F7019,"SANTOS, ROCHELLE AQUINO",Deployed,January,2025,"Jan 10, 2025",Sr. QA Engineer,Technology Group,MacOS,," 2024 MacBook Air ","13-INCH MACBOOK AIR; APPLE M2 CHIP WITH 8 CORE CPU, 16GB, 512GB",SN-J5WYB0,"Dec 12, 2024","Dec 11, 2027","  68,360.00 ","3,418.00",ACCF_SANTOS__ROCHELLE_AQUINO.pdf,PO# 4700001818,,Iridium Technologies Inc.,
05-03100,100435,100436,100436,0871905A9708,"MERCADO, BIANCA SANTOS",Deployed,January,2025,"Jan 6, 2025",Business Analyst,Technology Group,MacOS,," 2024 MacBook Air ","13-INCH MACBOOK AIR; APPLE M2 CHIP WITH 8 CORE CPU, 16GB, 512GB",SN-W546NB,"Dec 12, 2024","Dec 11, 2027","  68,360.00 ","3,418.00",ACCF_MERCADO__BIANCA_SANTOS.pdf,PO# 4700001818,,Iridium Technologies Inc.,
05-01120,100436,100437,100437,087190E694FE,"SANTOS, STEPHANIE MERCADO",Deployed,January,2025,"Jan 9, 2025",Project Manager,Technology Group,MacOS,," 2024 MacBook Air ","13-INCH MACBOOK AIR; APPLE M2 CHIP WITH 8 CORE CPU, 16GB, 512GB",SN-5Q6ESB,"Dec 12, 2024","Dec 11, 2027","  68,360.00 ","3,418.00",ACCF_SANTOS__STEPHANIE_MERCADO.pdf,PO# 4700001818,,Iridium Technologies Inc.,
05-02311,100437,100438,100438,08719073EDB1,"SORIANO, LOVELY LOPEZ",Deployed,January,2025,"Jan 6, 2025",Software Engineer,Technology Group,MacOS,," 2024 MacBook Air ","13-INCH MACBOOK AIR; APPLE M2 CHIP WITH 8 CORE CPU, 16GB, 512GB",SN-AQUGHB,"Dec 12, 2024","Dec 11, 2027","  68,360.00 ","3,418.00",ACCF_SORIANO__LOVELY_LOPEZ.pdf,PO# 4700001818,,Iridium Technologies Inc.,
05-02472,100438,100439,100439,0871902C7BCD,"FERNANDEZ, CARLO VILLANUEVA",Deployed,January,2025,"Jan 23, 2025",Jr. Software Engineer,Technology Group,MacOS,," 2024 MacBook Air ","13-INCH MACBOOK AIR; APPLE M2 CHIP WITH 8 CORE CPU, 16GB, 512GB",SN-8WFVM4,"Dec 12, 2024","Dec 11, 2027","  68,360.00 ","3,418.00",ACCF_FERNANDEZ__CARLO_VILLANUEVA.pdf,PO# 4700001818,,Iridium Technologies Inc.,
05-03912,100439,100440,100440,08719070539F,"MARQUEZ, ALYSSA MARIE DELA CRUZ",Deployed,January,2025,"Jan 9, 2025",CFO & COO,CFO & COO,MacOS,," 2024 MacBook Air ","13-INCH MACBOOK AIR; APPLE M2 CHIP WITH 8 CORE CPU, 16GB, 512GB",SN-GAXKJ2,"Dec 12, 2024","Dec 11, 2027","  68,360.00 ","3,418.00",ACCF_MARQUEZ__ALYSSA_MARIE_DELA_CRUZ.pdf,PO# 4700001818,,Iridium Technologies Inc.,
05-03106,100440,100441,100441,087190BF34D4,"HERNANDEZ, PAULO MIGUEL RAMOS",Spare for Deploy,May,2026,"May 14, 2026",Asset Management Specialist,Technology Group,MacOS,CAB-5E," 2024 MacBook Air ","13-INCH MACBOOK AIR; APPLE M2 CHIP WITH 8 CORE CPU, 16GB, 512GB",SN-CMT633,"Dec 12, 2024","Dec 11, 2027","  68,360.00 ","3,418.00",,PO# 4700001818,"TOLENTINO, ALEXANDER SANTOS",Iridium Technologies Inc.,
05-01616,100441,100442,100442,087190F75E50,"DOMINGO, ALYSSA MARIE CASTILLO",Deployed,April,2025,"Apr 11, 2025",Legal & Compliance,Legal & Compliance,MacOS,," 2024 MacBook Air ","13-INCH MACBOOK AIR; APPLE M2 CHIP WITH 8 CORE CPU, 16GB, 512GB",SN-PBQDNV,"Dec 12, 2024","Dec 11, 2027","  68,360.00 ","3,418.00",ACCF_DOMINGO__ALYSSA_MARIE_CASTILLO.pdf,PO# 4700001818,,Iridium Technologies Inc.,
05-03077,100442,100443,100443,087190AAE418,ALEXANDER CORPUZ,Deployed,July,2026,"May 4, 2025",Data Engineer,Client Based Globe,MacOS,," 2024 MacBook Air ","13-INCH MACBOOK AIR; APPLE M2 CHIP WITH 8 CORE CPU, 16GB, 512GB",SN-BFE8BC,"Dec 12, 2024","Dec 11, 2027","  68,360.00 ","3,418.00",,PO# 4700001818,"JAVIER, DOMINIC SANTOS",Iridium Technologies Inc.,
05-03212,100443,100444,100444,087190144BDB,"MANALANG, JASMIN FLORES",Deployed,April,2026,"Apr 24, 2026",Security Engineer,Client Based Globe,MacOS,," 2024 MacBook Air ","13-INCH MACBOOK AIR; APPLE M2 CHIP WITH 8 CORE CPU, 16GB, 512GB",SN-0BFJ3P,"Dec 12, 2024","Dec 11, 2027","  68,360.00 ","3,418.00",ACCF_MANALANG__JASMIN_FLORES.pdf,PO# 4700001818,"MIRANDA, KATHERINE ROSE GARCIA",Iridium Technologies Inc.,
05-03037,100444,100445,100445,087190F9FEE9,"MARQUEZ, JOSHUA TORRES",Deployed,February,2025,"Feb 20, 2025",Jr. Workforce Analyst,Talent Acquisition Group (TAG),MacOS,," 2024 MacBook Air ","13-INCH MACBOOK AIR; APPLE M2 CHIP WITH 8 CORE CPU, 16GB, 512GB",SN-NQTE3F,"Dec 12, 2024","Dec 11, 2027","  68,360.00 ","3,418.00",ACCF_MARQUEZ__JOSHUA_TORRES.pdf,PO# 4700001818,,Iridium Technologies Inc.,
05-03059,100445,100446,100446,0871909E828E,"RAMOS, CHRISTINE JOY CASTILLO",Deployed,February,2025,"Feb 4, 2025",Data Engineer,Technology Group,MacOS,," 2024 MacBook Air ","13-INCH MACBOOK AIR; APPLE M2 CHIP WITH 8 CORE CPU, 16GB, 512GB",SN-DCGDX1,"Dec 12, 2024","Dec 11, 2027","  68,360.00 ","3,418.00",ACCF_RAMOS__CHRISTINE_JOY_CASTILLO.pdf,PO# 4700001818,,Iridium Technologies Inc.,
05-01795,100446,100447,100447,087190641F7B,"CASTRO, MICHAEL ANGELO MERCADO",Deployed,April,2026,"Apr 6, 2026",Sr. Software Engineer,Technology Group,MacOS,," 2024 MacBook Air ","13-INCH MACBOOK AIR; APPLE M2 CHIP WITH 8 CORE CPU, 16GB, 512GB",SN-7KZ71T,"Dec 12, 2024","Dec 11, 2027","  68,360.00 ","3,418.00",,PO# 4700001818,"DOMINGO, MONIQUE MENDOZA",Iridium Technologies Inc.,
05-03056,100447,100448,100448,087190F7A9F5,"HERNANDEZ, MONIQUE CASTILLO",Deployed,February,2025,"Feb 7, 2025",L&OD Manager,Human Resources,MacOS,," 2024 MacBook Air ","13-INCH MACBOOK AIR; APPLE M2 CHIP WITH 8 CORE CPU, 16GB, 512GB",SN-K8BNGE,"Dec 12, 2024","Dec 11, 2027","  68,360.00 ","3,418.00",ACCF_HERNANDEZ__MONIQUE_CASTILLO.pdf,PO# 4700001818,,Iridium Technologies Inc.,
05-03126,100448,100449,100449,0871905718CB,"BERNARDO, PATRICIA ANNE RIVERA",Deployed,February,2025,"Feb 6, 2025",Jr. Recruiter,Talent Acquisition Group (TAG),MacOS,," 2024 MacBook Air ","13-INCH MACBOOK AIR; APPLE M2 CHIP WITH 8 CORE CPU, 16GB, 512GB",SN-JFGC6C,"Dec 12, 2024","Dec 11, 2027","  68,360.00 ","3,418.00",ACCF_BERNARDO__PATRICIA_ANNE_RIVERA.pdf,PO# 4700001818,,Iridium Technologies Inc.,
,100449,100450,100450,0871903DF4F2,,Spare for Deploy,,,,,,MacOS,," 2024 MacBook Air ","13-INCH MACBOOK AIR; APPLE M2 CHIP WITH 8 CORE CPU, 16GB, 512GB",SN-M4RQAX,"Dec 12, 2024","Dec 11, 2027","  68,360.00 ","3,418.00",,PO# 4700001818,"GONZALES, PAULO MIGUEL MERCADO",Iridium Technologies Inc.,
05-03082,100450,100451,100451,08719010F10E,"LOPEZ, DOMINIC CRUZ",Deployed,March,2025,"Mar 17, 2025",Service Delivery Manager,Technology Group,MacOS,," 2024 MacBook Air ","13-INCH MACBOOK AIR; APPLE M2 CHIP WITH 8 CORE CPU, 16GB, 512GB",SN-DXPL7V,"Dec 12, 2024","Dec 11, 2027","  68,360.00 ","3,418.00",ACCF_LOPEZ__DOMINIC_CRUZ.pdf,PO# 4700001818,,Iridium Technologies Inc.,
05-03190,100451,100452,100452,08719019E7C0,"SANTOS, BIANCA DELA CRUZ",for Repair,April,2026,"Apr 14, 2026",Credit and Collection/ Admin Assistant,Finance,MacOS,," 2024 MacBook Air ","13-INCH MACBOOK AIR; APPLE M2 CHIP WITH 8 CORE CPU, 16GB, 512GB",SN-ZPFDRC,"Dec 12, 2024","Dec 11, 2027","  68,360.00 ","3,418.00",ACCF_SANTOS__BIANCA_DELA_CRUZ.pdf,PO# 4700001818,"DEL ROSARIO, LOVELY TORRES",Iridium Technologies Inc.,
05-03912,100452,100453,100453,087190F91224,"GONZALES, RAFAEL AQUINO",Deployed,February,2025,"Feb 3, 2025",Accounting Manager,Finance,MacOS,," 2024 MacBook Air ","13-INCH MACBOOK AIR; APPLE M2 CHIP WITH 8 CORE CPU, 16GB, 512GB",SN-AF9VXN,"Dec 12, 2024","Dec 11, 2027","  68,360.00 ","3,418.00",ACCF_GONZALES__RAFAEL_AQUINO.pdf,PO# 4700001818,,Iridium Technologies Inc.,
05-03033,100453,100454,100454,087190D50084,"PASCUAL, MONIQUE DELA CRUZ",Deployed,February,2025,"Feb 6, 2025",Jr. Recruiter,Talent Acquisition Group (TAG),MacOS,," 2024 MacBook Air ","13-INCH MACBOOK AIR; APPLE M2 CHIP WITH 8 CORE CPU, 16GB, 512GB",SN-8ZPQ5R,"Dec 12, 2024","Dec 11, 2027","  68,360.00 ","3,418.00",ACCF_PASCUAL__MONIQUE_DELA_CRUZ.pdf,PO# 4700001818,,Iridium Technologies Inc.,
05-01075,100454,100455,100455,087190A666EF,"LAXAMANA, ADRIAN FLORES",Deployed,February,2025,"Feb 6, 2025",Marketing Manager,Office of the President,MacOS,," 2024 MacBook Air ","13-INCH MACBOOK AIR; APPLE M2 CHIP WITH 8 CORE CPU, 16GB, 512GB",SN-ZRHZZA,"Dec 12, 2024","Dec 11, 2027","  68,360.00 ","3,418.00",ACCF_LAXAMANA__ADRIAN_FLORES.pdf,PO# 4700001818,,Iridium Technologies Inc.,
05-06956,100455,100456,100456,087190342ABD,"ESGUERRA, PATRICIA ANNE RIVERA",Deployed,April,2026,"Apr 30, 2026",Section Editor,Client Based Globe,MacOS,," 2024 MacBook Air ","13-INCH MACBOOK AIR; APPLE M2 CHIP WITH 8 CORE CPU, 16GB, 512GB",SN-D4JPJA,"Dec 12, 2024","Dec 11, 2027","  68,360.00 ","3,418.00",ACCF_ESGUERRA__PATRICIA_ANNE_RIVERA.pdf,PO# 4700001818,"DAVID, CHRISTINE JOY MENDOZA",Iridium Technologies Inc.,
05-03167,100456,100457,100457,08719092B100,"DELA CRUZ, ALYSSA MARIE FLORES",Deployed,May,2025,"May 2, 2025",Application Support Specialist,Technology Group,MacOS,," 2024 MacBook Air ","13-INCH MACBOOK AIR; APPLE M2 CHIP WITH 8 CORE CPU, 16GB, 512GB",SN-F2RCSX,"Dec 12, 2024","Dec 11, 2027","  68,360.00 ","3,418.00",ACCF_DELA_CRUZ__ALYSSA_MARIE_FLORES.pdf,PO# 4700001818,,Iridium Technologies Inc.,
05-01095,100457,100458,100458,087190E01DED,"SERRANO, ALYSSA MARIE TORRES",Deployed,February,2025,"Feb 27, 2025",Program Manager,Technology Group,MacOS,," 2024 MacBook Air ","13-INCH MACBOOK AIR; APPLE M2 CHIP WITH 8 CORE CPU, 16GB, 512GB",SN-H6P51C,"Dec 12, 2024","Dec 11, 2027","  68,360.00 ","3,418.00",ACCF_SERRANO__ALYSSA_MARIE_TORRES.pdf,PO# 4700001818,,Iridium Technologies Inc.,
05-03129,100458,100459,100459,087190291013,"DEL ROSARIO, CHARLENE CRUZ",Deployed,March,2025,"Mar 4, 2025",Sr. Software Engineer,Technology Group,MacOS,," 2024 MacBook Air ","13-INCH MACBOOK AIR; APPLE M2 CHIP WITH 8 CORE CPU, 16GB, 512GB",SN-JVY56Z,"Dec 12, 2024","Dec 11, 2027","  68,360.00 ","3,418.00",ACCF_DEL_ROSARIO__CHARLENE_CRUZ.pdf,PO# 4700001818,,Iridium Technologies Inc.,
05-01096,100459,100460,100460,087190AC5B21,"NATIVIDAD, JOSHUA SANTOS",Deployed,February,2025,"Feb 7, 2025",C&B Lead,Human Resources,MacOS,," 2024 MacBook Air ","13-INCH MACBOOK AIR; APPLE M2 CHIP WITH 8 CORE CPU, 16GB, 512GB",SN-R7CCWT,"Dec 12, 2024","Dec 11, 2027","  68,360.00 ","3,418.00",ACCF_NATIVIDAD__JOSHUA_SANTOS.pdf,PO# 4700001818,,Iridium Technologies Inc.,
05-03912,100460,100461,100461,08719079AF57,"CORPUZ, CARLO MERCADO",Deployed,February,2025,"Feb 7, 2025",Sr. Accountant,Finance,MacOS,," 2024 MacBook Air ","13-INCH MACBOOK AIR; APPLE M2 CHIP WITH 8 CORE CPU, 16GB, 512GB",SN-PFGXF7,"Dec 12, 2024","Dec 11, 2027","  68,360.00 ","3,418.00",ACCF_CORPUZ__CARLO_MERCADO.pdf,PO# 4700001818,,Iridium Technologies Inc.,
05-02401,100461,100462,100462,08719011577A,"MARQUEZ, PAULO MIGUEL AQUINO",Deployed,February,2025,"Feb 6, 2025",Recruiter,Talent Acquisition Group (TAG),MacOS,," 2024 MacBook Air ","13-INCH MACBOOK AIR; APPLE M2 CHIP WITH 8 CORE CPU, 16GB, 512GB",SN-ZRUMEP,"Dec 12, 2024","Dec 11, 2027","  68,360.00 ","3,418.00",ACCF_MARQUEZ__PAULO_MIGUEL_AQUINO.pdf,PO# 4700001818,,Iridium Technologies Inc.,
05-02355,100462,100463,100463,087190F683AF,"AGUILAR, MARK ANTHONY RIVERA",Deployed,February,2025,"Feb 3, 2025",Sr. Project Manager,Technology Group,MacOS,," 2024 MacBook Air ","13-INCH MACBOOK AIR; APPLE M2 CHIP WITH 8 CORE CPU, 16GB, 512GB",SN-JRQV6M,"Dec 12, 2024","Dec 11, 2027","  68,360.00 ","3,418.00",ACCF_AGUILAR__MARK_ANTHONY_RIVERA.pdf,PO# 4700001818,,Iridium Technologies Inc.,
05-01814,100463,100464,100464,0871906E4FED,"NAVARRO, JOSHUA AQUINO",Deployed,February,2025,"Feb 14, 2025",Solutions Designer,Technology Group,MacOS,," 2024 MacBook Air ","13-INCH MACBOOK AIR; APPLE M2 CHIP WITH 8 CORE CPU, 16GB, 512GB",SN-0Y9WKC,"Dec 12, 2024","Dec 11, 2027","  68,360.00 ","3,418.00",ACCF_NAVARRO__JOSHUA_AQUINO.pdf,PO# 4700001818,,Iridium Technologies Inc.,
05-02383,100464,100465,100465,08719016BAA1,"ALCANTARA, MARK ANTHONY CRUZ",Deployed,March,2025,"Mar 11, 2025",Project Manager,Technology Group,MacOS,," 2024 MacBook Air ","13-INCH MACBOOK AIR; APPLE M2 CHIP WITH 8 CORE CPU, 16GB, 512GB",SN-CH6CDJ,"Dec 12, 2024","Dec 11, 2027","  68,360.00 ","3,418.00",ACCF_ALCANTARA__MARK_ANTHONY_CRUZ.pdf,PO# 4700001818,,Iridium Technologies Inc.,
05-03217,100465,100466,100466,087190E90260,"AQUINO, DANIEL JOSEPH FLORES",Deployed,July,2026,"Jul 6, 2026",Test Manager,Delivery Group,MacOS,," 2024 MacBook Air ","13-INCH MACBOOK AIR; APPLE M2 CHIP WITH 8 CORE CPU, 16GB, 512GB",SN-PSEKPP,"Dec 12, 2024","Dec 11, 2027","  68,360.00 ","3,418.00",,PO# 4700001818,"SANTOS, ERIKA AQUINO",Iridium Technologies Inc.,
05-02622,100466,100467,100467,087190CBEFF8,"AGUILAR, JASMIN TORRES",Deployed,February,2025,"Feb 12, 2025",Scrum Master,Technology Group,MacOS,," 2024 MacBook Air ","13-INCH MACBOOK AIR; APPLE M2 CHIP WITH 8 CORE CPU, 16GB, 512GB",SN-0329WW,"Dec 12, 2024","Dec 11, 2027","  68,360.00 ","3,418.00",ACCF_AGUILAR__JASMIN_TORRES.pdf,PO# 4700001818,,Iridium Technologies Inc.,
05-03038,100467,100468,100468,08719064FC03,"BERNARDO, PAULO MIGUEL DELA CRUZ",Deployed,April,2026,"Apr 10, 2026",Systems Engineer,Client Based Globe,MacOS,," 2024 MacBook Air ","13-INCH MACBOOK AIR; APPLE M2 CHIP WITH 8 CORE CPU, 16GB, 512GB",SN-MJXN8S,"Dec 12, 2024","Dec 11, 2027","  68,360.00 ","3,418.00",ACCF_BERNARDO__PAULO_MIGUEL_DELA_CRUZ.pdf,PO# 4700001818,"PADILLA, ANGELO RAMOS",Iridium Technologies Inc.,
05-03214,100468,100469,100469,08719094B425,"DEL ROSARIO, JEROME RAMOS",Deployed,June,2026,"Jun 19, 2026",Software Engineer (Fullstack),Client Based Globe,MacOS,," 2024 MacBook Air ","13-INCH MACBOOK AIR; APPLE M2 CHIP WITH 8 CORE CPU, 16GB, 512GB",SN-RBHDTR,"Dec 12, 2024","Dec 11, 2027","  68,360.00 ","3,418.00",,PO# 4700001818,"CASTRO, DANIEL JOSEPH MENDOZA",Iridium Technologies Inc.,
05-02380,100469,100470,100470,0871902EB7E4,"PANGANIBAN, MARIA CLARA MERCADO",Deployed,April,2025,"Apr 24, 2025",Command Center Operations Analyst,Technology Group,MacOS,," 2024 MacBook Air ","13-INCH MACBOOK AIR; APPLE M2 CHIP WITH 8 CORE CPU, 16GB, 512GB",SN-S6LFGF,"Dec 12, 2024","Dec 11, 2027","  68,360.00 ","3,418.00",ACCF_PANGANIBAN__MARIA_CLARA_MERCADO.pdf,PO# 4700001818,,Iridium Technologies Inc.,
05-01703,100470,100471,100471,08719001F2A1,"PANGANIBAN, MARIA CLARA TORRES",Deployed,June,2026,"Jun 29, 2026",Sr. Software Engineer,Technology Group,MacOS,CAB 2B," 2024 MacBook Air ","13-INCH MACBOOK AIR; APPLE M2 CHIP WITH 8 CORE CPU, 16GB, 512GB",SN-T6MUPP,"Dec 12, 2024","Dec 11, 2027","  68,360.00 ","3,418.00",,PO# 4700001818,"VILLANUEVA, PAULO MIGUEL FERNANDEZ",Iridium Technologies Inc.,
05-01096,100471,100472,100472,087190860BA3,"DAVID, JASMIN CASTILLO",Deployed,February,2025,"Feb 6, 2025",Sr. Learning and Development Specialist,Technology Group,MacOS,," 2024 MacBook Air ","13-INCH MACBOOK AIR; APPLE M2 CHIP WITH 8 CORE CPU, 16GB, 512GB",SN-BTQRA7,"Dec 12, 2024","Dec 11, 2027","  68,360.00 ","3,418.00",ACCF_DAVID__JASMIN_CASTILLO.pdf,PO# 4700001818,,Iridium Technologies Inc.,
05-03172,100472,100473,100473,08719076ACD4,"CORTEZ, CHRISTINE JOY RIVERA",Deployed,August,2025,"Aug 4, 2025",Accountant (Accounts Payable),Finance,MacOS,," 2024 MacBook Air ","13-INCH MACBOOK AIR; APPLE M2 CHIP WITH 8 CORE CPU, 16GB, 512GB",SN-AWZBV4,"Dec 12, 2024","Dec 11, 2027","  68,360.00 ","3,418.00",,PO# 4700001818,"CASTILLO, PATRICK OLIVER FERNANDEZ",Iridium Technologies Inc.,
05-01706,100473,100474,100474,087190380197,"FERNANDEZ, KENNETH RIVERA",Deployed,February,2025,"Feb 6, 2025",Accountant,Finance,MacOS,," 2024 MacBook Air ","13-INCH MACBOOK AIR; APPLE M2 CHIP WITH 8 CORE CPU, 16GB, 512GB",SN-UCGUPX,"Dec 12, 2024","Dec 11, 2027","  68,360.00 ","3,418.00",ACCF_FERNANDEZ__KENNETH_RIVERA.pdf,PO# 4700001818,,Iridium Technologies Inc.,
05-03171,100474,100475,100475,08719013DB50,"MARQUEZ, NICOLE MERCADO",Deployed,January,2025,"Jan 31, 2025",Technical Support Specialist,Technology Group,MacOS,," 2024 MacBook Air ","13-INCH MACBOOK AIR; APPLE M2 CHIP WITH 8 CORE CPU, 16GB, 512GB",SN-YNBVB4,"Dec 12, 2024","Dec 11, 2027","  68,360.00 ","3,418.00",ACCF_MARQUEZ__NICOLE_MERCADO.pdf,PO# 4700001818,,Iridium Technologies Inc.,
05-01092,100475,100476,100476,087190188C69,"SORIANO, STEPHANIE MENDOZA",Deployed,January,2026,"Jan 16, 2026",Network Administrator,Technology Group,MacOS,," 2024 MacBook Air ","13-INCH MACBOOK AIR; APPLE M2 CHIP WITH 8 CORE CPU, 16GB, 512GB",SN-W3TRQV,"Dec 12, 2024","Dec 11, 2027","  68,360.00 ","3,418.00",ACCF_SORIANO__STEPHANIE_MENDOZA.pdf,PO# 4700001818,,Iridium Technologies Inc.,
05-03146,100476,100477,100477,08719038318F,"MORALES, KATHERINE ROSE VILLANUEVA",Deployed,April,2025,"Apr 4, 2025",Solutions Designer,Technology Group,MacOS,," 2024 MacBook Air ","13-INCH MACBOOK AIR; APPLE M2 CHIP WITH 8 CORE CPU, 16GB, 512GB",SN-2TLGEG,"Dec 12, 2024","Dec 11, 2027","  68,360.00 ","3,418.00",ACCF_MORALES__KATHERINE_ROSE_VILLANUEVA.pdf,PO# 4700001818,"PADILLA, BIANCA LOPEZ",Iridium Technologies Inc.,
05-01661,100477,100478,100478,087190AEC7E7,"REYES, KATHERINE ROSE LOPEZ",Deployed,February,2025,"Feb 6, 2025",Sr. Recruiter,Talent Acquisition Group (TAG),MacOS,," 2024 MacBook Air ","13-INCH MACBOOK AIR; APPLE M2 CHIP WITH 8 CORE CPU, 16GB, 512GB",SN-MXKJ8B,"Dec 12, 2024","Dec 11, 2027","  68,360.00 ","3,418.00",ACCF_REYES__KATHERINE_ROSE_LOPEZ.pdf,PO# 4700001818,,Iridium Technologies Inc.,
05-03038,100478,100479,100479,0871909D83A6,"TORRES, DOMINIC SANTOS",Deployed,March,2025,"Mar 27, 2025",Learning Design and Development Specialist,Human Resources,MacOS,," 2024 MacBook Air ","13-INCH MACBOOK AIR; APPLE M2 CHIP WITH 8 CORE CPU, 16GB, 512GB",SN-13HF2Y,"Dec 12, 2024","Dec 11, 2027","  68,360.00 ","3,418.00",ACCF_TORRES__DOMINIC_SANTOS.pdf,PO# 4700001818,"OCAMPO, DIANNE SANTOS",Iridium Technologies Inc.,
05-02358,100479,100480,100480,0871904CDCC9,"FERNANDEZ, DENISE TORRES",Deployed,February,2025,"Feb 7, 2025",Sr. Business Analyst,Technology Group,MacOS,," 2024 MacBook Air ","13-INCH MACBOOK AIR; APPLE M2 CHIP WITH 8 CORE CPU, 16GB, 512GB",SN-7JXRAJ,"Dec 12, 2024","Dec 11, 2027","  68,360.00 ","3,418.00",ACCF_FERNANDEZ__DENISE_TORRES.pdf,PO# 4700001818,,Iridium Technologies Inc.,
05-01793,100480,100481,100481,0871907BB177,"TORRES, ADRIAN MERCADO",Deployed,February,2025,"Feb 6, 2025",Sr. Recruiter,Talent Acquisition Group (TAG),MacOS,," 2024 MacBook Air ","13-INCH MACBOOK AIR; APPLE M2 CHIP WITH 8 CORE CPU, 16GB, 512GB",SN-561XS0,"Dec 12, 2024","Dec 11, 2027","  68,360.00 ","3,418.00",ACCF_TORRES__ADRIAN_MERCADO.pdf,PO# 4700001818,,Iridium Technologies Inc.,
05-06889,100481,100482,100482,087190FF734C,"MAGNO, VINCENT MERCADO",Deployed,October,2025,"Oct 24, 2025",Software Engineer (Fullstack),Technology Group,MacOS,," 2024 MacBook Air ","13-INCH MACBOOK AIR; APPLE M2 CHIP WITH 8 CORE CPU, 16GB, 512GB",SN-DWR2LC,"Dec 12, 2024","Dec 11, 2027","  68,360.00 ","3,418.00",ACCF_MAGNO__VINCENT_MERCADO.pdf,PO# 4700001818,"CALDERON, STEPHANIE BAUTISTA",Iridium Technologies Inc.,
05-03940,100482,100483,100483,087190C7E7C2,"SALAZAR, NICOLE FERNANDEZ",Deployed,April,2025,"Apr 11, 2025",CEO,Office of the President,MacOS,," 2024 MacBook Air ","13-INCH MACBOOK AIR; APPLE M2 CHIP WITH 8 CORE CPU, 16GB, 512GB",SN-ZJG7ZW,"Dec 12, 2024","Dec 11, 2027","  68,360.00 ","3,418.00",ACCF_SALAZAR__NICOLE_FERNANDEZ.pdf,PO# 4700001818,"HERNANDEZ, PAULO MIGUEL RAMOS",Iridium Technologies Inc.,
05-03082,100483,100484,100484,0871909E885B,"LAXAMANA, JASMIN CRUZ",Deployed,June,2025,"Jun 27, 2025",Sr. Software Engineer,Technology Group,MacOS,," 2024 MacBook Air ","13-INCH MACBOOK AIR; APPLE M2 CHIP WITH 8 CORE CPU, 16GB, 512GB",SN-WG0JET,"Dec 12, 2024","Dec 11, 2027","  68,360.00 ","3,418.00",ACCF_LAXAMANA__JASMIN_CRUZ.pdf,PO# 4700001818,"MAGNO, JEROME FERNANDEZ",Iridium Technologies Inc.,
05-06886,100484,100485,100485,0871907CFC14,"RAMOS, KEVIN RIVERA",Deployed,August,2025,"Aug 7, 2025",Data Platform Engineer,Client Based Globe,MacOS,," 2024 MacBook Air ","13-INCH MACBOOK AIR; APPLE M2 CHIP WITH 8 CORE CPU, 16GB, 512GB",SN-HKY649,"Dec 12, 2024","Dec 11, 2027","  68,360.00 ","3,418.00",ACCF_RAMOS__KEVIN_RIVERA.pdf,PO# 4700001818,"AGUILAR, ANDREA GAIL DELA CRUZ",Iridium Technologies Inc.,
05-02448,100485,100486,100486,087190665B04,"GUTIERREZ, MICHAEL ANGELO FLORES",Deployed,February,2025,"Feb 27, 2025",Project Manager,Technology Group,MacOS,," 2024 MacBook Air ","13-INCH MACBOOK AIR; APPLE M2 CHIP WITH 8 CORE CPU, 16GB, 512GB",SN-4HDWTV,"Dec 12, 2024","Dec 11, 2027","  68,360.00 ","3,418.00",ACCF_GUTIERREZ__MICHAEL_ANGELO_FLORES.pdf,PO# 4700001818,,Iridium Technologies Inc.,
05-01051,100486,100487,100487,087190E17108,"ATIENZA, CAMILLE DELA CRUZ",Deployed,February,2025,"Feb 26, 2025",Cloud Solutions Architect,Technology Group,MacOS,," 2024 MacBook Air ","13-INCH MACBOOK AIR; APPLE M2 CHIP WITH 8 CORE CPU, 16GB, 512GB",SN-ETR0FX,"Dec 12, 2024","Dec 11, 2027","  68,360.00 ","3,418.00",ACCF_ATIENZA__CAMILLE_DELA_CRUZ.pdf,PO# 4700001818,,Iridium Technologies Inc.,
CON-00021,100487,100488,100488,087190B80655,"TOLENTINO, KATHERINE ROSE FLORES",Deployed,July,2026,"Jul 3, 2026",Consultant,Client Based Globe,MacOS,," 2024 MacBook Air ","13-INCH MACBOOK AIR; APPLE M2 CHIP WITH 8 CORE CPU, 16GB, 512GB",SN-VS4YHX,"Dec 12, 2024","Dec 11, 2027","  68,360.00 ","3,418.00",,PO# 4700001818,"CASTILLO, DIANNE CRUZ",Iridium Technologies Inc.,
05-03124,100488,100489,100489,087190E50366,"CALDERON, NICOLE VILLANUEVA",Deployed,February,2025,"Feb 11, 2025",Solutions Designer,Technology Group,MacOS,," 2024 MacBook Air ","13-INCH MACBOOK AIR; APPLE M2 CHIP WITH 8 CORE CPU, 16GB, 512GB",SN-2BC79Y,"Dec 12, 2024","Dec 11, 2027","  68,360.00 ","3,418.00",ACCF_CALDERON__NICOLE_VILLANUEVA.pdf,PO# 4700001818,,Iridium Technologies Inc.,
05-03195,100489,100490,100490,087190E300C3,"VILLANUEVA, ROCHELLE MENDOZA",Deployed,February,2026,"Feb 6, 2026",Business Analyst,Client Based Globe,MacOS,," 2024 MacBook Air ","13-INCH MACBOOK AIR; APPLE M2 CHIP WITH 8 CORE CPU, 16GB, 512GB",SN-F04ZR2,"Dec 12, 2024","Dec 11, 2027","  68,360.00 ","3,418.00",ACCF_VILLANUEVA__ROCHELLE_MENDOZA.pdf,PO# 4700001818,"HERNANDEZ, ALYSSA MARIE LOPEZ",Iridium Technologies Inc.,
05-02423,100490,100491,100491,0871900E4DF5,"LOPEZ, JEROME AQUINO",Deployed,February,2025,"Feb 13, 2025",Software Engineer,Technology Group,MacOS,," 2024 MacBook Air ","13-INCH MACBOOK AIR; APPLE M2 CHIP WITH 8 CORE CPU, 16GB, 512GB",SN-E1BHCV,"Dec 12, 2024","Dec 11, 2027","  68,360.00 ","3,418.00",ACCF_LOPEZ__JEROME_AQUINO.pdf,PO# 4700001818,,Iridium Technologies Inc.,
05-03172,100491,100492,100492,08719067D6CD,"TOLENTINO, JOSHUA AQUINO",Deployed,August,2025,"Aug 1, 2025",Business Analyst,Technology Group,MacOS,," 2024 MacBook Air ","13-INCH MACBOOK AIR; APPLE M2 CHIP WITH 8 CORE CPU, 16GB, 512GB",SN-3KP26X,"Dec 12, 2024","Dec 11, 2027","  68,360.00 ","3,418.00",,PO# 4700001818,"MERCADO, CHARLENE RIVERA",Iridium Technologies Inc.,
05-03124,100492,100493,100493,08719076083B,"MARQUEZ, MARCO MENDOZA",Deployed,February,2025,"Feb 13, 2025",Data Analyst,Technology Group,MacOS,," 2024 MacBook Air ","13-INCH MACBOOK AIR; APPLE M2 CHIP WITH 8 CORE CPU, 16GB, 512GB",SN-WYLGFX,"Dec 12, 2024","Dec 11, 2027","  68,360.00 ","3,418.00",ACCF_MARQUEZ__MARCO_MENDOZA.pdf,PO# 4700001818,,Iridium Technologies Inc.,
05-03124,100493,100494,100494,087190D2B799,"EVANGELISTA, ANGELA MAE MENDOZA",Deployed,February,2025,"Feb 11, 2025",Sr. Software Engineer,Technology Group,MacOS,," 2024 MacBook Air ","13-INCH MACBOOK AIR; APPLE M2 CHIP WITH 8 CORE CPU, 16GB, 512GB",SN-REPQWX,"Dec 12, 2024","Dec 11, 2027","  68,360.00 ","3,418.00",ACCF_EVANGELISTA__ANGELA_MAE_MENDOZA.pdf,PO# 4700001818,,Iridium Technologies Inc.,
05-02428,100494,100495,100495,087190082172,"MAGNO, DIANNE MERCADO",Deployed,February,2025,"Feb 12, 2025",Software Engineer,Technology Group,MacOS,," 2024 MacBook Air ","13-INCH MACBOOK AIR; APPLE M2 CHIP WITH 8 CORE CPU, 16GB, 512GB",SN-A3XWF9,"Dec 12, 2024","Dec 11, 2027","  68,360.00 ","3,418.00",ACCF_MAGNO__DIANNE_MERCADO.pdf,PO# 4700001818,,Iridium Technologies Inc.,
05-02513,100495,100496,100496,087190400DBB,"BAUTISTA, CHRISTIAN SANTOS",Deployed,February,2025,"Feb 13, 2025",Sr. Business Analyst,Technology Group,MacOS,," 2024 MacBook Air ","13-INCH MACBOOK AIR; APPLE M2 CHIP WITH 8 CORE CPU, 16GB, 512GB",SN-YGYFW2,"Dec 12, 2024","Dec 11, 2027","  68,360.00 ","3,418.00",ACCF_BAUTISTA__CHRISTIAN_SANTOS.pdf,PO# 4700001818,,Iridium Technologies Inc.,
,100496,100497,100497,0871902C51EC,,Spare for Deploy,,,,,,MacOS,," 2024 MacBook Air ","13-INCH MACBOOK AIR; APPLE M2 CHIP WITH 8 CORE CPU, 16GB, 512GB",SN-5P7BEW,"Dec 12, 2024","Dec 11, 2027","  68,360.00 ","3,418.00",,PO# 4700001818,"DELA CRUZ, DOMINIC CRUZ",Iridium Technologies Inc.,
05-04976,100497,100498,100498,087190697670,"REYES, SOFIA RIVERA",Deployed,February,2025,"Feb 10, 2025",Sr. Software Engineer (Back End),Technology Group,MacOS,," 2024 MacBook Air ","13-INCH MACBOOK AIR; APPLE M2 CHIP WITH 8 CORE CPU, 16GB, 512GB",SN-VS20YV,"Dec 12, 2024","Dec 11, 2027","  68,360.00 ","3,418.00",ACCF_REYES__SOFIA_RIVERA.pdf,PO# 4700001818,,Iridium Technologies Inc.,
05-03173,100498,100499,100499,0871903F6F36,"FLORES, JASMIN VILLANUEVA",Deployed,October,2025,"Oct 3, 2025",Sr. Software Engineer,Technology Group,MacOS,," 2024 MacBook Air ","13-INCH MACBOOK AIR; APPLE M2 CHIP WITH 8 CORE CPU, 16GB, 512GB",SN-93HYZJ,"Dec 12, 2024","Dec 11, 2027","  68,360.00 ","3,418.00",,PO# 4700001818,"MANALANG, KENNETH DELA CRUZ",Iridium Technologies Inc.,
05-06812,100499,100500,100500,0871908CE162,"ALCANTARA, VINCENT RIVERA",Deployed,February,2025,"Feb 21, 2025",QA Engineer,Technology Group,MacOS,," 2024 MacBook Air ","13-INCH MACBOOK AIR; APPLE M2 CHIP WITH 8 CORE CPU, 16GB, 512GB",SN-RC7BY9,"Dec 12, 2024","Dec 11, 2027","  68,360.00 ","3,418.00",ACCF_ALCANTARA__VINCENT_RIVERA.pdf,PO# 4700001818,,Iridium Technologies Inc.,
05-03057,100500,100501,100501,08719063DAA1,"ALCANTARA, KENNETH RIVERA",Deployed,February,2025,"Feb 13, 2025",NOC Engineer,Technology Group,MacOS,," 2024 MacBook Air ","13-INCH MACBOOK AIR; APPLE M2 CHIP WITH 8 CORE CPU, 16GB, 512GB",SN-CHDHZ7,"Dec 12, 2024","Dec 11, 2027","  68,360.00 ","3,418.00",ACCF_ALCANTARA__KENNETH_RIVERA.pdf,PO# 4700001818,,Iridium Technologies Inc.,
05-06940,100501,100502,100502,08719084D9C9,"GONZALES, PATRICK OLIVER BAUTISTA",Deployed,January,2026,"Jan 20, 2026",Sr. Software Engineer (Sr Dynamics 365 CE Technical Consultant),Technology Group,MacOS,," 2024 MacBook Air ","13-INCH MACBOOK AIR; APPLE M2 CHIP WITH 8 CORE CPU, 16GB, 512GB",SN-FUL6B8,"Dec 12, 2024","Dec 11, 2027","  68,360.00 ","3,418.00",ACCF_GONZALES__PATRICK_OLIVER_BAUTISTA.pdf,PO# 4700001818,"RAMOS, CARLO CASTILLO",Iridium Technologies Inc.,
05-03105,100502,100503,100503,087190182D8A,"HERNANDEZ, JEROME MERCADO",Deployed,February,2025,"Feb 6, 2025",Business Development Manager,Enterprise Solutions Group (ESG),MacOS,," 2024 MacBook Air ","13-INCH MACBOOK AIR; APPLE M2 CHIP WITH 8 CORE CPU, 16GB, 512GB",SN-88UBCH,"Dec 12, 2024","Dec 11, 2027","  68,360.00 ","3,418.00",ACCF_HERNANDEZ__JEROME_MERCADO.pdf,PO# 4700001818,,Iridium Technologies Inc.,
05-06810,100503,100504,100504,087190AB6527,"MANALANG, MARK ANTHONY RIVERA",Deployed,February,2025,"Feb 10, 2025",Data Operations Associate,Client Based Globe,MacOS,," 2024 MacBook Air ","13-INCH MACBOOK AIR; APPLE M2 CHIP WITH 8 CORE CPU, 16GB, 512GB",SN-XYLCHG,"Dec 12, 2024","Dec 11, 2027","  68,360.00 ","3,418.00",ACCF_MANALANG__MARK_ANTHONY_RIVERA.pdf,PO# 4700001818,,Iridium Technologies Inc.,
05-03167,100504,100505,100505,08719046B0E8,"PASCUAL, CHRISTINE JOY MERCADO",Deployed,April,2025,"Apr 11, 2025",Cloud Security Engineer,Technology Group,MacOS,," 2024 MacBook Air ","13-INCH MACBOOK AIR; APPLE M2 CHIP WITH 8 CORE CPU, 16GB, 512GB",SN-GVH3UY,"Dec 12, 2024","Dec 11, 2027","  68,360.00 ","3,418.00",ACCF_PASCUAL__CHRISTINE_JOY_MERCADO.pdf,PO# 4700001818,,Iridium Technologies Inc.,
05-03170,100505,100506,100506,087190E3BC7E,"CORTEZ, DENISE VILLANUEVA",Deployed,July,2025,"Jul 11, 2025",Solutions Architect,Technology Group,MacOS,," 2024 MacBook Air ","13-INCH MACBOOK AIR; APPLE M2 CHIP WITH 8 CORE CPU, 16GB, 512GB",SN-DRQBTX,"Dec 12, 2024","Dec 11, 2027","  68,360.00 ","3,418.00",,PO# 4700001818,"PANGANIBAN, ROCHELLE MENDOZA",Iridium Technologies Inc.,
05-03104,100506,100507,100507,087190F4B8F8,"MALABANAN, JEROME RAMOS",Deployed,February,2025,"Feb 12, 2025",Lead Penetration Tester,Technology Group,MacOS,," 2024 MacBook Air ","13-INCH MACBOOK AIR; APPLE M2 CHIP WITH 8 CORE CPU, 16GB, 512GB",SN-P2YDLV,"Dec 12, 2024","Dec 11, 2027","  68,360.00 ","3,418.00",ACCF_MALABANAN__JEROME_RAMOS.pdf,PO# 4700001818,,Iridium Technologies Inc.,
05-02450,100507,100508,100508,08719074EF52,"DEL ROSARIO, BEATRICE FLORES",Deployed,February,2025,"Feb 12, 2025",Jr. Software Engineer,Technology Group,MacOS,," 2024 MacBook Air ","13-INCH MACBOOK AIR; APPLE M2 CHIP WITH 8 CORE CPU, 16GB, 512GB",SN-G7Z603,"Dec 12, 2024","Dec 11, 2027","  68,360.00 ","3,418.00",ACCF_DEL_ROSARIO__BEATRICE_FLORES.pdf,PO# 4700001818,,Iridium Technologies Inc.,
05-02358,100508,100509,100509,087190DAE50C,"BAUTISTA, CAMILLE MENDOZA",Deployed,February,2025,"Feb 12, 2025",Software Engineer,Technology Group,MacOS,," 2024 MacBook Air ","13-INCH MACBOOK AIR; APPLE M2 CHIP WITH 8 CORE CPU, 16GB, 512GB",SN-48A10W,"Dec 12, 2024","Dec 11, 2027","  68,360.00 ","3,418.00",ACCF_BAUTISTA__CAMILLE_MENDOZA.pdf,PO# 4700001818,,Iridium Technologies Inc.,
05-03127,100509,100510,100510,087190B0BE8C,"ESGUERRA, JASMIN GARCIA",Deployed,June,2026,"Jun 8, 2026",Command Center Operations Analyst,Technology Group,MacOS,," 2024 MacBook Air ","13-INCH MACBOOK AIR; APPLE M2 CHIP WITH 8 CORE CPU, 16GB, 512GB",SN-JD0145,"Dec 12, 2024","Dec 11, 2027","  68,360.00 ","3,418.00",,PO# 4700001818,"CALDERON, DOMINIC SANTOS",Iridium Technologies Inc.,
05-03123,100510,100511,100511,0871901BC6E9,"CORPUZ, ROCHELLE VILLANUEVA",Deployed,February,2025,"Feb 13, 2025",Enterprise Architect,Technology Group,MacOS,," 2024 MacBook Air ","13-INCH MACBOOK AIR; APPLE M2 CHIP WITH 8 CORE CPU, 16GB, 512GB",SN-LL42G7,"Dec 12, 2024","Dec 11, 2027","  68,360.00 ","3,418.00",ACCF_CORPUZ__ROCHELLE_VILLANUEVA.pdf,PO# 4700001818,,Iridium Technologies Inc.,
05-02381,100511,100512,100512,087190E3D09D,"NATIVIDAD, JEROME RIVERA",Deployed,February,2025,"Feb 11, 2025",Software Engineer,Technology Group,MacOS,," 2024 MacBook Air ","13-INCH MACBOOK AIR; APPLE M2 CHIP WITH 8 CORE CPU, 16GB, 512GB",SN-E597D3,"Dec 12, 2024","Dec 11, 2027","  68,360.00 ","3,418.00",ACCF_NATIVIDAD__JEROME_RIVERA.pdf,PO# 4700001818,,Iridium Technologies Inc.,
05-03172,100512,100513,100513,087190DACE3F,"DELA CRUZ, KATRINA AQUINO",Deployed,July,2025,"Jul 29, 2025",Sr. Software Engineer (Fullstack),Technology Group,MacOS,," 2024 MacBook Air ","13-INCH MACBOOK AIR; APPLE M2 CHIP WITH 8 CORE CPU, 16GB, 512GB",SN-7ZRD8U,"Dec 12, 2024","Dec 11, 2027","  68,360.00 ","3,418.00",ACCF_DELA_CRUZ__KATRINA_AQUINO.pdf,PO# 4700001818,"AQUINO, FRANCIS TORRES",Iridium Technologies Inc.,
05-03105,100513,100514,100514,08719052B0B1,"PASCUAL, JOSHUA RIVERA",Deployed,February,2025,"Feb 11, 2025",Application Support Specialist,Technology Group,MacOS,," 2024 MacBook Air ","13-INCH MACBOOK AIR; APPLE M2 CHIP WITH 8 CORE CPU, 16GB, 512GB",SN-SJSCKC,"Dec 12, 2024","Dec 11, 2027","  68,360.00 ","3,418.00",ACCF_PASCUAL__JOSHUA_RIVERA.pdf,PO# 4700001818,,Iridium Technologies Inc.,
05-01683,100514,100515,100515,08719095898B,"AQUINO, DANIEL JOSEPH SANTOS",Deployed,February,2025,"Feb 14, 2025",Sr. Software Engineer,Technology Group,MacOS,," 2024 MacBook Air ","13-INCH MACBOOK AIR; APPLE M2 CHIP WITH 8 CORE CPU, 16GB, 512GB",SN-NAFTA7,"Dec 12, 2024","Dec 11, 2027","  68,360.00 ","3,418.00",ACCF_AQUINO__DANIEL_JOSEPH_SANTOS.pdf,PO# 4700001818,,Iridium Technologies Inc.,
05-03055,100515,100516,100516,087190E09044,"NATIVIDAD, PATRICK OLIVER SANTOS",Deployed,March,2025,"Mar 6, 2025",L2 Application Support Specialist,Technology Group,MacOS,," 2024 MacBook Air ","13-INCH MACBOOK AIR; APPLE M2 CHIP WITH 8 CORE CPU, 16GB, 512GB",SN-AKELSV,"Dec 12, 2024","Dec 11, 2027","  68,360.00 ","3,418.00",ACCF_NATIVIDAD__PATRICK_OLIVER_SANTOS.pdf,PO# 4700001818,,Iridium Technologies Inc.,
05-02479,100516,100517,100517,08719034769F,"CORTEZ, KENNETH RIVERA",Deployed,February,2025,"Feb 14, 2025",Sr. CMS Admin,Client Based Globe,MacOS,," 2024 MacBook Air ","13-INCH MACBOOK AIR; APPLE M2 CHIP WITH 8 CORE CPU, 16GB, 512GB",SN-N6ZRD2,"Dec 12, 2024","Dec 11, 2027","  68,360.00 ","3,418.00",ACCF_CORTEZ__KENNETH_RIVERA.pdf,PO# 4700001818,,Iridium Technologies Inc.,
05-03124,100517,100518,100518,0871907E1542,"PADILLA, CHARLENE MERCADO",Deployed,February,2025,"Feb 11, 2025",Sr. Software Engineer,Technology Group,MacOS,," 2024 MacBook Air ","13-INCH MACBOOK AIR; APPLE M2 CHIP WITH 8 CORE CPU, 16GB, 512GB",SN-3UC5Y3,"Dec 12, 2024","Dec 11, 2027","  68,360.00 ","3,418.00",ACCF_PADILLA__CHARLENE_MERCADO.pdf,PO# 4700001818,,Iridium Technologies Inc.,
05-01750,100518,100519,100519,087190C099CC,"ESGUERRA, JUAN CARLOS FERNANDEZ",Deployed,February,2025,"Feb 20, 2025",QA Engineer,Technology Group,MacOS,," 2024 MacBook Air ","13-INCH MACBOOK AIR; APPLE M2 CHIP WITH 8 CORE CPU, 16GB, 512GB",SN-F2Z8E5,"Dec 12, 2024","Dec 11, 2027","  68,360.00 ","3,418.00",ACCF_ESGUERRA__JUAN_CARLOS_FERNANDEZ.pdf,PO# 4700001818,,Iridium Technologies Inc.,
05-02450,100519,100520,100520,087190681D49,"DEL ROSARIO, CARLO FERNANDEZ",Deployed,March,2025,"Mar 25, 2025",Service Manager,Technology Group,MacOS,," 2024 MacBook Air ","13-INCH MACBOOK AIR; APPLE M2 CHIP WITH 8 CORE CPU, 16GB, 512GB",SN-Y2SB1F,"Dec 12, 2024","Dec 11, 2027","  68,360.00 ","3,418.00",,PO# 4700001818,,Iridium Technologies Inc.,
05-01730,100520,100521,100521,0871902CEC97,"BERNARDO, CARLO FLORES",Deployed,February,2025,"Mar 21, 2025",Solutions Architect,Technology Group,MacOS,," 2024 MacBook Air ","13-INCH MACBOOK AIR; APPLE M2 CHIP WITH 8 CORE CPU, 16GB, 512GB",SN-FC7FGZ,"Dec 12, 2024","Dec 11, 2027","  68,360.00 ","3,418.00",ACCF_BERNARDO__CARLO_FLORES.pdf,PO# 4700001818,,Iridium Technologies Inc.,
05-02383,100521,100522,100522,087190FC93E2,"REYES, KENNETH MERCADO",Deployed,February,2025,"Feb 24, 2025",Application Support Specialist,Technology Group,MacOS,," 2024 MacBook Air ","13-INCH MACBOOK AIR; APPLE M2 CHIP WITH 8 CORE CPU, 16GB, 512GB",SN-TP8JFC,"Dec 12, 2024","Dec 11, 2027","  68,360.00 ","3,418.00",ACCF_REYES__KENNETH_MERCADO.pdf,PO# 4700001818,,Iridium Technologies Inc.,
05-03196,100522,100523,100523,08719048ED47,"LOPEZ, ROCHELLE LOPEZ",Deployed,April,2026,"Apr 10, 2026",Service Desk Specialist,Technology Group,MacOS,," 2024 MacBook Air ","13-INCH MACBOOK AIR; APPLE M2 CHIP WITH 8 CORE CPU, 16GB, 512GB",SN-U9194L,"Dec 12, 2024","Dec 11, 2027","  68,360.00 ","3,418.00",ACCF_LOPEZ__ROCHELLE_LOPEZ.pdf,PO# 4700001818,"CASTRO, ALYSSA MARIE MENDOZA",Iridium Technologies Inc.,
05-02474,100523,100524,100524,08719005FEC1,"FRANCISCO, PAULO MIGUEL LOPEZ",Deployed,July,2025,"Jul 8, 2025",Software Engineer,Technology Group,MacOS,," 2024 MacBook Air ","13-INCH MACBOOK AIR; APPLE M2 CHIP WITH 8 CORE CPU, 16GB, 512GB",SN-6P1903,"Dec 12, 2024","Dec 11, 2027","  68,360.00 ","3,418.00",ACCF_FRANCISCO__PAULO_MIGUEL_LOPEZ.pdf,PO# 4700001818,,Iridium Technologies Inc.,
05-09855,100524,100525,100525,0871907591EC,"DE LEON, FRANCIS FERNANDEZ",Deployed,February,2025,"Feb 12, 2025",Capability Lead/Team Lead,Technology Group,MacOS,," 2024 MacBook Air ","13-INCH MACBOOK AIR; APPLE M2 CHIP WITH 8 CORE CPU, 16GB, 512GB",SN-7ACTBU,"Dec 12, 2024","Dec 11, 2027","  68,360.00 ","3,418.00",ACCF_DE_LEON__FRANCIS_FERNANDEZ.pdf,PO# 4700001818,,Iridium Technologies Inc.,
05-06956,100525,100526,100526,087190935B0B,"EVANGELISTA, KATRINA VILLANUEVA",Deployed,May,2026,"May 8, 2026",Machine Learning Operations Specialist (LLM),Client Based Globe,MacOS,," 2024 MacBook Air ","13-INCH MACBOOK AIR; APPLE M2 CHIP WITH 8 CORE CPU, 16GB, 512GB",SN-6332GL,"Dec 12, 2024","Dec 11, 2027","  68,360.00 ","3,418.00",ACCF_EVANGELISTA__KATRINA_VILLANUEVA.pdf,PO# 4700001818,"ILAGAN, FRANCIS RAMOS",Iridium Technologies Inc.,
,100526,100527,100527,0871904C0DA1,,Spare for Deploy,,,,,Technology Group,MacOS,," 2024 MacBook Air ","13-INCH MACBOOK AIR; APPLE M2 CHIP WITH 8 CORE CPU, 16GB, 512GB",SN-4JUB2U,"Dec 12, 2024","Dec 11, 2027","  68,360.00 ","3,418.00",,PO# 4700001818,"PASCUAL, MARK ANTHONY RIVERA",Iridium Technologies Inc.,
05-03106,100527,100528,100528,08719007124B,"FLORES, GABRIEL VILLANUEVA",Deployed,February,2025,"Feb 10, 2025",Sr. Software Engineer (Back End),Technology Group,MacOS,," 2024 MacBook Air ","13-INCH MACBOOK AIR; APPLE M2 CHIP WITH 8 CORE CPU, 16GB, 512GB",SN-UGB98W,"Dec 12, 2024","Dec 11, 2027","  68,360.00 ","3,418.00",ACCF_FLORES__GABRIEL_VILLANUEVA.pdf,PO# 4700001818,,Iridium Technologies Inc.,
05-03127,100528,100529,100529,0871903951A9,"LAXAMANA, SOFIA FLORES",Deployed,February,2025,"Feb 13, 2025",Command Center Operations Analyst,Technology Group,MacOS,," 2024 MacBook Air ","13-INCH MACBOOK AIR; APPLE M2 CHIP WITH 8 CORE CPU, 16GB, 512GB",SN-RDZ05Q,"Dec 12, 2024","Dec 11, 2027","  68,360.00 ","3,418.00",ACCF_LAXAMANA__SOFIA_FLORES.pdf,PO# 4700001818,,Iridium Technologies Inc.,
05-01093,100529,100530,100530,087190AAC79C,"GUTIERREZ, ANDREA GAIL CRUZ",Deployed,February,2025,"Feb 20, 2025",Solutions Sales Director,Technology Group,MacOS,," 2024 MacBook Air ","13-INCH MACBOOK AIR; APPLE M2 CHIP WITH 8 CORE CPU, 16GB, 512GB",SN-E7VTJ9,"Dec 12, 2024","Dec 11, 2027","  68,360.00 ","3,418.00",ACCF_GUTIERREZ__ANDREA_GAIL_CRUZ.pdf,PO# 4700001818,,Iridium Technologies Inc.,
05-06870,100530,100531,100531,087190864A7C,"FLORES, CHARLENE DELA CRUZ",Deployed,January,2025,"Jan 3, 2025",QA Lead,Technology Group,MacOS,," 2024 MacBook Pro","14-INCH MACBOOK PRO: APPLE M3 CHIP WITH 8 CORE CPU, 16GB, 512GB SSD",SN-HE5X9Y,"Dec 9, 2024","Dec 8, 2027","  108,150.00 ","10,815.00",ACCF_FLORES__CHARLENE_DELA_CRUZ.pdf,PO# 4700001818,,Iridium Technologies Inc.,
05-03195,100531,100532,100532,0871902439F9,"DAVID, KATRINA RAMOS",Deployed,February,2026,"Feb 6, 2026",Sr. Software Engineer - (Mobile Native IOS),Technology Group,MacOS,," 2024 MacBook Pro","14-INCH MACBOOK PRO: APPLE M3 CHIP WITH 8 CORE CPU, 16GB, 512GB SSD",SN-SFHL5U,"Dec 9, 2024","Dec 8, 2027","  108,150.00 ","10,815.00",ACCF_DAVID__KATRINA_RAMOS.pdf,PO# 4700001818,"DOMINGO, CARLO DELA CRUZ",Iridium Technologies Inc.,
05-06873,100532,100533,100533,0871903B24F8,"SORIANO, CARLO AQUINO",Deployed,July,2025,"Jul 4, 2025",QA Lead,Technology Group,MacOS,," 2024 MacBook Pro","14-INCH MACBOOK PRO: APPLE M3 CHIP WITH 8 CORE CPU, 16GB, 512GB SSD",SN-3J5NPV,"Dec 9, 2024","Dec 8, 2027","  108,150.00 ","10,815.00",ACCF_SORIANO__CARLO_AQUINO.pdf,PO# 4700001818,"TORRES, KATHERINE ROSE AQUINO",Iridium Technologies Inc.,
05-06956,100533,100534,100534,0871900ADA2F,"DAVID, DANIEL JOSEPH TORRES",Deployed,May,2026,"May 8, 2026",Software Engineer (FE/BE),Delivery Group,MacOS,," 2024 MacBook Pro","14-INCH MACBOOK PRO: APPLE M3 CHIP WITH 8 CORE CPU, 16GB, 512GB SSD",SN-VWSJUV,"Dec 9, 2024","Dec 8, 2027","  108,150.00 ","10,815.00",ACCF_DAVID__DANIEL_JOSEPH_TORRES.pdf,PO# 4700001818,"MARQUEZ, JEROME CASTILLO",Iridium Technologies Inc.,
05-09018,100534,100535,100535,087190E26D00,,Spare for Deploy,,,,,,MacOS,CAB 2C," 2024 MacBook Pro","14-INCH MACBOOK PRO: APPLE M3 CHIP WITH 8 CORE CPU, 16GB, 512GB SSD",SN-H58RJ6,"Dec 9, 2024","Dec 8, 2027","  108,150.00 ","10,815.00",,PO# 4700001818,"NATIVIDAD, FRANCIS RAMOS",Iridium Technologies Inc.,
05-01115,100535,100536,100536,087190ADF7C9,"CORTEZ, ANGELO RIVERA",Deployed,February,2025,"Feb 24, 2025",Sr. Software Engineer,Technology Group,MacOS,," 2024 MacBook Pro","14-INCH MACBOOK PRO: APPLE M3 CHIP WITH 8 CORE CPU, 16GB, 512GB SSD",SN-H0YMS1,"Dec 9, 2024","Dec 8, 2027","  108,150.00 ","10,815.00",ACCF_CORTEZ__ANGELO_RIVERA.pdf,PO# 4700001818,,Iridium Technologies Inc.,
05-05194,100536,100537,100537,08719007CB84,"CALDERON, JOHN PAUL RIVERA",Deployed,January,2025,"Jan 31, 2025",Software Engineer,Technology Group,MacOS,," 2024 MacBook Pro","14-INCH MACBOOK PRO: APPLE M3 CHIP WITH 8 CORE CPU, 16GB, 512GB SSD",SN-CLFJLR,"Dec 9, 2024","Dec 8, 2027","  108,150.00 ","10,815.00",ACCF_CALDERON__JOHN_PAUL_RIVERA.pdf,PO# 4700001818,,Iridium Technologies Inc.,
05-01775,100537,100538,100538,087190846A90,"MENDOZA, JUAN CARLOS FLORES",Deployed,January,2025,"Jan 16, 2025",Sr. Software Engineer,Technology Group,MacOS,," 2024 MacBook Pro","14-INCH MACBOOK PRO: APPLE M3 CHIP WITH 8 CORE CPU, 16GB, 512GB SSD",SN-H4MEZ5,"Dec 9, 2024","Dec 8, 2027","  108,150.00 ","10,815.00",ACCF_MENDOZA__JUAN_CARLOS_FLORES.pdf,PO# 4700001818,,Iridium Technologies Inc.,
05-03060,100538,100539,100539,08719096779E,"GARCIA, FRANCIS SANTOS",Deployed,January,2025,"Jan 24, 2025",Graphic Designer,Office of the President,MacOS,," 2024 MacBook Pro","14-INCH MACBOOK PRO: APPLE M3 CHIP WITH 8 CORE CPU, 16GB, 512GB SSD",SN-LC4TZ7,"Dec 9, 2024","Dec 8, 2027","  108,150.00 ","10,815.00",ACCF_GARCIA__FRANCIS_SANTOS.pdf,PO# 4700001818,,Iridium Technologies Inc.,
05-03215,100539,100540,100540,08719011718B,"EVANGELISTA, RAFAEL CASTILLO",Deployed,June,2026,"Jun 24, 2026",Sr. Software Engineer (Android Developer),Delivery Group,MacOS,," 2024 MacBook Pro","14-INCH MACBOOK PRO: APPLE M3 CHIP WITH 8 CORE CPU, 16GB, 512GB SSD",SN-SYV1EW,"Dec 9, 2024","Dec 8, 2027","  108,150.00 ","10,815.00",,PO# 4700001818,"FLORES, ALYSSA MARIE FLORES",Iridium Technologies Inc.,
05-06809,100540,100541,100541,087190D8B8A9,"MERCADO, ALEXANDER RAMOS",Deployed,March,2025,"Mar 7, 2025",Software Engineer,Client Based New Biz,MacOS,," 2024 MacBook Pro","14-INCH MACBOOK PRO: APPLE M3 CHIP WITH 8 CORE CPU, 16GB, 512GB SSD",SN-G9FRNZ,"Dec 9, 2024","Dec 8, 2027","  108,150.00 ","10,815.00",ACCF_MERCADO__ALEXANDER_RAMOS.pdf,PO# 4700001818,,Iridium Technologies Inc.,
05-06808,100541,100542,100542,087190E26CCF,"CRUZ, MICHAEL ANGELO AQUINO",Deployed,March,2025,"Mar 7, 2025",Software Engineer,Client Based New Biz,MacOS,," 2024 MacBook Pro","14-INCH MACBOOK PRO: APPLE M3 CHIP WITH 8 CORE CPU, 16GB, 512GB SSD",SN-WPDFSX,"Dec 9, 2024","Dec 8, 2027","  108,150.00 ","10,815.00",,PO# 4700001818,"MANALANG, ERIKA VILLANUEVA",Iridium Technologies Inc.,
05-03195,100542,100543,100543,087190E0296C,"BAUTISTA, ALEXANDER BAUTISTA",Deployed,March,2026,"Mar 7, 2025",Sr. Software Engineer (Fullstack NodeJS and ReactJS),Technology Group,MacOS,," 2024 MacBook Pro","14-INCH MACBOOK PRO: APPLE M3 CHIP WITH 8 CORE CPU, 16GB, 512GB SSD",SN-6YEAW8,"Dec 9, 2024","Dec 8, 2027","  108,150.00 ","10,815.00",ACCF_BAUTISTA__ALEXANDER_BAUTISTA.pdf,PO# 4700001818,"BAUTISTA, CHARLENE BAUTISTA",Iridium Technologies Inc.,
05-02517,100543,100544,100544,087190FE8B6C,"MALABANAN, FRANCIS SANTOS",Deployed,March,2025,"Mar 7, 2025",Software Engineer,Client Based New Biz,MacOS,," 2024 MacBook Pro","14-INCH MACBOOK PRO: APPLE M3 CHIP WITH 8 CORE CPU, 16GB, 512GB SSD",SN-HBM7LX,"Dec 9, 2024","Dec 8, 2027","  108,150.00 ","10,815.00",,PO# 4700001818,,Iridium Technologies Inc.,
05-02337,100544,100545,100545,087190FF9A24,"DAVID, JASMIN RIVERA",Deployed,March,2025,"Mar 7, 2025",Software Engineer,Client Based New Biz,MacOS,," 2024 MacBook Pro","14-INCH MACBOOK PRO: APPLE M3 CHIP WITH 8 CORE CPU, 16GB, 512GB SSD",SN-T44YX2,"Dec 9, 2024","Dec 8, 2027","  108,150.00 ","10,815.00",,PO# 4700001818,,Iridium Technologies Inc.,
05-03035,100545,100546,100546,087190D28FB0,"MENDOZA, MARIA CLARA VILLANUEVA",Deployed,March,2025,"Mar 7, 2025",Software Engineer,Client Based New Biz,MacOS,," 2024 MacBook Pro","14-INCH MACBOOK PRO: APPLE M3 CHIP WITH 8 CORE CPU, 16GB, 512GB SSD",SN-G8YSXX,"Dec 9, 2024","Dec 8, 2027","  108,150.00 ","10,815.00",ACCF_MENDOZA__MARIA_CLARA_VILLANUEVA.pdf,PO# 4700001818,,Iridium Technologies Inc.,
05-06875,100546,100547,100547,087190549FE3,"ALCANTARA, KATRINA FERNANDEZ",Deployed,April,2025,"Apr 7, 2025",Sr. Software Engineer (React Native),Client Based New Biz,MacOS,," 2024 MacBook Pro","14-INCH MACBOOK PRO: APPLE M3 CHIP WITH 8 CORE CPU, 16GB, 512GB SSD",SN-VG09E6,"Dec 9, 2024","Dec 8, 2027","  108,150.00 ","10,815.00",ACCF_ALCANTARA__KATRINA_FERNANDEZ.pdf,PO# 4700001818,,Iridium Technologies Inc.,
05-09790,100547,100548,100548,087190BAE16E,"TORRES, JASMIN CASTILLO",Deployed,March,2025,"Mar 26, 2025",Sr. Software Engineer,Technology Group,MacOS,," 2024 MacBook Pro","14-INCH MACBOOK PRO: APPLE M3 CHIP WITH 8 CORE CPU, 16GB, 512GB SSD",SN-2H4CU0,"Dec 9, 2024","Dec 8, 2027","  108,150.00 ","10,815.00",,PO# 4700001818,,Iridium Technologies Inc.,
,100548,100549,100549,087190154F05,,Spare for Deploy,,,,,,MacOS,," 2024 MacBook Pro","14-INCH MACBOOK PRO: APPLE M3 CHIP WITH 8 CORE CPU, 16GB, 512GB SSD",SN-Q9VC0M,"Dec 9, 2024","Dec 8, 2027","  108,150.00 ","10,815.00",,PO# 4700001818,"DOMINGO, GABRIEL RIVERA",Iridium Technologies Inc.,
05-06873,100549,100550,100550,087190FB7682,"CABRERA, KATHERINE ROSE MERCADO",Deployed,July,2025,"Jul 17, 2025",QA Lead,Technology Group,MacOS,," 2024 MacBook Pro","14-INCH MACBOOK PRO: APPLE M3 CHIP WITH 8 CORE CPU, 16GB, 512GB SSD",SN-289AWG,"Dec 10, 2024","Dec 9, 2027","  108,150.00 ","10,815.00",ACCF_CABRERA__KATHERINE_ROSE_MERCADO.pdf,PO# 4700001818,"PADILLA, CHARLENE VILLANUEVA",Iridium Technologies Inc.,
05-03106,100550,100551,100551,087190727862,"HERNANDEZ, PAULO MIGUEL RAMOS",Deployed,April,2025,"Apr 25, 2025",Asset Management Specialist,Technology Group,Windows,,LENOVO THINKPAD E14 i7," Lenovo E14, Gen 6, Ultra 7, 16GB RAM, 1TB SSD",PF-U2TK3Q,"Apr 2, 2025","Apr 2, 2028","  61,607.14 ","3,080.36",ACCF_HERNANDEZ__PAULO_MIGUEL_RAMOS.pdf,PO 4700001920,,MICRO PACIFIC TECHNOLIGIE,
05-06873,100551,100552,100552,087190EA20F0,"SERRANO, PAULO MIGUEL DELA CRUZ",Deployed,April,2025,"Apr 25, 2025",IT Asset Custodian,Technology Group,Windows,,LENOVO THINKPAD E14 i7," Lenovo E14, Gen 6, Ultra 7, 16GB RAM, 1TB SSD",PF-1QJPH9,"Apr 2, 2025","Apr 2, 2028","  61,607.14 ","3,080.36",ACCF_SERRANO__PAULO_MIGUEL_DELA_CRUZ.pdf,PO 4700001920,,MICRO PACIFIC TECHNOLIGIE,
05-02356,100552,100553,100553,087190F78F49,"PANGANIBAN, CHRISTINE JOY GARCIA",Deployed,July,2025,"Jul 4, 2025",Software Engineer,Technology Group,Windows,,LENOVO THINKPAD E14 i7," Lenovo E14, Gen 6, Ultra 7, 16GB RAM, 1TB SSD",PF-J5FT8K,"Apr 2, 2025","Apr 2, 2028","  61,607.14 ","3,080.36",ACCF_PANGANIBAN__CHRISTINE_JOY_GARCIA.pdf,PO 4700001920,,MICRO PACIFIC TECHNOLIGIE,
05-03106,100553,100554,100554,0871901C4BFF,"DEL ROSARIO, JOSHUA BAUTISTA",Deployed,April,2025,"Apr 25, 2025",Jr. Technical Support Specialist,Technology Group,Windows,,LENOVO THINKPAD E14 i7," Lenovo E14, Gen 6, Ultra 7, 16GB RAM, 1TB SSD",PF-JDALAA,"Apr 2, 2025","Apr 2, 2028","  61,607.14 ","3,080.36",ACCF_DEL_ROSARIO__JOSHUA_BAUTISTA.pdf,PO 4700001920,,MICRO PACIFIC TECHNOLIGIE,
05-03124,100554,100555,100555,087190AC9E48,"SALAZAR, MARCO CASTILLO",Deployed,April,2025,"Apr 25, 2025",Jr. Technical Support Specialist,Technology Group,Windows,,LENOVO THINKPAD E14 i7," Lenovo E14, Gen 6, Ultra 7, 16GB RAM, 1TB SSD",PF-BH4ZKE,"Apr 2, 2025","Apr 2, 2028","  61,607.14 ","3,080.36",,PO 4700001920,,MICRO PACIFIC TECHNOLIGIE,
05-03168,100555,100556,100556,087190BBCD1A,"ILAGAN, STEPHANIE CRUZ",Deployed,December,2025,"Dec 17, 2025",Penetration Tester,Technology Group,Windows,,LENOVO THINKPAD E14 i7," Lenovo E14, Gen 6, Ultra 7, 16GB RAM, 1TB SSD",PF-J6B6MB,"Apr 2, 2025","Apr 2, 2028","  61,607.14 ","3,080.36",ACCF_ILAGAN__STEPHANIE_CRUZ.pdf,PO 4700001920,,MICRO PACIFIC TECHNOLIGIE,
05-02356,100556,100557,100557,08719056B275,"DEL ROSARIO, ALEXANDER RAMOS",Deployed,April,2025,"Apr 25, 2025",Systems Administrator,Technology Group,Windows,,LENOVO THINKPAD E14 i7," Lenovo E14, Gen 6, Ultra 7, 16GB RAM, 1TB SSD",PF-3954BY,"Apr 2, 2025","Apr 2, 2028","  61,607.14 ","3,080.36",ACCF_DEL_ROSARIO__ALEXANDER_RAMOS.pdf,PO 4700001920,,MICRO PACIFIC TECHNOLIGIE,
05-05048,100557,100558,100558,0871907094A2,"BAUTISTA, PATRICIA ANNE TORRES",Deployed,April,2025,"Apr 25, 2025",Sr. Systems Administrator,Technology Group,Windows,,LENOVO THINKPAD E14 i7," Lenovo E14, Gen 6, Ultra 7, 16GB RAM, 1TB SSD",PF-WJ2BSA,"Apr 2, 2025","Apr 2, 2028","  61,607.14 ","3,080.36",,PO 4700001920,,MICRO PACIFIC TECHNOLIGIE,
05-03057,100558,100559,100559,087190B3AF4F,"ESGUERRA, CHRISTIAN RAMOS",For Repair,July,2025,"Jul 25, 2025",Jr. Technical Support Specialist,Technology Group,Windows,,LENOVO THINKPAD E14 i7," Lenovo E14, Gen 6, Ultra 7, 16GB RAM, 1TB SSD",PF-BDWC06,"Apr 2, 2025","Apr 2, 2028","  61,607.14 ","3,080.36",,PO 4700001920,,MICRO PACIFIC TECHNOLIGIE,
05-03193,100559,100560,100560,087190C029D2,"ESGUERRA, KEVIN VILLANUEVA",Deployed,February,2026,"Feb 6, 2026",Jr. Technical Support Specialist,Technology Group,Windows,,LENOVO THINKPAD E14 i7," Lenovo E14, Gen 6, Ultra 7, 16GB RAM, 1TB SSD",PF-0CXU39,"Apr 2, 2025","Apr 2, 2028","  61,607.14 ","3,080.36",ACCF_ESGUERRA__KEVIN_VILLANUEVA.pdf,PO 4700001920,"SORIANO, STEPHANIE MENDOZA",MICRO PACIFIC TECHNOLIGIE,
05-03150,100560,100561,100561,0871900D6653,"ILAGAN, MARIA CLARA DELA CRUZ",Deployed,April,2025,"Apr 4, 2025",Jr. Data Engineer,Technology Group,Windows,,LENOVO THINKPAD E14 i7," Lenovo E14, Gen 6, Ultra 7, 16GB RAM, 1TB SSD",PF-ZTH0X3,"Apr 2, 2025","Apr 2, 2028","  61,607.14 ","3,080.36",ACCF_ILAGAN__MARIA_CLARA_DELA_CRUZ.pdf,PO 4700001920,,MICRO PACIFIC TECHNOLIGIE,
05-03151,100561,100562,100562,08719027E688,"CASTILLO, CAMILLE TORRES",Deployed,April,2025,"Apr 4, 2025",Business Analyst,Technology Group,Windows,,LENOVO THINKPAD E14 i7," Lenovo E14, Gen 6, Ultra 7, 16GB RAM, 1TB SSD",PF-LDLJJK,"Apr 2, 2025","Apr 2, 2028","  61,607.14 ","3,080.36",,PO 4700001920,,MICRO PACIFIC TECHNOLIGIE,
05-06941,100562,100563,100563,08719059BEF2,"CORPUZ, RAFAEL BAUTISTA",Deployed,December,2025,"Dec 12, 2025",Jr. Application Support Specialist (Linguist),Client Based New Biz,Windows,,LENOVO THINKPAD E14 i7," Lenovo E14, Gen 6, Ultra 7, 16GB RAM, 1TB SSD",PF-YUQPM4,"Apr 2, 2025","Apr 2, 2028","  61,607.14 ","3,080.36",ACCF_CORPUZ__RAFAEL_BAUTISTA.pdf,PO 4700001920,"TORRES, JASMIN MERCADO",MICRO PACIFIC TECHNOLIGIE,
05-01617,100563,100564,100564,087190B4DBB1,"ILAGAN, ALYSSA MARIE DELA CRUZ",Deployed,October,2025,"Oct 30, 2025",Sr. QA Engineer,Technology Group,Windows,,LENOVO THINKPAD E14 i7," Lenovo E14, Gen 6, Ultra 7, 16GB RAM, 1TB SSD",PF-8N3A0Q,"Apr 2, 2025","Apr 2, 2028","  61,607.14 ","3,080.36",,PO 4700001920,"SALAZAR, CARLO CASTILLO",MICRO PACIFIC TECHNOLIGIE,
05-06875,100564,100565,100565,0871900F5957,"GARCIA, MARIA CLARA AQUINO",Deployed,April,2025,"Apr 11, 2025",Sr. Cloud Operations Specialist,Technology Group,Windows,,LENOVO THINKPAD E14 i7," Lenovo E14, Gen 6, Ultra 7, 16GB RAM, 1TB SSD",PF-L5BKU6,"Apr 2, 2025","Apr 2, 2028","  61,607.14 ","3,080.36",,PO 4700001920,,MICRO PACIFIC TECHNOLIGIE,
05-06943,100565,100566,100566,0871901D2DF6,"DEL ROSARIO, CHARLENE LOPEZ",Deployed,January,2026,"Jan 16, 2026",Application Support Specialist (Linguist),Client Based New Biz,Windows,,LENOVO THINKPAD E14 i7," Lenovo E14, Gen 6, Ultra 7, 16GB RAM, 1TB SSD",PF-J47VA0,"Apr 2, 2025","Apr 2, 2028","  61,607.14 ","3,080.36",ACCF_DEL_ROSARIO__CHARLENE_LOPEZ.pdf,PO 4700001920,"PASCUAL, GABRIEL FLORES",MICRO PACIFIC TECHNOLIGIE,
05-03193,100566,100567,100567,087190CAEC8B,"MARQUEZ, CAMILLE FERNANDEZ",Deployed,January,2026,"Jan 9, 2026",Penetration Tester,Technology Group,Windows,,LENOVO THINKPAD E14 i7," Lenovo E14, Gen 6, Ultra 7, 16GB RAM, 1TB SSD",PF-KRJBRM,"Apr 2, 2025","Apr 2, 2028","  61,607.14 ","3,080.36",,PO 4700001920,"PANGANIBAN, BIANCA FERNANDEZ",MICRO PACIFIC TECHNOLIGIE,
05-01706,100567,100568,100568,0871903D03B4,"DE LEON, DANIEL JOSEPH VILLANUEVA",Deployed,May,2025,"May 14, 2025",SOC Manager,Technology Group,Windows,,LENOVO THINKPAD E14 i7," Lenovo E14, Gen 6, Ultra 7, 16GB RAM, 1TB SSD",PF-18GVVB,"Apr 2, 2025","Apr 2, 2028","  61,607.14 ","3,080.36",,PO 4700001920,,MICRO PACIFIC TECHNOLIGIE,
05-06956,100568,100569,100569,087190787407,"SALAZAR, VINCENT MENDOZA",Deployed,April,2026,"Apr 24, 2026",Automation Engineer,Delivery Group,Windows,,LENOVO THINKPAD E14 i7," Lenovo E14, Gen 6, Ultra 7, 16GB RAM, 1TB SSD",PF-SCYW8G,"Apr 2, 2025","Apr 2, 2028","  61,607.14 ","3,080.36",,PO 4700001920,"DELA CRUZ, ANGELA MAE BAUTISTA",MICRO PACIFIC TECHNOLIGIE,
05-06878,100569,100570,100570,087190B5C56C,"GONZALES, KATHERINE ROSE MENDOZA",Deployed,April,2025,"Apr 21, 2025",Sr. Data Insights Analyst,Client Based Globe,Windows,,LENOVO THINKPAD E14 i7," Lenovo E14, Gen 6, Ultra 7, 16GB RAM, 1TB SSD",PF-JDDXD6,"Apr 2, 2025","Apr 2, 2028","  61,607.14 ","3,080.36",ACCF_GONZALES__KATHERINE_ROSE_MENDOZA.pdf,PO 4700001920,,MICRO PACIFIC TECHNOLIGIE,
05-06954,100570,100571,100571,0871901A6855,"ALCANTARA, ALYSSA MARIE RAMOS",Deployed,April,2026,"Apr 10, 2026",Application Support Specialist,Technology Group,Windows,,LENOVO THINKPAD E14 i7," Lenovo E14, Gen 6, Ultra 7, 16GB RAM, 1TB SSD",PF-KKGAAP,"Apr 2, 2025","Apr 2, 2028","  61,607.14 ","3,080.36",ACCF_ALCANTARA__ALYSSA_MARIE_RAMOS.pdf,PO 4700001920,"AGUILAR, KATHERINE ROSE DELA CRUZ",MICRO PACIFIC TECHNOLIGIE,
05-03168,100571,100572,100572,0871900541FD,"DAVID, LOVELY CASTILLO",Deployed,April,2025,"Apr 25, 2025",DevOps Engineer,Technology Group,Windows,,LENOVO THINKPAD E14 i7,"LENOVO E14, GEN 6, ULTRA 7, 16GB RAM, 1TB SSD",PF-LS7T4H,"Apr 2, 2025","Apr 2, 2028","  61,607.14 ","3,080.36",ACCF_DAVID__LOVELY_CASTILLO.pdf,PO 4700001920,,MICRO PACIFIC TECHNOLIGIE,
05-01819,100572,100573,100573,08719080BBF6,"GUTIERREZ, DANIEL JOSEPH CRUZ",Deployed,May,2025,"May 28, 2025",Sr. Systems Analyst,Technology Group,Windows,,LENOVO THINKPAD E14 i7,"LENOVO E14, GEN 6, ULTRA 7, 16GB RAM, 1TB SSD",PF-CTUVF8,"Apr 2, 2025","Apr 2, 2028","  61,607.14 ","3,080.36",,PO 4700001920,,MICRO PACIFIC TECHNOLIGIE,
05-02468,100573,100574,100574,087190EDC8AB,"CORPUZ, ROCHELLE RAMOS",Deployed,May,2025,"May 21, 2025",Systems Analyst,Technology Group,Windows,,LENOVO THINKPAD E14 i7,"LENOVO E14, GEN 6, ULTRA 7, 16GB RAM, 1TB SSD",PF-CMR6WK,"Apr 2, 2025","Apr 2, 2028","  61,607.14 ","3,080.36",,PO 4700001920,,MICRO PACIFIC TECHNOLIGIE,
05-06880,100574,100575,100575,087190500075,"NATIVIDAD, BIANCA RAMOS",Deployed,April,2025,"Apr 25, 2025",Senior Data Engineer,Technology Group,Windows,,LENOVO THINKPAD E14 i7,"LENOVO E14, GEN 6, ULTRA 7, 16GB RAM, 1TB SSD",PF-81XGW9,"Apr 2, 2025","Apr 2, 2028","  61,607.14 ","3,080.36",ACCF_NATIVIDAD__BIANCA_RAMOS.pdf,PO 4700001920,,MICRO PACIFIC TECHNOLIGIE,
05-01797,100575,100576,100576,087190B97E43,"DAVID, SOFIA CASTILLO",Deployed,May,2025,"May 14, 2025",Systems Analyst,Technology Group,Windows,,LENOVO THINKPAD E14 i7,"LENOVO E14, GEN 6, ULTRA 7, 16GB RAM, 1TB SSD",PF-RVJ6NK,"Apr 2, 2025","Apr 2, 2028","  61,607.14 ","3,080.36",,PO 4700001920,,MICRO PACIFIC TECHNOLIGIE,
05-01813,100576,100577,100577,0871901CF511,"CABRERA, MICHAEL ANGELO CRUZ",Deployed,May,2025,"May 14, 2025",Systems Analyst,Technology Group,Windows,,LENOVO THINKPAD E14 i7,"LENOVO E14, GEN 6, ULTRA 7, 16GB RAM, 1TB SSD",PF-X8XDQR,"Apr 2, 2025","Apr 2, 2028","  61,607.14 ","3,080.36",,PO 4700001920,,MICRO PACIFIC TECHNOLIGIE,
05-02468,100577,100578,100578,087190B53EB8,"CABRERA, CHRISTINE JOY MENDOZA",Deployed,August,2025,"May 20, 2025",Sr. Systems Analyst,Technology Group,Windows,,LENOVO THINKPAD E14 i7,"LENOVO E14, GEN 6, ULTRA 7, 16GB RAM, 1TB SSD",PF-JVKBX3,"Apr 2, 2025","Apr 2, 2028","  61,607.14 ","3,080.36",,PO 4700001920,,MICRO PACIFIC TECHNOLIGIE,
05-01094,100578,100579,100579,08719083D686,"GUTIERREZ, KEVIN FLORES",Deployed,August,2025,"Aug 1, 2025",Financial Reporting and Tax Lead,Finance,Windows,,LENOVO THINKPAD E14 i7,"LENOVO E14, GEN 6, ULTRA 7, 16GB RAM, 1TB SSD",PF-CEESAB,"Apr 2, 2025","Apr 2, 2028","  61,607.14 ","3,080.36",ACCF_GUTIERREZ__KEVIN_FLORES.pdf,PO 4700001920,,MICRO PACIFIC TECHNOLIGIE,
05-02474,100579,100580,100580,0871903B86BD,"OCAMPO, JOSHUA AQUINO",Deployed,November,2025,"Nov 7, 2025",Systems Analyst,Technology Group,Windows,,LENOVO THINKPAD E14 i7,"LENOVO E14, GEN 6, ULTRA 7, 16GB RAM, 1TB SSD",PF-KM7RP1,"Apr 2, 2025","Apr 2, 2028","  61,607.14 ","3,080.36",,PO 4700001920,,MICRO PACIFIC TECHNOLIGIE,
05-03126,100580,100581,100581,087190B45DB1,"DE LEON, FRANCIS BAUTISTA",Deployed,November,2025,"Nov 4, 2025",Jr. QA Engineer,Technology Group,Windows,,LENOVO THINKPAD E14 i7,"LENOVO E14, GEN 6, ULTRA 7, 16GB RAM, 1TB SSD",PF-88JCNC,"Apr 2, 2025","Apr 2, 2028","  61,607.14 ","3,080.36",,PO 4700001920,,MICRO PACIFIC TECHNOLIGIE,
05-01815,100581,100582,100582,08719059FF2E,"MIRANDA, GABRIEL CRUZ",Deployed,May,2025,"May 20, 2025",Systems Analyst,Technology Group,Windows,,LENOVO THINKPAD E14 i7,"LENOVO E14, GEN 6, ULTRA 7, 16GB RAM, 1TB SSD",PF-8F67QD,"Apr 2, 2025","Apr 2, 2028","  61,607.14 ","3,080.36",,PO 4700001920,,MICRO PACIFIC TECHNOLIGIE,
05-01819,100582,100583,100583,087190638CAB,"FERNANDEZ, RAFAEL TORRES",Deployed,May,2025,"May 20, 2025",Systems Analyst,Technology Group,Windows,,LENOVO THINKPAD E14 i7,"LENOVO E14, GEN 6, ULTRA 7, 16GB RAM, 1TB SSD",PF-16S7JV,"Apr 2, 2025","Apr 2, 2028","  61,607.14 ","3,080.36",,PO 4700001920,,MICRO PACIFIC TECHNOLIGIE,
05-01819,100583,100584,100584,087190B66743,"MERCADO, JOSHUA CRUZ",Deployed,May,2025,"May 20, 2025",Systems Analyst,Technology Group,Windows,,LENOVO THINKPAD E14 i7,"LENOVO E14, GEN 6, ULTRA 7, 16GB RAM, 1TB SSD",PF-C02E7B,"Apr 2, 2025","Apr 2, 2028","  61,607.14 ","3,080.36",,PO 4700001920,,MICRO PACIFIC TECHNOLIGIE,
05-02315,100584,100585,100585,087190652357,"BERNARDO, FRANCIS BAUTISTA",Deployed,May,2025,"May 20, 2025",Systems Analyst,Technology Group,Windows,,LENOVO THINKPAD E14 i7,"LENOVO E14, GEN 6, ULTRA 7, 16GB RAM, 1TB SSD",PF-0RZVM1,"Apr 2, 2025","Apr 2, 2028","  61,607.14 ","3,080.36",,PO 4700001920,,MICRO PACIFIC TECHNOLIGIE,
05-01816,100585,100586,100586,087190F2CED6,"TOLENTINO, ANGELO FLORES",Deployed,May,2025,"May 19, 2025",Systems Analyst,Technology Group,Windows,,LENOVO THINKPAD E14 i7,"LENOVO E14, GEN 6, ULTRA 7, 16GB RAM, 1TB SSD",PF-SQK5UE,"Apr 2, 2025","Apr 2, 2028","  61,607.14 ","3,080.36",,PO 4700001920,,MICRO PACIFIC TECHNOLIGIE,
05-07431,100586,100587,100587,087190D34097,"SERRANO, FRANCIS AQUINO",Deployed,May,2026,"May 11, 2026",QA Engineer,Technology Group,Windows,,LENOVO THINKPAD E14 i7,"LENOVO E14, GEN 6, ULTRA 7, 16GB RAM, 1TB SSD",PF-JB6ATM,"Apr 2, 2025","Apr 2, 2028","  61,607.14 ","3,080.36",,PO 4700001920,"LAXAMANA, KATHERINE ROSE FERNANDEZ",MICRO PACIFIC TECHNOLIGIE,
05-06941,100587,100588,100588,087190325254,"MENDOZA, CHARLENE AQUINO",Deployed,December,2025,"Dec 12, 2025",Jr. Application Support Specialist (Linguist),Client Based New Biz,Windows,,LENOVO THINKPAD E14 i7,"LENOVO E14, GEN 6, ULTRA 7, 16GB RAM, 1TB SSD",PF-F5AT1B,"Apr 2, 2025","Apr 2, 2028","  61,607.14 ","3,080.36",ACCF_MENDOZA__CHARLENE_AQUINO.pdf,PO 4700001920,,MICRO PACIFIC TECHNOLIGIE,
05-02313,100588,100589,100589,087190D9BEBB,"GARCIA, CAMILLE LOPEZ",Deployed,May,2025,"May 19, 2025",Systems Analyst,Technology Group,Windows,,LENOVO THINKPAD E14 i7,"LENOVO E14, GEN 6, ULTRA 7, 16GB RAM, 1TB SSD",PF-ZB33DX,"Apr 2, 2025","Apr 2, 2028","  61,607.14 ","3,080.36",,PO 4700001920,,MICRO PACIFIC TECHNOLIGIE,
05-01816,100589,100590,100590,0871906587D8,"ESGUERRA, VINCENT LOPEZ",Deployed,May,2025,"May 19, 2025",Systems Analyst,Technology Group,Windows,,LENOVO THINKPAD E14 i7,"LENOVO E14, GEN 6, ULTRA 7, 16GB RAM, 1TB SSD",PF-1U9TH9,"Apr 2, 2025","Apr 2, 2028","  61,607.14 ","3,080.36",,PO 4700001920,,MICRO PACIFIC TECHNOLIGIE,
05-01794,100590,100591,100591,0871909C3785,"RAMOS, GABRIEL CASTILLO",Deployed,May,2025,"May 19, 2025",Systems Analyst,Technology Group,Windows,,LENOVO THINKPAD E14 i7,"LENOVO E14, GEN 6, ULTRA 7, 16GB RAM, 1TB SSD",PF-JTQ96E,"Apr 2, 2025","Apr 2, 2028","  61,607.14 ","3,080.36",,PO 4700001920,,MICRO PACIFIC TECHNOLIGIE,
05-06943,100591,100592,100592,08719018F130,"ALCANTARA, ANGELO MENDOZA",Deployed,January,2026,"Jan 9, 2026",Application Support Specialist (Linguist),Client Based New Biz,Windows,,LENOVO THINKPAD E14 i7,"LENOVO E14, GEN 6, ULTRA 7, 16GB RAM, 1TB SSD",PF-9F7KP2,"Apr 2, 2025","Apr 2, 2028","  61,607.14 ","3,080.36",ACCF_ALCANTARA__ANGELO_MENDOZA.pdf,PO 4700001920,"MARQUEZ, ADRIAN TORRES",MICRO PACIFIC TECHNOLIGIE,
05-02451,100592,100593,100593,0871906CD348,"EVANGELISTA, ERIKA BAUTISTA",Deployed,May,2025,"May 29, 2025",Support Engineer,Technology Group,Windows,,LENOVO THINKPAD E14 i7,"LENOVO E14, GEN 6, ULTRA 7, 16GB RAM, 1TB SSD",PF-YBRVVE,"Apr 2, 2025","Apr 2, 2028","  61,607.14 ","3,080.36",,PO 4700001920,,MICRO PACIFIC TECHNOLIGIE,
05-01702,100593,100594,100594,087190DAF8F2,"TOLENTINO, PAULO MIGUEL MERCADO",Deployed,May,2025,"May 9, 2025",Support Engineer,Technology Group,Windows,,LENOVO THINKPAD E14 i7,"LENOVO E14, GEN 6, ULTRA 7, 16GB RAM, 1TB SSD",PF-ZSD48B,"Apr 2, 2025","Apr 2, 2028","  61,607.14 ","3,080.36",,PO 4700001920,,MICRO PACIFIC TECHNOLIGIE,
05-03057,100594,100595,100595,08719086A391,"MORALES, GABRIEL FLORES",Deployed,April,2025,"Apr 30, 2025",L1 Support Engineer,Technology Group,Windows,,LENOVO THINKPAD E14 i7,"LENOVO E14, GEN 6, ULTRA 7, 16GB RAM, 1TB SSD",PF-7NC64R,"Apr 2, 2025","Apr 2, 2028","  61,607.14 ","3,080.36",,PO 4700001920,,MICRO PACIFIC TECHNOLIGIE,
05-01662,100595,100596,100596,08719014159C,"PASCUAL, DOMINIC FLORES",Deployed,May,2025,"May 14, 2025",SOC Service Manager,Technology Group,Windows,,LENOVO THINKPAD E14 i7,"LENOVO E14, GEN 6, ULTRA 7, 16GB RAM, 1TB SSD",PF-JQX69K,"Apr 2, 2025","Apr 2, 2028","  61,607.14 ","3,080.36",,PO 4700001920,,MICRO PACIFIC TECHNOLIGIE,
05-03057,100596,100597,100597,087190C2A935,"MENDOZA, KATHERINE ROSE TORRES",Deployed,May,2025,"Apr 23, 2025",L1 Support Engineer,Technology Group,Windows,,LENOVO THINKPAD E14 i7,"LENOVO E14, GEN 6, ULTRA 7, 16GB RAM, 1TB SSD",PF-BS4DN5,"Apr 2, 2025","Apr 2, 2028","  61,607.14 ","3,080.36",,PO 4700001920,,MICRO PACIFIC TECHNOLIGIE,
05-03102,100597,100598,100598,087190CDF0B0,"DAVID, PAULO MIGUEL DELA CRUZ",Deployed,May,2025,"May 6, 2025",L1 Support Engineer,Technology Group,Windows,,LENOVO THINKPAD E14 i7,"LENOVO E14, GEN 6, ULTRA 7, 16GB RAM, 1TB SSD",PF-AUZ4PW,"Apr 2, 2025","Apr 2, 2028","  61,607.14 ","3,080.36",,PO 4700001920,,MICRO PACIFIC TECHNOLIGIE,
05-03055,100598,100599,100599,0871900780BA,"MAGNO, CARLO MERCADO",Deployed,May,2025,"May 6, 2025",L1 Support Engineer,Technology Group,Windows,,LENOVO THINKPAD E14 i7,"LENOVO E14, GEN 6, ULTRA 7, 16GB RAM, 1TB SSD",PF-SVGJQE,"Apr 2, 2025","Apr 2, 2028","  61,607.14 ","3,080.36",,PO 4700001920,,MICRO PACIFIC TECHNOLIGIE,
05-01069,100599,100600,100600,0871906A5461,"DAVID, VINCENT BAUTISTA",Deployed,April,2025,"Apr 30, 2025",Sr. Platform Engineer,Technology Group,Windows,,LENOVO THINKPAD E14 i7,"LENOVO E14, GEN 6, ULTRA 7, 16GB RAM, 1TB SSD",PF-VGL4DA,"Apr 2, 2025","Apr 2, 2028","  61,607.14 ","3,080.36",,PO 4700001920,,MICRO PACIFIC TECHNOLIGIE,
05-01794,100600,100601,100601,087190063A5A,"PASCUAL, DOMINIC SANTOS",Deployed,June,2025,"Jun 13, 2025",Sr. Software Engineer,Technology Group,Windows,,LENOVO THINKPAD E14 i7,"LENOVO E14, GEN 6, ULTRA 7, 16GB RAM, 1TB SSD",PF-YZV1TK,"Apr 2, 2025","Apr 2, 2028","  61,607.14 ","3,080.36",,PO 4700001920,,MICRO PACIFIC TECHNOLIGIE,
05-02493,100601,100602,100602,0871903AC478,"SORIANO, PATRICIA ANNE TORRES",Deployed,May,2025,"May 7, 2025",L1 Support Engineer,Technology Group,Windows,,LENOVO THINKPAD E14 i7,"LENOVO E14, GEN 6, ULTRA 7, 16GB RAM, 1TB SSD",PF-KZFF1Y,"Apr 2, 2025","Apr 2, 2028","  61,607.14 ","3,080.36",,PO 4700001920,,MICRO PACIFIC TECHNOLIGIE,
05-02514,100602,100603,100603,087190F274E7,"GARCIA, FRANCIS MERCADO",Deployed,May,2025,"May 7, 2025",Platform Engineer,Technology Group,Windows,,LENOVO THINKPAD E14 i7,"LENOVO E14, GEN 6, ULTRA 7, 16GB RAM, 1TB SSD",PF-8EJ3QN,"Apr 2, 2025","Apr 2, 2028","  61,607.14 ","3,080.36",ACCF_GARCIA__FRANCIS_MERCADO.pdf,PO 4700001920,,MICRO PACIFIC TECHNOLIGIE,
05-01701,100603,100604,100604,0871901D9ABC,"PASCUAL, CARLO GARCIA",Deployed,September,2025,"Sep 19, 2025",Support Engineer,Technology Group,Windows,,LENOVO THINKPAD E14 i7,"LENOVO E14, GEN 6, ULTRA 7, 16GB RAM, 1TB SSD",PF-8WQ6VE,"Apr 2, 2025","Apr 2, 2028","  61,607.14 ","3,080.36",,PO 4700001920,,MICRO PACIFIC TECHNOLIGIE,
05-06886,100604,100605,100605,0871903F1410,"ATIENZA, SOFIA CASTILLO",Deployed,August,2025,"Aug 1, 2025",Network Engineer (VoIP),Client Based New Biz,Windows,,LENOVO THINKPAD E14 i7,"LENOVO E14, GEN 6, ULTRA 7, 16GB RAM, 1TB SSD",PF-KW56NL,"Apr 2, 2025","Apr 2, 2028","  61,607.14 ","3,080.36",,PO 4700001920,,MICRO PACIFIC TECHNOLIGIE,
05-01071,100605,100606,100606,087190CB3082,"DAVID, CHRISTIAN VILLANUEVA",Deployed,October,2025,"Oct 2, 2025",L3 Support Engineer,Technology Group,Windows,,LENOVO THINKPAD E14 i7,"LENOVO E14, GEN 6, ULTRA 7, 16GB RAM, 1TB SSD",PF-SHVA3G,"Apr 2, 2025","Apr 2, 2028","  61,607.14 ","3,080.36",,PO 4700001920,,MICRO PACIFIC TECHNOLIGIE,
05-02401,100606,100607,100607,0871907C0FF7,"DOMINGO, FRANCIS TORRES",Deployed,October,2025,"Oct 22, 2025",L1 Support Engineer,Technology Group,Windows,,LENOVO THINKPAD E14 i7,"LENOVO E14, GEN 6, ULTRA 7, 16GB RAM, 1TB SSD",PF-TB07G2,"Apr 2, 2025","Apr 2, 2028","  61,607.14 ","3,080.36",,PO 4700001920,,MICRO PACIFIC TECHNOLIGIE,
05-03168,100607,100608,100608,087190150DE3,"MARQUEZ, DOMINIC BAUTISTA",Deployed,June,2025,"Jun 13, 2025",Penetration Tester,Technology Group,Windows,,LENOVO THINKPAD E14 i7,"LENOVO E14, GEN 6, ULTRA 7, 16GB RAM, 1TB SSD",PF-ZRH2F3,"Apr 2, 2025","Apr 2, 2028","  61,607.14 ","3,080.36",ACCF_MARQUEZ__DOMINIC_BAUTISTA.pdf,PO 4700001920,,MICRO PACIFIC TECHNOLIGIE,
05-02490,100608,100609,100609,087190528A98,"LAXAMANA, ALYSSA MARIE CASTILLO",Deployed,May,2025,"May 21, 2025",L1 Support Engineer,Technology Group,Windows,,LENOVO THINKPAD E14 i7,"LENOVO E14, GEN 6, ULTRA 7, 16GB RAM, 1TB SSD",PF-840UDS,"Apr 2, 2025","Apr 2, 2028","  61,607.14 ","3,080.36",,PO 4700001920,,MICRO PACIFIC TECHNOLIGIE,
05-03056,100609,100610,100610,08719051C853,"MERCADO, STEPHANIE VILLANUEVA",Deployed,May,2025,"May 14, 2025",L2 Support Engineer,Technology Group,Windows,,LENOVO THINKPAD E14 i7,"LENOVO E14, GEN 6, ULTRA 7, 16GB RAM, 1TB SSD",PF-J9Q3XJ,"Apr 2, 2025","Apr 2, 2028","  61,607.14 ","3,080.36",,PO 4700001920,,MICRO PACIFIC TECHNOLIGIE,
05-01771,100610,100611,100611,0871900407B6,"DEL ROSARIO, KENNETH RIVERA",Deployed,May,2025,"May 7, 2025",L2 Support Engineer,Technology Group,Windows,,LENOVO THINKPAD E14 i7,"LENOVO E14, GEN 6, ULTRA 7, 16GB RAM, 1TB SSD",PF-SGXLC3,"Apr 2, 2025","Apr 2, 2028","  61,607.14 ","3,080.36",ACCF_DEL_ROSARIO__KENNETH_RIVERA.pdf,PO 4700001920,,MICRO PACIFIC TECHNOLIGIE,
05-02492,100611,100612,100612,08719054C468,"MALABANAN, BIANCA BAUTISTA",Deployed,October,2025,"Oct 2, 2025",Software Engineer,Technology Group,Windows,,LENOVO THINKPAD E14 i7,"LENOVO E14, GEN 6, ULTRA 7, 16GB RAM, 1TB SSD",PF-9M0PG1,"Apr 2, 2025","Apr 2, 2028","  61,607.14 ","3,080.36",,PO 4700001920,"FRANCISCO, JASMIN RAMOS",MICRO PACIFIC TECHNOLIGIE,
05-02513,100612,100613,100613,087190A385EE,"CASTRO, PATRICIA ANNE FERNANDEZ",Deployed,May,2025,"May 5, 2025",L1 Support Engineer,Technology Group,Windows,,LENOVO THINKPAD E14 i7,"LENOVO E14, GEN 6, ULTRA 7, 16GB RAM, 1TB SSD",PF-BMLVBY,"Apr 2, 2025","Apr 2, 2028","  61,607.14 ","3,080.36",,PO 4700001920,,MICRO PACIFIC TECHNOLIGIE,
05-02469,100613,100614,100614,087190133E5C,"MERCADO, BEATRICE MERCADO",Deployed,May,2025,"May 28, 2025",L1 Support Engineer,Technology Group,Windows,,LENOVO THINKPAD E14 i7,"LENOVO E14, GEN 6, ULTRA 7, 16GB RAM, 1TB SSD",PF-JQHASX,"Apr 2, 2025","Apr 2, 2028","  61,607.14 ","3,080.36",,PO 4700001920,,MICRO PACIFIC TECHNOLIGIE,
05-03168,100614,100615,100615,087190C55C1F,"ILAGAN, STEPHANIE CRUZ",Deployed,June,2025,"Jun 20, 2025",Penetration Tester,Technology Group,Windows,,LENOVO THINKPAD E14 i7,"LENOVO E14, GEN 6, ULTRA 7, 16GB RAM, 1TB SSD",PF-BEU1SL,"Apr 2, 2025","Apr 2, 2028","  61,607.14 ","3,080.36",ACCF_ILAGAN__STEPHANIE_CRUZ.pdf,PO 4700001920,,MICRO PACIFIC TECHNOLIGIE,
05-01795,100615,100616,100616,087190BF8FAD,"MERCADO, GABRIEL MENDOZA",Deployed,May,2025,"May 21, 2025",TSE Lead,Technology Group,Windows,,LENOVO THINKPAD E14 i7,"LENOVO E14, GEN 6, ULTRA 7, 16GB RAM, 1TB SSD",PF-983HL7,"Apr 2, 2025","Apr 2, 2028","  61,607.14 ","3,080.36",,PO 4700001920,,MICRO PACIFIC TECHNOLIGIE,
05-01773,100616,100617,100617,087190194537,"MALABANAN, ALEXANDER GARCIA",Deployed,April,2025,"Apr 30, 2025",L1 Support Engineer,Technology Group,Windows,,LENOVO THINKPAD E14 i7,"LENOVO E14, GEN 6, ULTRA 7, 16GB RAM, 1TB SSD",PF-JFQUYT,"Apr 2, 2025","Apr 2, 2028","  61,607.14 ","3,080.36",,PO 4700001920,,MICRO PACIFIC TECHNOLIGIE,
05-03037,100617,100618,100618,0871905AA73C,"GONZALES, DANIEL JOSEPH MENDOZA",Deployed,May,2025,"May 7, 2025",L1 Support Engineer,Technology Group,Windows,,LENOVO THINKPAD E14 i7,"LENOVO E14, GEN 6, ULTRA 7, 16GB RAM, 1TB SSD",PF-89U9EC,"Apr 2, 2025","Apr 2, 2028","  61,607.14 ","3,080.36",ACCF_GONZALES__DANIEL_JOSEPH_MENDOZA.pdf,PO 4700001920,,MICRO PACIFIC TECHNOLIGIE,
05-01120,100618,100619,100619,087190BF18DD,"VALDEZ, DENISE LOPEZ",Deployed,July,2026,"Jul 10, 2026",Sr. Technical Support Specialist,Technology Group,Windows,,LENOVO THINKPAD E14 i7,"LENOVO E14, GEN 6, ULTRA 7, 16GB RAM, 1TB SSD",PF-JLPVLM,"Apr 2, 2025","Apr 2, 2028","  61,607.14 ","3,080.36",,PO 4700001920,"MANALANG, DOMINIC SANTOS",MICRO PACIFIC TECHNOLIGIE,
05-03102,100619,100620,100620,08719055A013,"BAUTISTA, ANDREA GAIL FLORES",Deployed,April,2025,"Apr 30, 2025",L1 Support Engineer,Technology Group,Windows,,LENOVO THINKPAD E14 i7,"LENOVO E14, GEN 6, ULTRA 7, 16GB RAM, 1TB SSD",PF-8SUSKX,"Apr 2, 2025","Apr 2, 2028","  61,607.14 ","3,080.36",,PO 4700001920,,MICRO PACIFIC TECHNOLIGIE,
05-02359,100620,100621,100621,Pending,"GARCIA, VINCENT SANTOS",Deployed,February,2026,"Feb 27, 2026",Software Engineer,Technology Group,Windows,,LENOVO THINKPAD E14 i7,"LENOVO E14, GEN 6, ULTRA 7, 16GB RAM, 1TB SSD",PF-LALVCD,"Apr 2, 2025","Apr 2, 2028","  61,607.14 ","3,080.36",ACCF_GARCIA__VINCENT_SANTOS.pdf,PO 4700001920,,MICRO PACIFIC TECHNOLIGIE,
05-03089,100621,100622,100622,087190C2C1D0,"PANGANIBAN, MARCO DELA CRUZ",Deployed,May,2025,"May 2, 2025",Support Engineer,Technology Group,Windows,,LENOVO THINKPAD E14 i7,"LENOVO E14, GEN 6, ULTRA 7, 16GB RAM, 1TB SSD",PF-0ZALHB,"Apr 2, 2025","Apr 2, 2028","  61,607.14 ","3,080.36",,PO 4700001920,,MICRO PACIFIC TECHNOLIGIE,
05-01701,100622,100623,100623,087190B910AA,"MERCADO, STEPHANIE VILLANUEVA",Deployed,May,2025,"May 7, 2025",Support Engineer,Technology Group,Windows,,LENOVO THINKPAD E14 i7,"LENOVO E14, GEN 6, ULTRA 7, 16GB RAM, 1TB SSD",PF-8P6AH2,"Apr 2, 2025","Apr 2, 2028","  61,607.14 ","3,080.36",ACCF_MERCADO__STEPHANIE_VILLANUEVA.pdf,PO 4700001920,,MICRO PACIFIC TECHNOLIGIE,
05-06951,100623,100624,100624,0871901A993E,"GONZALES, KATHERINE ROSE DELA CRUZ",Deployed,February,2026,"Feb 27, 2026",Campaign Assurance Analyst,Technology Group,Windows,,LENOVO THINKPAD E14 i7,"LENOVO E14, GEN 6, ULTRA 7, 16GB RAM, 1TB SSD",PF-LMMYVM,"Apr 2, 2025","Apr 2, 2028","  61,607.14 ","3,080.36",ACCF_GONZALES__KATHERINE_ROSE_DELA_CRUZ.pdf,PO 4700001920,,MICRO PACIFIC TECHNOLIGIE,
05-02514,100624,100625,100625,087190B309AA,"MERCADO, ERIKA RIVERA",Deployed,January,2026,"Jan 27, 2026",Software Engineer,Technology Group,Windows,,LENOVO THINKPAD E14 i7,"LENOVO E14, GEN 6, ULTRA 7, 16GB RAM, 1TB SSD",PF-83DCW4,"Apr 2, 2025","Apr 2, 2028","  61,607.14 ","3,080.36",ACCF_MERCADO__ERIKA_RIVERA.pdf,PO 4700001920,,MICRO PACIFIC TECHNOLIGIE,
05-02514,100625,100626,100626,08719010280B,"TOLENTINO, ALEXANDER DELA CRUZ",Deployed,October,2025,"Oct 1, 2025",Software Engineer,Technology Group,Windows,,LENOVO THINKPAD E14 i7,"LENOVO E14, GEN 6, ULTRA 7, 16GB RAM, 1TB SSD",PF-9FQ1QC,"Apr 2, 2025","Apr 2, 2028","  61,607.14 ","3,080.36",,PO 4700001920,,MICRO PACIFIC TECHNOLIGIE,
05-06945,100626,100627,100627,08719056762A,"DE LEON, BIANCA MERCADO",Deployed,February,2026,"Feb 18, 2026",Application Support Specialist (Linguist),Technology Group,Windows,,LENOVO THINKPAD E14 i7,"LENOVO E14, GEN 6, ULTRA 7, 16GB RAM, 1TB SSD",PF-JCBLTC,"Apr 2, 2025","Apr 2, 2028","  61,607.14 ","3,080.36",ACCF_DE_LEON__BIANCA_MERCADO.pdf,PO 4700001920,"HERNANDEZ, PAULO MIGUEL RAMOS",MICRO PACIFIC TECHNOLIGIE,
05-03169,100627,100628,100628,087190B213D2,"MAGNO, JEROME FERNANDEZ",Deployed,May,2025,"May 22, 2025",Sr. Software Engineer,Technology Group,Windows,,LENOVO THINKPAD E14 i7,"LENOVO E14, GEN 6, ULTRA 7, 16GB RAM, 1TB SSD",PF-9XP7LH,"Apr 2, 2025","Apr 2, 2028","  61,607.14 ","3,080.36",,PO 4700001920,,MICRO PACIFIC TECHNOLIGIE,
05-02514,100628,100629,100629,087190F87512,"CALDERON, ERIKA TORRES",Deployed,October,2025,"Oct 2, 2025",Software Engineer,Technology Group,Windows,,LENOVO THINKPAD E14 i7,"LENOVO E14, GEN 6, ULTRA 7, 16GB RAM, 1TB SSD",PF-J7KF5E,"Apr 2, 2025","Apr 2, 2028","  61,607.14 ","3,080.36",,PO 4700001920,,MICRO PACIFIC TECHNOLIGIE,
05-03168,100629,100630,100630,0871901E70FD,"SERRANO, PATRICIA ANNE MENDOZA",Deployed,June,2025,"Jun 20, 2025",Penetration Tester,Technology Group,Windows,,LENOVO THINKPAD E14 i7,"LENOVO E14, GEN 6, ULTRA 7, 16GB RAM, 1TB SSD",PF-JT0HT2,"Apr 2, 2025","Apr 2, 2028","  61,607.14 ","3,080.36",ACCF_SERRANO__PATRICIA_ANNE_MENDOZA.pdf,PO 4700001920,,MICRO PACIFIC TECHNOLIGIE,
05-03059,100630,100631,100631,087190864A4B,"PADILLA, CHRISTINE JOY SANTOS",Deployed,June,2025,"Jun 19, 2025",QA Engineer,Technology Group,Windows,,LENOVO THINKPAD E14 i7,"LENOVO E14, GEN 6, ULTRA 7, 16GB RAM, 1TB SSD",PF-CZKKH2,"Apr 2, 2025","Apr 2, 2028","  61,607.14 ","3,080.36",ACCF_PADILLA__CHRISTINE_JOY_SANTOS.pdf,PO 4700001920,,MICRO PACIFIC TECHNOLIGIE,
05-06940,100631,100632,100632,087190BE4B5C,"DEL ROSARIO, PATRICK OLIVER LOPEZ",Deployed,December,2025,"Dec 5, 2025",IT Asset Management Associate,Technology Group,Windows,,LENOVO THINKPAD E14 i7,"LENOVO E14, GEN 6, ULTRA 7, 16GB RAM, 1TB SSD",PF-GBFTUL,"Apr 2, 2025","Apr 2, 2028","  61,607.14 ","3,080.36",ACCF_DEL_ROSARIO__PATRICK_OLIVER_LOPEZ.pdf,PO 4700001920,"REYES, PAULO MIGUEL BAUTISTA",MICRO PACIFIC TECHNOLIGIE,
05-03056,100632,100633,100633,087190C73A31,"PADILLA, ANGELO GARCIA",Deployed,June,2025,"Jun 20, 2025",QA Engineer,Technology Group,Windows,,LENOVO THINKPAD E14 i7," Lenovo E14, Gen 6, Ultra 7, 16GB RAM, 1TB SSD",PF-KSUWGA,"Apr 2, 2025","Apr 2, 2028","  61,607.14 ","3,080.36",ACCF_PADILLA__ANGELO_GARCIA.pdf,PO 4700001920,,MICRO PACIFIC TECHNOLIGIE,
05-02384,100633,100634,100634,0871905F164D,"DEL ROSARIO, JASMIN LOPEZ",Deployed,October,2025,"Oct 15, 2025",Software Engineer,Technology Group,Windows,,LENOVO THINKPAD E14 i7," Lenovo E14, Gen 6, Ultra 7, 16GB RAM, 1TB SSD",PF-RFFDB8,"Apr 2, 2025","Apr 2, 2028","  61,607.14 ","3,080.36",,PO 4700001920,,MICRO PACIFIC TECHNOLIGIE,
05-03169,100634,100635,100635,087190241DF8,"CALDERON, STEPHANIE BAUTISTA",Deployed,October,2025,"Oct 17, 2025",L1 Support Engineer,Technology Group,Windows,,LENOVO THINKPAD E14 i7," Lenovo E14, Gen 6, Ultra 7, 16GB RAM, 1TB SSD",PF-V11589,"Apr 2, 2025","Apr 2, 2028","  61,607.14 ","3,080.36",,PO 4700001920,,MICRO PACIFIC TECHNOLIGIE,
05-03126,100635,100636,100636,087190095086,"RAMOS, RAFAEL LOPEZ",Deployed,November,2025,"Nov 4, 2025",Jr. QA Engineer,Technology Group,Windows,,LENOVO THINKPAD E14 i7," Lenovo E14, Gen 6, Ultra 7, 16GB RAM, 1TB SSD",PF-1LVJCP,"Apr 2, 2025","Apr 2, 2028","  61,607.14 ","3,080.36",,PO 4700001920,,MICRO PACIFIC TECHNOLIGIE,
05-03128,100636,100637,100637,087190104E65,"CALDERON, BEATRICE MENDOZA",Deployed,November,2025,"Nov 5, 2025",Jr. QA Engineer,Technology Group,Windows,,LENOVO THINKPAD E14 i7," Lenovo E14, Gen 6, Ultra 7, 16GB RAM, 1TB SSD",PF-SGXLC3,"Apr 2, 2025","Apr 2, 2028","  61,607.14 ","3,080.36",,PO 4700001920,,MICRO PACIFIC TECHNOLIGIE,
05-03128,100637,100638,100638,087190D9953E,"DAVID, CHRISTINE JOY MENDOZA",Deployed,November,2025,"Nov 4, 2025",Jr. QA Engineer,Technology Group,Windows,,LENOVO THINKPAD E14 i7," Lenovo E14, Gen 6, Ultra 7, 16GB RAM, 1TB SSD",PF-XACM8H,"Apr 2, 2025","Apr 2, 2028","  61,607.14 ","3,080.36",,PO 4700001920,,MICRO PACIFIC TECHNOLIGIE,
05-03128,100638,100639,100639,087190D8CFFB,"PASCUAL, MONIQUE RAMOS",Deployed,October,2025,"Oct 30, 2025",Jr. QA Engineer,Technology Group,Windows,,LENOVO THINKPAD E14 i7," Lenovo E14, Gen 6, Ultra 7, 16GB RAM, 1TB SSD",PF-LLP837,"Apr 2, 2025","Apr 2, 2028","  61,607.14 ","3,080.36",,PO 4700001920,,MICRO PACIFIC TECHNOLIGIE,
05-03128,100639,100640,100640,087190DF15DF,"DAVID, JASMIN FLORES",Deployed,November,2025,"Nov 4, 2025",Jr. QA Engineer,Technology Group,Windows,,LENOVO THINKPAD E14 i7," Lenovo E14, Gen 6, Ultra 7, 16GB RAM, 1TB SSD",PF-L3BJZ2,"Apr 2, 2025","Apr 2, 2028","  61,607.14 ","3,080.36",,PO 4700001920,,MICRO PACIFIC TECHNOLIGIE,
05-03151,100640,100641,100641,087190D5CBC5,"AQUINO, ANGELA MAE RAMOS",Deployed,November,2025,"Nov 4, 2025",Jr. QA Engineer,Technology Group,Windows,,LENOVO THINKPAD E14 i7," Lenovo E14, Gen 6, Ultra 7, 16GB RAM, 1TB SSD",PF-VV2E7Z,"Apr 2, 2025","Apr 2, 2028","  61,607.14 ","3,080.36",,PO 4700001920,,MICRO PACIFIC TECHNOLIGIE,
05-01637,100641,100642,100642,0871900BCC15,"VALDEZ, GABRIEL GARCIA",Deployed,November,2025,"Nov 12, 2025",QA Engineer,Technology Group,Windows,,LENOVO THINKPAD E14 i7," Lenovo E14, Gen 6, Ultra 7, 16GB RAM, 1TB SSD",PF-J2YM7E,"Apr 2, 2025","Apr 2, 2028","  61,607.14 ","3,080.36",,PO 4700001920,,MICRO PACIFIC TECHNOLIGIE,
05-01119,100642,100643,100643,087190C7B21E,"REYES, MARK ANTHONY FLORES",Deployed,November,2025,"Nov 14, 2025",Sr. QA Analyst,Technology Group,Windows,,LENOVO THINKPAD E14 i7," Lenovo E14, Gen 6, Ultra 7, 16GB RAM, 1TB SSD",PF-1YNQTG,"Apr 2, 2025","Apr 2, 2028","  61,607.14 ","3,080.36",,PO 4700001920,,MICRO PACIFIC TECHNOLIGIE,
05-03125,100643,100644,100644,0871900D4C17,"TORRES, MARK ANTHONY TORRES",Deployed,November,2025,"Nov 4, 2025",Jr. QA Engineer,Technology Group,Windows,,LENOVO THINKPAD E14 i7," Lenovo E14, Gen 6, Ultra 7, 16GB RAM, 1TB SSD",PF-CWQH7W,"Apr 2, 2025","Apr 2, 2028","  61,607.14 ","3,080.36",,PO 4700001920,,MICRO PACIFIC TECHNOLIGIE,
05-03168,100644,100645,100645,087190E90ACB,"BAUTISTA, CARLO DELA CRUZ",Deployed,September,2025,"Oct 2, 2025",Lead Penetration Tester,Technology Group,Windows,,LENOVO THINKPAD E14 i7," Lenovo E14, Gen 6, Ultra 7, 16GB RAM, 1TB SSD",PF-Y33ANV,"Apr 2, 2025","Apr 2, 2028","  61,607.14 ","3,080.36",,PO 4700001920,,MICRO PACIFIC TECHNOLIGIE,
05-03168,100645,100646,100646,0871907A820A,"SERRANO, PATRICIA ANNE MENDOZA",Deployed,September,2025,"Oct 2, 2025",Penetration Tester,Technology Group,Windows,,LENOVO THINKPAD E14 i7," Lenovo E14, Gen 6, Ultra 7, 16GB RAM, 1TB SSD",PF-VS60Y3,"Apr 2, 2025","Apr 2, 2028","  61,607.14 ","3,080.36",,PO 4700001920,,MICRO PACIFIC TECHNOLIGIE,
05-03168,100646,100647,100647,087190240BFC,"MARQUEZ, DOMINIC BAUTISTA",Deployed,September,2025,"Oct 2, 2025",Penetration Tester,Technology Group,Windows,,LENOVO THINKPAD E14 i7," Lenovo E14, Gen 6, Ultra 7, 16GB RAM, 1TB SSD",PF-LZ8VAJ,"Apr 2, 2025","Apr 2, 2028","  61,607.14 ","3,080.36",,PO 4700001920,,MICRO PACIFIC TECHNOLIGIE,
05-01093,100647,100648,100648,087190A73676,"ILAGAN, CARLO MERCADO",Deployed,October,2025,"Oct 30, 2025",QA Lead,Technology Group,Windows,,LENOVO THINKPAD E14 i7," Lenovo E14, Gen 6, Ultra 7, 16GB RAM, 1TB SSD",PF-KTAE8P,"Apr 2, 2025","Apr 2, 2028","  61,607.14 ","3,080.36",,PO 4700001920,,MICRO PACIFIC TECHNOLIGIE,
05-03169,100648,100649,100649,087190296BA2,"OCAMPO, KATRINA CASTILLO",Deployed,September,2025,"Oct 2, 2025",Penetration Tester,Technology Group,Windows,,LENOVO THINKPAD E14 i7," Lenovo E14, Gen 6, Ultra 7, 16GB RAM, 1TB SSD",PF-YSUA3B,"Apr 2, 2025","Apr 2, 2028","  61,607.14 ","3,080.36",,PO 4700001920,,MICRO PACIFIC TECHNOLIGIE,
05-06941,100649,100650,100650,087190BDC82F,"AQUINO, CHRISTIAN MERCADO",Deployed,December,2025,"Dec 12, 2025",Jr. Application Support Specialist,Client Based New Biz,Windows,,LENOVO THINKPAD E14 i7," Lenovo E14, Gen 6, Ultra 7, 16GB RAM, 1TB SSD",PF-B1Y7FZ,"Apr 2, 2025","Apr 2, 2028","  61,607.14 ","3,080.36",ACCF_AQUINO__CHRISTIAN_MERCADO.pdf,PO 4700001920,"NATIVIDAD, ERIKA BAUTISTA",MICRO PACIFIC TECHNOLIGIE,
05-06820,100650,100651,100651,0871900AC7DE,"PADILLA, CHARLENE VILLANUEVA",Deployed,May,2025,"May 15, 2025",Automation Engineer,Technology Group,MacOS,," 2025 MacBook Pro","14-INCH MACBOOK PRO: APPLE M4 CHIP WITH 10 CORE CPU, 32GB RAM, 512GB SSD",SN-RW3BBM,"May 2, 2025","May 2, 2028","  94,000.00 ","9,400.00",,PO 4700001900,,Iridium Technologies Inc.,
,100651,100652,100652,0871903BC924,,Spare for Deploy,,,,,,MacOS,CAB 3E," 2025 MacBook Pro","14-INCH MACBOOK PRO: APPLE M3 CHIP WITH 8 CORE CPU, 16GB RAM, 512GB SSD",SN-38CBE8,"Apr 3, 2025","Apr 3, 2028","  94,000.00 ","9,400.00",,PO 4700001922,"CASTILLO, LOVELY FERNANDEZ","VSTECS PHILS, INC.",
05-06879,100652,100653,100653,087190E633B8,"NAVARRO, MARK ANTHONY RAMOS",Deployed,May,2025,"May 23, 2025",Software Engineer (ReactJS),Client Based New Biz,MacOS,," 2025 MacBook Pro","14-INCH MACBOOK PRO: APPLE M3 CHIP WITH 8 CORE CPU, 16GB RAM, 512GB SSD",SN-KMD485,"Apr 3, 2025","Apr 3, 2028","  94,000.00 ","9,400.00",,PO 4700001922,,"VSTECS PHILS, INC.",
05-06873,100653,100654,100654,087190FC76EA,"JAVIER, CHRISTINE JOY TORRES",Deployed,July,2025,"Jul 11, 2025",QA Lead,Technology Group,MacOS,," 2025 MacBook Pro","14-INCH MACBOOK PRO: APPLE M3 CHIP WITH 8 CORE CPU, 16GB RAM, 512GB SSD",SN-SZG95S,"Apr 3, 2025","Apr 3, 2028","  94,000.00 ","9,400.00",,PO 4700001922,,"VSTECS PHILS, INC.",
05-01814,100654,100655,100655,08719033BB68,"FRANCISCO, MARCO RAMOS",Deployed,December,2025,"Dec 18, 2025",QA Engineer,Technology Group,MacOS,," 2025 MacBook Pro","14-INCH MACBOOK PRO: APPLE M3 CHIP WITH 8 CORE CPU, 16GB RAM, 512GB SSD",SN-Q1U1YK,"Apr 3, 2025","Apr 3, 2028","  94,000.00 ","9,400.00",ACCF_FRANCISCO__MARCO_RAMOS.pdf,PO 4700001922,"FERNANDEZ, ANGELA MAE VILLANUEVA","VSTECS PHILS, INC.",
05-05178,100655,100656,100656,0871905B8F85,"MANALANG, JOHN PAUL RAMOS",Deployed,May,2025,"May 29, 2025",Lead Quality Analyst,Technology Group,MacOS,," 2025 MacBook Pro","14-INCH MACBOOK PRO: APPLE M3 CHIP WITH 8 CORE CPU, 16GB RAM, 512GB SSD",SN-E8QKEG,"Apr 3, 2025","Apr 3, 2028","  94,000.00 ","9,400.00",,PO 4700001922,,"VSTECS PHILS, INC.",
,100656,100657,100657,087190149837,,Spare for Deploy,,,N/A,,,MacOS,CAB-7C(restricted laptop)," 2025 MacBook Air ","13-INCH MACBOOK AIR; APPLE M2 CHIP WITH 8 CORE CPU, 16GB RAM, 256GB SSD",SN-W453KX,"Apr 3, 2025","Apr 3, 2028","  51,500.00 ","2,575.00",,PO 4700001922,"PANGANIBAN, ANDREA GAIL DELA CRUZ","VSTECS PHILS, INC.",
05-03151,100657,100658,100658,0871909488B3,"RIVERA, ANGELA MAE FLORES",Deployed,April,2025,"Apr 25, 2025",Sr. Software Engineer,Technology Group,MacOS,," 2025 MacBook Air ","13-INCH MACBOOK AIR; APPLE M5 CHIP WITH 8 CORE CPU, 16GB RAM, 512GB SSD",SN-64N7ZF,"May 14, 2026","May 14, 2029","  62,163.00 ","3,108.15",ACCF_RIVERA__ANGELA_MAE_FLORES.pdf,PO 4700001922,,"VSTECS PHILS, INC.",
05-06877,100658,100659,100659,087190AFB5FA,"RIVERA, ANGELO CASTILLO",Deployed,April,2025,"Apr 25, 2025",Change Management Analyst,Technology Group,MacOS,," 2025 MacBook Air ","13-INCH MACBOOK AIR; APPLE M2 CHIP WITH 8 CORE CPU, 16GB RAM, 256GB SSD",SN-MMC48Q,"Apr 3, 2025","Apr 3, 2028","  51,500.00 ","2,575.00",ACCF_RIVERA__ANGELO_CASTILLO.pdf,PO 4700001922,,"VSTECS PHILS, INC.",
05-03151,100659,100660,100660,0871907B3E26,"SERRANO, ALYSSA MARIE CASTILLO",Deployed,April,2025,"Apr 25, 2025",Sr. Software Engineer,Technology Group,MacOS,," 2025 MacBook Air ","13-INCH MACBOOK AIR; APPLE M2 CHIP WITH 8 CORE CPU, 16GB RAM, 256GB SSD",SN-RBEJL8,"Apr 3, 2025","Apr 3, 2028","  51,500.00 ","2,575.00",ACCF_SERRANO__ALYSSA_MARIE_CASTILLO.pdf,PO 4700001922,,"VSTECS PHILS, INC.",
05-03151,100660,100661,100661,087190699D4C,"CORPUZ, CHRISTINE JOY FERNANDEZ",For Repair,April,2025,"Apr 25, 2025",Solutions Designer,Technology Group,MacOS,," 2025 MacBook Air ","13-INCH MACBOOK AIR; APPLE M2 CHIP WITH 8 CORE CPU, 16GB RAM, 256GB SSD",SN-R62X05,"Apr 3, 2025","Apr 3, 2028","  51,500.00 ","2,575.00",ACCF_CORPUZ__CHRISTINE_JOY_FERNANDEZ.pdf,PO 4700001922,,"VSTECS PHILS, INC.",
05-06938,100661,100662,100662,087190329BA8,"SALAZAR, MONIQUE CRUZ",Deployed,October,2025,"Oct 24, 2025",Quality Assurance Lead,Technology Group,MacOS,," 2025 MacBook Air ","13-INCH MACBOOK AIR; APPLE M2 CHIP WITH 8 CORE CPU, 16GB RAM, 256GB SSD",SN-GTLVHV,"Apr 3, 2025","Apr 3, 2028","  51,500.00 ","2,575.00",,PO 4700001922,,"VSTECS PHILS, INC.",
05-03196,100662,100663,100663,0871906FF3F1,"VALDEZ, NICOLE CASTILLO",Deployed,March,2026,"Mar 6, 2026",Data Engineer,Technology Group,MacOS,," 2025 MacBook Air ","13-INCH MACBOOK AIR; APPLE M2 CHIP WITH 8 CORE CPU, 16GB RAM, 256GB SSD",SN-EUYWK0,"Apr 3, 2025","Apr 3, 2028","  51,500.00 ","2,575.00",ACCF_VALDEZ__NICOLE_CASTILLO.pdf,PO 4700001922,"ESGUERRA, LOVELY CRUZ","VSTECS PHILS, INC.",
05-03167,100663,100664,100664,0871905C171E,"CABRERA, KENNETH AQUINO",Deployed,April,2025,"Apr 25, 2025",Data Analyst,Technology Group,MacOS,," 2025 MacBook Air ","13-INCH MACBOOK AIR; APPLE M2 CHIP WITH 8 CORE CPU, 16GB RAM, 256GB SSD",SN-ZDVJAC,"Apr 3, 2025","Apr 3, 2028","  51,500.00 ","2,575.00",ACCF_CABRERA__KENNETH_AQUINO.pdf,PO 4700001922,,"VSTECS PHILS, INC.",
05-03174,100664,100665,100665,0871906F5950,"DELA CRUZ, GABRIEL MERCADO",Deployed,October,2025,"Oct 16, 2025",Data Scientist,Technology Group,MacOS,," 2025 MacBook Air ","13-INCH MACBOOK AIR; APPLE M2 CHIP WITH 8 CORE CPU, 16GB RAM, 256GB SSD",SN-DX43G4,"Apr 3, 2025","Apr 3, 2028","  51,500.00 ","2,575.00",,PO 4700001922,"ATIENZA, DENISE VILLANUEVA","VSTECS PHILS, INC.",
05-03167,100665,100666,100666,087190B2DE9C,"DEL ROSARIO, DOMINIC MENDOZA",Deployed,April,2025,"Apr 25, 2025",Sr. Software Engineer,Technology Group,MacOS,," 2025 MacBook Air ","13-INCH MACBOOK AIR; APPLE M2 CHIP WITH 8 CORE CPU, 16GB RAM, 256GB SSD",SN-2H0A1X,"Apr 3, 2025","Apr 3, 2028","  51,500.00 ","2,575.00",ACCF_DEL_ROSARIO__DOMINIC_MENDOZA.pdf,PO 4700001922,,"VSTECS PHILS, INC.",
05-03168,100666,100667,100667,087190D0ADA7,"FRANCISCO, MARIA CLARA VILLANUEVA",Deployed,April,2025,"Apr 25, 2025",Application Support Specialist,Technology Group,MacOS,," 2025 MacBook Air ","13-INCH MACBOOK AIR; APPLE M2 CHIP WITH 8 CORE CPU, 16GB RAM, 256GB SSD",SN-41QGPY,"Apr 3, 2025","Apr 3, 2028","  51,500.00 ","2,575.00",ACCF_FRANCISCO__MARIA_CLARA_VILLANUEVA.pdf,PO 4700001922,,"VSTECS PHILS, INC.",
05-03168,100667,100668,100668,087190F6D1A1,"PANGANIBAN, DENISE DELA CRUZ",Deployed,July,2025,"Jul 30, 2025",QA Engineer,Technology Group,MacOS,," 2025 MacBook Air ","13-INCH MACBOOK AIR; APPLE M2 CHIP WITH 8 CORE CPU, 16GB RAM, 256GB SSD",SN-G88T0D,"Apr 3, 2025","Apr 3, 2028","  51,500.00 ","2,575.00",,PO 4700001922,"DAVID, JOSHUA MENDOZA","VSTECS PHILS, INC.",
05-03173,100668,100669,100669,08719013923D,"ESGUERRA, DOMINIC MENDOZA",Deployed,August,2025,"Aug 15, 2025",Accountant,Finance,MacOS,," 2025 MacBook Air ","13-INCH MACBOOK AIR; APPLE M2 CHIP WITH 8 CORE CPU, 16GB RAM, 256GB SSD",SN-9Q2AK3,"Apr 3, 2025","Apr 3, 2028","  51,500.00 ","2,575.00",,PO 4700001922,"DEL ROSARIO, MARK ANTHONY FLORES","VSTECS PHILS, INC.",
05-03151,100669,100670,100670,087190D4AF04,"LOPEZ, CAMILLE MENDOZA",Deployed,April,2025,"Apr 25, 2025",Data Engineer,Technology Group,MacOS,," 2025 MacBook Air ","13-INCH MACBOOK AIR; APPLE M2 CHIP WITH 8 CORE CPU, 16GB RAM, 256GB SSD",SN-ZWJRXS,"Apr 3, 2025","Apr 3, 2028","  51,500.00 ","2,575.00",,PO 4700001922,,"VSTECS PHILS, INC.",
05-03148,100670,100671,100671,087190D7CE6B,"CORPUZ, MARIA CLARA RIVERA",Deployed,May,2025,"Apr 30, 2025",Data Engineer,Technology Group,MacOS,," 2025 MacBook Air ","13-INCH MACBOOK AIR; APPLE M2 CHIP WITH 8 CORE CPU, 16GB RAM, 256GB SSD",SN-2JJMSK,"Apr 3, 2025","Apr 3, 2028","  51,500.00 ","2,575.00",,PO 4700001922,,"VSTECS PHILS, INC.",
05-03174,100671,100672,100672,08719043B203,"REYES, CHRISTIAN AQUINO",Deployed,October,2025,"Oct 8, 2025",Sr. Application Support Specialist (Data Operations),Technology Group,MacOS,," 2025 MacBook Air ","13-INCH MACBOOK AIR; APPLE M2 CHIP WITH 8 CORE CPU, 16GB RAM, 256GB SSD",SN-01VQQP,"Apr 3, 2025","Apr 3, 2028","  51,500.00 ","2,575.00",,PO 4700001922,"TORRES, LOVELY LOPEZ","VSTECS PHILS, INC.",
05-03192,100672,100673,100673,0871902F3C43,"CRUZ, DANIEL JOSEPH CRUZ",Deployed,November,2025,"Nov 28, 2025",Software Engineer (Fullstack),Client Based Globe,MacOS,," 2025 MacBook Air ","13-INCH MACBOOK AIR; APPLE M2 CHIP WITH 8 CORE CPU, 16GB RAM, 256GB SSD",SN-Y7WD3C,"Apr 3, 2025","Apr 3, 2028","  51,500.00 ","2,575.00",,PO 4700001922,"DAVID, BEATRICE CRUZ","VSTECS PHILS, INC.",
05-03032,100673,100674,100674,08719059B2C6,"HERNANDEZ, PATRICIA ANNE BAUTISTA",Deployed,July,2025,"Jul 8, 2025",Application Support Specialist,Technology Group,MacOS,," 2025 MacBook Air ","13-INCH MACBOOK AIR; APPLE M2 CHIP WITH 8 CORE CPU, 16GB RAM, 256GB SSD",SN-P1706A,"Apr 3, 2025","Apr 3, 2028","  51,500.00 ","2,575.00",ACCF_HERNANDEZ__PATRICIA_ANNE_BAUTISTA.pdf,PO 4700001922,,"VSTECS PHILS, INC.",
05-03057,100674,100675,100675,087190F0CDF8,"LAXAMANA, KATHERINE ROSE BAUTISTA",Deployed,June,2025,"Jun 18, 2025",Data Engineer,Technology Group,MacOS,," 2025 MacBook Air ","13-INCH MACBOOK AIR; APPLE M2 CHIP WITH 8 CORE CPU, 16GB RAM, 256GB SSD",SN-8235YH,"Apr 3, 2025","Apr 3, 2028","  51,500.00 ","2,575.00",ACCF_LAXAMANA__KATHERINE_ROSE_BAUTISTA.pdf,PO 4700001922,,"VSTECS PHILS, INC.",
05-03192,100675,100676,100676,0871906B71FE,"RIVERA, KATRINA TORRES",Deployed,December,2025,"Dec 19, 2025",Software Engineer (Fullstack),Client Based Globe,MacOS,," 2025 MacBook Air ","13-INCH MACBOOK AIR; APPLE M2 CHIP WITH 8 CORE CPU, 16GB RAM, 256GB SSD",SN-JP2JK1,"Apr 3, 2025","Apr 3, 2028","  51,500.00 ","2,575.00",ACCF_RIVERA__KATRINA_TORRES.pdf,PO 4700001922,"ALCANTARA, CHARLENE DELA CRUZ","VSTECS PHILS, INC.",
05-03125,100676,100677,100677,087190BABC7F,"AQUINO, SOFIA BAUTISTA",Deployed,June,2025,"Jun 23, 2025",Release Train Engineer,Technology Group,MacOS,," 2025 MacBook Air ","13-INCH MACBOOK AIR; APPLE M2 CHIP WITH 8 CORE CPU, 16GB RAM, 256GB SSD",SN-P1WN45,"Apr 3, 2025","Apr 3, 2028","  51,500.00 ","2,575.00",ACCF_AQUINO__SOFIA_BAUTISTA.pdf,PO 4700001922,,"VSTECS PHILS, INC.",
05-03059,100677,100678,100678,0871905EC353,"GUTIERREZ, KEVIN RIVERA",Deployed,May,2025,"May 28, 2025",Project Manager,Technology Group,MacOS,," 2025 MacBook Air ","13-INCH MACBOOK AIR; APPLE M2 CHIP WITH 8 CORE CPU, 16GB RAM, 256GB SSD",SN-ZB4B21,"Apr 3, 2025","Apr 3, 2028","  51,500.00 ","2,575.00",,PO 4700001922,,"VSTECS PHILS, INC.",
05-03169,100678,100679,100679,0871905D4FB2,"LOPEZ, CHRISTIAN DELA CRUZ",Deployed,May,2025,"May 28, 2025",Lead Accountant (Revenue),Finance,MacOS,," 2025 MacBook Air ","13-INCH MACBOOK AIR; APPLE M2 CHIP WITH 8 CORE CPU, 16GB RAM, 256GB SSD",SN-KL2T00,"Apr 3, 2025","Apr 3, 2028","  51,500.00 ","2,575.00",,PO 4700001922,,"VSTECS PHILS, INC.",
05-03054,100679,100680,100680,087190CF6C2E,"DEL ROSARIO, JOHN PAUL DELA CRUZ",Deployed,June,2025,"Jun 26, 2025",L2 Application Support Specialist,Technology Group,MacOS,," 2025 MacBook Air ","13-INCH MACBOOK AIR; APPLE M2 CHIP WITH 8 CORE CPU, 16GB RAM, 256GB SSD",SN-BRQP00,"Apr 3, 2025","Apr 3, 2028","  51,500.00 ","2,575.00",ACCF_DEL_ROSARIO__JOHN_PAUL_DELA_CRUZ.pdf,PO 4700001922,,"VSTECS PHILS, INC.",
05-02406,100680,100681,100681,0871905C2F54,"VALDEZ, PAULO MIGUEL FERNANDEZ",Deployed,June,2025,"Jun 23, 2025",Software Engineer,Technology Group,MacOS,," 2025 MacBook Air ","13-INCH MACBOOK AIR; APPLE M2 CHIP WITH 8 CORE CPU, 16GB RAM, 256GB SSD",SN-ZC6LHG,"Apr 3, 2025","Apr 3, 2028","  51,500.00 ","2,575.00",ACCF_VALDEZ__PAULO_MIGUEL_FERNANDEZ.pdf,PO 4700001922,,"VSTECS PHILS, INC.",
05-02401,100681,100682,100682,087190DCC3D8,"SERRANO, CHRISTINE JOY MENDOZA",Deployed,June,2025,"Jun 24, 2025",Software Engineer,Technology Group,MacOS,," 2025 MacBook Air ","13-INCH MACBOOK AIR; APPLE M2 CHIP WITH 8 CORE CPU, 16GB RAM, 256GB SSD",SN-HRVPUG,"Apr 3, 2025","Apr 3, 2028","  51,500.00 ","2,575.00",ACCF_SERRANO__CHRISTINE_JOY_MENDOZA.pdf,PO 4700001922,,"VSTECS PHILS, INC.",
05-03193,100682,100683,100683,087190B12733,"PADILLA, PATRICIA ANNE SANTOS",Deployed,February,2026,"Feb 18, 2026",Data Engineer,Technology Group,MacOS,," 2025 MacBook Air ","13-INCH MACBOOK AIR; APPLE M2 CHIP WITH 8 CORE CPU, 16GB RAM, 256GB SSD",SN-CUPH19,"Apr 3, 2025","Apr 3, 2028","  51,500.00 ","2,575.00",ACCF_PADILLA__PATRICIA_ANNE_SANTOS.pdf,PO 4700001922,"AGUILAR, DIANNE VILLANUEVA","VSTECS PHILS, INC.",
05-01617,100683,100684,100684,087190965346,"VALDEZ, JOHN PAUL FERNANDEZ",Deployed,June,2025,"Jun 20, 2025",Sr. Business Analyst,Technology Group,MacOS,," 2025 MacBook Air ","13-INCH MACBOOK AIR; APPLE M2 CHIP WITH 8 CORE CPU, 16GB RAM, 256GB SSD",SN-ETP3SS,"Apr 3, 2025","Apr 3, 2028","  51,500.00 ","2,575.00",ACCF_VALDEZ__JOHN_PAUL_FERNANDEZ.pdf,PO 4700001922,,"VSTECS PHILS, INC.",
05-03103,100684,100685,100685,087190582148,"MAGNO, SOFIA DELA CRUZ",Deployed,July,2025,"Jul 2, 2025",Sr. Application Support Specialist,Technology Group,MacOS,," 2025 MacBook Air ","13-INCH MACBOOK AIR; APPLE M2 CHIP WITH 8 CORE CPU, 16GB RAM, 256GB SSD",SN-4SRT9X,"Apr 3, 2025","Apr 3, 2028","  51,500.00 ","2,575.00",,PO 4700001922,,"VSTECS PHILS, INC.",
,100685,100686,100686,0871907930BE,,Spare for Deploy,,,,,,MacOS,," 2025 MacBook Air ","13-INCH MACBOOK AIR; APPLE M2 CHIP WITH 8 CORE CPU, 16GB RAM, 256GB SSD",SN-B38KEV,"Apr 3, 2025","Apr 3, 2028","  51,500.00 ","2,575.00",,PO 4700001922,"HERNANDEZ, JASMIN AQUINO","VSTECS PHILS, INC.",
05-09916,100686,100687,100687,0871900C68E6,"SALAZAR, STEPHANIE LOPEZ",Deployed,June,2025,"Jun 30, 2025",Software Engineer,Client Based Globe,MacOS,," 2025 MacBook Air ","13-INCH MACBOOK AIR; APPLE M2 CHIP WITH 8 CORE CPU, 16GB RAM, 256GB SSD",SN-1U5QUX,"Apr 3, 2025","Apr 3, 2028","  51,500.00 ","2,575.00",ACCF_SALAZAR__STEPHANIE_LOPEZ.pdf,PO 4700001922,,"VSTECS PHILS, INC.",
05-01728,100687,100688,100688,087190679AB0,"DE LEON, LOVELY VILLANUEVA",Deployed,June,2025,"Jun 25, 2025",Business Analyst,Technology Group,MacOS,," 2025 MacBook Air ","13-INCH MACBOOK AIR; APPLE M2 CHIP WITH 8 CORE CPU, 16GB RAM, 256GB SSD",SN-QURQME,"Apr 3, 2025","Apr 3, 2028","  51,500.00 ","2,575.00",ACCF_DE_LEON__LOVELY_VILLANUEVA.pdf,PO 4700001922,,"VSTECS PHILS, INC.",
05-02400,100688,100689,100689,087190AE9FC7,"GUTIERREZ, RAFAEL FLORES",Deployed,June,2025,"Jun 25, 2025",Jr. Technical Support Specialist,917 Ventures,MacOS,," 2025 MacBook Air ","13-INCH MACBOOK AIR; APPLE M2 CHIP WITH 8 CORE CPU, 16GB RAM, 256GB SSD",SN-KET4SJ,"Apr 3, 2025","Apr 3, 2028","  51,500.00 ","2,575.00",ACCF_GUTIERREZ__RAFAEL_FLORES.pdf,PO 4700001922,,"VSTECS PHILS, INC.",
05-03058,100689,100690,100690,08719071DD4A,"LAXAMANA, BIANCA AQUINO",Deployed,June,2025,"Jun 18, 2025",Application Support Specialist,Technology Group,MacOS,," 2025 MacBook Air ","13-INCH MACBOOK AIR; APPLE M2 CHIP WITH 8 CORE CPU, 16GB RAM, 256GB SSD",SN-BEQN8K,"Apr 3, 2025","Apr 3, 2028","  51,500.00 ","2,575.00",ACCF_LAXAMANA__BIANCA_AQUINO.pdf,PO 4700001922,,"VSTECS PHILS, INC.",
05-03033,100690,100691,100691,087190FFF57B,"GARCIA, JOSHUA BAUTISTA",Deployed,July,2025,"Jul 7, 2025",Solutions Architect,Technology Group,MacOS,," 2025 MacBook Air ","13-INCH MACBOOK AIR; APPLE M2 CHIP WITH 8 CORE CPU, 16GB RAM, 256GB SSD",SN-XXMXVQ,"Apr 3, 2025","Apr 3, 2028","  51,500.00 ","2,575.00",ACCF_GARCIA__JOSHUA_BAUTISTA.pdf,PO 4700001922,,"VSTECS PHILS, INC.",
05-04849,100691,100692,100692,08719072DAAB,"MORALES, ANGELA MAE GARCIA",Deployed,June,2025,"Jun 20, 2025",Project Manager,Client Based Globe,MacOS,," 2025 MacBook Air ","13-INCH MACBOOK AIR; APPLE M2 CHIP WITH 8 CORE CPU, 16GB RAM, 256GB SSD",SN-32M17W,"Apr 3, 2025","Apr 3, 2028","  51,500.00 ","2,575.00",ACCF_MORALES__ANGELA_MAE_GARCIA.pdf,PO 4700001922,,"VSTECS PHILS, INC.",
05-03105,100692,100693,100693,08719014177D,"CALDERON, ANGELA MAE RAMOS",For Repair,June,2025,"Jun 20, 2025",CoE Lead - Solutions Architect,Technology Group,MacOS,," 2025 MacBook Air ","13-INCH MACBOOK AIR; APPLE M2 CHIP WITH 8 CORE CPU, 16GB RAM, 256GB SSD",SN-AMVNM7,"Apr 3, 2025","Apr 3, 2028","  51,500.00 ","2,575.00",ACCF_CALDERON__ANGELA_MAE_RAMOS.pdf,PO 4700001922,,"VSTECS PHILS, INC.",
05-03195,100693,100694,100694,08719022BE6F,"DAVID, KATRINA RAMOS",Deployed,February,2026,"Feb 6, 2026",Sr. Software Engineer - (Mobile Native IOS),Technology Group,MacOS,," 2025 MacBook Air ","13-INCH MACBOOK AIR; APPLE M2 CHIP WITH 8 CORE CPU, 16GB RAM, 256GB SSD",SN-H1QT2N,"Apr 3, 2025","Apr 3, 2028","  51,500.00 ","2,575.00",,PO 4700001922,"CORPUZ, ROCHELLE SANTOS","VSTECS PHILS, INC.",
05-03106,100694,100695,100695,087190605A0C,"CALDERON, ADRIAN LOPEZ",Deployed,June,2025,"Jun 27, 2025",Solutions Designer,Technology Group,MacOS,," 2025 MacBook Air ","13-INCH MACBOOK AIR; APPLE M2 CHIP WITH 8 CORE CPU, 16GB RAM, 256GB SSD",SN-B89YW1,"Apr 3, 2025","Apr 3, 2028","  51,500.00 ","2,575.00",ACCF_CALDERON__ADRIAN_LOPEZ.pdf,PO 4700001922,,"VSTECS PHILS, INC.",
05-03191,100695,100696,100696,087190EA2CCB,"SANTOS, KATHERINE ROSE FLORES",Deployed,November,2025,"Nov 14, 2025",Finance Analyst,Finance,MacOS,," 2025 MacBook Air ","13-INCH MACBOOK AIR; APPLE M2 CHIP WITH 8 CORE CPU, 16GB RAM, 256GB SSD",SN-XMN32K,"Apr 3, 2025","Apr 3, 2028","  51,500.00 ","2,575.00",,PO 4700001922,"VALDEZ, GABRIEL GARCIA","VSTECS PHILS, INC.",
05-03105,100696,100697,100697,0871902C2D47,"JAVIER, CHRISTIAN CRUZ",Deployed,July,2025,"Jul 11, 2025",Sr. Software Engineer,Technology Group,MacOS,," 2025 MacBook Air ","13-INCH MACBOOK AIR; APPLE M2 CHIP WITH 8 CORE CPU, 16GB RAM, 256GB SSD",SN-NY4VH2,"Apr 3, 2025","Apr 3, 2028","  51,500.00 ","2,575.00",ACCF_JAVIER__CHRISTIAN_CRUZ.pdf,PO 4700001922,,"VSTECS PHILS, INC.",
05-03124,100697,100698,100698,087190C55494,"DAVID, JEROME BAUTISTA",Deployed,June,2025,"Jun 18, 2025",Sr. Software Engineer,Technology Group,MacOS,," 2025 MacBook Air ","13-INCH MACBOOK AIR; APPLE M2 CHIP WITH 8 CORE CPU, 16GB RAM, 256GB SSD",SN-3EE2VG,"Apr 3, 2025","Apr 3, 2028","  51,500.00 ","2,575.00",ACCF_DAVID__JEROME_BAUTISTA.pdf,PO 4700001922,,"VSTECS PHILS, INC.",
05-03125,100698,100699,100699,0871905D1AB2,"ATIENZA, DENISE RIVERA",Deployed,June,2025,"Jun 18, 2025",Sr. Business Analyst (UI/UX),Technology Group,MacOS,," 2025 MacBook Air ","13-INCH MACBOOK AIR; APPLE M2 CHIP WITH 8 CORE CPU, 16GB RAM, 256GB SSD",SN-RT9VAD,"Apr 3, 2025","Apr 3, 2028","  51,500.00 ","2,575.00",ACCF_ATIENZA__DENISE_RIVERA.pdf,PO 4700001922,,"VSTECS PHILS, INC.",
05-03105,100699,100700,100700,087190C63AD1,"DAVID, PATRICIA ANNE RIVERA",Deployed,June,2025,"Jun 17, 2025",Service Delivery Manager,Technology Group,MacOS,," 2025 MacBook Air ","13-INCH MACBOOK AIR; APPLE M2 CHIP WITH 8 CORE CPU, 16GB RAM, 256GB SSD",SN-V51N30,"Apr 3, 2025","Apr 3, 2028","  51,500.00 ","2,575.00",ACCF_DAVID__PATRICIA_ANNE_RIVERA.pdf,PO 4700001922,,"VSTECS PHILS, INC.",
05-03127,100700,100701,100701,0871905DE6EB,"ESGUERRA, JASMIN GARCIA",For Repair,June,2025,"Jun 27, 2025",Command Center Operations Analyst,Technology Group,MacOS,," 2025 MacBook Air ","13-INCH MACBOOK AIR; APPLE M2 CHIP WITH 8 CORE CPU, 16GB RAM, 256GB SSD",SN-VNQFUA,"Apr 3, 2025","Apr 3, 2028","  51,500.00 ","2,575.00",ACCF_ESGUERRA__JASMIN_GARCIA.pdf,PO 4700001922,,"VSTECS PHILS, INC.",
05-06814,100701,100702,100702,0871907FEB51,"FLORES, VINCENT CRUZ",Deployed,June,2025,"Jun 18, 2025",Section Editor,Client Based Globe,MacOS,," 2025 MacBook Air ","13-INCH MACBOOK AIR; APPLE M2 CHIP WITH 8 CORE CPU, 16GB RAM, 256GB SSD",SN-V7P2RW,"Apr 3, 2025","Apr 3, 2028","  51,500.00 ","2,575.00",ACCF_FLORES__VINCENT_CRUZ.pdf,PO 4700001922,,"VSTECS PHILS, INC.",
05-03099,100702,100703,100703,08719046678E,"REYES, VINCENT GARCIA",Deployed,June,2025,"Jun 18, 2025",Scrum Master,Technology Group,MacOS,," 2025 MacBook Air ","13-INCH MACBOOK AIR; APPLE M2 CHIP WITH 8 CORE CPU, 16GB RAM, 256GB SSD",SN-6KEX0M,"Apr 3, 2025","Apr 3, 2028","  51,500.00 ","2,575.00",ACCF_REYES__VINCENT_GARCIA.pdf,PO 4700001922,,"VSTECS PHILS, INC.",
05-01614,100703,100704,100704,087190B59F72,"HERNANDEZ, ANGELA MAE GARCIA",Deployed,October,2025,"Oct 1, 2025",Project Manager,Technology Group,MacOS,," 2025 MacBook Air ","13-INCH MACBOOK AIR; APPLE M2 CHIP WITH 8 CORE CPU, 16GB RAM, 256GB SSD",SN-MWUNMY,"Apr 3, 2025","Apr 3, 2028","  51,500.00 ","2,575.00",,PO 4700001922,,"VSTECS PHILS, INC.",
05-02676,100704,100705,100705,087190A8A2F7,"MERCADO, PAULO MIGUEL MENDOZA",Deployed,June,2025,"Jun 27, 2025",Capability Lead/Team Lead,Digital Solutions Group (DSG),MacOS,," 2025 MacBook Air ","13-INCH MACBOOK AIR; APPLE M2 CHIP WITH 8 CORE CPU, 16GB RAM, 256GB SSD",SN-JVS9A7,"Apr 3, 2025","Apr 3, 2028","  51,500.00 ","2,575.00",ACCF_MERCADO__PAULO_MIGUEL_MENDOZA.pdf,PO 4700001922,,"VSTECS PHILS, INC.",
05-03125,100705,100706,100706,087190A9E0FC,"CASTRO, KATRINA CASTILLO",Deployed,July,2025,"Jul 4, 2025",Business Analyst,Technology Group,MacOS,," 2025 MacBook Air ","13-INCH MACBOOK AIR; APPLE M2 CHIP WITH 8 CORE CPU, 16GB RAM, 256GB SSD",SN-FKYKTR,"Apr 3, 2025","Apr 3, 2028","  51,500.00 ","2,575.00",ACCF_CASTRO__KATRINA_CASTILLO.pdf,PO 4700001922,,"VSTECS PHILS, INC.",
05-01050,100706,100707,100707,087190C4401F,"SERRANO, PATRICIA ANNE CRUZ",Deployed,July,2025,"Jul 8, 2025",Talent Acquisition Manager,Talent Acquisition,MacOS,," 2025 MacBook Air ","13-INCH MACBOOK AIR; APPLE M2 CHIP WITH 8 CORE CPU, 16GB RAM, 256GB SSD",SN-YS1A9K,"Apr 3, 2025","Apr 3, 2028","  51,500.00 ","2,575.00",ACCF_SERRANO__PATRICIA_ANNE_CRUZ.pdf,PO 4700001922,,"VSTECS PHILS, INC.",
05-03124,100707,100708,100708,087190B4B04D,"RAMOS, DIANNE FLORES",Deployed,July,2025,"Jul 2, 2025",Sr. Software Engineer,Technology Group,MacOS,," 2025 MacBook Air ","13-INCH MACBOOK AIR; APPLE M2 CHIP WITH 8 CORE CPU, 16GB RAM, 256GB SSD",SN-4BAQNW,"Apr 3, 2025","Apr 3, 2028","  51,500.00 ","2,575.00",ACCF_RAMOS__DIANNE_FLORES.pdf,PO 4700001922,,"VSTECS PHILS, INC.",
,100708,100709,100709,08719013F237,,Spare for Deploy,,,,,,MacOS,," 2025 MacBook Air ","13-INCH MACBOOK AIR; APPLE M2 CHIP WITH 8 CORE CPU, 16GB RAM, 256GB SSD",SN-GNWMQF,"Apr 3, 2025","Apr 3, 2028","  51,500.00 ","2,575.00",,PO 4700001922,"PASCUAL, STEPHANIE AQUINO","VSTECS PHILS, INC.",
05-03016,100709,100710,100710,0871906F2B25,"AGUILAR, CHRISTINE JOY BAUTISTA",Deployed,July,2025,"Jul 2, 2025",Application Support Specialist,Technology Group,MacOS,," 2025 MacBook Air ","13-INCH MACBOOK AIR; APPLE M2 CHIP WITH 8 CORE CPU, 16GB RAM, 256GB SSD",SN-H75HKB,"Apr 3, 2025","Apr 3, 2028","  51,500.00 ","2,575.00",ACCF_AGUILAR__CHRISTINE_JOY_BAUTISTA.pdf,PO 4700001922,,"VSTECS PHILS, INC.",
05-03054,100710,100711,100711,087190C810E5,"BAUTISTA, VINCENT CASTILLO",Deployed,June,2025,"Jun 17, 2025",Quality Analyst,Technology Group,MacOS,," 2025 MacBook Air ","13-INCH MACBOOK AIR; APPLE M2 CHIP WITH 8 CORE CPU, 16GB RAM, 256GB SSD",SN-MGCF2Y,"Apr 3, 2025","Apr 3, 2028","  51,500.00 ","2,575.00",ACCF_BAUTISTA__VINCENT_CASTILLO.pdf,PO 4700001922,,"VSTECS PHILS, INC.",
05-03124,100711,100712,100712,087190615B07,"RAMOS, KENNETH MENDOZA",Deployed,June,2025,"Jun 18, 2025",Sr. Software Engineer,Technology Group,MacOS,," 2025 MacBook Air ","13-INCH MACBOOK AIR; APPLE M2 CHIP WITH 8 CORE CPU, 16GB RAM, 256GB SSD",SN-BLDNKJ,"Apr 3, 2025","Apr 3, 2028","  51,500.00 ","2,575.00",ACCF_RAMOS__KENNETH_MENDOZA.pdf,PO 4700001922,,"VSTECS PHILS, INC.",
05-03056,100712,100713,100713,08719094792A,"FERNANDEZ, SOFIA FERNANDEZ",Deployed,July,2025,"Jul 9, 2025",Sr. Application Support Specialist,Technology Group,MacOS,," 2025 MacBook Air ","13-INCH MACBOOK AIR; APPLE M2 CHIP WITH 8 CORE CPU, 16GB RAM, 256GB SSD",SN-JQ0QVQ,"Apr 3, 2025","Apr 3, 2028","  51,500.00 ","2,575.00",ACCF_FERNANDEZ__SOFIA_FERNANDEZ.pdf,PO 4700001922,,"VSTECS PHILS, INC.",
05-02471,100713,100714,100714,087190446884,"ALCANTARA, ALEXANDER MERCADO",Deployed,June,2025,"Jun 27, 2025",Jr. Command Center Ops Analyst,Technology Group,MacOS,," 2025 MacBook Air ","13-INCH MACBOOK AIR; APPLE M2 CHIP WITH 8 CORE CPU, 16GB RAM, 256GB SSD",SN-RC67WA,"Apr 3, 2025","Apr 3, 2028","  51,500.00 ","2,575.00",ACCF_ALCANTARA__ALEXANDER_MERCADO.pdf,PO 4700001922,,"VSTECS PHILS, INC.",
05-02818,100714,100715,100715,0871900C31E6,"MENDOZA, ANDREA GAIL SANTOS",Deployed,June,2025,"Jun 18, 2025",Sr. QA Engineer,Technology Group,MacOS,," 2025 MacBook Air ","13-INCH MACBOOK AIR; APPLE M2 CHIP WITH 8 CORE CPU, 16GB RAM, 256GB SSD",SN-P9UKXJ,"Apr 3, 2025","Apr 3, 2028","  51,500.00 ","2,575.00",ACCF_MENDOZA__ANDREA_GAIL_SANTOS.pdf,PO 4700001922,,"VSTECS PHILS, INC.",
05-03057,100715,100716,100716,087190F294FA,"MALABANAN, PATRICK OLIVER MENDOZA",Deployed,June,2025,"Jun 18, 2025",Scrum Master,Technology Group,MacOS,," 2025 MacBook Air ","13-INCH MACBOOK AIR; APPLE M2 CHIP WITH 8 CORE CPU, 16GB RAM, 256GB SSD",SN-XQ6QND,"Apr 3, 2025","Apr 3, 2028","  51,500.00 ","2,575.00",ACCF_MALABANAN__PATRICK_OLIVER_MENDOZA.pdf,PO 4700001922,,"VSTECS PHILS, INC.",
05-06952,100716,100717,100717,087190C931B1,"FERNANDEZ, PATRICK OLIVER FERNANDEZ",Deployed,Match,2026,"Mar 6, 2026",Software Engineer (Python),Technology Group,MacOS,," 2025 MacBook Air ","13-INCH MACBOOK AIR; APPLE M2 CHIP WITH 8 CORE CPU, 16GB RAM, 256GB SSD",SN-KRZ6FV,"Apr 3, 2025","Apr 3, 2028","  51,500.00 ","2,575.00",ACCF_FERNANDEZ__PATRICK_OLIVER_FERNANDEZ.pdf,PO 4700001922,"MALABANAN, LOVELY MENDOZA","VSTECS PHILS, INC.",
05-02335,100717,100718,100718,087190A9B80B,"GARCIA, GABRIEL CRUZ",Deployed,November,2025,"Nov 19, 2025",Project Manager,Technology Group,MacOS,," 2025 MacBook Air ","13-INCH MACBOOK AIR; APPLE M2 CHIP WITH 8 CORE CPU, 16GB RAM, 256GB SSD",SN-79TA99,"Apr 3, 2025","Apr 3, 2028","  51,500.00 ","2,575.00",,PO 4700001922,,"VSTECS PHILS, INC.",
05-03214,100718,100719,100719,087190A26C2C,"FRANCISCO, ANGELA MAE RIVERA",Deployed,May,2026,"May 22, 2026",System Administrator,Delivery Group,MacOS,," 2025 MacBook Air ","13-INCH MACBOOK AIR; APPLE M2 CHIP WITH 8 CORE CPU, 16GB RAM, 256GB SSD",SN-9QALGX,"Apr 3, 2025","Apr 3, 2028","  51,500.00 ","2,575.00",,PO 4700001922,"OCAMPO, JOSHUA VILLANUEVA","VSTECS PHILS, INC.",
05-03191,100719,100720,100720,087190FF2318,"MARQUEZ, JOHN PAUL GARCIA",Deployed,November,2025,"Nov 21, 2025",Software Engineer (Fullstack),Client Based Globe,MacOS,," 2025 MacBook Air ","13-INCH MACBOOK AIR; APPLE M2 CHIP WITH 8 CORE CPU, 16GB RAM, 256GB SSD",SN-AZL4HP,"Apr 3, 2025","Apr 3, 2028","  51,500.00 ","2,575.00",,PO 4700001922,"ESGUERRA, JEROME SANTOS","VSTECS PHILS, INC.",
05-03192,100720,100721,100721,087190404862,"VILLANUEVA, ANDREA GAIL TORRES",Deployed,November,2025,"Nov 14, 2025",Systems Administrator (M365 Infrastructure),Technology Group,MacOS,," 2025 MacBook Air ","13-INCH MACBOOK AIR; APPLE M2 CHIP WITH 8 CORE CPU, 16GB RAM, 256GB SSD",SN-G467GZ,"Apr 3, 2025","Apr 3, 2028","  51,500.00 ","2,575.00",ACCF_VILLANUEVA__ANDREA_GAIL_TORRES.pdf,PO 4700001922,"SERRANO, VINCENT MERCADO","VSTECS PHILS, INC.",
05-02423,100721,100722,100722,087190BF4958,"MORALES, ANDREA GAIL LOPEZ",Deployed,June,2025,"Jun 18, 2025",CMS Administrator,Client Based Globe,MacOS,," 2025 MacBook Air ","13-INCH MACBOOK AIR; APPLE M2 CHIP WITH 8 CORE CPU, 16GB RAM, 256GB SSD",SN-ZWBW33,"Apr 3, 2025","Apr 3, 2028","  51,500.00 ","2,575.00",ACCF_MORALES__ANDREA_GAIL_LOPEZ.pdf,PO 4700001922,,"VSTECS PHILS, INC.",
05-01682,100722,100723,100723,0871900B27BC,"AGUILAR, LOVELY VILLANUEVA",Deployed,June,2025,"Jun 26, 2025",Project Manager,Technology Group,MacOS,," 2025 MacBook Air ","13-INCH MACBOOK AIR; APPLE M2 CHIP WITH 8 CORE CPU, 16GB RAM, 256GB SSD",SN-8TXBM8,"Apr 3, 2025","Apr 3, 2028","  51,500.00 ","2,575.00",ACCF_AGUILAR__LOVELY_VILLANUEVA.pdf,PO 4700001922,,"VSTECS PHILS, INC.",
05-01639,100723,100724,100724,0871902D61EC,"BAUTISTA, JASMIN SANTOS",Deployed,October,2025,"Oct 24, 2025",Sr. Software Engineer,Technology Group,MacOS,," 2025 MacBook Air ","13-INCH MACBOOK AIR; APPLE M2 CHIP WITH 8 CORE CPU, 16GB RAM, 256GB SSD",SN-57HKGV,"Apr 3, 2025","Apr 3, 2028","  51,500.00 ","2,575.00",,PO 4700001922,"MANALANG, JASMIN CRUZ","VSTECS PHILS, INC.",
05-03190,100724,100725,100725,08719078D10E,"TORRES, KENNETH LOPEZ",Deployed,November,2025,"Nov 6, 2025",Software Engineer (Fullstack),Client Based Globe,MacOS,," 2025 MacBook Air ","13-INCH MACBOOK AIR; APPLE M2 CHIP WITH 8 CORE CPU, 16GB RAM, 256GB SSD",SN-FQ1HG2,"Apr 3, 2025","Apr 3, 2028","  51,500.00 ","2,575.00",,PO 4700001922,"MARQUEZ, JOHN PAUL GARCIA","VSTECS PHILS, INC.",
05-03103,100725,100726,100726,087190BC36DE,"CRUZ, CAMILLE BAUTISTA",Deployed,June,2025,"Jun 27, 2025",Sr. Application Support Specialist,Technology Group,MacOS,," 2025 MacBook Air ","13-INCH MACBOOK AIR; APPLE M2 CHIP WITH 8 CORE CPU, 16GB RAM, 256GB SSD",SN-RSYD0E,"Apr 3, 2025","Apr 3, 2028","  51,500.00 ","2,575.00",ACCF_CRUZ__CAMILLE_BAUTISTA.pdf,PO 4700001922,,"VSTECS PHILS, INC.",
05-06803,100726,100727,100727,087190DA91A8,"GARCIA, DENISE BAUTISTA",Deployed,June,2025,"Jun 27, 2025",Section Editor,Client Based Globe,MacOS,," 2025 MacBook Air ","13-INCH MACBOOK AIR; APPLE M2 CHIP WITH 8 CORE CPU, 16GB RAM, 256GB SSD",SN-8WNJ20,"Apr 3, 2025","Apr 3, 2028","  51,500.00 ","2,575.00",ACCF_GARCIA__DENISE_BAUTISTA.pdf,PO 4700001922,,"VSTECS PHILS, INC.",
05-03123,100727,100728,100728,087190BE4478,"ILAGAN, CARLO MERCADO",Deployed,June,2025,"Jun 27, 2025",Change Manager,Technology Group,MacOS,," 2025 MacBook Air ","13-INCH MACBOOK AIR; APPLE M2 CHIP WITH 8 CORE CPU, 16GB RAM, 256GB SSD",SN-346YES,"Apr 3, 2025","Apr 3, 2028","  51,500.00 ","2,575.00",ACCF_ILAGAN__CARLO_MERCADO.pdf,PO 4700001922,,"VSTECS PHILS, INC.",
05-02516,100728,100729,100729,0871901767E5,"MANALANG, DOMINIC TORRES",Deployed,June,2025,"Jun 27, 2025",Project Manager,Client Based Globe,MacOS,," 2025 MacBook Air ","13-INCH MACBOOK AIR; APPLE M2 CHIP WITH 8 CORE CPU, 16GB RAM, 256GB SSD",SN-KR7Q8G,"Apr 3, 2025","Apr 3, 2028","  51,500.00 ","2,575.00",ACCF_MANALANG__DOMINIC_TORRES.pdf,PO 4700001922,,"VSTECS PHILS, INC.",
05-03080,100729,100730,100730,087190A7284D,"SORIANO, KEVIN MENDOZA",Deployed,July,2025,"Jul 8, 2025",Jr. Systems Analyst,Technology Group,MacOS,," 2025 MacBook Air ","13-INCH MACBOOK AIR; APPLE M2 CHIP WITH 8 CORE CPU, 16GB RAM, 256GB SSD",SN-YBLPX2,"Apr 3, 2025","Apr 3, 2028","  51,500.00 ","2,575.00",,PO 4700001922,,"VSTECS PHILS, INC.",
05-02471,100730,100731,100731,0871909AED63,"OCAMPO, DIANNE GARCIA",Deployed,July,2025,"Jul 8, 2025",Sr. QA Engineer,Technology Group,MacOS,," 2025 MacBook Air ","13-INCH MACBOOK AIR; APPLE M2 CHIP WITH 8 CORE CPU, 16GB RAM, 256GB SSD",SN-7FLX6A,"Apr 3, 2025","Apr 3, 2028","  51,500.00 ","2,575.00",ACCF_OCAMPO__DIANNE_GARCIA.pdf,PO 4700001922,,"VSTECS PHILS, INC.",
,100731,100732,100732,087190F1D747,,Spare for Deploy,,,,,,MacOS,," 2025 MacBook Air ","13-INCH MACBOOK AIR; APPLE M2 CHIP WITH 8 CORE CPU, 16GB RAM, 256GB SSD",SN-FG1T9F,"Apr 3, 2025","Apr 3, 2028","  51,500.00 ","2,575.00",,PO 4700001922,"SERRANO, VINCENT VILLANUEVA","VSTECS PHILS, INC.",
05-03124,100732,100733,100733,08719095262A,"SALAZAR, JOHN PAUL LOPEZ",For Pick up,June,2025,"Jun 19, 2025",Sr. Database Administrator,Technology Group,MacOS,," 2025 MacBook Air ","13-INCH MACBOOK AIR; APPLE M2 CHIP WITH 8 CORE CPU, 16GB RAM, 256GB SSD",SN-5ULK93,"Apr 3, 2025","Apr 3, 2028","  51,500.00 ","2,575.00",ACCF_SALAZAR__JOHN_PAUL_LOPEZ.pdf,PO 4700001922,,"VSTECS PHILS, INC.",
05-01617,100733,100734,100734,0871903CA2D8,"VALDEZ, FRANCIS TORRES",Deployed,June,2025,"Jun 26, 2025",Project Manager,Client Based Globe,MacOS,," 2025 MacBook Air ","13-INCH MACBOOK AIR; APPLE M2 CHIP WITH 8 CORE CPU, 16GB RAM, 256GB SSD",SN-4DWRFG,"Apr 3, 2025","Apr 3, 2028","  51,500.00 ","2,575.00",ACCF_VALDEZ__FRANCIS_TORRES.pdf,PO 4700001922,,"VSTECS PHILS, INC.",
05-03060,100734,100735,100735,0871905B94DD,"AQUINO, ROCHELLE RAMOS",Deployed,July,2025,"Jul 18, 2025",Sr. Business Analyst,Technology Group,MacOS,," 2025 MacBook Air ","13-INCH MACBOOK AIR; APPLE M2 CHIP WITH 8 CORE CPU, 16GB RAM, 256GB SSD",SN-U2NBED,"Apr 3, 2025","Apr 3, 2028","  51,500.00 ","2,575.00",ACCF_AQUINO__ROCHELLE_RAMOS.pdf,PO 4700001922,"FLORES, MICHAEL ANGELO CRUZ","VSTECS PHILS, INC.",
05-02450,100735,100736,100736,0871904C3EDB,"HERNANDEZ, MARK ANTHONY GARCIA",Deployed,June,2025,"Jun 19, 2025",Jr. Software Engineer,Technology Group,MacOS,," 2025 MacBook Air ","13-INCH MACBOOK AIR; APPLE M2 CHIP WITH 8 CORE CPU, 16GB RAM, 256GB SSD",SN-DKUCVM,"Apr 3, 2025","Apr 3, 2028","  51,500.00 ","2,575.00",ACCF_HERNANDEZ__MARK_ANTHONY_GARCIA.pdf,PO 4700001922,,"VSTECS PHILS, INC.",
05-02382,100736,100737,100737,087190748D36,"VILLANUEVA, DENISE RIVERA",Deployed,November,2024,"Nov 4, 2024",Software Engineer,Technology Group,MacOS,," 2025 MacBook Air ","13-INCH MACBOOK AIR; APPLE M2 CHIP WITH 8 CORE CPU, 16GB RAM, 256GB SSD",SN-RQKT14,"Apr 3, 2025","Apr 3, 2028","  51,500.00 ","2,575.00",ACCF_VILLANUEVA__DENISE_RIVERA.pdf,PO 4700001922,,"VSTECS PHILS, INC.",
05-03125,100737,100738,100738,0871900A9293,"REYES, GABRIEL MERCADO",Deployed,June,2025,"Jun 26, 2025",Software Engineer,Technology Group,MacOS,," 2025 MacBook Air ","13-INCH MACBOOK AIR; APPLE M2 CHIP WITH 8 CORE CPU, 16GB RAM, 256GB SSD",SN-MQ4HZJ,"Apr 3, 2025","Apr 3, 2028","  51,500.00 ","2,575.00",ACCF_REYES__GABRIEL_MERCADO.pdf,PO 4700001922,,"VSTECS PHILS, INC.",
05-01750,100738,100739,100739,087190739CAC,"FRANCISCO, PATRICIA ANNE FERNANDEZ",Deployed,June,2025,"Jun 13, 2025",Command Center Operations Analyst,Technology Group,MacOS,," 2025 MacBook Air ","13-INCH MACBOOK AIR; APPLE M2 CHIP WITH 8 CORE CPU, 16GB RAM, 256GB SSD",SN-JX6CRJ,"Apr 3, 2025","Apr 3, 2028","  51,500.00 ","2,575.00",ACCF_FRANCISCO__PATRICIA_ANNE_FERNANDEZ.pdf,PO 4700001922,,"VSTECS PHILS, INC.",
05-06888,100739,100740,100740,0871904C9EB6,"MIRANDA, CHRISTIAN AQUINO",Deployed,August,2025,"Aug 18, 2025",Change Management Analyst,Technology Group,MacOS,," 2025 MacBook Air ","13-INCH MACBOOK AIR; APPLE M2 CHIP WITH 8 CORE CPU, 16GB RAM, 256GB SSD",SN-SG29V0,"Apr 3, 2025","Apr 3, 2028","  51,500.00 ","2,575.00",,PO 4700001922,"PANGANIBAN, RAFAEL MENDOZA","VSTECS PHILS, INC.",
05-06688,100740,100741,100741,0871908A1571,"PASCUAL, BEATRICE TORRES",Deployed,June,2025,"Jun 20, 2025",Application Support Specialist,Technology Group,MacOS,," 2025 MacBook Air ","13-INCH MACBOOK AIR; APPLE M2 CHIP WITH 8 CORE CPU, 16GB RAM, 256GB SSD",SN-4TBUK3,"Apr 3, 2025","Apr 3, 2028","  51,500.00 ","2,575.00",ACCF_PASCUAL__BEATRICE_TORRES.pdf,PO 4700001922,,"VSTECS PHILS, INC.",
05-02383,100741,100742,100742,08719011FF5B,"AQUINO, MARK ANTHONY RAMOS",Deployed,May,2025,"May 9, 2025",Business Analyst,Technology Group,MacOS,," 2025 MacBook Air ","13-INCH MACBOOK AIR; APPLE M2 CHIP WITH 8 CORE CPU, 16GB RAM, 256GB SSD",SN-S7PJHK,"Apr 3, 2025","Apr 3, 2028","  51,500.00 ","2,575.00",,PO 4700001922,,"VSTECS PHILS, INC.",
05-03196,100742,100743,100743,08719074C6DC,"HERNANDEZ, KATRINA CRUZ",Deployed,March,2026,"Mar 23, 2026",Sr. Software Engineer (Sr Dynamics 365 CE Technical Consultant),Technology Group,MacOS,," 2025 MacBook Air ","13-INCH MACBOOK AIR; APPLE M2 CHIP WITH 8 CORE CPU, 16GB RAM, 256GB SSD",SN-75E2SW,"Apr 3, 2025","Apr 3, 2028","  51,500.00 ","2,575.00",ACCF_HERNANDEZ__KATRINA_CRUZ.pdf,PO 4700001922,"ILAGAN, CHRISTINE JOY LOPEZ","VSTECS PHILS, INC.",
05-02446,100743,100744,100744,0871908B272D,"EVANGELISTA, CARLO RAMOS",Deployed,June,2025,"Jun 17, 2025",Jr. QA Engineer,Technology Group,MacOS,," 2025 MacBook Air ","13-INCH MACBOOK AIR; APPLE M2 CHIP WITH 8 CORE CPU, 16GB RAM, 256GB SSD",SN-MPFCW9,"Apr 3, 2025","Apr 3, 2028","  51,500.00 ","2,575.00",ACCF_EVANGELISTA__CARLO_RAMOS.pdf,PO 4700001922,,"VSTECS PHILS, INC.",
05-06949,100744,100745,100745,087190E66CE7,"BERNARDO, JASMIN AQUINO",Deployed,February,2026,"Feb 27, 2026",Technical Pre-Sales Engineer,Client Based Globe,MacOS,," 2025 MacBook Air ","13-INCH MACBOOK AIR; APPLE M2 CHIP WITH 8 CORE CPU, 16GB RAM, 256GB SSD",SN-ERA4UW,"Apr 3, 2025","Apr 3, 2028","  51,500.00 ","2,575.00",ACCF_BERNARDO__JASMIN_AQUINO.pdf,PO 4700001922,"GONZALES, ANGELO CASTILLO","VSTECS PHILS, INC.",
05-03127,100745,100746,100746,087190B6D1F0,"MIRANDA, JUAN CARLOS RAMOS",Deployed,June,2025,"Jun 18, 2025",Sr. QA Engineer,Technology Group,MacOS,," 2025 MacBook Air ","13-INCH MACBOOK AIR; APPLE M2 CHIP WITH 8 CORE CPU, 16GB RAM, 256GB SSD",SN-FEVEL6,"Apr 3, 2025","Apr 3, 2028","  51,500.00 ","2,575.00",ACCF_MIRANDA__JUAN_CARLOS_RAMOS.pdf,PO 4700001922,,"VSTECS PHILS, INC.",
05-03194,100746,100747,100747,087190BC3A2A,"MENDOZA, ALEXANDER AQUINO",Deployed,January,2026,"Jan 30, 2026",Project Manager,Technology Group,MacOS,," 2025 MacBook Air ","13-INCH MACBOOK AIR; APPLE M2 CHIP WITH 8 CORE CPU, 16GB RAM, 256GB SSD",SN-26PLFL,"Apr 3, 2025","Apr 3, 2028","  51,500.00 ","2,575.00",ACCF_MENDOZA__ALEXANDER_AQUINO.pdf,PO 4700001922,"MERCADO, KATHERINE ROSE MERCADO","VSTECS PHILS, INC.",
05-01684,100747,100748,100748,087190A6F175,"ESGUERRA, RAFAEL CRUZ",Deployed,November,2025,"Nov 7, 2025",Lead Software Engineer,Technology Group,MacOS,," 2025 MacBook Air ","13-INCH MACBOOK AIR; APPLE M2 CHIP WITH 8 CORE CPU, 16GB RAM, 256GB SSD",SN-R45RB5,"Apr 3, 2025","Apr 3, 2028","  51,500.00 ","2,575.00",,PO 4700001922,,"VSTECS PHILS, INC.",
05-05188,100748,100749,100749,087190AA63F1,"BERNARDO, CHRISTIAN FERNANDEZ",Deployed,May,2025,"May 29, 2025",Network Administrator Lead,Technology Group,MacOS,," 2025 MacBook Air ","13-INCH MACBOOK AIR; APPLE M2 CHIP WITH 8 CORE CPU, 16GB RAM, 256GB SSD",SN-A2TDD1,"Apr 3, 2025","Apr 3, 2028","  51,500.00 ","2,575.00",,PO 4700001922,,"VSTECS PHILS, INC.",
05-06681,100749,100750,100750,087190D4B91B,"MANALANG, KATHERINE ROSE AQUINO",Deployed,June,2025,"Jun 3, 2025",Jr. Network Administrator,Technology Group,MacOS,," 2025 MacBook Air ","13-INCH MACBOOK AIR; APPLE M2 CHIP WITH 8 CORE CPU, 16GB RAM, 256GB SSD",SN-VP0F1K,"Apr 3, 2025","Apr 3, 2028","  51,500.00 ","2,575.00",ACCF_MANALANG__KATHERINE_ROSE_AQUINO.pdf,PO 4700001922,,"VSTECS PHILS, INC.",
05-05189,100750,100751,100751,087190E40705,"RIVERA, RAFAEL FLORES",Deployed,May,2025,"May 28, 2025",Network Administrator,Technology Group,MacOS,," 2025 MacBook Air ","13-INCH MACBOOK AIR; APPLE M2 CHIP WITH 8 CORE CPU, 16GB RAM, 256GB SSD",SN-S3U1KL,"Apr 3, 2025","Apr 3, 2028","  51,500.00 ","2,575.00",,PO 4700001922,,"VSTECS PHILS, INC.",
05-05189,100751,100752,100752,0871907A8A26,"PASCUAL, GABRIEL AQUINO",Deployed,May,2025,"May 29, 2025",Network Administrator,Technology Group,MacOS,," 2025 MacBook Air ","13-INCH MACBOOK AIR; APPLE M2 CHIP WITH 8 CORE CPU, 16GB RAM, 256GB SSD",SN-YFJ6W6,"Apr 3, 2025","Apr 3, 2028","  51,500.00 ","2,575.00",,PO 4700001922,,"VSTECS PHILS, INC.",
05-05190,100752,100753,100753,0871905FBC0B,"GONZALES, DOMINIC RAMOS",Deployed,May,2025,"May 29, 2025",Network Administrator,Technology Group,MacOS,," 2025 MacBook Air ","13-INCH MACBOOK AIR; APPLE M2 CHIP WITH 8 CORE CPU, 16GB RAM, 256GB SSD",SN-UEAS3X,"Apr 3, 2025","Apr 3, 2028","  51,500.00 ","2,575.00",,PO 4700001922,,"VSTECS PHILS, INC.",
05-06676,100753,100754,100754,0871904A9B58,"SALAZAR, JASMIN BAUTISTA",Deployed,May,2025,"May 29, 2025",Jr. Network Administrator,Technology Group,MacOS,," 2025 MacBook Air ","13-INCH MACBOOK AIR; APPLE M2 CHIP WITH 8 CORE CPU, 16GB RAM, 256GB SSD",SN-0NCZFB,"Apr 3, 2025","Apr 3, 2028","  51,500.00 ","2,575.00",,PO 4700001922,,"VSTECS PHILS, INC.",
05-03151,100754,100755,100755,0871900A16BA,"LOPEZ, PAULO MIGUEL LOPEZ",Deployed,May,2025,"May 9, 2025",Sr. Software Engineer,Technology Group,MacOS,," 2025 MacBook Air ","13-INCH MACBOOK AIR; APPLE M2 CHIP WITH 8 CORE CPU, 16GB RAM, 256GB SSD",SN-ZMPTRN,"Apr 3, 2025","Apr 3, 2028","  51,500.00 ","2,575.00",,PO 4700001922,,"VSTECS PHILS, INC.",
05-03169,100755,100756,100756,087190BA18E6,"SANTOS, ALYSSA MARIE MERCADO",Deployed,May,2025,"May 9, 2025",Software Engineer,Technology Group,MacOS,," 2025 MacBook Air ","13-INCH MACBOOK AIR; APPLE M2 CHIP WITH 8 CORE CPU, 16GB RAM, 256GB SSD",SN-5AV4ME,"Apr 3, 2025","Apr 3, 2028","  51,500.00 ","2,575.00",,PO 4700001922,,"VSTECS PHILS, INC.",
05-03169,100756,100757,100757,087190A3FEB5,"RAMOS, GABRIEL MERCADO",Deployed,May,2025,"May 9, 2025",Software Engineer,Technology Group,MacOS,," 2025 MacBook Air ","13-INCH MACBOOK AIR; APPLE M2 CHIP WITH 8 CORE CPU, 16GB RAM, 256GB SSD",SN-GBWH81,"Apr 3, 2025","Apr 3, 2028","  51,500.00 ","2,575.00",,PO 4700001922,,"VSTECS PHILS, INC.",
05-03169,100757,100758,100758,0871903A33F5,"TOLENTINO, STEPHANIE CASTILLO",Deployed,May,2025,"May 9, 2025",Project Manager,Technology Group,MacOS,," 2025 MacBook Air ","13-INCH MACBOOK AIR; APPLE M2 CHIP WITH 8 CORE CPU, 16GB RAM, 256GB SSD",SN-RZCTCD,"Apr 3, 2025","Apr 3, 2028","  51,500.00 ","2,575.00",,PO 4700001922,,"VSTECS PHILS, INC.",
05-03191,100758,100759,100759,087190626EAF,"FERNANDEZ, ADRIAN AQUINO",Deployed,November,2025,"Nov 6, 2025",Application Support Specialist,Technology Group,MacOS,," 2025 MacBook Air ","13-INCH MACBOOK AIR; APPLE M2 CHIP WITH 8 CORE CPU, 16GB RAM, 256GB SSD",SN-FYSDLL,"Apr 3, 2025","Apr 3, 2028","  51,500.00 ","2,575.00",,PO 4700001922,"CORTEZ, MICHAEL ANGELO RIVERA","VSTECS PHILS, INC.",
05-03191,100759,100760,100760,0871908AA7CC,"MANALANG, JASMIN MERCADO",Deployed,November,2025,"Nov 21, 2025",Sr. AEM Developer,Technology Group,MacOS,," 2025 MacBook Air ","13-INCH MACBOOK AIR; APPLE M2 CHIP WITH 8 CORE CPU, 16GB RAM, 256GB SSD",SN-XFW0LL,"Apr 3, 2025","Apr 3, 2028","  51,500.00 ","2,575.00",,PO 4700001922,"MERCADO, JOSHUA MERCADO","VSTECS PHILS, INC.",
05-06880,100760,100761,100761,0871904E739F,"LAXAMANA, CHARLENE CRUZ",Deployed,May,2025,"May 15, 2025",Data Analyst,Client Based Globe,MacOS,," 2025 MacBook Air ","13-INCH MACBOOK AIR; APPLE M2 CHIP WITH 8 CORE CPU, 16GB RAM, 256GB SSD",SN-F2K8FG,"Apr 3, 2025","Apr 3, 2028","  51,500.00 ","2,575.00",,PO 4700001922,,"VSTECS PHILS, INC.",
05-06888,100761,100762,100762,0871900C9640,"REYES, JUAN CARLOS CRUZ",For Repair,September,2025,"Sep 11, 2025",Change Management Analyst,Technology Group,MacOS,," 2025 MacBook Air ","13-INCH MACBOOK AIR; APPLE M2 CHIP WITH 8 CORE CPU, 16GB RAM, 256GB SSD",SN-HV8G6Q,"Apr 3, 2025","Apr 3, 2028","  51,500.00 ","2,575.00",,PO 4700001922,"DOMINGO, KATHERINE ROSE MERCADO","VSTECS PHILS, INC.",
05-03167,100762,100763,100763,0871905C3901,"REYES, DANIEL JOSEPH FERNANDEZ",Deployed,May,2025,"May 16, 2025",Sr. Software Engineer (Fullstack Java),Technology Group,MacOS,," 2025 MacBook Air ","13-INCH MACBOOK AIR; APPLE M2 CHIP WITH 8 CORE CPU, 16GB RAM, 256GB SSD",SN-W169RB,"Apr 3, 2025","Apr 3, 2028","  51,500.00 ","2,575.00",,PO 4700001922,,"VSTECS PHILS, INC.",
05-06880,100763,100764,100764,087190B7DAE1,"GARCIA, JOHN PAUL RAMOS",Deployed,May,2025,"May 16, 2025",Change Management Analyst,Technology Group,MacOS,," 2025 MacBook Air ","13-INCH MACBOOK AIR; APPLE M2 CHIP WITH 8 CORE CPU, 16GB RAM, 256GB SSD",SN-LW5SV3,"Apr 3, 2025","Apr 3, 2028","  51,500.00 ","2,575.00",,PO 4700001922,,"VSTECS PHILS, INC.",
05-03169,100764,100765,100765,087190AAAB4C,"OCAMPO, KATRINA CASTILLO",Deployed,May,2025,"May 16, 2025",Penetration Tester,Technology Group,MacOS,," 2025 MacBook Air ","13-INCH MACBOOK AIR; APPLE M2 CHIP WITH 8 CORE CPU, 16GB RAM, 256GB SSD",SN-5PLFMZ,"Apr 3, 2025","Apr 3, 2028","  51,500.00 ","2,575.00",,PO 4700001922,,"VSTECS PHILS, INC.",
05-03038,100765,100766,100766,087190F6F667,"BAUTISTA, CHARLENE BAUTISTA",Deployed,March,2026,"Mar 3, 2026",Software Engineer,Technology Group,MacOS,CAB 3D," 2025 MacBook Air ","13-INCH MACBOOK AIR; APPLE M2 CHIP WITH 8 CORE CPU, 16GB RAM, 256GB SSD",SN-32G2P2,"Apr 3, 2025","Apr 3, 2028","  51,500.00 ","2,575.00",ACCF_BAUTISTA__CHARLENE_BAUTISTA.pdf,PO 4700001922,"GONZALES, JOSHUA BAUTISTA","VSTECS PHILS, INC.",
05-03194,100766,100767,100767,087190B9DBAE,"GONZALES, BEATRICE LOPEZ",Deployed,January,2026,"Jan 30, 2026",Senior Software Engineer - (Mobile Native Android),Technology Group,MacOS,," 2025 MacBook Air ","13-INCH MACBOOK AIR; APPLE M2 CHIP WITH 8 CORE CPU, 16GB RAM, 256GB SSD",SN-N2C99X,"Apr 3, 2025","Apr 3, 2028","  51,500.00 ","2,575.00",ACCF_GONZALES__BEATRICE_LOPEZ.pdf,PO 4700001922,"VILLANUEVA, JOSHUA MENDOZA","VSTECS PHILS, INC.",
05-06882,100767,100768,100768,08719037EE75,"MIRANDA, ALYSSA MARIE CRUZ",Deployed,May,2025,"May 16, 2025",CRM Junior Data Analyst,Client Based Globe,MacOS,," 2025 MacBook Air ","13-INCH MACBOOK AIR; APPLE M2 CHIP WITH 8 CORE CPU, 16GB RAM, 256GB SSD",SN-TNU5MH,"Apr 3, 2025","Apr 3, 2028","  51,500.00 ","2,575.00",,PO 4700001922,,"VSTECS PHILS, INC.",
05-03170,100768,100769,100769,087190D25AD8,"LOPEZ, RAFAEL FLORES",Deployed,August,2025,"Aug 29, 2025",Jr. Lawyer,Legal,MacOS,," 2025 MacBook Air ","13-INCH MACBOOK AIR; APPLE M2 CHIP WITH 8 CORE CPU, 16GB RAM, 256GB SSD",SN-S6R90Z,"Apr 3, 2025","Apr 3, 2028","  51,500.00 ","2,575.00",,PO 4700001922,"VILLANUEVA, KEVIN GARCIA","VSTECS PHILS, INC.",
05-03168,100769,100770,100770,087190727021,"SERRANO, MARCO CASTILLO",Deployed,May,2025,"May 19, 2025",Recruiter,Talent Acquisition Group (TAG),MacOS,," 2025 MacBook Air ","13-INCH MACBOOK AIR; APPLE M2 CHIP WITH 8 CORE CPU, 16GB RAM, 256GB SSD",SN-Q6W153,"Apr 3, 2025","Apr 3, 2028","  51,500.00 ","2,575.00",,PO 4700001922,,"VSTECS PHILS, INC.",
05-03192,100770,100771,100771,0871903E9011,"DEL ROSARIO, PATRICIA ANNE RIVERA",Deployed,December,2025,"Dec 19, 2025",Software Engineer (Fullstack),Client Based Globe,MacOS,," 2025 MacBook Air ","13-INCH MACBOOK AIR; APPLE M2 CHIP WITH 8 CORE CPU, 16GB RAM, 256GB SSD",SN-R9XPY5,"Apr 3, 2025","Apr 3, 2028","  51,500.00 ","2,575.00",ACCF_DEL_ROSARIO__PATRICIA_ANNE_RIVERA.pdf,PO 4700001922,"AQUINO, CHRISTINE JOY CRUZ","VSTECS PHILS, INC.",
05-03168,100771,100772,100772,087190B5FE87,"BAUTISTA, CARLO DELA CRUZ",Deployed,May,2025,"May 23, 2025",Lead Penetration Tester,Technology Group,MacOS,," 2025 MacBook Air ","13-INCH MACBOOK AIR; APPLE M2 CHIP WITH 8 CORE CPU, 16GB RAM, 256GB SSD",SN-2VZ6MJ,"Apr 3, 2025","Apr 3, 2028","  51,500.00 ","2,575.00",,PO 4700001922,,"VSTECS PHILS, INC.",
05-03169,100772,100773,100773,087190749A13,"SALAZAR, ANGELO FLORES",Deployed,May,2025,"May 23, 2025",Data Engineer,Technology Group,MacOS,," 2025 MacBook Air ","13-INCH MACBOOK AIR; APPLE M2 CHIP WITH 8 CORE CPU, 16GB RAM, 256GB SSD",SN-RJD3WH,"Apr 3, 2025","Apr 3, 2028","  51,500.00 ","2,575.00",,PO 4700001922,,"VSTECS PHILS, INC.",
05-06882,100773,100774,100774,0871905D8038,"CORPUZ, MARIA CLARA LOPEZ",Deployed,May,2025,"May 23, 2025",Software Engineer (Fullstack),Technology Group,MacOS,," 2025 MacBook Air ","13-INCH MACBOOK AIR; APPLE M2 CHIP WITH 8 CORE CPU, 16GB RAM, 256GB SSD",SN-A31L5M,"Apr 3, 2025","Apr 3, 2028","  51,500.00 ","2,575.00",,PO 4700001922,,"VSTECS PHILS, INC.",
05-03173,100774,100775,100775,087190C725AD,"CASTILLO, STEPHANIE DELA CRUZ",Deployed,May,2025,"May 23, 2025",Product Manager,Products and Innovation,MacOS,," 2025 MacBook Air ","13-INCH MACBOOK AIR; APPLE M2 CHIP WITH 8 CORE CPU, 16GB RAM, 256GB SSD",SN-L3B8NQ,"Apr 3, 2025","Apr 3, 2028","  51,500.00 ","2,575.00",,PO 4700001922,,"VSTECS PHILS, INC.",
05-06945,100775,100776,100776,087190CA5808,"DEL ROSARIO, MARCO VILLANUEVA",Deployed,March,2026,"Mar 6, 2026",Software Engineer (Fullstack),Client Based Globe,MacOS,," 2025 MacBook Air ","13-INCH MACBOOK AIR; APPLE M2 CHIP WITH 8 CORE CPU, 16GB RAM, 256GB SSD",SN-PMLMUJ,"Apr 3, 2025","Apr 3, 2028","  51,500.00 ","2,575.00",ACCF_DEL_ROSARIO__MARCO_VILLANUEVA.pdf,PO 4700001922,,"VSTECS PHILS, INC.",
05-03191,100776,100777,100777,0871907DE92A,"SERRANO, CHRISTINE JOY FLORES",Deployed,November,2025,"Nov 6, 2025",Application Support Specialist,Technology Group,MacOS,," 2025 MacBook Air ","13-INCH MACBOOK AIR; APPLE M2 CHIP WITH 8 CORE CPU, 16GB RAM, 256GB SSD",SN-1KDW2Z,"Apr 3, 2025","Apr 3, 2028","  51,500.00 ","2,575.00",,PO 4700001922,"LAXAMANA, KEVIN MENDOZA","VSTECS PHILS, INC.",
05-03170,100777,100778,100778,087190CD5B45,"CASTILLO, ERIKA FERNANDEZ",Deployed,June,2025,"Jun 13, 2025",Sr. Software Engineer (ReactJS),Technology Group,MacOS,," 2025 MacBook Air ","13-INCH MACBOOK AIR; APPLE M2 CHIP WITH 8 CORE CPU, 16GB RAM, 256GB SSD",SN-1MEXQE,"Apr 3, 2025","Apr 3, 2028","  51,500.00 ","2,575.00",ACCF_CASTILLO__ERIKA_FERNANDEZ.pdf,PO 4700001922,,"VSTECS PHILS, INC.",
05-06890,100778,100779,100779,087190193B26,"LAXAMANA, PATRICK OLIVER RAMOS",Deployed,September,2025,"Sep 26, 2025",Solutions Designer,Client Based Globe,MacOS,," 2025 MacBook Air ","13-INCH MACBOOK AIR; APPLE M2 CHIP WITH 8 CORE CPU, 16GB RAM, 256GB SSD",SN-8TCWBZ,"Apr 3, 2025","Apr 3, 2028","  51,500.00 ","2,575.00",,PO 4700001922,"PANGANIBAN, ANDREA GAIL VILLANUEVA","VSTECS PHILS, INC.",
05-03168,100779,100780,100780,087190A95114,"AGUILAR, KATRINA AQUINO",Deployed,June,2025,"Jun 13, 2025",Third-Party Assessment Lead,Technology Group,MacOS,," 2025 MacBook Air ","13-INCH MACBOOK AIR; APPLE M2 CHIP WITH 8 CORE CPU, 16GB RAM, 256GB SSD",SN-M3PNTR,"Apr 3, 2025","Apr 3, 2028","  51,500.00 ","2,575.00",,PO 4700001922,,"VSTECS PHILS, INC.",
,100780,100781,100781,08719099AB71,,Spare for Deploy,,,,,,MacOS,," 2025 MacBook Air ","13-INCH MACBOOK AIR; APPLE M2 CHIP WITH 8 CORE CPU, 16GB RAM, 256GB SSD",SN-MMJH6G,"Apr 3, 2025","Apr 3, 2028","  51,500.00 ","2,575.00",,PO 4700001922,"SANTOS, BEATRICE TORRES","VSTECS PHILS, INC.",
05-03127,100781,100782,100782,087190D2C851,"CORTEZ, DIANNE CASTILLO",Deployed,August,2025,"Aug 8, 2025",Workforce Analyst,Talent Acquisition,MacOS,," 2025 MacBook Air ","13-INCH MACBOOK AIR; APPLE M2 CHIP WITH 8 CORE CPU, 16GB RAM, 256GB SSD",SN-PKSSYF,"Apr 3, 2025","Apr 3, 2028","  51,500.00 ","2,575.00",,PO 4700001922,"ESGUERRA, DANIEL JOSEPH FLORES","VSTECS PHILS, INC.",
05-03169,100782,100783,100783,087190BA55A6,"NAVARRO, CAMILLE TORRES",Deployed,June,2025,"Jun 13, 2025",Data Analyst,Technology Group,MacOS,," 2025 MacBook Air ","13-INCH MACBOOK AIR; APPLE M2 CHIP WITH 8 CORE CPU, 16GB RAM, 256GB SSD",SN-RWJUV3,"Apr 3, 2025","Apr 3, 2028","  51,500.00 ","2,575.00",ACCF_NAVARRO__CAMILLE_TORRES.pdf,PO 4700001922,,"VSTECS PHILS, INC.",
05-03170,100783,100784,100784,0871903A9F04,"TORRES, JOSHUA CRUZ",Deployed,June,2025,"Jun 13, 2025",Project Manager (Scrum Master),Technology Group,MacOS,," 2025 MacBook Air ","13-INCH MACBOOK AIR; APPLE M2 CHIP WITH 8 CORE CPU, 16GB RAM, 256GB SSD",SN-WKC4DQ,"Apr 3, 2025","Apr 3, 2028","  51,500.00 ","2,575.00",ACCF_TORRES__JOSHUA_CRUZ.pdf,PO 4700001922,,"VSTECS PHILS, INC.",
05-03218,100784,100785,100785,087190C8F581,"MANALANG, ANGELO SANTOS",Deployed,July,2026,"Jul 10, 2026",Chief of Staff and Transformation Officer,Office of the CEO,MacOS,," 2025 MacBook Air ","13-INCH MACBOOK AIR; APPLE M2 CHIP WITH 8 CORE CPU, 16GB RAM, 256GB SSD",SN-7ZCM2N,"Apr 3, 2025","Apr 3, 2028","  51,500.00 ","2,575.00",,PO 4700001922,"BERNARDO, CARLO SANTOS","VSTECS PHILS, INC.",
05-03145,100785,100786,100786,0871903DC623,"DE LEON, ALEXANDER TORRES",Deployed,July,2025,"Jul 8, 2025",Data Analyst,Technology Group,MacOS,," 2025 MacBook Air ","13-INCH MACBOOK AIR; APPLE M2 CHIP WITH 8 CORE CPU, 16GB RAM, 256GB SSD",SN-US6300,"Apr 3, 2025","Apr 3, 2028","  51,500.00 ","2,575.00",ACCF_DE_LEON__ALEXANDER_TORRES.pdf,PO 4700001922,,"VSTECS PHILS, INC.",
05-03171,100786,100787,100787,087190AF9461,"GONZALES, DANIEL JOSEPH LOPEZ",Deployed,July,2025,"Jul 18, 2025",UI/UX Designer,Technology Group,MacOS,," 2025 MacBook Air ","13-INCH MACBOOK AIR; APPLE M2 CHIP WITH 8 CORE CPU, 16GB RAM, 256GB SSD",SN-BBNMP6,"Apr 3, 2025","Apr 3, 2028","  51,500.00 ","2,575.00",ACCF_GONZALES__DANIEL_JOSEPH_LOPEZ.pdf,PO 4700001922,,"VSTECS PHILS, INC.",
05-03172,100787,100788,100788,087190F1D3CA,"BERNARDO, CAMILLE CRUZ",Deployed,August,2025,"Aug 29, 2025",Sr. Software Engineer (Fullstack),Technology Group,MacOS,," 2025 MacBook Air ","13-INCH MACBOOK AIR; APPLE M2 CHIP WITH 8 CORE CPU, 16GB RAM, 256GB SSD",SN-GTMR8G,"Apr 3, 2025","Apr 3, 2028","  51,500.00 ","2,575.00",,PO 4700001922,"RAMOS, FRANCIS CRUZ","VSTECS PHILS, INC.",
05-06956,100788,100789,100789,087190F3FDA7,"DELA CRUZ, ALEXANDER DELA CRUZ",Deployed,April,2026,"Apr 24, 2026",Service Manager,Client Based Globe,MacOS,," 2025 MacBook Air ","13-INCH MACBOOK AIR; APPLE M2 CHIP WITH 8 CORE CPU, 16GB RAM, 256GB SSD",SN-QP8703,"Apr 3, 2025","Apr 3, 2028","  51,500.00 ","2,575.00",,PO 4700001922,"AQUINO, RAFAEL RAMOS","VSTECS PHILS, INC.",
05-03124,100789,100790,100790,087190453F40,"GARCIA, DANIEL JOSEPH GARCIA",Deployed,July,2025,"Jul 8, 2025",Business Analyst,Technology Group,MacOS,," 2025 MacBook Air ","13-INCH MACBOOK AIR; APPLE M2 CHIP WITH 8 CORE CPU, 16GB RAM, 256GB SSD",SN-FKM4WT,"Apr 3, 2025","Apr 3, 2028","  51,500.00 ","2,575.00",ACCF_GARCIA__DANIEL_JOSEPH_GARCIA.pdf,PO 4700001922,,"VSTECS PHILS, INC.",
05-03128,100790,100791,100791,08719020FFEB,"HERNANDEZ, JOSHUA BAUTISTA",Deployed,June,2025,"Jun 26, 2025",Software Engineer (ReactJS),Technology Group,MacOS,," 2025 MacBook Air ","13-INCH MACBOOK AIR; APPLE M2 CHIP WITH 8 CORE CPU, 16GB RAM, 256GB SSD",SN-8XF1JE,"Apr 3, 2025","Apr 3, 2028","  51,500.00 ","2,575.00",ACCF_HERNANDEZ__JOSHUA_BAUTISTA.pdf,PO 4700001922,,"VSTECS PHILS, INC.",
05-02470,100791,100792,100792,087190D7B1AA,"EVANGELISTA, BEATRICE BAUTISTA",Deployed,June,2025,"Jun 27, 2025",L2 Application Support Lead,Technology Group,MacOS,," 2025 MacBook Air ","13-INCH MACBOOK AIR; APPLE M2 CHIP WITH 8 CORE CPU, 16GB RAM, 256GB SSD",SN-8VJWPZ,"Apr 3, 2025","Apr 3, 2028","  51,500.00 ","2,575.00",ACCF_EVANGELISTA__BEATRICE_BAUTISTA.pdf,PO 4700001922,,"VSTECS PHILS, INC.",
05-02496,100792,100793,100793,Pending,"BAUTISTA, SOFIA FLORES",Deployed,July,2025,"Jul 30, 2025",Software Engineer,Client Based New Biz,MacOS,," 2025 MacBook Air ","13-INCH MACBOOK AIR; APPLE M2 CHIP WITH 8 CORE CPU, 16GB RAM, 256GB SSD",SN-JL55DR,"Apr 3, 2025","Apr 3, 2028","  51,500.00 ","2,575.00",,PO 4700001922,,"VSTECS PHILS, INC.",
05-03191,100793,100794,100794,087190F21A6E,"CORPUZ, STEPHANIE TORRES",Deployed,November,2025,"Nov 21, 2025",Software Engineer (Fullstack),Client Based Globe,MacOS,," 2025 MacBook Air ","13-INCH MACBOOK AIR; APPLE M2 CHIP WITH 8 CORE CPU, 16GB RAM, 256GB SSD",SN-0H0BLF,"Apr 3, 2025","Apr 3, 2028","  51,500.00 ","2,575.00",ACCF_CORPUZ__STEPHANIE_TORRES.pdf,PO 4700001922,"RAMOS, BEATRICE FERNANDEZ","VSTECS PHILS, INC.",
05-03957,100794,100795,100795,087190199F44,"EVANGELISTA, MICHAEL ANGELO LOPEZ",Deployed,July,2025,"Jul 17, 2025",QA Engineer,Digital Solutions Group (DSG),MacOS,," 2025 MacBook Air ","13-INCH MACBOOK AIR; APPLE M2 CHIP WITH 8 CORE CPU, 16GB RAM, 256GB SSD",SN-8S9BCP,"Apr 3, 2025","Apr 3, 2028","  51,500.00 ","2,575.00",ACCF_EVANGELISTA__MICHAEL_ANGELO_LOPEZ.pdf,PO 4700001922,,"VSTECS PHILS, INC.",
05-03193,100795,100796,100796,08719024F242,"DAVID, JUAN CARLOS RAMOS",Deployed,January,2026,"Jan 30, 2026",Sr. Project Manager,Technology Group,MacOS,," 2025 MacBook Air ","13-INCH MACBOOK AIR; APPLE M2 CHIP WITH 8 CORE CPU, 16GB RAM, 256GB SSD",SN-G8G7UM,"Apr 3, 2025","Apr 3, 2028","  51,500.00 ","2,575.00",ACCF_DAVID__JUAN_CARLOS_RAMOS.pdf,PO 4700001922,"MERCADO, ERIKA CASTILLO","VSTECS PHILS, INC.",
05-03147,100796,100797,100797,087190C09729,"RIVERA, MARK ANTHONY GARCIA",Deployed,July,2025,"Jul 10, 2025",Data Engineer,Technology Group,MacOS,," 2025 MacBook Air ","13-INCH MACBOOK AIR; APPLE M2 CHIP WITH 8 CORE CPU, 16GB RAM, 256GB SSD",SN-LURAUW,"Apr 3, 2025","Apr 3, 2028","  51,500.00 ","2,575.00",ACCF_RIVERA__MARK_ANTHONY_GARCIA.pdf,PO 4700001922,,"VSTECS PHILS, INC.",
05-03193,100797,100798,100798,0871905F3E25,"CRUZ, ALEXANDER LOPEZ",Deployed,November,2025,"Nov 28, 2025",Sr. Power Platform Portal Developer,Technology Group,MacOS,," 2025 MacBook Air ","13-INCH MACBOOK AIR; APPLE M2 CHIP WITH 8 CORE CPU, 16GB RAM, 256GB SSD",SN-RE4RW2,"Apr 3, 2025","Apr 3, 2028","  51,500.00 ","2,575.00",ACCF_CRUZ__ALEXANDER_LOPEZ.pdf,PO 4700001922,"TORRES, BIANCA VILLANUEVA","VSTECS PHILS, INC.",
05-03127,100798,100799,100799,08719059F773,"CORPUZ, CHRISTINE JOY MENDOZA",Deployed,July,2025,"Jul 18, 2025",Application Support Specialist,Technology Group,MacOS,," 2025 MacBook Air ","13-INCH MACBOOK AIR; APPLE M2 CHIP WITH 8 CORE CPU, 16GB RAM, 256GB SSD",SN-089P5R,"Apr 3, 2025","Apr 3, 2028","  51,500.00 ","2,575.00",ACCF_CORPUZ__CHRISTINE_JOY_MENDOZA.pdf,PO 4700001922,,"VSTECS PHILS, INC.",
05-03129,100799,100800,100800,08719065DE75,"VILLANUEVA, CAMILLE SANTOS",Deployed,July,2025,"Jul 9, 2025",Database Administrator,Technology Group,MacOS,," 2025 MacBook Air ","13-INCH MACBOOK AIR; APPLE M2 CHIP WITH 8 CORE CPU, 16GB RAM, 256GB SSD",SN-EA20VH,"Apr 3, 2025","Apr 3, 2028","  51,500.00 ","2,575.00",ACCF_VILLANUEVA__CAMILLE_SANTOS.pdf,PO 4700001922,,"VSTECS PHILS, INC.",
05-03036,100800,100801,100801,0871907D7E9D,"DE LEON, DENISE VILLANUEVA",Deployed,July,2025,"Jul 8, 2025",Sr. Software Engineer,Technology Group,MacOS,," 2025 MacBook Air ","13-INCH MACBOOK AIR; APPLE M2 CHIP WITH 8 CORE CPU, 16GB RAM, 256GB SSD",SN-UA03KL,"Apr 3, 2025","Apr 3, 2028","  51,500.00 ","2,575.00",ACCF_DE_LEON__DENISE_VILLANUEVA.pdf,PO 4700001922,,"VSTECS PHILS, INC.",
05-02471,100801,100802,100802,0871909AD5AA,"CORTEZ, MARCO SANTOS",Deployed,July,2025,"Jul 11, 2025",Sr. Software Engineer,Technology Group,MacOS,," 2025 MacBook Air ","13-INCH MACBOOK AIR; APPLE M2 CHIP WITH 8 CORE CPU, 16GB RAM, 256GB SSD",SN-R7MTH6,"Apr 3, 2025","Apr 3, 2028","  51,500.00 ","2,575.00",ACCF_CORTEZ__MARCO_SANTOS.pdf,PO 4700001922,,"VSTECS PHILS, INC.",
05-03149,100802,100803,100803,087190624815,"ATIENZA, DANIEL JOSEPH CRUZ",Deployed,July,2025,"Jul 17, 2025",Recruiter,Talent Acquisition,MacOS,," 2025 MacBook Air ","13-INCH MACBOOK AIR; APPLE M2 CHIP WITH 8 CORE CPU, 16GB RAM, 256GB SSD",SN-E7VP68,"Apr 3, 2025","Apr 3, 2028","  51,500.00 ","2,575.00",ACCF_ATIENZA__DANIEL_JOSEPH_CRUZ.pdf,PO 4700001922,,"VSTECS PHILS, INC.",
05-01073,100803,100804,100804,087190FE24BD,"VALDEZ, ERIKA DELA CRUZ",Deployed,July,2025,"Jul 7, 2025",Sr. QA Engineer,Technology Group,MacOS,," 2025 MacBook Air ","13-INCH MACBOOK AIR; APPLE M2 CHIP WITH 8 CORE CPU, 16GB RAM, 256GB SSD",SN-2NW87B,"Apr 3, 2025","Apr 3, 2028","  51,500.00 ","2,575.00",ACCF_VALDEZ__ERIKA_DELA_CRUZ.pdf,PO 4700001922,,"VSTECS PHILS, INC.",
05-03145,100804,100805,100805,0871906C6C02,"LOPEZ, RAFAEL RAMOS",Deployed,July,2025,"Jul 8, 2025",Solutions Designer,Technology Group,MacOS,," 2025 MacBook Air ","13-INCH MACBOOK AIR; APPLE M2 CHIP WITH 8 CORE CPU, 16GB RAM, 256GB SSD",SN-EESKZK,"Apr 3, 2025","Apr 3, 2028","  51,500.00 ","2,575.00",ACCF_LOPEZ__RAFAEL_RAMOS.pdf,PO 4700001922,,"VSTECS PHILS, INC.",
05-06943,100805,100806,100806,0871902ED93D,"DOMINGO, VINCENT AQUINO",Deployed,January,2026,"Jan 30, 2026",Sr. Identity and Access Management (IAM) Analyst,Client Based Globe,MacOS,," 2025 MacBook Air ","13-INCH MACBOOK AIR; APPLE M2 CHIP WITH 8 CORE CPU, 16GB RAM, 256GB SSD",SN-EA3QVN,"Apr 3, 2025","Apr 3, 2028","  51,500.00 ","2,575.00",ACCF_DOMINGO__VINCENT_AQUINO.pdf,PO 4700001922,"CALDERON, ANGELO CASTILLO","VSTECS PHILS, INC.",
05-04980,100806,100807,100807,087190EF6A79,"PADILLA, JEROME MENDOZA",Deployed,July,2025,"Jul 8, 2025",Sr. Software Engineer,Technology Group,MacOS,," 2025 MacBook Air ","13-INCH MACBOOK AIR; APPLE M2 CHIP WITH 8 CORE CPU, 16GB RAM, 256GB SSD",SN-7QRP1W,"Apr 3, 2025","Apr 3, 2028","  51,500.00 ","2,575.00",ACCF_PADILLA__JEROME_MENDOZA.pdf,PO 4700001922,,"VSTECS PHILS, INC.",
05-04986,100807,100808,100808,0871909349AC,"AQUINO, DIANNE VILLANUEVA",Deployed,July,2025,"Jul 8, 2025",Solutions Architect,Technology Group,MacOS,," 2025 MacBook Air ","13-INCH MACBOOK AIR; APPLE M2 CHIP WITH 8 CORE CPU, 16GB RAM, 256GB SSD",SN-FJ5HAQ,"Apr 3, 2025","Apr 3, 2028","  51,500.00 ","2,575.00",ACCF_AQUINO__DIANNE_VILLANUEVA.pdf,PO 4700001922,,"VSTECS PHILS, INC.",
05-03016,100808,100809,100809,087190C7FCB6,"NATIVIDAD, MONIQUE LOPEZ",Deployed,July,2025,"Jul 21, 2025",Sr. Software Engineer,Technology Group,MacOS,," 2025 MacBook Air ","13-INCH MACBOOK AIR; APPLE M2 CHIP WITH 8 CORE CPU, 16GB RAM, 256GB SSD",SN-T7BQQK,"Apr 3, 2025","Apr 3, 2028","  51,500.00 ","2,575.00",ACCF_NATIVIDAD__MONIQUE_LOPEZ.pdf,PO 4700001922,,"VSTECS PHILS, INC.",
05-03127,100809,100810,100810,08719060885C,"CASTILLO, VINCENT GARCIA",Deployed,July,2025,"Jul 8, 2025",Recruiter,Talent Acquisition,MacOS,," 2025 MacBook Air ","13-INCH MACBOOK AIR; APPLE M2 CHIP WITH 8 CORE CPU, 16GB RAM, 256GB SSD",SN-7THZXN,"Apr 3, 2025","Apr 3, 2028","  51,500.00 ","2,575.00",,PO 4700001922,,"VSTECS PHILS, INC.",
,100810,100811,100811,087190934458,,Spare for Deploy,,,,,,MacOS,," 2025 MacBook Air ","13-INCH MACBOOK AIR; APPLE M2 CHIP WITH 8 CORE CPU, 16GB RAM, 256GB SSD",SN-NHTYPW,"Apr 3, 2025","Apr 3, 2028","  51,500.00 ","2,575.00",,PO 4700001922,"MIRANDA, CARLO MERCADO","VSTECS PHILS, INC.",
05-03124,100811,100812,100812,08719029C058,"MANALANG, DENISE RIVERA",Deployed,July,2025,"Jul 10, 2025",Data Analyst,Technology Group,MacOS,," 2025 MacBook Air ","13-INCH MACBOOK AIR; APPLE M2 CHIP WITH 8 CORE CPU, 16GB RAM, 256GB SSD",SN-7C2C4T,"Apr 3, 2025","Apr 3, 2028","  51,500.00 ","2,575.00",ACCF_MANALANG__DENISE_RIVERA.pdf,PO 4700001922,,"VSTECS PHILS, INC.",
05-04991,100812,100813,100813,087190D59BC8,"MERCADO, KATHERINE ROSE VILLANUEVA",Deployed,July,2025,"Jul 11, 2025",Sr. Java Developer,Technology Group,MacOS,," 2025 MacBook Air ","13-INCH MACBOOK AIR; APPLE M2 CHIP WITH 8 CORE CPU, 16GB RAM, 256GB SSD",SN-HJA97E,"Apr 3, 2025","Apr 3, 2028","  51,500.00 ","2,575.00",ACCF_MERCADO__KATHERINE_ROSE_VILLANUEVA.pdf,PO 4700001922,,"VSTECS PHILS, INC.",
05-06738,100813,100814,100814,087190D3980A,"ESGUERRA, MICHAEL ANGELO AQUINO",Deployed,July,2025,"Jul 18, 2025",Jr. Network Administrator,Technology Group,MacOS,," 2025 MacBook Air ","13-INCH MACBOOK AIR; APPLE M2 CHIP WITH 8 CORE CPU, 16GB RAM, 256GB SSD",SN-GS70N1,"Apr 3, 2025","Apr 3, 2028","  51,500.00 ","2,575.00",ACCF_ESGUERRA__MICHAEL_ANGELO_AQUINO.pdf,PO 4700001922,,"VSTECS PHILS, INC.",
05-03145,100814,100815,100815,0871901DB2B8,"JAVIER, MARIA CLARA LOPEZ",Deployed,July,2025,"Jul 10, 2025",Data Engineer,Technology Group,MacOS,," 2025 MacBook Air ","13-INCH MACBOOK AIR; APPLE M2 CHIP WITH 8 CORE CPU, 16GB RAM, 256GB SSD",SN-UFV6L1,"Apr 3, 2025","Apr 3, 2028","  51,500.00 ","2,575.00",ACCF_JAVIER__MARIA_CLARA_LOPEZ.pdf,PO 4700001922,,"VSTECS PHILS, INC.",
05-03172,100815,100816,100816,087190DD99E8,"PANGANIBAN, JASMIN FERNANDEZ",Deployed,September,2025,"Sep 24, 2025",Sr. Software Engineer (Fullstack),Technology Group,MacOS,," 2025 MacBook Air ","13-INCH MACBOOK AIR; APPLE M2 CHIP WITH 8 CORE CPU, 16GB RAM, 256GB SSD",SN-LF8Q7P,"Apr 3, 2025","Apr 3, 2028","  51,500.00 ","2,575.00",,PO 4700001922,"DAVID, CAMILLE FLORES","VSTECS PHILS, INC.",
05-02359,100816,100817,100817,087190CC7DE0,"BERNARDO, LOVELY MENDOZA",Deployed,July,2025,"Jul 11, 2025",Employee Experience Lead,Human Resources,MacOS,," 2025 MacBook Air ","13-INCH MACBOOK AIR; APPLE M2 CHIP WITH 8 CORE CPU, 16GB RAM, 256GB SSD",SN-XWUGYE,"Apr 3, 2025","Apr 3, 2028","  51,500.00 ","2,575.00",ACCF_BERNARDO__LOVELY_MENDOZA.pdf,PO 4700001922,,"VSTECS PHILS, INC.",
05-03148,100817,100818,100818,08719061A77A,"DOMINGO, KATHERINE ROSE MERCADO",Deployed,July,2025,"Jul 10, 2025",Learning and Organizational Development Specialist,Human Resources,MacOS,," 2025 MacBook Air ","13-INCH MACBOOK AIR; APPLE M2 CHIP WITH 8 CORE CPU, 16GB RAM, 256GB SSD",SN-Z4B9Z3,"Apr 3, 2025","Apr 3, 2028","  51,500.00 ","2,575.00",ACCF_DOMINGO__KATHERINE_ROSE_MERCADO.pdf,PO 4700001922,,"VSTECS PHILS, INC.",
05-03122,100818,100819,100819,0871906D43FA,"VALDEZ, JOSHUA AQUINO",Deployed,July,2025,"Jul 28, 2025",Business Analyst,Technology Group,MacOS,," 2025 MacBook Air ","13-INCH MACBOOK AIR; APPLE M2 CHIP WITH 8 CORE CPU, 16GB RAM, 256GB SSD",SN-EVF1HN,"Apr 3, 2025","Apr 3, 2028","  51,500.00 ","2,575.00",ACCF_VALDEZ__JOSHUA_AQUINO.pdf,PO 4700001922,,"VSTECS PHILS, INC.",
05-03215,100819,100820,100820,087190F1A938,"DELA CRUZ, JOSHUA VILLANUEVA",Deployed,June,2026,"Jun 19, 2026",Automation Engineer,Delivery Group,MacOS,," 2025 MacBook Air ","13-INCH MACBOOK AIR; APPLE M2 CHIP WITH 8 CORE CPU, 16GB RAM, 256GB SSD",SN-KPCCSX,"Apr 3, 2025","Apr 3, 2028","  51,500.00 ","2,575.00",,PO 4700001922,"FRANCISCO, PATRICIA ANNE FLORES","VSTECS PHILS, INC.",
05-03145,100820,100821,100821,08719048E5B2,"CABRERA, GABRIEL VILLANUEVA",Deployed,July,2025,"Jul 11, 2025",Application Support Specialist,Technology Group,MacOS,," 2025 MacBook Air ","13-INCH MACBOOK AIR; APPLE M2 CHIP WITH 8 CORE CPU, 16GB RAM, 256GB SSD",SN-760XLU,"Apr 3, 2025","Apr 3, 2028","  51,500.00 ","2,575.00",ACCF_CABRERA__GABRIEL_VILLANUEVA.pdf,PO 4700001922,,"VSTECS PHILS, INC.",
05-01703,100821,100822,100822,08719080F3AF,"GONZALES, MARIA CLARA LOPEZ",Deployed,July,2025,"Jul 11, 2025",Resource Manager,Human Resources,MacOS,," 2025 MacBook Air ","13-INCH MACBOOK AIR; APPLE M2 CHIP WITH 8 CORE CPU, 16GB RAM, 256GB SSD",SN-ZM59H1,"Apr 3, 2025","Apr 3, 2028","  51,500.00 ","2,575.00",ACCF_GONZALES__MARIA_CLARA_LOPEZ.pdf,PO 4700001922,,"VSTECS PHILS, INC.",
05-03173,100822,100823,100823,087190B09A2D,"TOLENTINO, CARLO FERNANDEZ",Deployed,November,2025,"Nov 21, 2025",VP for Enterprise Solutions,Enterprise Solutions Group,MacOS,," 2025 MacBook Air ","13-INCH MACBOOK AIR; APPLE M2 CHIP WITH 8 CORE CPU, 16GB RAM, 256GB SSD",SN-2KBMNU,"Apr 3, 2025","Apr 3, 2028","  51,500.00 ","2,575.00",,PO 4700001922,"NAVARRO, RAFAEL MERCADO","VSTECS PHILS, INC.",
05-02495,100823,100824,100824,087190D9F021,"RAMOS, MARIA CLARA FLORES",Deployed,July,2025,"Jul 11, 2025",Cloud Incident Response Engineer,Technology Group,MacOS,," 2025 MacBook Air ","13-INCH MACBOOK AIR; APPLE M2 CHIP WITH 8 CORE CPU, 16GB RAM, 256GB SSD",SN-8Q4RZ9,"Apr 3, 2025","Apr 3, 2028","  51,500.00 ","2,575.00",ACCF_RAMOS__MARIA_CLARA_FLORES.pdf,PO 4700001922,,"VSTECS PHILS, INC.",
05-04587,100824,100825,100825,087190D3E4D1,"CASTILLO, JOSHUA RIVERA",Deployed,July,2025,"Jul 9, 2025",Sr. Systems Administrator,Technology Group,MacOS,," 2025 MacBook Air ","13-INCH MACBOOK AIR; APPLE M2 CHIP WITH 8 CORE CPU, 16GB RAM, 256GB SSD",SN-PYNX6W,"Apr 3, 2025","Apr 3, 2028","  51,500.00 ","2,575.00",ACCF_CASTILLO__JOSHUA_RIVERA.pdf,PO 4700001922,,"VSTECS PHILS, INC.",
05-02822,100825,100826,100826,08719017671B,"OCAMPO, DIANNE RIVERA",Deployed,July,2025,"Jul 10, 2025",Sr. Software Engineer,Technology Group,MacOS,," 2025 MacBook Air ","13-INCH MACBOOK AIR; APPLE M2 CHIP WITH 8 CORE CPU, 16GB RAM, 256GB SSD",SN-CC3FNS,"Apr 3, 2025","Apr 3, 2028","  51,500.00 ","2,575.00",ACCF_OCAMPO__DIANNE_RIVERA.pdf,PO 4700001922,,"VSTECS PHILS, INC.",
05-03167,100826,100827,100827,0871900EAA6C,"DAVID, MONIQUE MENDOZA",Deployed,July,2025,"Jul 11, 2025",QA Engineer,Technology Group,MacOS,," 2025 MacBook Air ","13-INCH MACBOOK AIR; APPLE M2 CHIP WITH 8 CORE CPU, 16GB RAM, 256GB SSD",SN-PBNR3X,"Apr 3, 2025","Apr 3, 2028","  51,500.00 ","2,575.00",ACCF_DAVID__MONIQUE_MENDOZA.pdf,PO 4700001922,,"VSTECS PHILS, INC.",
05-03122,100827,100828,100828,087190B3082A,"FLORES, KEVIN MENDOZA",Deployed,July,2025,"Jul 11, 2025",Sr. Software Engineer,Technology Group,MacOS,," 2025 MacBook Air ","13-INCH MACBOOK AIR; APPLE M2 CHIP WITH 8 CORE CPU, 16GB RAM, 256GB SSD",SN-1WPHK5,"Apr 3, 2025","Apr 3, 2028","  51,500.00 ","2,575.00",ACCF_FLORES__KEVIN_MENDOZA.pdf,PO 4700001922,,"VSTECS PHILS, INC.",
05-03123,100828,100829,100829,0871908E1820,"VILLANUEVA, LOVELY RAMOS",Deployed,July,2025,"Jul 8, 2025",Sr. Software Engineer,Technology Group,MacOS,," 2025 MacBook Air ","13-INCH MACBOOK AIR; APPLE M2 CHIP WITH 8 CORE CPU, 16GB RAM, 256GB SSD",SN-42Q6T9,"Apr 3, 2025","Apr 3, 2028","  51,500.00 ","2,575.00",ACCF_VILLANUEVA__LOVELY_RAMOS.pdf,PO 4700001922,,"VSTECS PHILS, INC.",
05-03213,100829,100830,100830,087190FD082F,"CABRERA, DANIEL JOSEPH MERCADO",Deployed,April,2026,"Apr 24, 2026",Test Manager,Client Based Globe,MacOS,," 2025 MacBook Air ","13-INCH MACBOOK AIR; APPLE M2 CHIP WITH 8 CORE CPU, 16GB RAM, 256GB SSD",SN-VMHE4F,"Apr 3, 2025","Apr 3, 2028","  51,500.00 ","2,575.00",,PO 4700001922,"DAVID, ANGELO AQUINO","VSTECS PHILS, INC.",
05-03149,100830,100831,100831,087190CBB0AB,"SORIANO, JOSHUA MENDOZA",Deployed,July,2025,"Jul 11, 2025",Cloud Incident Response Engineer,Technology Group,MacOS,," 2025 MacBook Air ","13-INCH MACBOOK AIR; APPLE M2 CHIP WITH 8 CORE CPU, 16GB RAM, 256GB SSD",SN-JR65D6,"Apr 3, 2025","Apr 3, 2028","  51,500.00 ","2,575.00",ACCF_SORIANO__JOSHUA_MENDOZA.pdf,PO 4700001922,,"VSTECS PHILS, INC.",
05-06875,100831,100832,100832,087190D09971,"HERNANDEZ, ANGELO TORRES",Deployed,July,2025,"Jul 7, 2025",Cloud Operations Specialist,Technology Group,MacOS,," 2025 MacBook Air ","13-INCH MACBOOK AIR; APPLE M2 CHIP WITH 8 CORE CPU, 16GB RAM, 256GB SSD",SN-0BT7CB,"Apr 3, 2025","Apr 3, 2028","  51,500.00 ","2,575.00",,PO 4700001922,,"VSTECS PHILS, INC.",
05-02608,100832,100833,100833,08719015AD66,"NATIVIDAD, CHARLENE MERCADO",Deployed,July,2025,"Jul 17, 2025",Project Manager,Technology Group,MacOS,," 2025 MacBook Air ","13-INCH MACBOOK AIR; APPLE M2 CHIP WITH 8 CORE CPU, 16GB RAM, 256GB SSD",SN-NK9AVX,"Apr 3, 2025","Apr 3, 2028","  51,500.00 ","2,575.00",ACCF_NATIVIDAD__CHARLENE_MERCADO.pdf,PO 4700001922,,"VSTECS PHILS, INC.",
05-03191,100833,100834,100834,08719089299A,"DAVID, JEROME TORRES",Deployed,November,2025,"Nov 21, 2025",Software Engineer (Fullstack),Client Based Globe,MacOS,," 2025 MacBook Air ","13-INCH MACBOOK AIR; APPLE M2 CHIP WITH 8 CORE CPU, 16GB RAM, 256GB SSD",SN-9VE9FU,"Apr 3, 2025","Apr 3, 2028","  51,500.00 ","2,575.00",ACCF_DAVID__JEROME_TORRES.pdf,PO 4700001922,"SANTOS, ANGELO GARCIA","VSTECS PHILS, INC.",
05-02490,100834,100835,100835,0871909CEEF1,"TOLENTINO, MARIA CLARA MERCADO",Deployed,July,2025,"Jul 10, 2025",Software Engineer,Technology Group,MacOS,," 2025 MacBook Air ","13-INCH MACBOOK AIR; APPLE M2 CHIP WITH 8 CORE CPU, 16GB RAM, 256GB SSD",SN-KYYK0B,"Apr 3, 2025","Apr 3, 2028","  51,500.00 ","2,575.00",ACCF_TOLENTINO__MARIA_CLARA_MERCADO.pdf,PO 4700001922,,"VSTECS PHILS, INC.",
05-03146,100835,100836,100836,0871901C6B71,"LAXAMANA, BEATRICE AQUINO",Deployed,December,2025,"Dec 16, 2025",Jr. Database Administrator,Technology Group,MacOS,," 2025 MacBook Air ","13-INCH MACBOOK AIR; APPLE M2 CHIP WITH 8 CORE CPU, 16GB RAM, 256GB SSD",SN-C301YT,"Apr 3, 2025","Apr 3, 2028","  51,500.00 ","2,575.00",ACCF_LAXAMANA__BEATRICE_AQUINO.pdf,PO 4700001922,,"VSTECS PHILS, INC.",
05-03150,100836,100837,100837,087190717B2B,"MORALES, JASMIN FLORES",Deployed,July,2025,"Jul 17, 2025",Recruiter,Talent Acquisition,MacOS,," 2025 MacBook Air ","13-INCH MACBOOK AIR; APPLE M2 CHIP WITH 8 CORE CPU, 16GB RAM, 256GB SSD",SN-JJ4R8N,"Apr 3, 2025","Apr 3, 2028","  51,500.00 ","2,575.00",ACCF_MORALES__JASMIN_FLORES.pdf,PO 4700001922,,"VSTECS PHILS, INC.",
05-02473,100837,100838,100838,0871909E5D9C,"DOMINGO, FRANCIS VILLANUEVA",Deployed,August,2025,"Aug 1, 2025",Jr. Software Engineer,Technology Group,MacOS,," 2025 MacBook Air ","13-INCH MACBOOK AIR; APPLE M2 CHIP WITH 8 CORE CPU, 16GB RAM, 256GB SSD",SN-CNJRLN,"Apr 3, 2025","Apr 3, 2028","  51,500.00 ","2,575.00",ACCF_DOMINGO__FRANCIS_VILLANUEVA.pdf,PO 4700001922,,"VSTECS PHILS, INC.",
05-03215,100838,100839,100839,087190701E3C,"CASTRO, ANGELA MAE MENDOZA",Deployed,June,2026,"Jun 18, 2026",Sr. Software Engineer (Android Developer),Delivery Group,MacOS,," 2025 MacBook Air ","13-INCH MACBOOK AIR; APPLE M2 CHIP WITH 8 CORE CPU, 16GB RAM, 256GB SSD",SN-KQSML0,"Apr 3, 2025","Apr 3, 2028","  51,500.00 ","2,575.00",,PO 4700001922,"BAUTISTA, ANDREA GAIL MENDOZA","VSTECS PHILS, INC.",
05-03060,100839,100840,100840,087190C98F90,"CALDERON, CHARLENE LOPEZ",Deployed,December,2025,"Dec 16, 2025",Sr. Data Engineer,Technology Group,MacOS,," 2025 MacBook Air ","13-INCH MACBOOK AIR; APPLE M2 CHIP WITH 8 CORE CPU, 16GB RAM, 256GB SSD",SN-4Q337R,"Apr 3, 2025","Apr 3, 2028","  51,500.00 ","2,575.00",ACCF_CALDERON__CHARLENE_LOPEZ.pdf,PO 4700001922,,"VSTECS PHILS, INC.",
05-03150,100840,100841,100841,08719020B6D7,"GONZALES, GABRIEL FLORES",Deployed,July,2025,"Jul 15, 2025",Application Support Specialist,Technology Group,MacOS,," 2025 MacBook Air ","13-INCH MACBOOK AIR; APPLE M2 CHIP WITH 8 CORE CPU, 16GB RAM, 256GB SSD",SN-H3F1CD,"Apr 3, 2025","Apr 3, 2028","  51,500.00 ","2,575.00",ACCF_GONZALES__GABRIEL_FLORES.pdf,PO 4700001922,,"VSTECS PHILS, INC.",
05-01074,100841,100842,100842,087190421C3D,"CASTRO, ALEXANDER BAUTISTA",Deployed,July,2025,"Jul 8, 2025",Associate Business Development Director,Enterprise Solutions Group,MacOS,," 2025 MacBook Air ","13-INCH MACBOOK AIR; APPLE M2 CHIP WITH 8 CORE CPU, 16GB RAM, 256GB SSD",SN-SHCHNW,"Apr 3, 2025","Apr 3, 2028","  51,500.00 ","2,575.00",ACCF_CASTRO__ALEXANDER_BAUTISTA.pdf,PO 4700001922,,"VSTECS PHILS, INC.",
05-02383,100842,100843,100843,0871909BE18B,"RAMOS, KATHERINE ROSE AQUINO",Deployed,August,2025,"Aug 9, 2025",Sr. Software Engineer,Technology Group,MacOS,," 2025 MacBook Air ","13-INCH MACBOOK AIR; APPLE M2 CHIP WITH 8 CORE CPU, 16GB RAM, 256GB SSD",SN-HEHXQT,"Apr 3, 2025","Apr 3, 2028","  51,500.00 ","2,575.00",,PO 4700001922,,"VSTECS PHILS, INC.",
05-02473,100843,100844,100844,087190BB6A07,"PANGANIBAN, JUAN CARLOS TORRES",Deployed,July,2025,"Jul 9, 2025",Jr. Software Engineer,Technology Group,MacOS,," 2025 MacBook Air ","13-INCH MACBOOK AIR; APPLE M2 CHIP WITH 8 CORE CPU, 16GB RAM, 256GB SSD",SN-KYK8KF,"Apr 3, 2025","Apr 3, 2028","  51,500.00 ","2,575.00",ACCF_PANGANIBAN__JUAN_CARLOS_TORRES.pdf,PO 4700001922,,"VSTECS PHILS, INC.",
05-06947,100844,100845,100845,087190A3325C,"OCAMPO, CHRISTIAN MENDOZA",Deployed,February,2026,"Feb 13, 2026",Sr. Solutions Architect,Client Based Globe,MacOS,," 2025 MacBook Air ","13-INCH MACBOOK AIR; APPLE M2 CHIP WITH 8 CORE CPU, 16GB RAM, 256GB SSD",SN-1CVMX9,"Apr 3, 2025","Apr 3, 2028","  51,500.00 ","2,575.00",ACCF_OCAMPO__CHRISTIAN_MENDOZA.pdf,PO 4700001922,,"VSTECS PHILS, INC.",
05-03213,100845,100846,100846,0871907393AC,"NATIVIDAD, SOFIA MERCADO",Deployed,"May ",2026,"May 8, 2026",AI Engineer,Technology Group,MacOS,," 2025 MacBook Air ","13-INCH MACBOOK AIR; APPLE M2 CHIP WITH 8 CORE CPU, 16GB RAM, 256GB SSD",SN-ERWZK0,"Apr 3, 2025","Apr 3, 2028","  51,500.00 ","2,575.00",ACCF_NATIVIDAD__SOFIA_MERCADO.pdf,PO 4700001922,"BERNARDO, ALYSSA MARIE RIVERA","VSTECS PHILS, INC.",
05-02402,100846,100847,100847,0871905E4D3E,"VILLANUEVA, ANDREA GAIL DELA CRUZ",Deployed,July,2025,"Jul 21, 2025",Software Engineer,Client Based New Biz,MacOS,," 2025 MacBook Air ","13-INCH MACBOOK AIR; APPLE M2 CHIP WITH 8 CORE CPU, 16GB RAM, 256GB SSD",SN-3WYE1M,"Apr 3, 2025","Apr 3, 2028","  51,500.00 ","2,575.00",ACCF_VILLANUEVA__ANDREA_GAIL_DELA_CRUZ.pdf,PO 4700001922,,"VSTECS PHILS, INC.",
05-01794,100847,100848,100848,08719055F29D,"JAVIER, DOMINIC FLORES",Deployed,August,2025,"Aug 1, 2025",Application Support Specialist,Technology Group,MacOS,," 2025 MacBook Air ","13-INCH MACBOOK AIR; APPLE M2 CHIP WITH 8 CORE CPU, 16GB RAM, 256GB SSD",SN-15FZQG,"Apr 3, 2025","Apr 3, 2028","  51,500.00 ","2,575.00",ACCF_JAVIER__DOMINIC_FLORES.pdf,PO 4700001922,,"VSTECS PHILS, INC.",
05-06953,100848,100849,100849,08719037772D,"TORRES, RAFAEL MENDOZA",Deployed,April,2026,"Apr 24, 2026",Service Manager,Client Based Globe,MacOS,," 2025 MacBook Air ","13-INCH MACBOOK AIR; APPLE M2 CHIP WITH 8 CORE CPU, 16GB RAM, 256GB SSD",SN-7YQH1P,"Apr 3, 2025","Apr 3, 2028","  51,500.00 ","2,575.00",,PO 4700001922,"PADILLA, ADRIAN RAMOS","VSTECS PHILS, INC.",
05-03126,100849,100850,100850,087190A804C4,"EVANGELISTA, GABRIEL MERCADO",Deployed,July,2025,"Jul 16, 2025",Sr. Software Engineer - Java (API/Cloud),Technology Group,MacOS,," 2025 MacBook Air ","13-INCH MACBOOK AIR; APPLE M2 CHIP WITH 8 CORE CPU, 16GB RAM, 256GB SSD",SN-BDAJZ7,"Apr 3, 2025","Apr 3, 2028","  51,500.00 ","2,575.00",ACCF_EVANGELISTA__GABRIEL_MERCADO.pdf,PO 4700001922,,"VSTECS PHILS, INC.",
05-03193,100850,100851,100851,087190EEEEBD,"FERNANDEZ, ANGELA MAE BAUTISTA",Deployed,November,2025,"Dec 1, 2025",Sr. Power Platform Portal Developer,Technology Group,MacOS,," 2025 MacBook Air ","13-INCH MACBOOK AIR; APPLE M2 CHIP WITH 8 CORE CPU, 16GB RAM, 256GB SSD",SN-KC71W9,"Apr 3, 2025","Apr 3, 2028","  51,500.00 ","2,575.00",,PO 4700001922,"LOPEZ, ERIKA VILLANUEVA","VSTECS PHILS, INC.",
05-09860,100851,100852,100852,087190D5B26A,"GUTIERREZ, CARLO FERNANDEZ",Deployed,August,2025,"Nov 28, 2025",Capability Lead,Technology Group,MacOS,," 2025 MacBook Air ","13-INCH MACBOOK AIR; APPLE M2 CHIP WITH 8 CORE CPU, 16GB RAM, 256GB SSD",SN-B2TH9U,"Apr 3, 2025","Apr 3, 2028","  51,500.00 ","2,575.00",ACCF_GUTIERREZ__CARLO_FERNANDEZ.pdf,PO 4700001922,,"VSTECS PHILS, INC.",
05-06943,100852,100853,100853,0871905FB95B,"EVANGELISTA, MARIA CLARA TORRES",Deployed,January,2026,"Jan 30, 2026",Solutions Designer,Client Based Globe,MacOS,," 2025 MacBook Air ","13-INCH MACBOOK AIR; APPLE M2 CHIP WITH 8 CORE CPU, 16GB RAM, 256GB SSD",SN-WSBVR3,"Apr 3, 2025","Apr 3, 2028","  51,500.00 ","2,575.00",ACCF_EVANGELISTA__MARIA_CLARA_TORRES.pdf,PO 4700001922,"DAVID, GABRIEL RAMOS","VSTECS PHILS, INC.",
05-03195,100853,100854,100854,08719050ED49,"SERRANO, MONIQUE FERNANDEZ",Deployed,March,2026,"Mar 6, 2026",Technical Writer,Technology Group,MacOS,," 2025 MacBook Air ","13-INCH MACBOOK AIR; APPLE M2 CHIP WITH 8 CORE CPU, 16GB RAM, 256GB SSD",SN-G9MY67,"Apr 3, 2025","Apr 3, 2028","  51,500.00 ","2,575.00",ACCF_SERRANO__MONIQUE_FERNANDEZ.pdf,PO 4700001922,"DOMINGO, JUAN CARLOS SANTOS","VSTECS PHILS, INC.",
05-03149,100854,100855,100855,087190D39DFC,"DEL ROSARIO, FRANCIS FLORES",Deployed,August,2025,"Aug 14, 2025",Operations Lead,Technology Group,MacOS,," 2025 MacBook Air ","13-INCH MACBOOK AIR; APPLE M2 CHIP WITH 8 CORE CPU, 16GB RAM, 256GB SSD",SN-7BWDS3,"Apr 3, 2025","Apr 3, 2028","  51,500.00 ","2,575.00",,PO 4700001922,,"VSTECS PHILS, INC.",
05-03057,100855,100856,100856,0871907835EE,"GUTIERREZ, PATRICK OLIVER AQUINO",Deployed,July,2025,"Jul 16, 2025",Business Analyst,Technology Group,MacOS,," 2025 MacBook Air ","13-INCH MACBOOK AIR; APPLE M2 CHIP WITH 8 CORE CPU, 16GB RAM, 256GB SSD",SN-VLHQFT,"Apr 3, 2025","Apr 3, 2028","  51,500.00 ","2,575.00",ACCF_GUTIERREZ__PATRICK_OLIVER_AQUINO.pdf,PO 4700001922,,"VSTECS PHILS, INC.",
05-01820,100856,100857,100857,08719078DDA2,"MIRANDA, ANGELO CASTILLO",Deployed,July,2025,"Jul 18, 2025",PMO Manager,Technology Group,MacOS,," 2025 MacBook Air ","13-INCH MACBOOK AIR; APPLE M2 CHIP WITH 8 CORE CPU, 16GB RAM, 256GB SSD",SN-KMLWBV,"Apr 3, 2025","Apr 3, 2028","  51,500.00 ","2,575.00",ACCF_MIRANDA__ANGELO_CASTILLO.pdf,PO 4700001922,,"VSTECS PHILS, INC.",
05-06951,100857,100858,100858,087190EAF4CF,"SALAZAR, MARIA CLARA CRUZ",Deployed,March,2026,"Mar 27, 2026",Solutions Architect,Client Based Globe,MacOS,," 2025 MacBook Air ","13-INCH MACBOOK AIR; APPLE M2 CHIP WITH 8 CORE CPU, 16GB RAM, 256GB SSD",SN-W8BWN9,"Apr 3, 2025","Apr 3, 2028","  51,500.00 ","2,575.00",ACCF_SALAZAR__MARIA_CLARA_CRUZ.pdf,PO 4700001922,"SORIANO, ERIKA CRUZ","VSTECS PHILS, INC.",
05-02683,100858,100859,100859,0871909A2AF6,"SERRANO, SOFIA CASTILLO",Deployed,August,2025,"Aug 1, 2025",Sr. Software Engineer,Technology Group,MacOS,," 2025 MacBook Air ","13-INCH MACBOOK AIR; APPLE M2 CHIP WITH 8 CORE CPU, 16GB RAM, 256GB SSD",SN-AC4JN9,"Apr 3, 2025","Apr 3, 2028","  51,500.00 ","2,575.00",ACCF_SERRANO__SOFIA_CASTILLO.pdf,PO 4700001922,,"VSTECS PHILS, INC.",
05-03061,100859,100860,100860,08719087E608,"PANGANIBAN, ALEXANDER FLORES",Deployed,July,2025,"Jul 16, 2025",Sr. Application Support Specialist,Technology Group,MacOS,," 2025 MacBook Air ","13-INCH MACBOOK AIR; APPLE M2 CHIP WITH 8 CORE CPU, 16GB RAM, 256GB SSD",SN-780U20,"Apr 3, 2025","Apr 3, 2028","  51,500.00 ","2,575.00",ACCF_PANGANIBAN__ALEXANDER_FLORES.pdf,PO 4700001922,,"VSTECS PHILS, INC.",
05-06947,100860,100861,100861,0871908D8BFA,"SALAZAR, NICOLE LOPEZ",Deployed,March,2026,"Mar 18, 2026",Sr. Solutions Architect,Client Based Globe,MacOS,," 2025 MacBook Air ","13-INCH MACBOOK AIR; APPLE M2 CHIP WITH 8 CORE CPU, 16GB RAM, 256GB SSD",SN-5NF86A,"Apr 3, 2025","Apr 3, 2028","  51,500.00 ","2,575.00",ACCF_SALAZAR__NICOLE_LOPEZ.pdf,PO 4700001922,"DE LEON, BEATRICE DELA CRUZ","VSTECS PHILS, INC.",
05-03215,100861,100862,100862,087190559E1B,"PANGANIBAN, GABRIEL DELA CRUZ",Deployed,June,2026,"Jun 19, 2026",Software Engineer (Fullstack),Client Based Globe,MacOS,," 2025 MacBook Air ","13-INCH MACBOOK AIR; APPLE M2 CHIP WITH 8 CORE CPU, 16GB RAM, 256GB SSD",SN-67Z3CA,"Apr 3, 2025","Apr 3, 2028","  51,500.00 ","2,575.00",,PO 4700001922,"ESGUERRA, KATHERINE ROSE MERCADO","VSTECS PHILS, INC.",
05-03100,100862,100863,100863,0871907D0956,"PADILLA, FRANCIS RAMOS",Deployed,July,2025,"Jul 17, 2025",Database Administrator,Technology Group,MacOS,," 2025 MacBook Air ","13-INCH MACBOOK AIR; APPLE M2 CHIP WITH 8 CORE CPU, 16GB RAM, 256GB SSD",SN-DFUA64,"Apr 3, 2025","Apr 3, 2028","  51,500.00 ","2,575.00",ACCF_PADILLA__FRANCIS_RAMOS.pdf,PO 4700001922,,"VSTECS PHILS, INC.",
05-03101,100863,100864,100864,08719042533A,"REYES, ANDREA GAIL TORRES",Deployed,August,2025,"Aug 11, 2025",Solutions Designer,Technology Group,MacOS,," 2025 MacBook Air ","13-INCH MACBOOK AIR; APPLE M2 CHIP WITH 8 CORE CPU, 16GB RAM, 256GB SSD",SN-7J5PJE,"Apr 3, 2025","Apr 3, 2028","  51,500.00 ","2,575.00",ACCF_REYES__ANDREA_GAIL_TORRES.pdf,PO 4700001922,,"VSTECS PHILS, INC.",
05-06875,100864,100865,100865,087190BD86A5,"RAMOS, FRANCIS CRUZ",Deployed,July,2025,"Jul 18, 2025",Sr. Data Insights Analyst,Client Based Globe,MacOS,," 2025 MacBook Air ","13-INCH MACBOOK AIR; APPLE M2 CHIP WITH 8 CORE CPU, 16GB RAM, 256GB SSD",SN-A5LPTU,"Apr 3, 2025","Apr 3, 2028","  51,500.00 ","2,575.00",ACCF_RAMOS__FRANCIS_CRUZ.pdf,PO 4700001922,,"VSTECS PHILS, INC.",
05-04644,100865,100866,100866,087190E8EBFE,"MAGNO, NICOLE LOPEZ",Deployed,August,2025,"Aug 14, 2025",Sr. Software Engineer,Technology Group,MacOS,," 2025 MacBook Air ","13-INCH MACBOOK AIR; APPLE M2 CHIP WITH 8 CORE CPU, 16GB RAM, 256GB SSD",SN-JNEXGY,"Apr 3, 2025","Apr 3, 2028","  51,500.00 ","2,575.00",,PO 4700001922,,"VSTECS PHILS, INC.",
05-02359,100866,100867,100867,08719081989E,"DOMINGO, VINCENT GARCIA",Deployed,July,2025,"Jul 17, 2025",Jr. Software Engineer,Technology Group,MacOS,," 2025 MacBook Air ","13-INCH MACBOOK AIR; APPLE M2 CHIP WITH 8 CORE CPU, 16GB RAM, 256GB SSD",SN-48VFZF,"Apr 3, 2025","Apr 3, 2028","  51,500.00 ","2,575.00",ACCF_DOMINGO__VINCENT_GARCIA.pdf,PO 4700001922,,"VSTECS PHILS, INC.",
05-03129,100867,100868,100868,087190711F5E,"RIVERA, FRANCIS LOPEZ",Deployed,July,2025,"Jul 17, 2025",Sr. Software Engineer,Technology Group,MacOS,," 2025 MacBook Air ","13-INCH MACBOOK AIR; APPLE M2 CHIP WITH 8 CORE CPU, 16GB RAM, 256GB SSD",SN-WHU61B,"Apr 3, 2025","Apr 3, 2028","  51,500.00 ","2,575.00",ACCF_RIVERA__FRANCIS_LOPEZ.pdf,PO 4700001922,,"VSTECS PHILS, INC.",
05-03129,100868,100869,100869,0871909486FE,"NAVARRO, ERIKA FERNANDEZ",Deployed,August,2025,"Aug 5, 2025","Automation Engineer ",Technology Group,MacOS,," 2025 MacBook Air ","13-INCH MACBOOK AIR; APPLE M2 CHIP WITH 8 CORE CPU, 16GB RAM, 256GB SSD",SN-5UWV8M,"Apr 3, 2025","Apr 3, 2028","  51,500.00 ","2,575.00",ACCF_NAVARRO__ERIKA_FERNANDEZ.pdf,PO 4700001922,,"VSTECS PHILS, INC.",
05-06945,100869,100870,100870,087190CA0F6F,"SORIANO, ROCHELLE RIVERA",Deployed,January,2026,"Jan 23, 2026",Sr. Business Analyst,Technology Group,MacOS,," 2025 MacBook Air ","13-INCH MACBOOK AIR; APPLE M2 CHIP WITH 8 CORE CPU, 16GB RAM, 256GB SSD",SN-88MHBH,"Apr 3, 2025","Apr 3, 2028","  51,500.00 ","2,575.00",ACCF_SORIANO__ROCHELLE_RIVERA.pdf,PO 4700001922,"ILAGAN, ERIKA LOPEZ","VSTECS PHILS, INC.",
05-04855,100870,100871,100871,087190AC3474,"AGUILAR, ADRIAN AQUINO",Deployed,July,2025,"Jul 16, 2025",Transition and Change Manager,Client Based Globe,MacOS,," 2025 MacBook Air ","13-INCH MACBOOK AIR; APPLE M2 CHIP WITH 8 CORE CPU, 16GB RAM, 256GB SSD",SN-JAAS41,"Apr 3, 2025","Apr 3, 2028","  51,500.00 ","2,575.00",ACCF_AGUILAR__ADRIAN_AQUINO.pdf,PO 4700001922,,"VSTECS PHILS, INC.",
05-03093,100871,100872,100872,087190A8EDE1,"SANTOS, PATRICK OLIVER AQUINO",Deployed,August,2025,"Aug 12, 2025",Sr. Software Engineer,Technology Group,MacOS,," 2025 MacBook Air ","13-INCH MACBOOK AIR; APPLE M2 CHIP WITH 8 CORE CPU, 16GB RAM, 256GB SSD",SN-6CTJ1V,"Apr 3, 2025","Apr 3, 2028","  51,500.00 ","2,575.00",ACCF_SANTOS__PATRICK_OLIVER_AQUINO.pdf,PO 4700001922,,"VSTECS PHILS, INC.",
05-03145,100872,100873,100873,087190E75E7C,"EVANGELISTA, STEPHANIE FERNANDEZ",Deployed,July,2025,"Jul 16, 2025","Sr. Software Engineer (Java, AWS)",Technology Group,MacOS,," 2025 MacBook Air ","13-INCH MACBOOK AIR; APPLE M2 CHIP WITH 8 CORE CPU, 16GB RAM, 256GB SSD",SN-NS6S5U,"Apr 3, 2025","Apr 3, 2028","  51,500.00 ","2,575.00",ACCF_EVANGELISTA__STEPHANIE_FERNANDEZ.pdf,PO 4700001922,,"VSTECS PHILS, INC.",
05-01070,100873,100874,100874,0871908B8045,"AGUILAR, DIANNE VILLANUEVA",Deployed,July,2025,"Jul 18, 2025",Business Development Director,Enterprise Solutions Group (ESG),MacOS,," 2025 MacBook Air ","13-INCH MACBOOK AIR; APPLE M2 CHIP WITH 8 CORE CPU, 16GB RAM, 256GB SSD",SN-0ZD4AE,"Apr 3, 2025","Apr 3, 2028","  51,500.00 ","2,575.00",ACCF_AGUILAR__DIANNE_VILLANUEVA.pdf,PO 4700001922,,"VSTECS PHILS, INC.",
05-03196,100874,100875,100875,087190877A29,"DAVID, CHRISTINE JOY RIVERA",Deployed,April,2026,"Apr 10, 2026",Client Based Globe,Globe Deployed,MacOS,," 2025 MacBook Air ","13-INCH MACBOOK AIR; APPLE M2 CHIP WITH 8 CORE CPU, 16GB RAM, 256GB SSD",SN-QF1H2W,"Apr 3, 2025","Apr 3, 2028","  51,500.00 ","2,575.00",ACCF_DAVID__CHRISTINE_JOY_RIVERA.pdf,PO 4700001922,"TOLENTINO, DOMINIC AQUINO","VSTECS PHILS, INC.",
05-05048,100875,100876,100876,08719021A5BF,"AQUINO, DENISE FLORES",Deployed,August,2025,"Aug 18, 2025",Sr. Software Engineer,Digital Solutions Group (DSG),MacOS,," 2025 MacBook Air ","13-INCH MACBOOK AIR; APPLE M2 CHIP WITH 8 CORE CPU, 16GB RAM, 256GB SSD",SN-TFNS15,"Apr 3, 2025","Apr 3, 2028","  51,500.00 ","2,575.00",ACCF_AQUINO__DENISE_FLORES.pdf,PO 4700001922,,"VSTECS PHILS, INC.",
05-03126,100876,100877,100877,0871908A50F8,"ESGUERRA, PAULO MIGUEL GARCIA",Deployed,August,2025,"Aug 6, 2025",Sr. Security Engineer,Technology Group,MacOS,," 2025 MacBook Air ","13-INCH MACBOOK AIR; APPLE M2 CHIP WITH 8 CORE CPU, 16GB RAM, 256GB SSD",SN-LAKYZ5,"Apr 3, 2025","Apr 3, 2028","  51,500.00 ","2,575.00",ACCF_ESGUERRA__PAULO_MIGUEL_GARCIA.pdf,PO 4700001922,,"VSTECS PHILS, INC.",
05-02495,100877,100878,100878,087190D395B1,"FLORES, KEVIN RAMOS",Deployed,August,2025,"Aug 6, 2025",Software Engineer,Technology Group,MacOS,," 2025 MacBook Air ","13-INCH MACBOOK AIR; APPLE M2 CHIP WITH 8 CORE CPU, 16GB RAM, 256GB SSD",SN-YU8LJP,"Apr 3, 2025","Apr 3, 2028","  51,500.00 ","2,575.00",ACCF_FLORES__KEVIN_RAMOS.pdf,PO 4700001922,,"VSTECS PHILS, INC.",
05-06888,100878,100879,100879,0871904E60FE,"MARQUEZ, JOSHUA FLORES",Deployed,August,2025,"Aug 29, 2025",Software Engineer,Client Based Globe,MacOS,," 2025 MacBook Air ","13-INCH MACBOOK AIR; APPLE M2 CHIP WITH 8 CORE CPU, 16GB RAM, 256GB SSD",SN-HFFY80,"Apr 3, 2025","Apr 3, 2028","  51,500.00 ","2,575.00",,PO 4700001922,,"VSTECS PHILS, INC.",
05-06954,100879,100880,100880,087190581EC1,"TOLENTINO, RAFAEL SANTOS",Deployed,April,2026,"Apr 17, 2026",Project Manager,Client Based New Biz,MacOS,," 2025 MacBook Air ","13-INCH MACBOOK AIR; APPLE M2 CHIP WITH 8 CORE CPU, 16GB RAM, 256GB SSD",SN-TYAWN6,"Apr 3, 2025","Apr 3, 2028","  51,500.00 ","2,575.00",ACCF_TOLENTINO__RAFAEL_SANTOS.pdf,PO 4700001922,"VALDEZ, DOMINIC CRUZ","VSTECS PHILS, INC.",
05-03150,100880,100881,100881,087190229C6F,"MANALANG, JOSHUA VILLANUEVA",Deployed,August,2025,"Aug 28, 2025",Recruiter,Talent Acquisition,MacOS,," 2025 MacBook Air ","13-INCH MACBOOK AIR; APPLE M2 CHIP WITH 8 CORE CPU, 16GB RAM, 256GB SSD",SN-3S0PTW,"Apr 3, 2025","Apr 3, 2028","  51,500.00 ","2,575.00",,PO 4700001922,,"VSTECS PHILS, INC.",
05-02336,100881,100882,100882,0871907ECF57,"OCAMPO, DIANNE SANTOS",Deployed,August,2025,"Aug 18, 2025",Software Engineer,Technology Group,MacOS,," 2025 MacBook Air ","13-INCH MACBOOK AIR; APPLE M2 CHIP WITH 8 CORE CPU, 16GB RAM, 256GB SSD",SN-YM6SH4,"Apr 3, 2025","Apr 3, 2028","  51,500.00 ","2,575.00",,PO 4700001922,,"VSTECS PHILS, INC.",
05-03174,100882,100883,100883,08719043A0AE,"AQUINO, ADRIAN CASTILLO",Deployed,October,2025,"Oct 16, 2025",Sr. Software Engineer (Fullstack),Client Based Globe,MacOS,," 2025 MacBook Air ","13-INCH MACBOOK AIR; APPLE M2 CHIP WITH 8 CORE CPU, 16GB RAM, 256GB SSD",SN-N8TQ9V,"Apr 3, 2025","Apr 3, 2028","  51,500.00 ","2,575.00",,PO 4700001922,"MIRANDA, ALEXANDER CRUZ","VSTECS PHILS, INC.",
05-03078,100883,100884,100884,08719041807F,"MIRANDA, ERIKA SANTOS",Deployed,August,2025,"Aug 5, 2025",Project Manager,Technology Group,MacOS,," 2025 MacBook Air ","13-INCH MACBOOK AIR; APPLE M2 CHIP WITH 8 CORE CPU, 16GB RAM, 256GB SSD",SN-JS0V8G,"Apr 3, 2025","Apr 3, 2028","  51,500.00 ","2,575.00",ACCF_MIRANDA__ERIKA_SANTOS.pdf,PO 4700001922,,"VSTECS PHILS, INC.",
05-06941,100884,100885,100885,0871901128B9,"NAVARRO, JOHN PAUL AQUINO",Deployed,December,2025,"Dec 12, 2025",Software Engineer (AEM),Technology Group,MacOS,," 2025 MacBook Air ","13-INCH MACBOOK AIR; APPLE M2 CHIP WITH 8 CORE CPU, 16GB RAM, 256GB SSD",SN-7CKAJX,"Apr 3, 2025","Apr 3, 2028","  51,500.00 ","2,575.00",ACCF_NAVARRO__JOHN_PAUL_AQUINO.pdf,PO 4700001922,"VILLANUEVA, ROCHELLE SANTOS","VSTECS PHILS, INC.",
05-01747,100885,100886,100886,0871901FF34F,"REYES, MARK ANTHONY MENDOZA",Deployed,August,2025,"Aug 9, 2025",QA Engineer,Technology Group,MacOS,," 2025 MacBook Air ","13-INCH MACBOOK AIR; APPLE M2 CHIP WITH 8 CORE CPU, 16GB RAM, 256GB SSD",SN-169KLC,"Apr 3, 2025","Apr 3, 2028","  51,500.00 ","2,575.00",ACCF_REYES__MARK_ANTHONY_MENDOZA.pdf,PO 4700001922,,"VSTECS PHILS, INC.",
05-03192,100886,100887,100887,0871909D7C5D,"TORRES, DENISE MENDOZA",Deployed,December,2025,"Dec 12, 2025",Software Engineer (Fullstack),Client Based Globe,MacOS,," 2025 MacBook Air ","13-INCH MACBOOK AIR; APPLE M2 CHIP WITH 8 CORE CPU, 16GB RAM, 256GB SSD",SN-TDF1N8,"Apr 3, 2025","Apr 3, 2028","  51,500.00 ","2,575.00",ACCF_TORRES__DENISE_MENDOZA.pdf,PO 4700001922,"GARCIA, MARCO CASTILLO","VSTECS PHILS, INC.",
05-03196,100887,100888,100888,08719036C74D,"DE LEON, JUAN CARLOS TORRES",Deployed,March,2026,"Mar 18, 2026",Software Engineer,Client Based Globe,MacOS,," 2025 MacBook Air ","13-INCH MACBOOK AIR; APPLE M2 CHIP WITH 8 CORE CPU, 16GB RAM, 256GB SSD",SN-C6221E,"Apr 3, 2025","Apr 3, 2028","  51,500.00 ","2,575.00",ACCF_DE_LEON__JUAN_CARLOS_TORRES.pdf,PO 4700001922,"PANGANIBAN, BIANCA MENDOZA","VSTECS PHILS, INC.",
05-03146,100888,100889,100889,087190A17D89,"MARQUEZ, KATRINA SANTOS",For Repair,August,2025,"Aug 9, 2025",Software Engineer (Fullstack - Java React),Technology Group,MacOS,," 2025 MacBook Air ","13-INCH MACBOOK AIR; APPLE M2 CHIP WITH 8 CORE CPU, 16GB RAM, 256GB SSD",SN-K2MVAR,"Apr 3, 2025","Apr 3, 2028","  51,500.00 ","2,575.00",ACCF_MARQUEZ__KATRINA_SANTOS.pdf,PO 4700001922,,"VSTECS PHILS, INC.",
CON-00021,100889,100890,100890,08719072F213,"ATIENZA, KEVIN SANTOS",Deployed,March,2026,"Mar 31, 2026",Technical Training and Enablement Programs and Pre-Sales Consultant,Technology Group,MacOS,," 2025 MacBook Air ","13-INCH MACBOOK AIR; APPLE M2 CHIP WITH 8 CORE CPU, 16GB RAM, 256GB SSD",SN-2T16QK,"Apr 3, 2025","Apr 3, 2028","  51,500.00 ","2,575.00",,PO 4700001922,"DOMINGO, MONIQUE TORRES","VSTECS PHILS, INC.",
,100890,100891,100891,087190A4FB21,,Spare for Deploy,,,,,,MacOS,," 2025 MacBook Air ","13-INCH MACBOOK AIR; APPLE M2 CHIP WITH 8 CORE CPU, 16GB RAM, 256GB SSD",SN-54CMCE,"Apr 3, 2025","Apr 3, 2028","  51,500.00 ","2,575.00",,PO 4700001922,"MENDOZA, PATRICIA ANNE RAMOS","VSTECS PHILS, INC.",
05-05119,100891,100892,100892,0871909F486B,"LAXAMANA, SOFIA TORRES",Deployed,August,2025,"Aug 29, 2025",Sr. Systems Engineer,Client Based Globe,MacOS,," 2025 MacBook Air ","13-INCH MACBOOK AIR; APPLE M2 CHIP WITH 8 CORE CPU, 16GB RAM, 256GB SSD",SN-7JYSG2,"Apr 3, 2025","Apr 3, 2028","  51,500.00 ","2,575.00",,PO 4700001922,,"VSTECS PHILS, INC.",
05-03100,100892,100893,100893,087190F241E2,"CALDERON, CAMILLE LOPEZ",Deployed,August,2025,"Aug 7, 2025",Sr. Software Engineer,Technology Group,MacOS,," 2025 MacBook Air ","13-INCH MACBOOK AIR; APPLE M2 CHIP WITH 8 CORE CPU, 16GB RAM, 256GB SSD",SN-NP81R5,"Apr 3, 2025","Apr 3, 2028","  51,500.00 ","2,575.00",ACCF_CALDERON__CAMILLE_LOPEZ.pdf,PO 4700001922,,"VSTECS PHILS, INC.",
05-03061,100893,100894,100894,08719004E372,"FRANCISCO, ANDREA GAIL FERNANDEZ",Deployed,August,2025,"Aug 15, 2025",Data Operations Associate,Client Based Globe,MacOS,," 2025 MacBook Air ","13-INCH MACBOOK AIR; APPLE M2 CHIP WITH 8 CORE CPU, 16GB RAM, 256GB SSD",SN-XSYH09,"Apr 3, 2025","Apr 3, 2028","  51,500.00 ","2,575.00",ACCF_FRANCISCO__ANDREA_GAIL_FERNANDEZ.pdf,PO 4700001922,,"VSTECS PHILS, INC.",
05-06823,100894,100895,100895,087190917049,"SALAZAR, KATHERINE ROSE GARCIA",Deployed,August,2025,"Aug 7, 2025",Change Management Analyst,Technology Group,MacOS,," 2025 MacBook Air ","13-INCH MACBOOK AIR; APPLE M2 CHIP WITH 8 CORE CPU, 16GB RAM, 256GB SSD",SN-45LADX,"Apr 3, 2025","Apr 3, 2028","  51,500.00 ","2,575.00",ACCF_SALAZAR__KATHERINE_ROSE_GARCIA.pdf,PO 4700001922,,"VSTECS PHILS, INC.",
05-03174,100895,100896,100896,08719065FB73,"DELA CRUZ, PATRICK OLIVER TORRES",Deployed,October,2025,"Oct 3, 2025",Sr. Software Engineer (Fullstack),Client Based Globe,MacOS,," 2025 MacBook Air ","13-INCH MACBOOK AIR; APPLE M2 CHIP WITH 8 CORE CPU, 16GB RAM, 256GB SSD",SN-M7QQKW,"Apr 3, 2025","Apr 3, 2028","  51,500.00 ","2,575.00",,PO 4700001922,,"VSTECS PHILS, INC.",
05-03122,100896,100897,100897,08719021E81F,"MARQUEZ, RAFAEL FERNANDEZ",Deployed,August,2025,"Aug 4, 2025",Sr. Software Engineer,Technology Group,MacOS,," 2025 MacBook Air ","13-INCH MACBOOK AIR; APPLE M2 CHIP WITH 8 CORE CPU, 16GB RAM, 256GB SSD",SN-0HV9XK,"Apr 3, 2025","Apr 3, 2028","  51,500.00 ","2,575.00",ACCF_MARQUEZ__RAFAEL_FERNANDEZ.pdf,PO 4700001922,,"VSTECS PHILS, INC.",
05-03078,100897,100898,100898,087190ACC36F,"ALCANTARA, JEROME LOPEZ",Deployed,August,2025,"Aug 9, 2025",L1 Command Center Specialist,Technology Group,MacOS,," 2025 MacBook Air ","13-INCH MACBOOK AIR; APPLE M2 CHIP WITH 8 CORE CPU, 16GB RAM, 256GB SSD",SN-VD7P39,"Apr 3, 2025","Apr 3, 2028","  51,500.00 ","2,575.00",ACCF_ALCANTARA__JEROME_LOPEZ.pdf,PO 4700001922,,"VSTECS PHILS, INC.",
05-03145,100898,100899,100899,087190AD618D,"DELA CRUZ, VINCENT RIVERA",Deployed,August,2025,"Aug 8, 2025",Solutions Designer (Business Analyst),Technology Group,MacOS,," 2025 MacBook Air ","13-INCH MACBOOK AIR; APPLE M2 CHIP WITH 8 CORE CPU, 16GB RAM, 256GB SSD",SN-DTJUDB,"Apr 3, 2025","Apr 3, 2028","  51,500.00 ","2,575.00",ACCF_DELA_CRUZ__VINCENT_RIVERA.pdf,PO 4700001922,,"VSTECS PHILS, INC.",
05-03196,100899,100900,100900,0871903F853C,"FLORES, RAFAEL GARCIA",Deployed,April,2026,"Apr 10, 2026",Application Support Specialist,Technology Group,MacOS,," 2025 MacBook Air ","13-INCH MACBOOK AIR; APPLE M2 CHIP WITH 8 CORE CPU, 16GB RAM, 256GB SSD",SN-7Q6KTP,"Apr 3, 2025","Apr 3, 2028","  51,500.00 ","2,575.00",ACCF_FLORES__RAFAEL_GARCIA.pdf,PO 4700001922,"PASCUAL, JUAN CARLOS CASTILLO","VSTECS PHILS, INC.",
05-03196,100900,100901,100901,0871901EEED2,"NAVARRO, LOVELY VILLANUEVA",Deployed,March,2026,"Mar 18, 2026",Sr. Software Engineer,Technology Group,MacOS,," 2025 MacBook Air ","13-INCH MACBOOK AIR; APPLE M2 CHIP WITH 8 CORE CPU, 16GB RAM, 256GB SSD",SN-1Z07HB,"Apr 3, 2025","Apr 3, 2028","  51,500.00 ","2,575.00",ACCF_NAVARRO__LOVELY_VILLANUEVA.pdf,PO 4700001922,,"VSTECS PHILS, INC.",
05-03214,100901,100902,100902,0871909A40B6,"GUTIERREZ, NICOLE MENDOZA",Deployed,June,2026,"Jun 4, 2026",Delivery Lead,Delivery Group,MacOS,," 2025 MacBook Air ","13-INCH MACBOOK AIR; APPLE M2 CHIP WITH 8 CORE CPU, 16GB RAM, 256GB SSD",SN-2S3EBJ,"Apr 3, 2025","Apr 3, 2028","  51,500.00 ","2,575.00",ACCF_GUTIERREZ__NICOLE_MENDOZA.pdf,PO 4700001922,JASMIN TORRES,"VSTECS PHILS, INC.",
05-03214,100902,100903,100903,087190B2DAAF,"BERNARDO, JOHN PAUL GARCIA",Deployed,May,2026,"May 11, 2026",Finance Planning and Analysis Manager,Finance,MacOS,," 2025 MacBook Air ","13-INCH MACBOOK AIR; APPLE M2 CHIP WITH 8 CORE CPU, 16GB RAM, 256GB SSD",SN-B45W87,"Apr 3, 2025","Apr 3, 2028","  51,500.00 ","2,575.00",ACCF_BERNARDO__JOHN_PAUL_GARCIA.pdf,PO 4700001922,"MERCADO, ADRIAN VILLANUEVA","VSTECS PHILS, INC.",
05-04845,100903,100904,100904,087190BB9E85,"TOLENTINO, JASMIN GARCIA",Deployed,August,2025,"Aug 11, 2025",Sr. Software Engineer,Technology Group,MacOS,," 2025 MacBook Air ","13-INCH MACBOOK AIR; APPLE M2 CHIP WITH 8 CORE CPU, 16GB RAM, 256GB SSD",SN-13EW25,"Apr 3, 2025","Apr 3, 2028","  51,500.00 ","2,575.00",ACCF_TOLENTINO__JASMIN_GARCIA.pdf,PO 4700001922,,"VSTECS PHILS, INC.",
05-01678,100904,100905,100905,0871909ED347,"VALDEZ, CHARLENE AQUINO",Deployed,August,2025,"Aug 7, 2025",Change Management Analyst,Client Based Globe,MacOS,," 2025 MacBook Air ","13-INCH MACBOOK AIR; APPLE M2 CHIP WITH 8 CORE CPU, 16GB RAM, 256GB SSD",SN-D45A0U,"Apr 3, 2025","Apr 3, 2028","  51,500.00 ","2,575.00",ACCF_VALDEZ__CHARLENE_AQUINO.pdf,PO 4700001922,,"VSTECS PHILS, INC.",
05-01729,100905,100906,100906,087190625FDE,"SERRANO, MARCO TORRES",Deployed,August,2025,"Aug 1, 2025",Software Engineer,Technology Group,MacOS,," 2025 MacBook Air ","13-INCH MACBOOK AIR; APPLE M2 CHIP WITH 8 CORE CPU, 16GB RAM, 256GB SSD",SN-78FFDL,"Apr 3, 2025","Apr 3, 2028","  51,500.00 ","2,575.00",ACCF_SERRANO__MARCO_TORRES.pdf,PO 4700001922,,"VSTECS PHILS, INC.",
05-03192,100906,100907,100907,0871908EE766,"MORALES, FRANCIS FLORES",Deployed,November,2025,"Nov 21, 2025",Sr. UiPath Test Automation,Technology Group,MacOS,," 2025 MacBook Air ","13-INCH MACBOOK AIR; APPLE M2 CHIP WITH 8 CORE CPU, 16GB RAM, 256GB SSD",SN-DKD17H,"Apr 3, 2025","Apr 3, 2028","  51,500.00 ","2,575.00",,PO 4700001922,,"VSTECS PHILS, INC.",
05-05181,100907,100908,100908,0871909B96B8,"NATIVIDAD, MICHAEL ANGELO GARCIA",Deployed,August,2025,"Aug 7, 2025",Sr. QA Engineer,Technology Group,MacOS,," 2025 MacBook Air ","13-INCH MACBOOK AIR; APPLE M2 CHIP WITH 8 CORE CPU, 16GB RAM, 256GB SSD",SN-YAME7K,"Apr 3, 2025","Apr 3, 2028","  51,500.00 ","2,575.00",ACCF_NATIVIDAD__MICHAEL_ANGELO_GARCIA.pdf,PO 4700001922,,"VSTECS PHILS, INC.",
05-03148,100908,100909,100909,087190558809,"TORRES, JUAN CARLOS RIVERA",Deployed,August,2025,"Aug 11, 2025",Data Engineer,Technology Group,MacOS,," 2025 MacBook Air ","13-INCH MACBOOK AIR; APPLE M2 CHIP WITH 8 CORE CPU, 16GB RAM, 256GB SSD",SN-X9JL0L,"Apr 3, 2025","Apr 3, 2028","  51,500.00 ","2,575.00",ACCF_TORRES__JUAN_CARLOS_RIVERA.pdf,PO 4700001922,,"VSTECS PHILS, INC.",
05-02314,100909,100910,100910,087190399257,"REYES, CHRISTIAN MERCADO",Deployed,August,2025,"Aug 7, 2025",Sr. Recruiter,Talent Acquisition Group (TAG),MacOS,," 2025 MacBook Air ","13-INCH MACBOOK AIR; APPLE M2 CHIP WITH 8 CORE CPU, 16GB RAM, 256GB SSD",SN-US7EG7,"Apr 3, 2025","Apr 3, 2028","  51,500.00 ","2,575.00",ACCF_REYES__CHRISTIAN_MERCADO.pdf,PO 4700001922,,"VSTECS PHILS, INC.",
05-03174,100910,100911,100911,087190F66745,"GONZALES, ROCHELLE FERNANDEZ",Deployed,October,2025,"Oct 3, 2025",Sr. Software Engineer (Fullstack),Client Based Globe,MacOS,," 2025 MacBook Air ","13-INCH MACBOOK AIR; APPLE M2 CHIP WITH 8 CORE CPU, 16GB RAM, 256GB SSD",SN-CFLLUF,"Apr 3, 2025","Apr 3, 2028","  51,500.00 ","2,575.00",,PO 4700001922,,"VSTECS PHILS, INC.",
05-03145,100911,100912,100912,087190025C35,"NATIVIDAD, CAMILLE BAUTISTA",Deployed,December,2025,"Dec 17, 2025",Application Support,Technology Group,MacOS,," 2025 MacBook Air ","13-INCH MACBOOK AIR; APPLE M2 CHIP WITH 8 CORE CPU, 16GB RAM, 256GB SSD",SN-3ZVA81,"Apr 3, 2025","Apr 3, 2028","  51,500.00 ","2,575.00",ACCF_NATIVIDAD__CAMILLE_BAUTISTA.pdf,PO 4700001922,,"VSTECS PHILS, INC.",
05-01118,100912,100913,100913,0871904AD1D6,"FERNANDEZ, MARK ANTHONY LOPEZ",Deployed,September,2025,"Sep 22, 2025",Business Development Director,Enterprise Solutions Group (ESG),MacOS,," 2025 MacBook Air ","13-INCH MACBOOK AIR; APPLE M2 CHIP WITH 8 CORE CPU, 16GB RAM, 256GB SSD",SN-LWTDF6,"Apr 3, 2025","Apr 3, 2028","  51,500.00 ","2,575.00",,PO 4700001922,,"VSTECS PHILS, INC.",
05-03060,100913,100914,100914,0871904CEFDE,"CASTRO, CAMILLE BAUTISTA",Deployed,August,2025,"Aug 7, 2025",Sr. Back End Software Engineer,Client Based New Biz,MacOS,," 2025 MacBook Air ","13-INCH MACBOOK AIR; APPLE M2 CHIP WITH 8 CORE CPU, 16GB RAM, 256GB SSD",SN-P7QHSS,"Apr 3, 2025","Apr 3, 2028","  51,500.00 ","2,575.00",ACCF_CASTRO__CAMILLE_BAUTISTA.pdf,PO 4700001922,,"VSTECS PHILS, INC.",
05-03084,100914,100915,100915,087190E47F3D,"MIRANDA, BEATRICE RIVERA",Deployed,August,2025,"Aug 9, 2025",Sr. Software Engineer,Digital Solutions Group (DSG),MacOS,," 2025 MacBook Air ","13-INCH MACBOOK AIR; APPLE M2 CHIP WITH 8 CORE CPU, 16GB RAM, 256GB SSD",SN-DB05A9,"Apr 3, 2025","Apr 3, 2028","  51,500.00 ","2,575.00",ACCF_MIRANDA__BEATRICE_RIVERA.pdf,PO 4700001922,,"VSTECS PHILS, INC.",
05-03172,100915,100916,100916,087190D2C545,"EVANGELISTA, KATRINA FERNANDEZ",Deployed,August,2025,"Aug 11, 2025",Sr. Software Engineer,Technology Group,MacOS,," 2025 MacBook Air ","13-INCH MACBOOK AIR; APPLE M2 CHIP WITH 8 CORE CPU, 16GB RAM, 256GB SSD",SN-54E7WK,"Apr 3, 2025","Apr 3, 2028","  51,500.00 ","2,575.00",ACCF_EVANGELISTA__KATRINA_FERNANDEZ.pdf,PO 4700001922,,"VSTECS PHILS, INC.",
05-02514,100916,100917,100917,087190D32A70,"LAXAMANA, DENISE FLORES",Deployed,August,2025,"Aug 6, 2025",Software Engineer,Technology Group,MacOS,," 2025 MacBook Air ","13-INCH MACBOOK AIR; APPLE M2 CHIP WITH 8 CORE CPU, 16GB RAM, 256GB SSD",SN-SXN69G,"Apr 3, 2025","Apr 3, 2028","  51,500.00 ","2,575.00",ACCF_LAXAMANA__DENISE_FLORES.pdf,PO 4700001922,,"VSTECS PHILS, INC.",
05-03081,100917,100918,100918,0871904DB1B4,"NATIVIDAD, GABRIEL TORRES",Deployed,August,2025,"Aug 9, 2025",Sr. Software Engineer,Technology Group,MacOS,," 2025 MacBook Air ","13-INCH MACBOOK AIR; APPLE M2 CHIP WITH 8 CORE CPU, 16GB RAM, 256GB SSD",SN-DEFBR8,"Apr 3, 2025","Apr 3, 2028","  51,500.00 ","2,575.00",,PO 4700001922,,"VSTECS PHILS, INC.",
05-06952,100918,100919,100919,087190FB298C,"VALDEZ, BEATRICE TORRES",Deployed,April,2026,"Apr 10, 2026",Solutions Designer,Client Based Globe,MacOS,," 2025 MacBook Air ","13-INCH MACBOOK AIR; APPLE M2 CHIP WITH 8 CORE CPU, 16GB RAM, 256GB SSD",SN-LY6T8V,"Apr 3, 2025","Apr 3, 2028","  51,500.00 ","2,575.00",ACCF_VALDEZ__BEATRICE_TORRES.pdf,PO 4700001922,,"VSTECS PHILS, INC.",
05-03213,100919,100920,100920,0871901D4669,"AGUILAR, KATHERINE ROSE CASTILLO",Deployed,April,2026,"Apr 24, 2026",Application Support Specialist,Delivery Group,MacOS,," 2025 MacBook Air ","13-INCH MACBOOK AIR; APPLE M2 CHIP WITH 8 CORE CPU, 16GB RAM, 256GB SSD",SN-W88NM8,"Apr 3, 2025","Apr 3, 2028","  51,500.00 ","2,575.00",,PO 4700001922,"NATIVIDAD, JEROME RIVERA","VSTECS PHILS, INC.",
05-02474,100920,100921,100921,08719035527C,"BAUTISTA, BIANCA GARCIA",Deployed,September,2025,"Sep 25, 2025",Technical Pre-sales Engineer,Technology Group,MacOS,," 2025 MacBook Air ","13-INCH MACBOOK AIR; APPLE M2 CHIP WITH 8 CORE CPU, 16GB RAM, 256GB SSD",SN-QBB4T1,"Apr 3, 2025","Apr 3, 2028","  51,500.00 ","2,575.00",,PO 4700001922,,"VSTECS PHILS, INC.",
05-03127,100921,100922,100922,087190948D61,"VALDEZ, PAULO MIGUEL TORRES",Deployed,September,2025,"Sep 4, 2025",Jr. QA Engineer,Technology Group,MacOS,," 2025 MacBook Air ","13-INCH MACBOOK AIR; APPLE M2 CHIP WITH 8 CORE CPU, 16GB RAM, 256GB SSD",SN-CX9JTG,"Apr 3, 2025","Apr 3, 2028","  51,500.00 ","2,575.00",,PO 4700001922,,"VSTECS PHILS, INC.",
05-03126,100922,100923,100923,087190E4A907,"SANTOS, ALEXANDER TORRES",Deployed,September,2025,"Sep 18, 2025",Solutions Designer,Technology Group,MacOS,," 2025 MacBook Air ","13-INCH MACBOOK AIR; APPLE M2 CHIP WITH 8 CORE CPU, 16GB RAM, 256GB SSD",SN-E8SZNL,"Apr 3, 2025","Apr 3, 2028","  51,500.00 ","2,575.00",,PO 4700001922,,"VSTECS PHILS, INC.",
05-03214,100923,100924,100924,087190275135,"RAMOS, ADRIAN MENDOZA",Deployed,May,2026,"May 15, 2026",Sr. Technical Support (Service Desk),Delivery Group,MacOS,," 2025 MacBook Air ","13-INCH MACBOOK AIR; APPLE M2 CHIP WITH 8 CORE CPU, 16GB RAM, 256GB SSD",SN-60UEGV,"Apr 3, 2025","Apr 3, 2028","  51,500.00 ","2,575.00",,PO 4700001922,"CABRERA, KENNETH DELA CRUZ","VSTECS PHILS, INC.",
05-03127,100924,100925,100925,0871900268E9,"ESGUERRA, MONIQUE BAUTISTA",Deployed,September,2025,"Sep 2, 2025",Jr. QA Engineer,Technology Group,MacOS,," 2025 MacBook Air ","13-INCH MACBOOK AIR; APPLE M2 CHIP WITH 8 CORE CPU, 16GB RAM, 256GB SSD",SN-Y6XUSG,"Apr 3, 2025","Apr 3, 2028","  51,500.00 ","2,575.00",,PO 4700001922,,"VSTECS PHILS, INC.",
05-03146,100925,100926,100926,087190FCDE79,"MIRANDA, MICHAEL ANGELO FLORES",Deployed,September,2025,"Sep 26, 2025",Software Engineer (Fullstack Java),Technology Group,MacOS,," 2025 MacBook Air ","13-INCH MACBOOK AIR; APPLE M2 CHIP WITH 8 CORE CPU, 16GB RAM, 256GB SSD",SN-U3WC75,"Apr 3, 2025","Apr 3, 2028","  51,500.00 ","2,575.00",,PO 4700001922,,"VSTECS PHILS, INC.",
05-03147,100926,100927,100927,087190B84E5A,"PANGANIBAN, JOSHUA FLORES",Deployed,September,2025,"Sep 2, 2025",Jr. Recruiter,Talent Acquisition Group (TAG),MacOS,," 2025 MacBook Air ","13-INCH MACBOOK AIR; APPLE M2 CHIP WITH 8 CORE CPU, 16GB RAM, 256GB SSD",SN-EVX6S1,"Apr 3, 2025","Apr 3, 2028","  51,500.00 ","2,575.00",ACCF_PANGANIBAN__JOSHUA_FLORES.pdf,PO 4700001922,,"VSTECS PHILS, INC.",
05-03147,100927,100928,100928,087190118B5B,"FLORES, CHRISTINE JOY CASTILLO",Deployed,September,2025,"Sep 2, 2025",Jr. Recruiter,Talent Acquisition Group (TAG),MacOS,," 2025 MacBook Air ","13-INCH MACBOOK AIR; APPLE M2 CHIP WITH 8 CORE CPU, 16GB RAM, 256GB SSD",SN-JY940E,"Apr 3, 2025","Apr 3, 2028","  51,500.00 ","2,575.00",ACCF_FLORES__CHRISTINE_JOY_CASTILLO.pdf,PO 4700001922,,"VSTECS PHILS, INC.",
05-03190,100928,100929,100929,0871901823AA,"TORRES, ALYSSA MARIE DELA CRUZ",Deployed,October,2025,"Oct 30, 2025",Jr. NOC Engineer,Technology Group,MacOS,," 2025 MacBook Air ","13-INCH MACBOOK AIR; APPLE M2 CHIP WITH 8 CORE CPU, 16GB RAM, 256GB SSD",SN-967EGT,"Apr 3, 2025","Apr 3, 2028","  51,500.00 ","2,575.00",,PO 4700001922,"ATIENZA, DANIEL JOSEPH BAUTISTA","VSTECS PHILS, INC.",
05-03146,100929,100930,100930,0871904B58D4,"DELA CRUZ, CAMILLE CRUZ",Deployed,September,2025,"Sep 12, 2025",Jr. DevOps Engineer,Technology Group,MacOS,," 2025 MacBook Air ","13-INCH MACBOOK AIR; APPLE M2 CHIP WITH 8 CORE CPU, 16GB RAM, 256GB SSD",SN-5QL18Z,"Apr 3, 2025","Apr 3, 2028","  51,500.00 ","2,575.00",ACCF_DELA_CRUZ__CAMILLE_CRUZ.pdf,PO 4700001922,,"VSTECS PHILS, INC.",
05-03212,100930,100931,100931,0871908636F7,"DE LEON, PATRICK OLIVER GARCIA",Deployed,April,2026,"Apr 17, 2026",Sr. Solutions Architect,Client Based Globe,MacOS,," 2025 MacBook Air ","13-INCH MACBOOK AIR; APPLE M2 CHIP WITH 8 CORE CPU, 16GB RAM, 256GB SSD",SN-BKKASL,"Apr 3, 2025","Apr 3, 2028","  51,500.00 ","2,575.00",ACCF_DE_LEON__PATRICK_OLIVER_GARCIA.pdf,PO 4700001922,"SALAZAR, ROCHELLE AQUINO","VSTECS PHILS, INC.",
05-03148,100931,100932,100932,087190874E29,"DAVID, MARK ANTHONY FLORES",Deployed,September,2025,"Sep 4, 2025",Jr. Recruiter,Talent Acquisition Group (TAG),MacOS,," 2025 MacBook Air ","13-INCH MACBOOK AIR; APPLE M2 CHIP WITH 8 CORE CPU, 16GB RAM, 256GB SSD",SN-0JU7NE,"Apr 3, 2025","Apr 3, 2028","  51,500.00 ","2,575.00",,PO 4700001922,,"VSTECS PHILS, INC.",
05-03148,100932,100933,100933,087190EC89F6,"MARQUEZ, ALYSSA MARIE FERNANDEZ",Deployed,September,2025,"Sep 4, 2025",Employee Experience Associate,Human Resources,MacOS,," 2025 MacBook Air ","13-INCH MACBOOK AIR; APPLE M2 CHIP WITH 8 CORE CPU, 16GB RAM, 256GB SSD",SN-2FLQSA,"Apr 3, 2025","Apr 3, 2028","  51,500.00 ","2,575.00",,PO 4700001922,,"VSTECS PHILS, INC.",
05-03145,100933,100934,100934,0871906432D5,"GONZALES, CHRISTINE JOY CASTILLO",Deployed,September,2025,"Sep 2, 2025",Cloud Security Engineer,Technology Group,MacOS,," 2025 MacBook Air ","13-INCH MACBOOK AIR; APPLE M2 CHIP WITH 8 CORE CPU, 16GB RAM, 256GB SSD",SN-AVVS34,"Apr 3, 2025","Apr 3, 2028","  51,500.00 ","2,575.00",ACCF_GONZALES__CHRISTINE_JOY_CASTILLO.pdf,PO 4700001922,,"VSTECS PHILS, INC.",
05-03172,100934,100935,100935,0871900961EE,"RAMOS, RAFAEL SANTOS",Deployed,September,2025,"Sep 11, 2025",Sr. Software Engineer,Technology Group,MacOS,," 2025 MacBook Air ","13-INCH MACBOOK AIR; APPLE M2 CHIP WITH 8 CORE CPU, 16GB RAM, 256GB SSD",SN-4K5H6E,"Apr 3, 2025","Apr 3, 2028","  51,500.00 ","2,575.00",,PO 4700001922,,"VSTECS PHILS, INC.",
05-03145,100935,100936,100936,08719067D41A,"ATIENZA, ANGELA MAE SANTOS",Deployed,September,2025,"Sep 18, 2025",Program Director,Technology Group,MacOS,," 2025 MacBook Air ","13-INCH MACBOOK AIR; APPLE M2 CHIP WITH 8 CORE CPU, 16GB RAM, 256GB SSD",SN-UR6UFX,"Apr 3, 2025","Apr 3, 2028","  51,500.00 ","2,575.00",,PO 4700001922,,"VSTECS PHILS, INC.",
05-03190,100936,100937,100937,0871903CA2FC,"SALAZAR, JOHN PAUL RIVERA",Deployed,October,2025,"Oct 3, 2025",Sr. Software Engineer (Fullstack),Client Based Globe,MacOS,," 2025 MacBook Air ","13-INCH MACBOOK AIR; APPLE M2 CHIP WITH 8 CORE CPU, 16GB RAM, 256GB SSD",SN-CVSNNF,"Apr 3, 2025","Apr 3, 2028","  51,500.00 ","2,575.00",,PO 4700001922,,"VSTECS PHILS, INC.",
05-03217,100937,100938,100938,087190594AF1,"BERNARDO, VINCENT MERCADO",Deployed,July,2026,"Jul 6, 2026",Test Manager,Delivery Group,MacOS,," 2025 MacBook Air ","13-INCH MACBOOK AIR; APPLE M2 CHIP WITH 8 CORE CPU, 16GB RAM, 256GB SSD",SN-AHQLPD,"Apr 3, 2025","Apr 3, 2028","  51,500.00 ","2,575.00",,PO 4700001922,"CASTRO, MARK ANTHONY FERNANDEZ","VSTECS PHILS, INC.",
05-03147,100938,100939,100939,08719056F540,"VILLANUEVA, ALEXANDER RIVERA",Deployed,September,2025,"Sep 4, 2025",Jr. Recruiter,Talent Acquisition Group (TAG,MacOS,," 2025 MacBook Air ","13-INCH MACBOOK AIR; APPLE M2 CHIP WITH 8 CORE CPU, 16GB RAM, 256GB SSD",SN-ALB487,"Apr 3, 2025","Apr 3, 2028","  51,500.00 ","2,575.00",,PO 4700001922,,"VSTECS PHILS, INC.",
05-06873,100939,100940,100940,087190A081A0,"OCAMPO, MICHAEL ANGELO FLORES",Deployed,September,2025,"Sep 19, 2025",Sr. Software Engineer,Technology Group,MacOS,," 2025 MacBook Air ","13-INCH MACBOOK AIR; APPLE M2 CHIP WITH 8 CORE CPU, 16GB RAM, 256GB SSD",SN-SE6HZU,"Apr 3, 2025","Apr 3, 2028","  51,500.00 ","2,575.00",,PO 4700001922,,"VSTECS PHILS, INC.",
05-03146,100940,100941,100941,087190FBC7F1,"MORALES, JEROME FLORES",Deployed,September,2025,"Sep 1, 2025",Data Engineer,Technology Group,MacOS,," 2025 MacBook Air ","13-INCH MACBOOK AIR; APPLE M2 CHIP WITH 8 CORE CPU, 16GB RAM, 256GB SSD",SN-GT1HBC,"Apr 3, 2025","Apr 3, 2028","  51,500.00 ","2,575.00",,PO 4700001922,,"VSTECS PHILS, INC.",
05-01638,100941,100942,100942,0871909BB972,"GARCIA, STEPHANIE AQUINO",Deployed,September,2025,"Sep 24, 2025",Sr. Software Engineer,Technology Group,MacOS,," 2025 MacBook Air ","13-INCH MACBOOK AIR; APPLE M2 CHIP WITH 8 CORE CPU, 16GB RAM, 256GB SSD",SN-RLPLLQ,"Apr 3, 2025","Apr 3, 2028","  51,500.00 ","2,575.00",,PO 4700001922,,"VSTECS PHILS, INC.",
05-01679,100942,100943,100943,087190E43235,"EVANGELISTA, CHRISTIAN MERCADO",Deployed,September,2025,"Sep 24, 2025",PHP Developer,Technology Group,MacOS,," 2025 MacBook Air ","13-INCH MACBOOK AIR; APPLE M2 CHIP WITH 8 CORE CPU, 16GB RAM, 256GB SSD",SN-DDBU9E,"Apr 3, 2025","Apr 3, 2028","  51,500.00 ","2,575.00",,PO 4700001922,,"VSTECS PHILS, INC.",
05-03147,100943,100944,100944,08719071F1FF,"LAXAMANA, SOFIA CRUZ",Deployed,September,2025,"Sep 24, 2025",Penetration Tester,Technology Group,MacOS,," 2025 MacBook Air ","13-INCH MACBOOK AIR; APPLE M2 CHIP WITH 8 CORE CPU, 16GB RAM, 256GB SSD",SN-T8V77T,"Apr 3, 2025","Apr 3, 2028","  51,500.00 ","2,575.00",,PO 4700001922,,"VSTECS PHILS, INC.",
05-01094,100944,100945,100945,087190A2C7ED,"SERRANO, MARIA CLARA DELA CRUZ",Deployed,September,2025,"Sep 25, 2025",HR Business Partner,Office of the President,MacOS,," 2025 MacBook Air ","13-INCH MACBOOK AIR; APPLE M2 CHIP WITH 8 CORE CPU, 16GB RAM, 256GB SSD",SN-V6VH1K,"Apr 3, 2025","Apr 3, 2028","  51,500.00 ","2,575.00",,PO 4700001922,,"VSTECS PHILS, INC.",
05-03190,100945,100946,100946,0871903A6BBA,"MENDOZA, MICHAEL ANGELO FLORES",Deployed,October,2025,"Oct 3, 2025",Sr. Software Engineer (Fullstack),Client Based Globe,MacOS,," 2025 MacBook Air ","13-INCH MACBOOK AIR; APPLE M2 CHIP WITH 8 CORE CPU, 16GB RAM, 256GB SSD",SN-U8LQFA,"Apr 3, 2025","Apr 3, 2028","  51,500.00 ","2,575.00",,PO 4700001922,,"VSTECS PHILS, INC.",
05-01706,100946,100947,100947,087190258168,"AGUILAR, GABRIEL VILLANUEVA",Deployed,October,2025,"Oct 2, 2025",Solutions Architect,Client Based Globe,MacOS,," 2025 MacBook Air ","13-INCH MACBOOK AIR; APPLE M2 CHIP WITH 8 CORE CPU, 16GB RAM, 256GB SSD",SN-TD29GM,"Apr 3, 2025","Apr 3, 2028","  51,500.00 ","2,575.00",,PO 4700001922,,"VSTECS PHILS, INC.",
05-06947,100947,100948,100948,087190056262,"PANGANIBAN, PAULO MIGUEL LOPEZ",Deployed,February,2026,"Feb 6, 2026",Sr. Solutions Architect,Client Based Globe,MacOS,," 2025 MacBook Air ","13-INCH MACBOOK AIR; APPLE M2 CHIP WITH 8 CORE CPU, 16GB RAM, 256GB SSD",SN-DUPXT8,"Apr 3, 2025","Apr 3, 2028","  51,500.00 ","2,575.00",ACCF_PANGANIBAN__PAULO_MIGUEL_LOPEZ.pdf,PO 4700001922,"PANGANIBAN, ROCHELLE GARCIA","VSTECS PHILS, INC.",
05-06823,100948,100949,100949,087190A0A9D7,"VALDEZ, DANIEL JOSEPH RAMOS",Deployed,October,2025,"Oct 17, 2025",Change Management Analyst,Technology Group,MacOS,," 2025 MacBook Air ","13-INCH MACBOOK AIR; APPLE M2 CHIP WITH 8 CORE CPU, 16GB RAM, 256GB SSD",SN-3SXAT5,"Apr 3, 2025","Apr 3, 2028","  51,500.00 ","2,575.00",,PO 4700001922,,"VSTECS PHILS, INC.",
05-06871,100949,100950,100950,087190C9EA92,"NAVARRO, DANIEL JOSEPH MERCADO",Deployed,September,2025,"Sep 25, 2025",Jr. SEO Specialist,Client Based Globe,MacOS,," 2025 MacBook Air ","13-INCH MACBOOK AIR; APPLE M2 CHIP WITH 8 CORE CPU, 16GB RAM, 256GB SSD",SN-TUCM4X,"Apr 3, 2025","Apr 3, 2028","  51,500.00 ","2,575.00",,PO 4700001922,,"VSTECS PHILS, INC.",
05-02962,100950,100951,100951,08719044006F,"CORTEZ, KATHERINE ROSE FLORES",Deployed,October,2025,"Oct 17, 2025",Solutions Architect,Technology Group,MacOS,," 2025 MacBook Air ","13-INCH MACBOOK AIR; APPLE M2 CHIP WITH 8 CORE CPU, 16GB RAM, 256GB SSD",SN-RN2Y0T,"Apr 3, 2025","Apr 3, 2028","  51,500.00 ","2,575.00",,PO 4700001922,,"VSTECS PHILS, INC.",
05-03145,100951,100952,100952,08719037E07B,"LOPEZ, DANIEL JOSEPH MERCADO",Deployed,September,2025,"Sep 25, 2025",Application Support,Technology Group,MacOS,," 2025 MacBook Air ","13-INCH MACBOOK AIR; APPLE M2 CHIP WITH 8 CORE CPU, 16GB RAM, 256GB SSD",SN-4D3GLK,"Apr 3, 2025","Apr 3, 2028","  51,500.00 ","2,575.00",,PO 4700001922,,"VSTECS PHILS, INC.",
05-06871,100952,100953,100953,087190ED1EED,"JAVIER, JOSHUA GARCIA",Deployed,September,2025,"Sep 25, 2025",Sr. QA Engineer,Client Based New Biz,MacOS,," 2025 MacBook Air ","13-INCH MACBOOK AIR; APPLE M2 CHIP WITH 8 CORE CPU, 16GB RAM, 256GB SSD",SN-E62P2V,"Apr 3, 2025","Apr 3, 2028","  51,500.00 ","2,575.00",,PO 4700001922,,"VSTECS PHILS, INC.",
05-03215,100953,100954,100954,087190FC6E4E,"MARQUEZ, RAFAEL DELA CRUZ",Deployed,June,2026,"Jun 10, 2026",Lead Automation Architect,TBA,MacOS,," 2025 MacBook Air ","13-INCH MACBOOK AIR; APPLE M2 CHIP WITH 8 CORE CPU, 16GB RAM, 256GB SSD",SN-B5LPNH,"Apr 3, 2025","Apr 3, 2028","  51,500.00 ","2,575.00",,PO 4700001922,"CALDERON, MARIA CLARA FERNANDEZ","VSTECS PHILS, INC.",
05-03126,100954,100955,100955,087190CCD949,"BERNARDO, JASMIN GARCIA",Deployed,September,2025,"Sep 25, 2025",HR Specialist,Human Resources,MacOS,," 2025 MacBook Air ","13-INCH MACBOOK AIR; APPLE M2 CHIP WITH 8 CORE CPU, 16GB RAM, 256GB SSD",SN-VZTBHW,"Apr 3, 2025","Apr 3, 2028","  51,500.00 ","2,575.00",,PO 4700001922,,"VSTECS PHILS, INC.",
05-06818,100955,100956,100956,087190FBB2EA,"CORTEZ, JOSHUA FERNANDEZ",Deployed,November,2025,"Nov 28, 2025",Systems Analyst,Client Based New Biz,MacOS,," 2025 MacBook Air ","13-INCH MACBOOK AIR; APPLE M2 CHIP WITH 8 CORE CPU, 16GB RAM, 256GB SSD",SN-QQ4C5D,"Apr 3, 2025","Apr 3, 2028","  51,500.00 ","2,575.00",,PO 4700001922,,"VSTECS PHILS, INC.",
05-03081,100956,100957,100957,087190B5CEB7,"MANALANG, CHARLENE VILLANUEVA",Deployed,December,2025,"Dec 15, 2025",Business Analyst,Technology Group,MacOS,," 2025 MacBook Air ","13-INCH MACBOOK AIR; APPLE M2 CHIP WITH 8 CORE CPU, 16GB RAM, 256GB SSD",SN-43Q33H,"Apr 3, 2025","Apr 3, 2028","  51,500.00 ","2,575.00",ACCF_MANALANG__CHARLENE_VILLANUEVA.pdf,PO 4700001922,,"VSTECS PHILS, INC.",
05-06956,100957,100958,100958,087190303A91,"OCAMPO, ADRIAN RIVERA",Deployed,"May ",2026,"May 20, 2026",Business Analyst,Delivery Group,MacOS,," 2025 MacBook Air ","13-INCH MACBOOK AIR; APPLE M2 CHIP WITH 8 CORE CPU, 16GB RAM, 256GB SSD",SN-AQ0BS9,"Apr 3, 2025","Apr 3, 2028","  51,500.00 ","2,575.00",,PO 4700001922,"CALDERON, CHRISTIAN RIVERA","VSTECS PHILS, INC.",
,100958,100959,100959,08719047C4D2,,Spare for Deploy,,,,,,MacOS,," 2025 MacBook Air ","13-INCH MACBOOK AIR; APPLE M2 CHIP WITH 8 CORE CPU, 16GB RAM, 256GB SSD",SN-HSNCBT,"Apr 3, 2025","Apr 3, 2028","  51,500.00 ","2,575.00",,PO 4700001922,"EVANGELISTA, ALEXANDER MENDOZA","VSTECS PHILS, INC.",
05-02513,100959,100960,100960,087190AD5F57,"MORALES, JEROME TORRES",Deployed,October,2025,"Oct 2, 2025",Payroll Specialist,Human Resources,MacOS,," 2025 MacBook Air ","13-INCH MACBOOK AIR; APPLE M2 CHIP WITH 8 CORE CPU, 16GB RAM, 256GB SSD",SN-WATYU7,"Apr 3, 2025","Apr 3, 2028","  51,500.00 ","2,575.00",,PO 4700001922,,"VSTECS PHILS, INC.",
05-03194,100960,100961,100961,08719087896B,"SERRANO, LOVELY GARCIA",Deployed,February,2026,"Feb 6, 2026",Sr. Data Steward,Technology Group,MacOS,," 2025 MacBook Air ","13-INCH MACBOOK AIR; APPLE M2 CHIP WITH 8 CORE CPU, 16GB RAM, 256GB SSD",SN-E780JY,"Apr 3, 2025","Apr 3, 2028","  51,500.00 ","2,575.00",ACCF_SERRANO__LOVELY_GARCIA.pdf,PO 4700001922,,"VSTECS PHILS, INC.",
05-06954,100961,100962,100962,087190DDED36,"GARCIA, FRANCIS LOPEZ",Deployed,April,2026,"Apr 30, 2026",Process Writer,Client Based Globe,MacOS,," 2025 MacBook Air ","13-INCH MACBOOK AIR; APPLE M2 CHIP WITH 8 CORE CPU, 16GB RAM, 256GB SSD",SN-45TYTH,"Apr 3, 2025","Apr 3, 2028","  51,500.00 ","2,575.00",,PO 4700001922,"DOMINGO, GABRIEL DELA CRUZ","VSTECS PHILS, INC.",
05-06956,100962,100963,100963,087190E1324D,"PANGANIBAN, PATRICK OLIVER RAMOS",Deployed,May,2026,"May 22, 2026",Process Writer,Client Based Globe,MacOS,," 2025 MacBook Air ","13-INCH MACBOOK AIR; APPLE M2 CHIP WITH 8 CORE CPU, 16GB RAM, 256GB SSD",SN-0178TQ,"Apr 3, 2025","Apr 3, 2028","  51,500.00 ","2,575.00",,PO 4700001922,"ATIENZA, JOHN PAUL LOPEZ","VSTECS PHILS, INC.",
05-06890,100963,100964,100964,0871902BD46F,"AGUILAR, DIANNE SANTOS",Deployed,September,2025,"Sep 22, 2025",CMS Administrator,Client Based Globe,MacOS,," 2025 MacBook Air ","13-INCH MACBOOK AIR; APPLE M2 CHIP WITH 8 CORE CPU, 16GB RAM, 256GB SSD",SN-09AP4Z,"Apr 3, 2025","Apr 3, 2028","  51,500.00 ","2,575.00",,PO 4700001922,,"VSTECS PHILS, INC.",
05-06890,100964,100965,100965,087190E599EC,"MERCADO, JOSHUA CRUZ",Deployed,September,2025,"Sep 22, 2025",Change Management Analyst,Technology Group,MacOS,," 2025 MacBook Air ","13-INCH MACBOOK AIR; APPLE M2 CHIP WITH 8 CORE CPU, 16GB RAM, 256GB SSD",SN-YL258N,"Apr 3, 2025","Apr 3, 2028","  51,500.00 ","2,575.00",,PO 4700001922,,"VSTECS PHILS, INC.",
05-03012,100965,100966,100966,08719001405C,"CABRERA, KENNETH VILLANUEVA",Deployed,September,2025,"Sep 29, 2025",QA Test Analyst,Technology Group,MacOS,," 2025 MacBook Air ","13-INCH MACBOOK AIR; APPLE M2 CHIP WITH 8 CORE CPU, 16GB RAM, 256GB SSD",SN-GP58Y1,"Apr 3, 2025","Apr 3, 2028","  51,500.00 ","2,575.00",,PO 4700001922,,"VSTECS PHILS, INC.",
05-03145,100966,100967,100967,087190380EC4,"DOMINGO, SOFIA SANTOS",Deployed,November,2025,"Nov 4, 2025",Data Engineer,Technology Group,MacOS,," 2025 MacBook Air ","13-INCH MACBOOK AIR; APPLE M2 CHIP WITH 8 CORE CPU, 16GB RAM, 256GB SSD",SN-9XAH7M,"Apr 3, 2025","Apr 3, 2028","  51,500.00 ","2,575.00",,PO 4700001922,,"VSTECS PHILS, INC.",
05-03123,100967,100968,100968,0871901DADCA,"MENDOZA, JOSHUA LOPEZ",Deployed,October,2025,"Oct 15, 2025",Software Engineer,Technology Group,MacOS,," 2025 MacBook Air ","13-INCH MACBOOK AIR; APPLE M2 CHIP WITH 8 CORE CPU, 16GB RAM, 256GB SSD",SN-G2YK66,"Apr 3, 2025","Apr 3, 2028","  51,500.00 ","2,575.00",,PO 4700001922,,"VSTECS PHILS, INC.",
05-01768,100968,100969,100969,087190135FDF,"GONZALES, GABRIEL FERNANDEZ",Deployed,October,2025,"Oct 14, 2025",Sr. Recruiter,Talent Acquisition,MacOS,," 2025 MacBook Air ","13-INCH MACBOOK AIR; APPLE M2 CHIP WITH 8 CORE CPU, 16GB RAM, 256GB SSD",SN-YVDJK2,"Apr 3, 2025","Apr 3, 2028","  51,500.00 ","2,575.00",,PO 4700001922,,"VSTECS PHILS, INC.",
05-02424,100969,100970,100970,08719094B2D8,"LAXAMANA, JEROME VILLANUEVA",Deployed,December,2025,"Dec 9, 2025",Recruiter,Talent Acquisition Group (TAG),MacOS,," 2025 MacBook Air ","13-INCH MACBOOK AIR; APPLE M2 CHIP WITH 8 CORE CPU, 16GB RAM, 256GB SSD",SN-S0AXPG,"Apr 3, 2025","Apr 3, 2028","  51,500.00 ","2,575.00",ACCF_LAXAMANA__JEROME_VILLANUEVA.pdf,PO 4700001922,,"VSTECS PHILS, INC.",
05-03193,100970,100971,100971,08719080A67F,"CORTEZ, ANGELO LOPEZ",Deployed,February,2026,"Feb 13, 2026",Data Engineer,Technology Group,MacOS,," 2025 MacBook Air ","13-INCH MACBOOK AIR; APPLE M2 CHIP WITH 8 CORE CPU, 16GB RAM, 256GB SSD",SN-SUQTX7,"Apr 3, 2025","Apr 3, 2028","  51,500.00 ","2,575.00",ACCF_CORTEZ__ANGELO_LOPEZ.pdf,PO 4700001922,,"VSTECS PHILS, INC.",
05-02356,100971,100972,100972,Pending,"GUTIERREZ, LOVELY CASTILLO",Deployed,March,2026,"Mar 24, 2026",Sr. Section Editor,Client Based Globe,MacOS,," 2025 MacBook Air ","13-INCH MACBOOK AIR; APPLE M2 CHIP WITH 8 CORE CPU, 16GB RAM, 256GB SSD",SN-VBSND8,"Apr 3, 2025","Apr 3, 2028","  51,500.00 ","2,575.00",,PO 4700001922,,"VSTECS PHILS, INC.",
05-06958,100972,100973,100973,Pending,"TOLENTINO, SOFIA GARCIA",Deployed,June,2026,"Jun 24, 2026",Machine Learning Operations Specialist,Client Based Globe,MacOS,," 2025 MacBook Air ","13-INCH MACBOOK AIR; APPLE M2 CHIP WITH 8 CORE CPU, 16GB RAM, 256GB SSD",SN-KK073B,"Apr 3, 2025","Apr 3, 2028","  51,500.00 ","2,575.00",,PO 4700001922,"REYES, CHRISTIAN FLORES","VSTECS PHILS, INC.",
05-03215,100973,100974,100974,087190F8CD59,"DOMINGO, DOMINIC MERCADO",Deployed,June,2026,"Jun 19, 2026",Automation Engineer,Delivery Group,MacOS,," 2025 MacBook Air ","13-INCH MACBOOK AIR; APPLE M2 CHIP WITH 8 CORE CPU, 16GB RAM, 256GB SSD",SN-KYHJ2D,"Apr 3, 2025","Apr 3, 2028","  51,500.00 ","2,575.00",,PO 4700001922,"JAVIER, NICOLE CRUZ","VSTECS PHILS, INC.",
05-03191,100974,100975,100975,087190CD9279,"GONZALES, DIANNE TORRES",Deployed,November,2025,"Nov 28, 2025",Sr. Software Engineer (Fullstack),Client Based Globe,MacOS,," 2025 MacBook Air ","13-INCH MACBOOK AIR; APPLE M2 CHIP WITH 8 CORE CPU, 16GB RAM, 256GB SSD",SN-H6053H,"Apr 3, 2025","Apr 3, 2028","  51,500.00 ","2,575.00",,PO 4700001922,"SORIANO, MONIQUE RIVERA","VSTECS PHILS, INC.",
05-03079,100975,100976,100976,087190353F06,"NAVARRO, JEROME GARCIA",Deployed,October,2025,"Oct 23, 2025",Jr. Application Support Specialist,Technology Group,MacOS,," 2025 MacBook Air ","13-INCH MACBOOK AIR; APPLE M2 CHIP WITH 8 CORE CPU, 16GB RAM, 256GB SSD",SN-4T3MRW,"Apr 3, 2025","Apr 3, 2028","  51,500.00 ","2,575.00",,PO 4700001922,,"VSTECS PHILS, INC.",
05-03125,100976,100977,100977,0871903E8E43,"LOPEZ, BIANCA RAMOS",Deployed,October,2025,"Oct 15, 2025",Sr. Software Engineer,Technology Group,MacOS,," 2025 MacBook Air ","13-INCH MACBOOK AIR; APPLE M2 CHIP WITH 8 CORE CPU, 16GB RAM, 256GB SSD",SN-GSZ5PH,"Apr 3, 2025","Apr 3, 2028","  51,500.00 ","2,575.00",,PO 4700001922,,"VSTECS PHILS, INC.",
05-03196,100977,100978,100978,087190751E6E,"CABRERA, CARLO AQUINO",Deployed,March,2026,"Mar 27, 2026",Project Manager (Scrum Master),Technology Group,MacOS,," 2025 MacBook Air ","13-INCH MACBOOK AIR; APPLE M2 CHIP WITH 8 CORE CPU, 16GB RAM, 256GB SSD",SN-BJ34E2,"Apr 3, 2025","Apr 3, 2028","  51,500.00 ","2,575.00",ACCF_CABRERA__CARLO_AQUINO.pdf,PO 4700001922,"ILAGAN, JOHN PAUL TORRES","VSTECS PHILS, INC.",
05-01662,100978,100979,100979,0871905D0CC9,"GARCIA, CARLO RIVERA",Deployed,October,2025,"Oct 8, 2025",Technical Solutions Lead,Digital Solutions Group (DSG),MacOS,," 2025 MacBook Air ","13-INCH MACBOOK AIR; APPLE M2 CHIP WITH 8 CORE CPU, 16GB RAM, 256GB SSD",SN-N9A2HF,"Apr 3, 2025","Apr 3, 2028","  51,500.00 ","2,575.00",,PO 4700001922,,"VSTECS PHILS, INC.",
05-03125,100979,100980,100980,087190A1A1A9,"PANGANIBAN, JUAN CARLOS RIVERA",Deployed,October,2025,"Oct 21, 2025",Software Engineering,Technology Group,MacOS,," 2025 MacBook Air ","13-INCH MACBOOK AIR; APPLE M2 CHIP WITH 8 CORE CPU, 16GB RAM, 256GB SSD",SN-27MDPF,"Apr 3, 2025","Apr 3, 2028","  51,500.00 ","2,575.00",,PO 4700001922,,"VSTECS PHILS, INC.",
,100980,100981,100981,0871902880DA,,Spare for Deploy,,,,,,MacOS,," 2025 MacBook Air ","13-INCH MACBOOK AIR; APPLE M2 CHIP WITH 8 CORE CPU, 16GB RAM, 256GB SSD",SN-9VL7MA,"Apr 3, 2025","Apr 3, 2028","  51,500.00 ","2,575.00",,PO 4700001922,"AGUILAR, KATHERINE ROSE BAUTISTA","VSTECS PHILS, INC.",
05-02468,100981,100982,100982,087190208022,"ATIENZA, ERIKA LOPEZ",Deployed,October,2025,"Oct 2, 2025",Software Engineer,Technology Group,MacOS,," 2025 MacBook Air ","13-INCH MACBOOK AIR; APPLE M2 CHIP WITH 8 CORE CPU, 16GB RAM, 256GB SSD",SN-30DEZC,"Apr 3, 2025","Apr 3, 2028","  51,500.00 ","2,575.00",,PO 4700001922,,"VSTECS PHILS, INC.",
05-02452,100982,100983,100983,0871909F7C8D,"PANGANIBAN, SOFIA GARCIA",Deployed,January,2026,"Jan 6, 2026",PMO Service Manager,Technology Group,MacOS,," 2025 MacBook Air ","13-INCH MACBOOK AIR; APPLE M2 CHIP WITH 8 CORE CPU, 16GB RAM, 256GB SSD",SN-KDHB0Q,"Apr 3, 2025","Apr 3, 2028","  51,500.00 ","2,575.00",ACCF_PANGANIBAN__SOFIA_GARCIA.pdf,PO 4700001922,,"VSTECS PHILS, INC.",
05-03126,100983,100984,100984,087190BA5D33,"MALABANAN, PAULO MIGUEL DELA CRUZ",Deployed,December,2025,"Dec 17, 2025",Solutions Architect,Technology Group,MacOS,," 2025 MacBook Air ","13-INCH MACBOOK AIR; APPLE M2 CHIP WITH 8 CORE CPU, 16GB RAM, 256GB SSD",SN-TLB2P3,"Apr 3, 2025","Apr 3, 2028","  51,500.00 ","2,575.00",ACCF_MALABANAN__PAULO_MIGUEL_DELA_CRUZ.pdf,PO 4700001922,,"VSTECS PHILS, INC.",
05-03105,100984,100985,100985,0871902C8731,"SORIANO, MARK ANTHONY MENDOZA",Deployed,January,2026,"Jan 14, 2026",Software Engineer,Technology Group,MacOS,," 2025 MacBook Air ","13-INCH MACBOOK AIR; APPLE M2 CHIP WITH 8 CORE CPU, 16GB RAM, 256GB SSD",SN-R9DB7V,"Apr 3, 2025","Apr 3, 2028","  51,500.00 ","2,575.00",ACCF_SORIANO__MARK_ANTHONY_MENDOZA.pdf,PO 4700001922,,"VSTECS PHILS, INC.",
05-02311,100985,100986,100986,08719061E081,"DEL ROSARIO, ERIKA AQUINO",Deployed,October,2025,"Oct 2, 2025",Lead Data Architect,Technology Group,MacOS,," 2025 MacBook Air ","13-INCH MACBOOK AIR; APPLE M2 CHIP WITH 8 CORE CPU, 16GB RAM, 256GB SSD",SN-1558J1,"Apr 3, 2025","Apr 3, 2028","  51,500.00 ","2,575.00",,PO 4700001922,,"VSTECS PHILS, INC.",
05-01640,100986,100987,100987,087190966CEF,"SORIANO, ANGELA MAE AQUINO",Deployed,October,2025,"Oct 2, 2025",Sr. Sourcing Speacialist,Talent Acquisition Group (TAG),MacOS,," 2025 MacBook Air ","13-INCH MACBOOK AIR; APPLE M2 CHIP WITH 8 CORE CPU, 16GB RAM, 256GB SSD",SN-QY43RG,"Apr 3, 2025","Apr 3, 2028","  51,500.00 ","2,575.00",,PO 4700001922,,"VSTECS PHILS, INC.",
05-03212,100987,100988,100988,087190D0CBDD,"AQUINO, FRANCIS BAUTISTA",Deployed,April,2026,"Apr 24, 2026",Application Support Specialist (Data Operations),Technology Group,MacOS,," 2025 MacBook Air ","13-INCH MACBOOK AIR; APPLE M2 CHIP WITH 8 CORE CPU, 16GB RAM, 256GB SSD",SN-X5YJLL,"Apr 3, 2025","Apr 3, 2028","  51,500.00 ","2,575.00",ACCF_AQUINO__FRANCIS_BAUTISTA.pdf,PO 4700001922,"BAUTISTA, NICOLE CASTILLO","VSTECS PHILS, INC.",
05-06945,100988,100989,100989,08719041F57B,"DOMINGO, JUAN CARLOS CASTILLO",Deployed,February,2026,"Feb 13, 2026",Solutions Designer,Client Based Globe,MacOS,," 2025 MacBook Air ","13-INCH MACBOOK AIR; APPLE M2 CHIP WITH 8 CORE CPU, 16GB RAM, 256GB SSD",SN-DTBNLE,"Apr 3, 2025","Apr 3, 2028","  51,500.00 ","2,575.00",ACCF_DOMINGO__JUAN_CARLOS_CASTILLO.pdf,PO 4700001922,"SANTOS, ANGELA MAE CASTILLO","VSTECS PHILS, INC.",
05-03148,100989,100990,100990,087190D00CA0,"CASTILLO, CARLO TORRES",Deployed,October,2025,"Oct 2, 2025",Cloud Incident Response Engineer,Technology Group,MacOS,," 2025 MacBook Air ","13-INCH MACBOOK AIR; APPLE M2 CHIP WITH 8 CORE CPU, 16GB RAM, 256GB SSD",SN-34KCFB,"Apr 3, 2025","Apr 3, 2028","  51,500.00 ","2,575.00",,PO 4700001922,,"VSTECS PHILS, INC.",
05-03083,100990,100991,100991,08719093AE4C,"FRANCISCO, PATRICK OLIVER CASTILLO",Deployed,March,2026,"Mar 6, 2026",Sr. UI/UX Designer,Technology Group,MacOS,," 2025 MacBook Air ","13-INCH MACBOOK AIR; APPLE M2 CHIP WITH 8 CORE CPU, 16GB RAM, 256GB SSD",SN-C9ANKU,"Apr 3, 2025","Apr 3, 2028","  51,500.00 ","2,575.00",,PO 4700001922,"NAVARRO, DOMINIC MENDOZA","VSTECS PHILS, INC.",
05-01615,100991,100992,100992,0871902AC390,"CASTILLO, JASMIN SANTOS",Deployed,October,2025,"Oct 15, 2025",Sr. Software Engineer,Technology Group,MacOS,," 2025 MacBook Air ","13-INCH MACBOOK AIR; APPLE M2 CHIP WITH 8 CORE CPU, 16GB RAM, 256GB SSD",SN-NTPYVN,"Apr 3, 2025","Apr 3, 2028","  51,500.00 ","2,575.00",,PO 4700001922,,"VSTECS PHILS, INC.",
05-03147,100992,100993,100993,087190EF0F8F,"CASTRO, VINCENT GARCIA",Deployed,October,2025,"Oct 2, 2025",Service Desk Specialist,Technology Group,MacOS,," 2025 MacBook Air ","13-INCH MACBOOK AIR; APPLE M2 CHIP WITH 8 CORE CPU, 16GB RAM, 256GB SSD",SN-5N6N2G,"Apr 3, 2025","Apr 3, 2028","  51,500.00 ","2,575.00",,PO 4700001922,,"VSTECS PHILS, INC.",
05-06871,100993,100994,100994,0871904B5EAE,"GONZALES, LOVELY RIVERA",Deployed,October,2025,"Oct 14, 2025",QA Engineer,Client Based New Biz,MacOS,," 2025 MacBook Air ","13-INCH MACBOOK AIR; APPLE M2 CHIP WITH 8 CORE CPU, 16GB RAM, 256GB SSD",SN-SPWXX6,"Apr 3, 2025","Apr 3, 2028","  51,500.00 ","2,575.00",,PO 4700001922,,"VSTECS PHILS, INC.",
05-03190,100994,100995,100995,087190F0162F,"PASCUAL, CHRISTINE JOY TORRES",Deployed,October,2025,"Oct 30, 2025",Finance Analyst,Finance,MacOS,," 2025 MacBook Air ","13-INCH MACBOOK AIR; APPLE M2 CHIP WITH 8 CORE CPU, 16GB RAM, 256GB SSD",SN-21UWJJ,"Apr 3, 2025","Apr 3, 2028","  51,500.00 ","2,575.00",,PO 4700001922,,"VSTECS PHILS, INC.",
05-01727,100995,100996,100996,0871905E5809,"RAMOS, MONIQUE MENDOZA",Deployed,October,2025,"Oct 17, 2025",Business Analyst,Technology Group,MacOS,," 2025 MacBook Air ","13-INCH MACBOOK AIR; APPLE M2 CHIP WITH 8 CORE CPU, 16GB RAM, 256GB SSD",SN-M1Q7UZ,"Apr 3, 2025","Apr 3, 2028","  51,500.00 ","2,575.00",,PO 4700001922,,"VSTECS PHILS, INC.",
05-03122,100996,100997,100997,087190FBAF55,"DEL ROSARIO, DOMINIC CRUZ",Deployed,October,2025,"Oct 2, 2025",Business Analyst,Technology Group,MacOS,," 2025 MacBook Air ","13-INCH MACBOOK AIR; APPLE M2 CHIP WITH 8 CORE CPU, 16GB RAM, 256GB SSD",SN-RL464X,"Apr 3, 2025","Apr 3, 2028","  51,500.00 ","2,575.00",,PO 4700001922,,"VSTECS PHILS, INC.",
05-06891,100997,100998,100998,087190F46347,"MIRANDA, ANGELA MAE MENDOZA",Deployed,October,2025,"Oct 16, 2025",Project Manager,Client Based Globe,MacOS,," 2025 MacBook Air ","13-INCH MACBOOK AIR; APPLE M2 CHIP WITH 8 CORE CPU, 16GB RAM, 256GB SSD",SN-6KXTHU,"Apr 3, 2025","Apr 3, 2028","  51,500.00 ","2,575.00",,PO 4700001922,,"VSTECS PHILS, INC.",
05-03190,100998,100999,100999,0871905CE8C3,"MENDOZA, MICHAEL ANGELO DELA CRUZ",Deployed,October,2025,"Oct 30, 2025",Sr. Software Engineer (Fullstack),Client Based Globe,MacOS,," 2025 MacBook Air ","13-INCH MACBOOK AIR; APPLE M2 CHIP WITH 8 CORE CPU, 16GB RAM, 256GB SSD",SN-FKR2AR,"Apr 3, 2025","Apr 3, 2028","  51,500.00 ","2,575.00",,PO 4700001922,,"VSTECS PHILS, INC.",
05-03215,100999,101000,101000,Pending,"DOMINGO, VINCENT CASTILLO",Deployed,May,2026,"May 29, 2026",Sr. Automation Engineer,Delivery Group,MacOS,CAB 4-C (Refresh)," 2025 MacBook Air ","13-INCH MACBOOK AIR; APPLE M2 CHIP WITH 8 CORE CPU, 16GB RAM, 256GB SSD",SN-647P1N,"Apr 3, 2025","Apr 3, 2028","  51,500.00 ","2,575.00",,PO 4700001922,,"VSTECS PHILS, INC.",
05-03146,101000,101001,101001,08719066AF8C,"MIRANDA, ANDREA GAIL GARCIA",Deployed,November,2025,"Nov 27, 2025",Data Engineer,Technology Group,MacOS,," 2025 MacBook Air ","13-INCH MACBOOK AIR; APPLE M2 CHIP WITH 8 CORE CPU, 16GB RAM, 256GB SSD",SN-Y5GYGM,"Apr 3, 2025","Apr 3, 2028","  51,500.00 ","2,575.00",,PO 4700001922,,"VSTECS PHILS, INC.",
05-03215,101001,101002,101002,08719039B48C,"CRUZ, ALEXANDER LOPEZ",Deployed,June,2026,"Jun 24, 2026",Sr. Operations Support Analyst,Delivery Group,MacOS,," 2025 MacBook Air ","13-INCH MACBOOK AIR; APPLE M2 CHIP WITH 8 CORE CPU, 16GB RAM, 256GB SSD",SN-YBGD30,"Apr 3, 2025","Apr 3, 2028","  51,500.00 ","2,575.00",ACCF_CRUZ__ALEXANDER_LOPEZ.pdf,PO 4700001922,,"VSTECS PHILS, INC.",
05-06952,101002,101003,101003,08719033D079,"GARCIA, BEATRICE MENDOZA",Deployed,April,2026,"Apr 17, 2026",Business Analyst,Client Based Globe,MacOS,," 2025 MacBook Air ","13-INCH MACBOOK AIR; APPLE M2 CHIP WITH 8 CORE CPU, 16GB RAM, 256GB SSD",SN-TZSFZW,"Apr 3, 2025","Apr 3, 2028","  51,500.00 ","2,575.00",ACCF_GARCIA__BEATRICE_MENDOZA.pdf,PO 4700001922,"ALCANTARA, ADRIAN CASTILLO","VSTECS PHILS, INC.",
05-02495,101003,101004,101004,0871900C1743,"GONZALES, ERIKA CASTILLO",Deployed,December,2025,"Dec 12, 2025",Data Operations Associate,Client Based Globe,MacOS,," 2025 MacBook Air ","13-INCH MACBOOK AIR; APPLE M2 CHIP WITH 8 CORE CPU, 16GB RAM, 256GB SSD",SN-AZNRE1,"Apr 3, 2025","Apr 3, 2028","  51,500.00 ","2,575.00",ACCF_GONZALES__ERIKA_CASTILLO.pdf,PO 4700001922,,"VSTECS PHILS, INC.",
05-01701,101004,101005,101005,08719076E1C0,"NAVARRO, KATHERINE ROSE LOPEZ",Deployed,December,2025,"Dec 17, 2025",Service Desk Lead,Digital Solutions Group (DSG),MacOS,," 2025 MacBook Air ","13-INCH MACBOOK AIR; APPLE M2 CHIP WITH 8 CORE CPU, 16GB RAM, 256GB SSD",SN-ALVRZ1,"Apr 3, 2025","Apr 3, 2028","  51,500.00 ","2,575.00",ACCF_NAVARRO__KATHERINE_ROSE_LOPEZ.pdf,PO 4700001922,,"VSTECS PHILS, INC.",
05-03054,101005,101006,101006,08719076E1C0,"CRUZ, MARK ANTHONY CASTILLO",Deployed,December,2025,"Dec 12, 2025",Sr. Business Analyst,Technology Group,MacOS,," 2025 MacBook Air ","13-INCH MACBOOK AIR; APPLE M2 CHIP WITH 8 CORE CPU, 16GB RAM, 256GB SSD",SN-5R86NP,"Apr 3, 2025","Apr 3, 2028","  51,500.00 ","2,575.00",ACCF_CRUZ__MARK_ANTHONY_CASTILLO.pdf,PO 4700001922,,"VSTECS PHILS, INC.",
,101006,101007,101007,087190BBACB7,,Spare for Deploy,,,,,,MacOS,," 2025 MacBook Air ","13-INCH MACBOOK AIR; APPLE M2 CHIP WITH 8 CORE CPU, 16GB RAM, 256GB SSD",SN-CRT4ZT,"Apr 3, 2025","Apr 3, 2028","  51,500.00 ","2,575.00",,PO 4700001922,"VILLANUEVA, CHARLENE MENDOZA","VSTECS PHILS, INC.",
,101007,101008,101008,0871906B9B6E,,Spare for Deploy,,,,,,MacOS,," 2025 MacBook Air ","13-INCH MACBOOK AIR; APPLE M2 CHIP WITH 8 CORE CPU, 16GB RAM, 256GB SSD",SN-JL15QK,"Apr 3, 2025","Apr 3, 2028","  51,500.00 ","2,575.00",,PO 4700001922,,"VSTECS PHILS, INC.",
05-03105,101008,101009,101009,0871900FE73B,"SALAZAR, JUAN CARLOS RAMOS",Deployed,December,2025,"Dec 16, 2025",Sr. Penetration Tester,Technology Group,MacOS,," 2025 MacBook Air ","13-INCH MACBOOK AIR; APPLE M2 CHIP WITH 8 CORE CPU, 16GB RAM, 256GB SSD",SN-BLSVQY,"Apr 3, 2025","Apr 3, 2028","  51,500.00 ","2,575.00",ACCF_SALAZAR__JUAN_CARLOS_RAMOS.pdf,PO 4700001922,,"VSTECS PHILS, INC.",
05-02449,101009,101010,101010,087190BE9038,"AQUINO, KEVIN VILLANUEVA",Deployed,"December ",2025,"Dec 19, 2025",Software Engineer,Technology Group,MacOS,," 2025 MacBook Air ","13-INCH MACBOOK AIR; APPLE M2 CHIP WITH 8 CORE CPU, 16GB RAM, 256GB SSD",SN-E9VMZW,"Apr 3, 2025","Apr 3, 2028","  51,500.00 ","2,575.00",ACCF_AQUINO__KEVIN_VILLANUEVA.pdf,PO 4700001922,,"VSTECS PHILS, INC.",
05-03038,101010,101011,101011,0871906D9A62,"BERNARDO, PAULO MIGUEL DELA CRUZ",For Pick up,December,2025,"Dec 19, 2025",Systems Engineer,Client Based Globe,MacOS,," 2025 MacBook Air ","13-INCH MACBOOK AIR; APPLE M2 CHIP WITH 8 CORE CPU, 16GB RAM, 256GB SSD",SN-WJWR91,"Apr 3, 2025","Apr 3, 2028","  51,500.00 ","2,575.00",ACCF_BERNARDO__PAULO_MIGUEL_DELA_CRUZ.pdf,PO 4700001922,,"VSTECS PHILS, INC.",
05-03215,101011,101012,101012,08719063CFD1,"CORTEZ, BEATRICE RIVERA",Deployed,July,2026,"Jul 10, 2026",Scrum Master,Client Based Globe,MacOS,," 2025 MacBook Air ","13-INCH MACBOOK AIR; APPLE M2 CHIP WITH 8 CORE CPU, 16GB RAM, 256GB SSD",SN-P6K34A,"Apr 3, 2025","Apr 3, 2028","  51,500.00 ","2,575.00",,PO 4700001922,"MANALANG, ROCHELLE LOPEZ","VSTECS PHILS, INC.",
05-03193,101012,101013,101013,087190F9028E,"AQUINO, ROCHELLE GARCIA",Deployed,February,2026,"Feb 6, 2026",Application Support Specialist,Technology Group,MacOS,," 2025 MacBook Air ","13-INCH MACBOOK AIR; APPLE M2 CHIP WITH 8 CORE CPU, 16GB RAM, 256GB SSD",SN-JRH8FF,"Apr 3, 2025","Apr 3, 2028","  51,500.00 ","2,575.00",ACCF_AQUINO__ROCHELLE_GARCIA.pdf,PO 4700001922,,"VSTECS PHILS, INC.",
,101013,101014,101014,087190A64D69,,Spare for Deploy,,,,,,MacOS,CAB 4D," 2025 MacBook Air ","13-INCH MACBOOK AIR; APPLE M2 CHIP WITH 8 CORE CPU, 16GB RAM, 256GB SSD",SN-SJNSS3,"Apr 3, 2025","Apr 3, 2028","  51,500.00 ","2,575.00",,PO 4700001922,,"VSTECS PHILS, INC.",
05-01611,101014,101015,101015,087190392281,"BERNARDO, KATHERINE ROSE DELA CRUZ",Deployed,July,2025,"Jul 10, 2025",QA Lead,Technology Group,MacOS,," 2025 MacBook Pro","14-INCH MACBOOK PRO: APPLE M4 CHIP WITH 8 CORE CPU, 16GB RAM, 512GB SSD",SN-8DRCAP,"Jun 26, 2025","Jun 26, 2028","  90,000.00 ","9,000.00",ACCF_BERNARDO__KATHERINE_ROSE_DELA_CRUZ.pdf,PO 4700001970,,"VSTECS PHILS, INC.",
05-02452,101015,101016,101016,087190B14AD4,"NATIVIDAD, ERIKA BAUTISTA",Deployed,July,2025,"Jul 10, 2025",Program Director,Technology Group,MacOS,," 2025 MacBook Pro","14-INCH MACBOOK PRO: APPLE M4 CHIP WITH 8 CORE CPU, 16GB RAM, 512GB SSD",SN-80X2F5,"Jun 26, 2025","Jun 26, 2028","  90,000.00 ","9,000.00",ACCF_NATIVIDAD__ERIKA_BAUTISTA.pdf,PO 4700001970,,"VSTECS PHILS, INC.",
05-02337,101016,101017,101017,087190D01FE4,"REYES, DOMINIC SANTOS",Deployed,January,2023,"Dec 18, 2025",Sr. Software Engineer,Technology Group,MacOS,," 2025 MacBook Pro","14-INCH MACBOOK PRO: APPLE M4 CHIP WITH 8 CORE CPU, 16GB RAM, 512GB SSD",SN-HFTP4W,"Jun 26, 2025","Jun 26, 2028","  90,000.00 ","9,000.00",ACCF_REYES__DOMINIC_SANTOS.pdf,PO 4700001970,"DEL ROSARIO, ROCHELLE VILLANUEVA","VSTECS PHILS, INC.",
05-01818,101017,101018,101018,087190027718,"GARCIA, CAMILLE RIVERA",Deployed,August,2025,"Aug 15, 2025",QA Engineer,Technology Group,MacOS,," 2025 MacBook Pro","14-INCH MACBOOK PRO: APPLE M4 CHIP WITH 8 CORE CPU, 16GB RAM, 512GB SSD",SN-WCTGR5,"Jun 26, 2025","Jun 26, 2028","  90,000.00 ","9,000.00",,PO 4700001970,,"VSTECS PHILS, INC.",
05-01051,101018,101019,101019,0871903D5CFF,"TOLENTINO, ALEXANDER SANTOS",Deployed,January,2026,"Jan 5, 2026",CTO,CTO,MacOS,," 2025 MacBook Pro","14-INCH MACBOOK PRO: APPLE M4 CHIP WITH 8 CORE CPU, 16GB RAM, 512GB SSD",SN-YH0V9H,"Jun 26, 2025","Jun 26, 2028","  90,000.00 ","9,000.00",ACCF_TOLENTINO__ALEXANDER_SANTOS.pdf,PO 4700001970,,"VSTECS PHILS, INC.",
05-06958,101019,101020,101020,087190E25A9E,"DAVID, JASMIN DELA CRUZ",Deployed,June,2026,"Jun 26, 2026",Sr. DevOps Engineer,Delivery Group,MacOS,," 2025 MacBook Pro","14-INCH MACBOOK PRO: APPLE M4 CHIP WITH 8 CORE CPU, 16GB RAM, 512GB SSD",SN-ZHYH61,"Jun 26, 2025","Jun 26, 2028","  90,000.00 ","9,000.00",,PO 4700001970,"VILLANUEVA, BIANCA CRUZ",,
05-03196,101020,101021,101021,0871908CB1CF,"MERCADO, ROCHELLE CRUZ",Deployed,April,2026,"Apr 10, 2026",Software Engineer,Client Based Globe,MacOS,CAB 2-C," 2025 MacBook Pro","14-INCH MACBOOK PRO: APPLE M4 CHIP WITH 8 CORE CPU, 16GB RAM, 512GB SSD",SN-PV6DM9,"Jun 26, 2025","Jun 26, 2028","  90,000.00 ","9,000.00",,PO 4700001970,"MALABANAN, ANGELO CASTILLO","VSTECS PHILS, INC.",
05-01118,101021,101022,101022,087190E200EF,"FERNANDEZ, RAFAEL BAUTISTA",Deployed,January,2026,"Jan 14, 2026",Software Engineer,Technology Group,MacOS,CAB-4E," 2025 MacBook Pro","14-INCH MACBOOK PRO: APPLE M4 CHIP WITH 8 CORE CPU, 16GB RAM, 512GB SSD",SN-YEDZ3R,"Jun 26, 2025","Jun 26, 2028","  90,000.00 ","9,000.00",ACCF_FERNANDEZ__RAFAEL_BAUTISTA.pdf,PO 4700001970,,"VSTECS PHILS, INC.",v
05-02359,101022,101023,101023,0871909FC47F,"FERNANDEZ, KATHERINE ROSE TORRES",Deployed,January,2026,"Jan 14, 2026",Data Engineer Manager,Technology Group,MacOS,," 2025 MacBook Pro","14-INCH MACBOOK PRO: APPLE M4 CHIP WITH 8 CORE CPU, 16GB RAM, 512GB SSD",SN-LZQ7DS,"Jun 26, 2025","Jun 26, 2028","  90,000.00 ","9,000.00",ACCF_FERNANDEZ__KATHERINE_ROSE_TORRES.pdf,PO 4700001970,,"VSTECS PHILS, INC.",
05-01633,101023,101024,101024,Pending,"CASTRO, JEROME GARCIA",Deployed,March,2026,"Mar 17, 2026",Sr. Software Engineer,Technology Group,MacOS,," 2025 MacBook Pro","14-INCH MACBOOK PRO: APPLE M4 CHIP WITH 8 CORE CPU, 16GB RAM, 512GB SSD",SN-H0RBA5,"Jun 26, 2025","Jun 26, 2028","  90,000.00 ","9,000.00",ACCF_CASTRO__JEROME_GARCIA.pdf,PO 4700001970,,"VSTECS PHILS, INC.",
05-01615,101024,101025,101025,087190979AA7,"BAUTISTA, JOHN PAUL AQUINO",Deployed,November,2025,"Nov 3, 2025",Test Manager,Technology Group,Windows,,LENOVO THINKPAD E14 i7,"Lenovo E14, Gen 7, Ultra 7, 16GB RAM, 1TB SSD",PF-0TTJ4X,"Oct 16, 2025","Oct 16, 2028","  61,607.14 ","3,080.36",,PO 4700002045,,MICRO PACIFIC TECHNOLIGIE,
05-03150,101025,101026,101026,087190C78F2C,"GUTIERREZ, CHARLENE FLORES",Deployed,November,2025,"Nov 3, 2025",QA Engineer,Technology Group,Windows,,LENOVO THINKPAD E14 i7,"Lenovo E14, Gen 7, Ultra 7, 16GB RAM, 1TB SSD",PF-XW3E4Q,"Oct 16, 2025","Oct 16, 2028","  61,607.14 ","3,080.36",,PO 4700002045,,MICRO PACIFIC TECHNOLIGIE,
05-01768,101026,101027,101027,0871900A57F5,"CORPUZ, ALYSSA MARIE DELA CRUZ",Deployed,November,2025,"Nov 3, 2025",Sr. QA Engineer,Technology Group,Windows,,LENOVO THINKPAD E14 i7,"Lenovo E14, Gen 7, Ultra 7, 16GB RAM, 1TB SSD",PF-70UNMM,"Oct 16, 2025","Oct 16, 2028","  61,607.14 ","3,080.36",,PO 4700002045,,MICRO PACIFIC TECHNOLIGIE,
05-03126,101027,101028,101028,087190BED638,"CRUZ, PATRICIA ANNE RAMOS",Deployed,November,2025,"Nov 4, 2025",Jr. QA Engineer,Technology Group,Windows,,LENOVO THINKPAD E14 i7,"Lenovo E14, Gen 7, Ultra 7, 16GB RAM, 1TB SSD",PF-PEYWTS,"Oct 16, 2025","Oct 16, 2028","  61,607.14 ","3,080.36",,PO 4700002045,,MICRO PACIFIC TECHNOLIGIE,
05-03215,101028,101029,101029,087190596464,"VILLANUEVA, CHARLENE MENDOZA",Deployed,July,2026,"Jul 8, 2026",Automation Engineer,Delivery Group,Windows,,LENOVO THINKPAD E14 i7,"Lenovo E14, Gen 7, Ultra 7, 16GB RAM, 1TB SSD",PF-92AB4N,"Oct 16, 2025","Oct 16, 2028","  61,607.14 ","3,080.36",,PO 4700002045,"SERRANO, FRANCIS AQUINO",MICRO PACIFIC TECHNOLIGIE,
05-03150,101029,101030,101030,08719061E85E,"ATIENZA, FRANCIS FLORES",Deployed,November,2025,"Nov 4, 2025",Jr. QA Engineer,Technology Group,Windows,,LENOVO THINKPAD E14 i7,"Lenovo E14, Gen 7, Ultra 7, 16GB RAM, 1TB SSD",PF-GABWWQ,"Oct 16, 2025","Oct 16, 2028","  61,607.14 ","3,080.36",,PO 4700002045,,MICRO PACIFIC TECHNOLIGIE,
05-06943,101030,101031,101031,087190E523F1,"PANGANIBAN, KEVIN CRUZ",Deployed,January,2026,"Jan 16, 2026",Application Support Specialist (Linguist),Client Based New Biz,Windows,,LENOVO THINKPAD E14 i7,"Lenovo E14, Gen 7, Ultra 7, 16GB RAM, 1TB SSD",PF-XPZQ0J,"Oct 16, 2025","Oct 16, 2028","  61,607.14 ","3,080.36",ACCF_PANGANIBAN__KEVIN_CRUZ.pdf,PO 4700002045,"SANTOS, PAULO MIGUEL RIVERA",MICRO PACIFIC TECHNOLIGIE,
05-03125,101031,101032,101032,087190D48FC3,"SANTOS, PAULO MIGUEL FERNANDEZ",Deployed,November,2025,"Nov 5, 2025",Jr. QA Engineer,Technology Group,Windows,,LENOVO THINKPAD E14 i7,"Lenovo E14, Gen 7, Ultra 7, 16GB RAM, 1TB SSD",PF-X3S8GG,"Oct 16, 2025","Oct 16, 2028","  61,607.14 ","3,080.36",,PO 4700002045,,MICRO PACIFIC TECHNOLIGIE,
05-03128,101032,101033,101033,087190A1835A,"MANALANG, KATHERINE ROSE LOPEZ",Deployed,November,2025,"Nov 5, 2025",Jr. QA Engineer,Technology Group,Windows,,LENOVO THINKPAD E14 i7,"Lenovo E14, Gen 7, Ultra 7, 16GB RAM, 1TB SSD",PF-BQEJ4L,"Oct 16, 2025","Oct 16, 2028","  61,607.14 ","3,080.36",,PO 4700002045,,MICRO PACIFIC TECHNOLIGIE,
05-06941,101033,101034,101034,087190083C61,"FLORES, CHARLENE CASTILLO",Deployed,December,2025,"Dec 19, 2025",Application Support Specialist (Linguist),Client Based New Biz,Windows,,LENOVO THINKPAD E14 i7,"Lenovo E14, Gen 7, Ultra 7, 16GB RAM, 1TB SSD",PF-F2X9SF,"Oct 16, 2025","Oct 16, 2028","  61,607.14 ","3,080.36",ACCF_FLORES__CHARLENE_CASTILLO.pdf,PO 4700002045,"OCAMPO, BEATRICE AQUINO",MICRO PACIFIC TECHNOLIGIE,
05-02470,101034,101035,101035,087190527CCE,"MENDOZA, GABRIEL GARCIA",Deployed,November,2025,"Nov 6, 2025",Security Analyst,Technology Group,Windows,,LENOVO THINKPAD E14 i7,"Lenovo E14, Gen 7, Ultra 7, 16GB RAM, 1TB SSD",PF-X4SXWY,"Oct 16, 2025","Oct 16, 2028","  61,607.14 ","3,080.36",,PO 4700002045,,MICRO PACIFIC TECHNOLIGIE,
05-06939,101035,101036,101036,Pending,"PANGANIBAN, PAULO MIGUEL LOPEZ",Deployed,November,2025,"Nov 6, 2025",Project Manager,Client Based New Biz,Windows,,LENOVO THINKPAD E14 i7,"Lenovo E14, Gen 7, Ultra 7, 16GB RAM, 1TB SSD",PF-B9260L,"Oct 16, 2025","Oct 16, 2028","  61,607.14 ","3,080.36",,PO 4700002045,,MICRO PACIFIC TECHNOLIGIE,
05-03172,101036,101037,101037,0871908B9FD1,"CALDERON, ANGELO CASTILLO",Deployed,November,2025,"Nov 7, 2025",Sr. Automation Engineer,Technology Group,Windows,,LENOVO THINKPAD E14 i7,"Lenovo E14, Gen 7, Ultra 7, 16GB RAM, 1TB SSD",PF-X2FPVJ,"Oct 16, 2025","Oct 16, 2028","  61,607.14 ","3,080.36",,PO 4700002045,,MICRO PACIFIC TECHNOLIGIE,
05-02429,101037,101038,101038,087190A0DECE,"MIRANDA, CHRISTIAN RIVERA",Deployed,November,2025,"Nov 7, 2025",Jr. QA Engineer,Technology Group,Windows,,LENOVO THINKPAD E14 i7,"Lenovo E14, Gen 7, Ultra 7, 16GB RAM, 1TB SSD",PF-HMFMKY,"Oct 16, 2025","Oct 16, 2028","  61,607.14 ","3,080.36",,PO 4700002045,,MICRO PACIFIC TECHNOLIGIE,
05-01773,101038,101039,101039,08719049F81D,"MANALANG, MICHAEL ANGELO CASTILLO",Deployed,November,2025,"Nov 7, 2025",Sr. Software Engineer,Technology Group,Windows,,LENOVO THINKPAD E14 i7,"Lenovo E14, Gen 7, Ultra 7, 16GB RAM, 1TB SSD",PF-X7YK7K,"Oct 16, 2025","Oct 16, 2028","  61,607.14 ","3,080.36",,PO 4700002045,,MICRO PACIFIC TECHNOLIGIE,
05-02359,101039,101040,101040,087190F9FCEB,"TOLENTINO, KEVIN AQUINO",Deployed,November,2025,"Nov 12, 2025",Sr. Software Engineer,Technology Group,Windows,,LENOVO THINKPAD E14 i7,"Lenovo E14, Gen 7, Ultra 7, 16GB RAM, 1TB SSD",PF-RNLSPA,"Oct 16, 2025","Oct 16, 2028","  61,607.14 ","3,080.36",ACCF_TOLENTINO__KEVIN_AQUINO.pdf,PO 4700002045,,MICRO PACIFIC TECHNOLIGIE,
05-09659,101040,101041,101041,0871908B1CD1,"MAGNO, DANIEL JOSEPH RAMOS",Deployed,November,2025,"Nov 12, 2025",QA Engineer,Technology Group,Windows,,LENOVO THINKPAD E14 i7,"Lenovo E14, Gen 7, Ultra 7, 16GB RAM, 1TB SSD",PF-C4H0UT,"Oct 16, 2025","Oct 16, 2028","  61,607.14 ","3,080.36",,PO 4700002045,,MICRO PACIFIC TECHNOLIGIE,
05-01633,101041,101042,101042,0871900D65A3,"DELA CRUZ, MARIA CLARA FLORES",Deployed,December,2025,"Dec 5, 2025",QA Engineer,Technology Group,Windows,,LENOVO THINKPAD E14 i7,"Lenovo E14, Gen 7, Ultra 7, 16GB RAM, 1TB SSD",PF-Q5HMH5,"Oct 16, 2025","Oct 16, 2028","  61,607.14 ","3,080.36",ACCF_DELA_CRUZ__MARIA_CLARA_FLORES.pdf,PO 4700002045,,MICRO PACIFIC TECHNOLIGIE,
,101042,101043,101043,087190DA20B6,,Spare for Deploy,,,,,Technology Group,Windows,CAB 6E,LENOVO THINKPAD E14 i7,"Lenovo E14, Gen 7, Ultra 7, 16GB RAM, 1TB SSD",PF-9ZC9MW,"Oct 16, 2025","Oct 16, 2028","  61,607.14 ","3,080.36",,PO 4700002045,"GARCIA, CHARLENE FERNANDEZ",MICRO PACIFIC TECHNOLIGIE,
05-06941,101043,101044,101044,0871901589BD,"OCAMPO, JOHN PAUL AQUINO",Deployed,December,2025,"Dec 19, 2025",Lead Application Support Specialist (Linguist),Client Based New Biz,Windows,,LENOVO THINKPAD E14 i7,"Lenovo E14, Gen 7, Ultra 7, 16GB RAM, 1TB SSD",PF-C8ZXW3,"Oct 16, 2025","Oct 16, 2028","  61,607.14 ","3,080.36",ACCF_OCAMPO__JOHN_PAUL_AQUINO.pdf,PO 4700002045,"MANALANG, JASMIN MERCADO",MICRO PACIFIC TECHNOLIGIE,
05-03192,101044,101045,101045,087190FD4753,"CORPUZ, DENISE FERNANDEZ",Deployed,December,2025,"Dec 3, 2025",Automation Engineer,Technology Group,Windows,,LENOVO THINKPAD E14 i7,"Lenovo E14, Gen 7, Ultra 7, 16GB RAM, 1TB SSD",PF-44JUP5,"Oct 16, 2025","Oct 16, 2028","  61,607.14 ","3,080.36",ACCF_CORPUZ__DENISE_FERNANDEZ.pdf,PO 4700002045,,MICRO PACIFIC TECHNOLIGIE,
05-02336,101045,101046,101046,08719031F84E,"LAXAMANA, JEROME SANTOS",Deployed,December,2025,"Dec 3, 2025",QA Engineer,Technology Group,Windows,,LENOVO THINKPAD E14 i7,"Lenovo E14, Gen 7, Ultra 7, 16GB RAM, 1TB SSD",PF-7QHBUH,"Oct 16, 2025","Oct 16, 2028","  61,607.14 ","3,080.36",ACCF_LAXAMANA__JEROME_SANTOS.pdf,PO 4700002045,,MICRO PACIFIC TECHNOLIGIE,
05-06945,101046,101047,101047,087190EB7BC1,"MALABANAN, CAMILLE FLORES",Deployed,January,2026,"Jan 30, 2026",Jr. Application Support Engineer (Linguist),Technology Group,Windows,,LENOVO THINKPAD E14 i7,"Lenovo E14, Gen 7, Ultra 7, 16GB RAM, 1TB SSD",PF-F7FGC3,"Oct 16, 2025","Oct 16, 2028","  61,607.14 ","3,080.36",ACCF_MALABANAN__CAMILLE_FLORES.pdf,PO 4700002045,"NAVARRO, RAFAEL TORRES",MICRO PACIFIC TECHNOLIGIE,
,101047,101048,101048,Pending,,Spare for Deploy,,,,,,Windows,,LENOVO THINKPAD E14 i7,"Lenovo E14, Gen 7, Ultra 7, 16GB RAM, 1TB SSD",PF-XG39RJ,"Oct 16, 2025","Oct 16, 2028","  61,607.14 ","3,080.36",,PO 4700002045,"VALDEZ, PATRICK OLIVER CRUZ",MICRO PACIFIC TECHNOLIGIE,
05-06943,101048,101049,101049,0871900F0CA1,"DE LEON, JUAN CARLOS MERCADO",Deployed,"January ",2026,"Jan 23, 2026",Jr. Application Support Specialist (Linguist),Technology Group,Windows,,LENOVO THINKPAD E14 i7,"Lenovo E14, Gen 7, Ultra 7, 16GB RAM, 1TB SSD",PF-AVACZ8,"Oct 16, 2025","Oct 16, 2028","  61,607.14 ","3,080.36",ACCF_DE_LEON__JUAN_CARLOS_MERCADO.pdf,PO 4700002045,,MICRO PACIFIC TECHNOLIGIE,
05-03149,101049,101050,101050,Pending,"DE LEON, BEATRICE DELA CRUZ",Deployed,"January ",2026,"Jan 12, 2026","Automation Engineer ",Technology Group,Windows,,LENOVO THINKPAD E14 i7,"Lenovo E14, Gen 7, Ultra 7, 16GB RAM, 1TB SSD",PF-X11G70,"Oct 16, 2025","Oct 16, 2028","  61,607.14 ","3,080.36",ACCF_DE_LEON__BEATRICE_DELA_CRUZ.pdf,PO 4700002045,,MICRO PACIFIC TECHNOLIGIE,
05-03059,101050,101051,101051,087190F20891,"ALCANTARA, ALEXANDER MENDOZA",Deployed,February,2026,"Feb 9, 2026",QA Engineer,Technology Group,Windows,,LENOVO THINKPAD E14 i7,"Lenovo E14, Gen 7, Ultra 7, 16GB RAM, 1TB SSD",PF-F615SE,"Oct 16, 2025","Oct 16, 2028","  61,607.14 ","3,080.36",ACCF_ALCANTARA__ALEXANDER_MENDOZA.pdf,PO 4700002045,,MICRO PACIFIC TECHNOLIGIE,
05-06949,101051,101052,101052,Pending,"AGUILAR, KENNETH RAMOS",Deployed,February,2026,"Feb 27, 2026",Application Support Specialist (Linguist),Technology Group,Windows,,LENOVO THINKPAD E14 i7,"Lenovo E14, Gen 7, Ultra 7, 16GB RAM, 1TB SSD",PF-7L3J35,"Oct 16, 2025","Oct 16, 2028","  61,607.14 ","3,080.36",ACCF_AGUILAR__KENNETH_RAMOS.pdf,PO 4700002045,,MICRO PACIFIC TECHNOLIGIE,
05-03195,101052,101053,101053,Pending,"RIVERA, ANGELO GARCIA",Deployed,February,2026,"Feb 27, 2026",Sr. Software Engineer (Java),Technology Group,Windows,,LENOVO THINKPAD E14 i7,"Lenovo E14, Gen 7, Ultra 7, 16GB RAM, 1TB SSD",PF-W7QAFC,"Oct 16, 2025","Oct 16, 2028","  61,607.14 ","3,080.36",ACCF_RIVERA__ANGELO_GARCIA.pdf,PO 4700002045,,MICRO PACIFIC TECHNOLIGIE,
05-03196,101053,101054,101054,Pending,"MORALES, DIANNE AQUINO",Deployed,April,2026,"Apr 10, 2026",Cyber GRC Manager,Technology Group,Windows,,LENOVO THINKPAD E14 i7,"Lenovo E14, Gen 7, Ultra 7, 16GB RAM, 1TB SSD",PF-ZLMV2X,"Oct 16, 2025","Oct 16, 2028","  61,607.14 ","3,080.36",ACCF_MORALES__DIANNE_AQUINO.pdf,PO 4700002045,,MICRO PACIFIC TECHNOLIGIE,
05-06951,101054,101055,101055,Pending,"EVANGELISTA, MICHAEL ANGELO CRUZ",Deployed,February,2026,05-02086,Campaign Assurance Analyst,Technology Group,Windows,,LENOVO THINKPAD E14 i7,"Lenovo E14, Gen 7, Ultra 7, 16GB RAM, 1TB SSD",PF-ABVPCQ,"Oct 16, 2025","Oct 16, 2028","  61,607.14 ","3,080.36",ACCF_EVANGELISTA__MICHAEL_ANGELO_CRUZ.pdf,PO 4700002045,,MICRO PACIFIC TECHNOLIGIE,
05-06951,101055,101056,101056,Pending,"DEL ROSARIO, ALEXANDER TORRES",Deployed,February,2026,"Feb 27, 2026",Campaign Assurance Analyst,Technology Group,Windows,,LENOVO THINKPAD E14 i7,"Lenovo E14, Gen 7, Ultra 7, 16GB RAM, 1TB SSD",PF-9ERM0N,"Oct 16, 2025","Oct 16, 2028","  61,607.14 ","3,080.36",ACCF_DEL_ROSARIO__ALEXANDER_TORRES.pdf,PO 4700002045,,MICRO PACIFIC TECHNOLIGIE,
,101056,101057,101057,Pending,,Spare for Deploy,,,,,,Windows,,LENOVO THINKPAD E14 i7,"Lenovo E14, Gen 7, Ultra 7, 16GB RAM, 1TB SSD",PF-7QNMKF,"Oct 16, 2025","Oct 16, 2028","  61,607.14 ","3,080.36",,PO 4700002045,"SERRANO, KATHERINE ROSE BAUTISTA",MICRO PACIFIC TECHNOLIGIE,
05-06945,101057,101058,101058,Pending,"GARCIA, CHRISTIAN GARCIA",Deployed,March,2026,"Mar 6, 2026",Automation Engineer,Technology Group,Windows,,LENOVO THINKPAD E14 i7,"Lenovo E14, Gen 7, Ultra 7, 16GB RAM, 1TB SSD",PF-CBD4EW,"Oct 16, 2025","Oct 16, 2028","  61,607.14 ","3,080.36",ACCF_GARCIA__CHRISTIAN_GARCIA.pdf,PO 4700002045,,MICRO PACIFIC TECHNOLIGIE,
05-06950,101058,101059,101059,Pending,"GUTIERREZ, MARK ANTHONY CASTILLO",Deployed,March,2026,"Mar 6, 2026",Application Support Specialist (Linguist),Technology Group,Windows,,LENOVO THINKPAD E14 i7,"Lenovo E14, Gen 7, Ultra 7, 16GB RAM, 1TB SSD",PF-9HY894,"Oct 16, 2025","Oct 16, 2028","  61,607.14 ","3,080.36",ACCF_GUTIERREZ__MARK_ANTHONY_CASTILLO.pdf,PO 4700002045,,MICRO PACIFIC TECHNOLIGIE,
05-07431,101059,101060,101060,Pending,"NAVARRO, LOVELY MENDOZA",Deployed,May,2026,"May 29, 2026",Automation Engineer,Delivery Group,Windows,,LENOVO THINKPAD E14 i7,"Lenovo E14, Gen 7, Ultra 7, 16GB RAM, 1TB SSD",PF-XYSVVZ,"Oct 16, 2025","Oct 16, 2028","  61,607.14 ","3,080.36",ACCF_NAVARRO__LOVELY_MENDOZA.pdf,PO 4700002045,ADRIAN GUTIERREZ,MICRO PACIFIC TECHNOLIGIE,
05-06943,101060,101061,101061,Pending,"FLORES, JEROME RIVERA",Deployed,March,2026,"Mar 10, 2026",Software Engineer - IBM Maximo,Client Based Globe,Windows,,LENOVO THINKPAD E14 i7,"Lenovo E14, Gen 7, Ultra 7, 16GB RAM, 1TB SSD",PF-PRW0D0,"Oct 16, 2025","Oct 16, 2028","  61,607.14 ","3,080.36",ACCF_FLORES__JEROME_RIVERA.pdf,PO 4700002045,,MICRO PACIFIC TECHNOLIGIE,
05-06945,101061,101062,101062,Pending,"EVANGELISTA, JOHN PAUL CASTILLO",Deployed,March,2026,"Mar 10, 2026",Software Engineer - IBM Maximo,Client Based Globe,Windows,,LENOVO THINKPAD E14 i7,"Lenovo E14, Gen 7, Ultra 7, 16GB RAM, 1TB SSD",PF-F4RC7C,"Oct 16, 2025","Oct 16, 2028","  61,607.14 ","3,080.36",ACCF_EVANGELISTA__JOHN_PAUL_CASTILLO.pdf,PO 4700002045,,MICRO PACIFIC TECHNOLIGIE,
05-06945,101062,101063,101063,Pending,"LAXAMANA, JEROME AQUINO",Deployed,March,2026,"Mar 10, 2026",Software Engineer - IBM Maximo,Client Based Globe,Windows,,LENOVO THINKPAD E14 i7,"Lenovo E14, Gen 7, Ultra 7, 16GB RAM, 1TB SSD",PF-RZP7A8,"Oct 16, 2025","Oct 16, 2028","  61,607.14 ","3,080.36",ACCF_LAXAMANA__JEROME_AQUINO.pdf,PO 4700002045,,MICRO PACIFIC TECHNOLIGIE,
05-06945,101063,101064,101064,Pending,"NATIVIDAD, MONIQUE DELA CRUZ",Deployed,March,2026,"Mar 10, 2026",Software Engineer - IBM Maximo,Client Based Globe,Windows,,LENOVO THINKPAD E14 i7,"Lenovo E14, Gen 7, Ultra 7, 16GB RAM, 1TB SSD",PF-F1K1S0,"Oct 16, 2025","Oct 16, 2028","  61,607.14 ","3,080.36",ACCF_NATIVIDAD__MONIQUE_DELA_CRUZ.pdf,PO 4700002045,,MICRO PACIFIC TECHNOLIGIE,
05-06949,101064,101065,101065,Pending,"ILAGAN, JOHN PAUL TORRES",Deployed,March,2026,"Mar 12, 2026",Software Engineer - IBM Maximo,Client Based Globe,Windows,,LENOVO THINKPAD E14 i7,"Lenovo E14, Gen 7, Ultra 7, 16GB RAM, 1TB SSD",PF-70NGFG,"Oct 16, 2025","Oct 16, 2028","  61,607.14 ","3,080.36",ACCF_ILAGAN__JOHN_PAUL_TORRES.pdf,PO 4700002045,,MICRO PACIFIC TECHNOLIGIE,
05-06950,101065,101066,101066,Pending,"PANGANIBAN, CARLO MERCADO",Deployed,March,2026,"Mar 18, 2026",Network Administrator,Technology Group,Windows,,LENOVO THINKPAD E14 i7,"Lenovo E14, Gen 7, Ultra 7, 16GB RAM, 1TB SSD",PF-WQGV25,"Oct 16, 2025","Oct 16, 2028","  61,607.14 ","3,080.36",ACCF_PANGANIBAN__CARLO_MERCADO.pdf,PO 4700002045,,MICRO PACIFIC TECHNOLIGIE,
05-06956,101066,101067,101067,Pending,"OCAMPO, ANDREA GAIL FLORES",Deployed,April,2026,"Apr 24, 2026",Jr. Technical Support Specialist (Mapping Specialist),Client Based New Biz,Windows,CAB-6D,LENOVO THINKPAD E14 i7,"Lenovo E14, Gen 7, Ultra 7, 16GB RAM, 1TB SSD",PF-CCCU6A,"Oct 16, 2025","Oct 16, 2028","  61,607.14 ","3,080.36",,PO 4700002045,,MICRO PACIFIC TECHNOLIGIE,
05-06950,101067,101068,101068,Pending,"CABRERA, MARK ANTHONY MENDOZA",Deployed,March,2026,"Mar 27, 2026",Network Administrator,Technology Group,Windows,,LENOVO THINKPAD E14 i7,"Lenovo E14, Gen 7, Ultra 7, 16GB RAM, 1TB SSD",PF-AQ9BPB,"Oct 16, 2025","Oct 16, 2028","  61,607.14 ","3,080.36",ACCF_CABRERA__MARK_ANTHONY_MENDOZA.pdf,PO 4700002045,,MICRO PACIFIC TECHNOLIGIE,
05-03196,101068,101069,101069,Pending,"FLORES, CARLO LOPEZ",Deployed,March,2026,"Mar 27, 2026",Quality Assurance Lead,Technology Group,Windows,,LENOVO THINKPAD E14 i7,"Lenovo E14, Gen 7, Ultra 7, 16GB RAM, 1TB SSD",PF-ANTQ3C,"Oct 16, 2025","Oct 16, 2028","  61,607.14 ","3,080.36",ACCF_FLORES__CARLO_LOPEZ.pdf,PO 4700002045,,MICRO PACIFIC TECHNOLIGIE,
05-06956,101069,101070,101070,Pending,"MERCADO, ANGELA MAE BAUTISTA",Deployed,April,2026,"Apr 24, 2026",Jr. Technical Support Specialist (Mapping Specialist),Client Based New Biz,Windows,,LENOVO THINKPAD E14 i7,"Lenovo E14, Gen 7, Ultra 7, 16GB RAM, 1TB SSD",PF-PM5K4J,"Oct 16, 2025","Oct 16, 2028","  61,607.14 ","3,080.36",,PO 4700002045,,MICRO PACIFIC TECHNOLIGIE,
05-07431,101070,101071,101071,Pending,"SORIANO, DENISE MERCADO",Deployed,April,2026,"Apr 28, 2026",QA Engineer,Technology Group,Windows,CAB-6E,LENOVO THINKPAD E14 i7,"LENOVO E14, GEN 7, ULTRA 7, 16GB RAM, 1TB SSD",PF-95FZWS,"Oct 16, 2025","Oct 16, 2028","  61,607.14 ","3,080.36",,PO 4700002045,,MICRO PACIFIC TECHNOLIGIE,
,101071,101072,101072,Pending,"CASTILLO, KATRINA RIVERA",Deployed,May,2026,"May 8, 2026",QA Engineer,Technology Group,Windows,,LENOVO THINKPAD E14 i7,"LENOVO E14, GEN 7, ULTRA 7, 16GB RAM, 1TB SSD",PF-7C5RJ2,"Oct 16, 2025","Oct 16, 2028","  61,607.14 ","3,080.36",,PO 4700002045,,MICRO PACIFIC TECHNOLIGIE,
05-03122,101072,101073,101073,Pending,"MERCADO, ADRIAN VILLANUEVA",Deployed,May,2026,"May 8, 2026",QA Engineer,Technology Group,Windows,CAB-6E,LENOVO THINKPAD E14 i7,"LENOVO E14, GEN 7, ULTRA 7, 16GB RAM, 1TB SSD",PF-S69RCT,"Oct 16, 2025","Oct 16, 2028","  61,607.14 ","3,080.36",,PO 4700002045,,MICRO PACIFIC TECHNOLIGIE,
05-02338,101073,101074,101074,Pending,"SALAZAR, DOMINIC TORRES",Deployed,May,2026,"May 15, 2026",QA Engineer,Technology Group,Windows,CAB-6E,LENOVO THINKPAD E14 i7,"LENOVO E14, GEN 7, ULTRA 7, 16GB RAM, 1TB SSD",PF-AFBK48,"Oct 16, 2025","Oct 16, 2028","  61,607.14 ","3,080.36",,PO 4700002045,,MICRO PACIFIC TECHNOLIGIE,
05-03057,101074,101075,101075,Pending,"ESGUERRA, CHRISTIAN RAMOS",Deployed,June,2026,"Jun 18, 2026",Jr. Technical Support Specialist,Technology Group,Windows,,LENOVO THINKPAD E14 i7,"LENOVO E14, GEN 7, ULTRA 7, 16GB RAM, 1TB SSD",PF-7ZU2E1,"Oct 16, 2025","Oct 16, 2028","  61,607.14 ","3,080.36",,PO 4700002045,,MICRO PACIFIC TECHNOLIGIE,
05-03214,101075,101076,101076,Pending,"GONZALES, PATRICK OLIVER TORRES",Deployed,May,2026,"May 22, 2026",Test Manager,Technology Group,Windows,CAB-6E,LENOVO THINKPAD E14 i7,"LENOVO E14, GEN 7, ULTRA 7, 16GB RAM, 1TB SSD",PF-XLAW00,"Oct 16, 2025","Oct 16, 2028","  61,607.14 ","3,080.36",,PO 4700002045,,MICRO PACIFIC TECHNOLIGIE,
05-07431,101076,101077,101077,Pending,"DELA CRUZ, FRANCIS AQUINO",Deployed,May,2026,"May 29, 2026",Automation Engineer,Delivery Group,Windows,CAB-6E,LENOVO THINKPAD E14 i7,"LENOVO E14, GEN 7, ULTRA 7, 16GB RAM, 1TB SSD",PF-BAZZ22,"Oct 16, 2025","Oct 16, 2028","  61,607.14 ","3,080.36",ACCF_DELA_CRUZ__FRANCIS_AQUINO.pdf,PO 4700002045,,MICRO PACIFIC TECHNOLIGIE,
05-02404,101077,101078,101078,087190FD3DEF,"VALDEZ, DANIEL JOSEPH FERNANDEZ",Deployed,December,2025,"Dec 19, 2025",Project Manager,Client Based New Biz,MacOS,," 2025 MacBook Air ","13-INCH MACBOOK AIR; APPLE M2 CHIP WITH 8 CORE CPU, 16GB RAM, 256GB SSD",SN-8SC976,"Nov 27, 2025","Nov 27, 2028","  44,000.00 ","2,200.00",ACCF_VALDEZ__DANIEL_JOSEPH_FERNANDEZ.pdf,PO 4700002047,,"VSTECS PHILS, INC.",
05-02338,101078,101079,101079,08719068A91D,"SANTOS, RAFAEL VILLANUEVA",Deployed,January,2026,"Jan 21, 2026",Business Analyst,Technology Group,MacOS,," 2025 MacBook Air ","13-INCH MACBOOK AIR; APPLE M2 CHIP WITH 8 CORE CPU, 16GB RAM, 256GB SSD",SN-0E2VQP,"Nov 27, 2025","Nov 27, 2028","  44,000.00 ","2,200.00",ACCF_SANTOS__RAFAEL_VILLANUEVA.pdf,PO 4700002047,,"VSTECS PHILS, INC.",
05-03105,101079,101080,101080,08719089AD98,"EVANGELISTA, CAMILLE MERCADO",Deployed,January,2026,"Jan 9, 2026",Corporate Affairs Lead,Office of the President,MacOS,," 2025 MacBook Air ","13-INCH MACBOOK AIR; APPLE M2 CHIP WITH 8 CORE CPU, 16GB RAM, 256GB SSD",SN-MKCUP0,"Nov 27, 2025","Nov 27, 2028","  44,000.00 ","2,200.00",ACCF_EVANGELISTA__CAMILLE_MERCADO.pdf,PO 4700002047,,"VSTECS PHILS, INC.",
05-03145,101080,101081,101081,08719080DB54,"MANALANG, NICOLE BAUTISTA",Deployed,December,2025,"Dec 19, 2025",Application Support,Technology Group,MacOS,," 2025 MacBook Air ","13-INCH MACBOOK AIR; APPLE M2 CHIP WITH 8 CORE CPU, 16GB RAM, 256GB SSD",SN-4WYBQM,"Nov 27, 2025","Nov 27, 2028","  44,000.00 ","2,200.00",ACCF_MANALANG__NICOLE_BAUTISTA.pdf,PO 4700002047,,"VSTECS PHILS, INC.",
05-01659,101081,101082,101082,0871903B0933,"GONZALES, PATRICIA ANNE MERCADO",Deployed,December,2025,"Dec 19, 2025",Command Center Specialist,Technology Group,MacOS,," 2025 MacBook Air ","13-INCH MACBOOK AIR; APPLE M2 CHIP WITH 8 CORE CPU, 16GB RAM, 256GB SSD",SN-CK544D,"Nov 27, 2025","Nov 27, 2028","  44,000.00 ","2,200.00",ACCF_GONZALES__PATRICIA_ANNE_MERCADO.pdf,PO 4700002047,,"VSTECS PHILS, INC.",
05-01070,101082,101083,101083,0871907F32E8,"VALDEZ, MARCO FLORES",Deployed,January,2026,"Jan 5, 2026",BA Lead,Technology Group,MacOS,," 2025 MacBook Air ","13-INCH MACBOOK AIR; APPLE M2 CHIP WITH 8 CORE CPU, 16GB RAM, 256GB SSD",SN-D64LUP,"Nov 27, 2025","Nov 27, 2028","  44,000.00 ","2,200.00",ACCF_VALDEZ__MARCO_FLORES.pdf,PO 4700002047,,"VSTECS PHILS, INC.",
05-03194,101083,101084,101084,087190D4CDB7,"CABRERA, ROCHELLE CASTILLO",Deployed,February,2026,"Feb 6, 2026",Data Engineer,Technology Group,MacOS,CAB-3E," 2025 MacBook Air ","13-INCH MACBOOK AIR; APPLE M2 CHIP WITH 8 CORE CPU, 16GB RAM, 256GB SSD",SN-1B02RU,"Nov 27, 2025","Nov 27, 2028","  44,000.00 ","2,200.00",ACCF_CABRERA__ROCHELLE_CASTILLO.pdf,PO 4700002047,,"VSTECS PHILS, INC.",
05-03105,101084,101085,101085,087190D83F40,"TOLENTINO, PAULO MIGUEL LOPEZ",Deployed,January,2026,"Jan 8, 2026",Sr. Software Engineer,Technology Group,MacOS,," 2025 MacBook Air ","13-INCH MACBOOK AIR; APPLE M2 CHIP WITH 8 CORE CPU, 16GB RAM, 256GB SSD",SN-XHLZLG,"Nov 27, 2025","Nov 27, 2028","  44,000.00 ","2,200.00",ACCF_TOLENTINO__PAULO_MIGUEL_LOPEZ.pdf,PO 4700002047,,"VSTECS PHILS, INC.",
05-03213,101085,101086,101086,087190135596,"ILAGAN, MICHAEL ANGELO SANTOS",Deployed,April,2026,"Apr 24, 2026",Security Engineer - CyberArk,Client Based Globe,MacOS,," 2025 MacBook Air ","13-INCH MACBOOK AIR; APPLE M2 CHIP WITH 8 CORE CPU, 16GB RAM, 256GB SSD",SN-62L46F,"Nov 27, 2025","Nov 27, 2028","  44,000.00 ","2,200.00",,PO 4700002047,"FERNANDEZ, ERIKA FLORES","VSTECS PHILS, INC.",
05-03151,101086,101087,101087,0871900C168E,"GONZALES, STEPHANIE BAUTISTA",Deployed,January,2026,"Jan 16, 2026",Database Administrator,Technology Group,MacOS,," 2025 MacBook Air ","13-INCH MACBOOK AIR; APPLE M2 CHIP WITH 8 CORE CPU, 16GB RAM, 256GB SSD",SN-HT66E4,"Nov 27, 2025","Nov 27, 2028","  44,000.00 ","2,200.00",ACCF_GONZALES__STEPHANIE_BAUTISTA.pdf,PO 4700002047,,"VSTECS PHILS, INC.",
05-02452,101087,101088,101088,087190D20912,"CRUZ, MONIQUE VILLANUEVA",Deployed,December,2025,"Dec 17, 2025",Systems Administrator,Technology Group,MacOS,," 2025 MacBook Air ","13-INCH MACBOOK AIR; APPLE M2 CHIP WITH 8 CORE CPU, 16GB RAM, 256GB SSD",SN-SWNK8B,"Nov 27, 2025","Nov 27, 2028","  44,000.00 ","2,200.00",ACCF_CRUZ__MONIQUE_VILLANUEVA.pdf,PO 4700002047,,"VSTECS PHILS, INC.",
05-01116,101088,101089,101089,0871908FD785,"AQUINO, ANDREA GAIL DELA CRUZ",Deployed,January,2026,"Jan 15, 2026",Associate Product Director,Technology Group,MacOS,," 2025 MacBook Air ","13-INCH MACBOOK AIR; APPLE M2 CHIP WITH 8 CORE CPU, 16GB RAM, 256GB SSD",SN-YL5MFM,"Nov 27, 2025","Nov 27, 2028","  44,000.00 ","2,200.00",,PO 4700002047,,"VSTECS PHILS, INC.",
05-02949,101089,101090,101090,0871903004FD,"FRANCISCO, CARLO CRUZ",Deployed,January,2026,"Jan 8, 2026",Solutions Architect,Technology Group,MacOS,," 2025 MacBook Air ","13-INCH MACBOOK AIR; APPLE M2 CHIP WITH 8 CORE CPU, 16GB RAM, 256GB SSD",SN-L4R7VY,"Nov 27, 2025","Nov 27, 2028","  44,000.00 ","2,200.00",ACCF_FRANCISCO__CARLO_CRUZ.pdf,PO 4700002047,,"VSTECS PHILS, INC.",
05-01116,101090,101091,101091,087190D75EF8,"NAVARRO, DIANNE BAUTISTA",Deployed,December,2025,"Dec 18, 2025",Sr. Cloud Engineer,Technology Group,MacOS,," 2025 MacBook Air ","13-INCH MACBOOK AIR; APPLE M2 CHIP WITH 8 CORE CPU, 16GB RAM, 256GB SSD",SN-UE9JG0,"Nov 27, 2025","Nov 27, 2028","  44,000.00 ","2,200.00",ACCF_NAVARRO__DIANNE_BAUTISTA.pdf,PO 4700002047,,"VSTECS PHILS, INC.",
05-01774,101091,101092,101092,087190DE95F3,"FRANCISCO, KENNETH RIVERA",Deployed,December,2025,"Dec 17, 2025",Sr. Software Engineer,Technology Group,MacOS,," 2025 MacBook Air ","13-INCH MACBOOK AIR; APPLE M2 CHIP WITH 8 CORE CPU, 16GB RAM, 256GB SSD",SN-4E0N1W,"Nov 27, 2025","Nov 27, 2028","  44,000.00 ","2,200.00",ACCF_FRANCISCO__KENNETH_RIVERA.pdf,PO 4700002047,,"VSTECS PHILS, INC.",
05-06947,101092,101093,101093,Pending,"SERRANO, BIANCA DELA CRUZ",Deployed,February,2026,"Feb 27, 2026",Business Analyst,Client Based Globe,MacOS,CAB-3B," 2025 MacBook Air ","13-INCH MACBOOK AIR; APPLE M2 CHIP WITH 8 CORE CPU, 16GB RAM, 256GB SSD",SN-SXRS8D,"Nov 27, 2025","Nov 27, 2028","  44,000.00 ","2,200.00",ACCF_SERRANO__BIANCA_DELA_CRUZ.pdf,PO 4700002047,,"VSTECS PHILS, INC.",
,101093,101094,101094,087190D77EEC,,Spare for Deploy,,,,,,MacOS,," 2025 MacBook Air ","13-INCH MACBOOK AIR; APPLE M2 CHIP WITH 8 CORE CPU, 16GB RAM, 256GB SSD",SN-WQQBU1,"Nov 27, 2025","Nov 27, 2028","  44,000.00 ","2,200.00",,PO 4700002047,"EVANGELISTA, PAULO MIGUEL FLORES","VSTECS PHILS, INC.",
05-06803,101094,101095,101095,Pending,"HERNANDEZ, CAMILLE RAMOS",Deployed,January,2025,"Jan 7, 2026",Section Editor,"Client Based Globe ",MacOS,," 2025 MacBook Air ","13-INCH MACBOOK AIR; APPLE M2 CHIP WITH 8 CORE CPU, 16GB RAM, 256GB SSD",SN-XXMKGZ,"Nov 27, 2025","Nov 27, 2028","  44,000.00 ","2,200.00",ACCF_HERNANDEZ__CAMILLE_RAMOS.pdf,PO 4700002047,,"VSTECS PHILS, INC.",
05-06947,101095,101096,101096,Pending,"AQUINO, MARCO BAUTISTA",Deployed,Febrary,2026,"Feb 18, 2026",Project Manager,Client Based Globe,MacOS,," 2025 MacBook Air ","13-INCH MACBOOK AIR; APPLE M2 CHIP WITH 8 CORE CPU, 16GB RAM, 256GB SSD",SN-AQE6R1,"Nov 27, 2025","Nov 27, 2028","  44,000.00 ","2,200.00",ACCF_AQUINO__MARCO_BAUTISTA.pdf,PO 4700002047,,"VSTECS PHILS, INC.",
05-02406,101096,101097,101097,087190C38F06,"MENDOZA, MICHAEL ANGELO DELA CRUZ",Deployed,January,2026,"Jan 15, 2026",Software Engineer,Technology Group,MacOS,," 2025 MacBook Air ","13-INCH MACBOOK AIR; APPLE M2 CHIP WITH 8 CORE CPU, 16GB RAM, 256GB SSD",SN-YC9WA1,"Nov 27, 2025","Nov 27, 2028","  44,000.00 ","2,200.00",ACCF_MENDOZA__MICHAEL_ANGELO_DELA_CRUZ.pdf,PO 4700002047,,"VSTECS PHILS, INC.",
05-03194,101097,101098,101098,Pending,"DE LEON, JOHN PAUL TORRES",Deployed,February,2026,"Feb 27, 2026",Data Steward,Technology Group,MacOS,CAB-3B," 2025 MacBook Air ","13-INCH MACBOOK AIR; APPLE M2 CHIP WITH 8 CORE CPU, 16GB RAM, 256GB SSD",SN-1DMSLQ,"Nov 27, 2025","Nov 27, 2028","  44,000.00 ","2,200.00",ACCF_DE_LEON__JOHN_PAUL_TORRES.pdf,PO 4700002047,,"VSTECS PHILS, INC.",
05-03893,101098,101099,101099,Pending,"NATIVIDAD, STEPHANIE VILLANUEVA",Deployed,March,2026,"Mar 23, 2026",Enterprise Architect,NCS,MacOS,," 2025 MacBook Air ","13-INCH MACBOOK AIR; APPLE M2 CHIP WITH 8 CORE CPU, 16GB RAM, 256GB SSD",SN-BSYB5F,"Nov 27, 2025","Nov 27, 2028","  44,000.00 ","2,200.00",ACCF_NATIVIDAD__STEPHANIE_VILLANUEVA.pdf,PO 4700002047,,"VSTECS PHILS, INC.",
05-07827,101099,101100,101100,Pending,"JAVIER, ANGELA MAE BAUTISTA",Deployed,March,2026,"Mar 23, 2026",Enterprise Architect,NCS,MacOS,," 2025 MacBook Air ","13-INCH MACBOOK AIR; APPLE M2 CHIP WITH 8 CORE CPU, 16GB RAM, 256GB SSD",SN-V1ATUB,"Nov 27, 2025","Nov 27, 2028","  44,000.00 ","2,200.00",ACCF_JAVIER__ANGELA_MAE_BAUTISTA.pdf,PO 4700002047,,"VSTECS PHILS, INC.",
05-08355,101100,101101,101101,Pending,"MERCADO, BEATRICE LOPEZ",Deployed,April,2026,"Apr 7, 2026",PMO Consultant,NCS,MacOS,CAB-3E," 2025 MacBook Air ","13-INCH MACBOOK AIR; APPLE M2 CHIP WITH 8 CORE CPU, 16GB RAM, 256GB SSD",SN-0VJ17Y,"Nov 27, 2025","Nov 27, 2028","  44,000.00 ","2,200.00",ACCF_MERCADO__BEATRICE_LOPEZ.pdf,PO 4700002047,,"VSTECS PHILS, INC.",
,101101,101102,101102,Pending,,Spare for Deploy_New,,,,,,MacOS,CAB 4E," 2025 MacBook Air ","13-INCH MACBOOK AIR; APPLE M2 CHIP WITH 8 CORE CPU, 16GB RAM, 256GB SSD",SN-9KF19U,"Nov 27, 2025","Nov 27, 2028","  44,000.00 ","2,200.00",,PO 4700002047,,"VSTECS PHILS, INC.",
05-03103,101102,101103,101103,087190690DEF,"DELA CRUZ, JASMIN MENDOZA",Deployed,January,2026,"Jan 21, 2026",Service Manager,Technology Group,MacOS,," 2025 MacBook Air ","13-INCH MACBOOK AIR; APPLE M2 CHIP WITH 8 CORE CPU, 16GB RAM, 256GB SSD",SN-H5MMLB,"Nov 27, 2025","Nov 27, 2028","  44,000.00 ","2,200.00",ACCF_DELA_CRUZ__JASMIN_MENDOZA.pdf,PO 4700002047,,"VSTECS PHILS, INC.",
05-03081,101103,101104,101104,0871907946E1,"FERNANDEZ, JEROME MENDOZA",Deployed,January,2026,"Jan 7, 2026",Jr. Application Support Specialist,Technology Group,MacOS,," 2025 MacBook Air ","13-INCH MACBOOK AIR; APPLE M2 CHIP WITH 8 CORE CPU, 16GB RAM, 256GB SSD",SN-Y7U3SV,"Nov 27, 2025","Nov 27, 2028","  44,000.00 ","2,200.00",ACCF_FERNANDEZ__JEROME_MENDOZA.pdf,PO 4700002047,,"VSTECS PHILS, INC.",
05-07598,101104,101105,101105,Pending,"LOPEZ, JUAN CARLOS GARCIA",Deployed,March,2026,"Mar 23, 2026",Software Engineer,NCS,MacOS,," 2025 MacBook Air ","13-INCH MACBOOK AIR; APPLE M2 CHIP WITH 8 CORE CPU, 16GB RAM, 256GB SSD",SN-1F8988,"Nov 27, 2025","Nov 27, 2028","  44,000.00 ","2,200.00",ACCF_LOPEZ__JUAN_CARLOS_GARCIA.pdf,PO 4700002047,,"VSTECS PHILS, INC.",
05-02880,101105,101106,101106,Pending,"SORIANO, MICHAEL ANGELO AQUINO",Deployed,March,2026,"Mar 23, 2026",Software Engineer,NCS,MacOS,," 2025 MacBook Air ","13-INCH MACBOOK AIR; APPLE M2 CHIP WITH 8 CORE CPU, 16GB RAM, 256GB SSD",SN-METJFW,"Nov 27, 2025","Nov 27, 2028","  44,000.00 ","2,200.00",ACCF_SORIANO__MICHAEL_ANGELO_AQUINO.pdf,PO 4700002047,,"VSTECS PHILS, INC.",
05-05355,101106,101107,101107,Pending,"CALDERON, ANGELO CASTILLO",Deployed,March,2026,"Mar 23, 2026",Software Engineer,NCS,MacOS,," 2025 MacBook Air ","13-INCH MACBOOK AIR; APPLE M2 CHIP WITH 8 CORE CPU, 16GB RAM, 256GB SSD",SN-VNZMZ1,"Nov 27, 2025","Nov 27, 2028","  44,000.00 ","2,200.00",ACCF_CALDERON__ANGELO_CASTILLO.pdf,PO 4700002047,,"VSTECS PHILS, INC.",
,101107,101108,101108,Pending,,Spare for Deploy_New,,,,,,MacOS,CAB 4E," 2025 MacBook Air ","13-INCH MACBOOK AIR; APPLE M2 CHIP WITH 8 CORE CPU, 16GB RAM, 256GB SSD",SN-FALAEX,"Nov 27, 2025","Nov 27, 2028","  44,000.00 ","2,200.00",,PO 4700002047,,"VSTECS PHILS, INC.",
,101108,101109,101109,0871907D3C40,,Spare for Deploy_New,,,,,,MacOS,CAB 4E," 2025 MacBook Air ","13-INCH MACBOOK AIR; APPLE M2 CHIP WITH 8 CORE CPU, 16GB RAM, 256GB SSD",SN-N9W6ZF,"Nov 27, 2025","Nov 27, 2028","  44,000.00 ","2,200.00",,PO 4700002047,,"VSTECS PHILS, INC.",
,101109,101110,101110,Pending,,Spare for Deploy_New,,,,,,MacOS,CAB 4E," 2025 MacBook Air ","13-INCH MACBOOK AIR; APPLE M2 CHIP WITH 8 CORE CPU, 16GB RAM, 256GB SSD",SN-GYYHKK,"Nov 27, 2025","Nov 27, 2028","  44,000.00 ","2,200.00",,PO 4700002047,,"VSTECS PHILS, INC.",
,101110,101111,101111,Pending,,Spare for Deploy_New,,,,,,MacOS,CAB 4E," 2025 MacBook Air ","13-INCH MACBOOK AIR; APPLE M2 CHIP WITH 8 CORE CPU, 16GB RAM, 256GB SSD",SN-9890AN,"Nov 27, 2025","Nov 27, 2028","  44,000.00 ","2,200.00",,PO 4700002047,,"VSTECS PHILS, INC.",
05-03984,101111,101112,101112,087190452A47,"ILAGAN, ALEXANDER MENDOZA",Deployed,January,2026,"Jan 15, 2026",Program Director,Technology Group,MacOS,," 2025 MacBook Air ","13-INCH MACBOOK AIR; APPLE M2 CHIP WITH 8 CORE CPU, 16GB RAM, 256GB SSD",SN-HPUA6F,"Nov 27, 2025","Nov 27, 2028","  44,000.00 ","2,200.00",ACCF_ILAGAN__ALEXANDER_MENDOZA.pdf,PO 4700002047,,"VSTECS PHILS, INC.",
,101112,101113,101113,Pending,,Spare for Deploy_New,,,,,,MacOS,CAB 4E," 2025 MacBook Air ","13-INCH MACBOOK AIR; APPLE M2 CHIP WITH 8 CORE CPU, 16GB RAM, 256GB SSD",SN-L95VH6,"Nov 27, 2025","Nov 27, 2028","  44,000.00 ","2,200.00",,PO 4700002047,,"VSTECS PHILS, INC.",
,101113,101114,101114,Pending,,Spare for Deploy_New,,,,,,MacOS,CAB 4F," 2025 MacBook Air ","13-INCH MACBOOK AIR; APPLE M2 CHIP WITH 8 CORE CPU, 16GB RAM, 256GB SSD",SN-SE6UZC,"Nov 27, 2025","Nov 27, 2028","  44,000.00 ","2,200.00",,PO 4700002047,,"VSTECS PHILS, INC.",
,101114,101115,101115,Pending,,Spare for Deploy_New,,,,,,MacOS,CAB 4F," 2025 MacBook Air ","13-INCH MACBOOK AIR; APPLE M2 CHIP WITH 8 CORE CPU, 16GB RAM, 256GB SSD",SN-AL4WVV,"Nov 27, 2025","Nov 27, 2028","  44,000.00 ","2,200.00",,PO 4700002047,,"VSTECS PHILS, INC.",
,101115,101116,101116,Pending,,Spare for Deploy_New,,,,,,MacOS,CAB 4F," 2025 MacBook Air ","13-INCH MACBOOK AIR; APPLE M2 CHIP WITH 8 CORE CPU, 16GB RAM, 256GB SSD",SN-QFEXM7,"Nov 27, 2025","Nov 27, 2028","  44,000.00 ","2,200.00",,PO 4700002047,,"VSTECS PHILS, INC.",
,101116,101117,101117,Pending,,Spare for Deploy_New,,,,,,MacOS,CAB 4F," 2025 MacBook Air ","13-INCH MACBOOK AIR; APPLE M2 CHIP WITH 8 CORE CPU, 16GB RAM, 256GB SSD",SN-WW89Z6,"Nov 27, 2025","Nov 27, 2028","  44,000.00 ","2,200.00",,PO 4700002047,,"VSTECS PHILS, INC.",
,101117,101118,101118,Pending,,Spare for Deploy_New,,,,,,MacOS,CAB 4F," 2025 MacBook Air ","13-INCH MACBOOK AIR; APPLE M2 CHIP WITH 8 CORE CPU, 16GB RAM, 256GB SSD",SN-YDV06L,"Nov 27, 2025","Nov 27, 2028","  44,000.00 ","2,200.00",,PO 4700002047,,"VSTECS PHILS, INC.",
,101118,101119,101119,Pending,,Spare for Deploy_New,,,,,,MacOS,CAB 4F," 2025 MacBook Air ","13-INCH MACBOOK AIR; APPLE M2 CHIP WITH 8 CORE CPU, 16GB RAM, 256GB SSD",SN-PVZSE2,"Nov 27, 2025","Nov 27, 2028","  44,000.00 ","2,200.00",,PO 4700002047,,"VSTECS PHILS, INC.",
,101119,101120,101120,Pending,,Spare for Deploy_New,,,,,,MacOS,CAB 4F," 2025 MacBook Air ","13-INCH MACBOOK AIR; APPLE M2 CHIP WITH 8 CORE CPU, 16GB RAM, 256GB SSD",SN-22BWVA,"Nov 27, 2025","Nov 27, 2028","  44,000.00 ","2,200.00",,PO 4700002047,,"VSTECS PHILS, INC.",
,101120,101121,101121,Pending,,Spare for Deploy_New,,,,,,MacOS,CAB 4F," 2025 MacBook Air ","13-INCH MACBOOK AIR; APPLE M2 CHIP WITH 8 CORE CPU, 16GB RAM, 256GB SSD",SN-PA7TJS,"Nov 27, 2025","Nov 27, 2028","  44,000.00 ","2,200.00",,PO 4700002047,,"VSTECS PHILS, INC.",
,101121,101122,101122,Pending,,Spare for Deploy_New,,,,,,MacOS,CAB 4F," 2025 MacBook Air ","13-INCH MACBOOK AIR; APPLE M2 CHIP WITH 8 CORE CPU, 16GB RAM, 256GB SSD",SN-CHL56E,"Nov 27, 2025","Nov 27, 2028","  44,000.00 ","2,200.00",,PO 4700002047,,"VSTECS PHILS, INC.",
05-06947,101122,101123,101123,0871908A4BAA,"GARCIA, CHRISTIAN DELA CRUZ",Deployed,February,2026,"Feb 13, 2026",Project Manager,Client Based Globe,MacOS,," 2025 MacBook Air ","13-INCH MACBOOK AIR; APPLE M2 CHIP WITH 8 CORE CPU, 16GB RAM, 256GB SSD",SN-WPDJWS,"Nov 27, 2025","Nov 27, 2028","  44,000.00 ","2,200.00",ACCF_GARCIA__CHRISTIAN_DELA_CRUZ.pdf,PO 4700002047,,"VSTECS PHILS, INC.",
,101123,101124,101124,Pending,,Spare for Deploy_New,,,,,,MacOS,CAB 4F," 2025 MacBook Air ","13-INCH MACBOOK AIR; APPLE M2 CHIP WITH 8 CORE CPU, 16GB RAM, 256GB SSD",SN-408N87,"Nov 27, 2025","Nov 27, 2028","  44,000.00 ","2,200.00",,PO 4700002047,,"VSTECS PHILS, INC.",
05-03195,101124,101125,101125,Pending,"ATIENZA, JUAN CARLOS VILLANUEVA",Deployed,March,2026,"Mar 13, 2026",Solutions Designer,Technology Group,MacOS,CAB-3D," 2025 MacBook Air ","13-INCH MACBOOK AIR; APPLE M2 CHIP WITH 8 CORE CPU, 16GB RAM, 256GB SSD",SN-PCU67N,"Nov 27, 2025","Nov 27, 2028","  44,000.00 ","2,200.00",ACCF_ATIENZA__JUAN_CARLOS_VILLANUEVA.pdf,PO 4700002047,,"VSTECS PHILS, INC.",
05-06954,101125,101126,101126,Pending,"PANGANIBAN, DOMINIC RAMOS",Deployed,April,2026,"Apr 10, 2026",Process Writer,Client Based Globe,MacOS,CAB-3D," 2025 MacBook Air ","13-INCH MACBOOK AIR; APPLE M2 CHIP WITH 8 CORE CPU, 16GB RAM, 256GB SSD",SN-A1KLLG,"Nov 27, 2025","Nov 27, 2028","  44,000.00 ","2,200.00",ACCF_PANGANIBAN__DOMINIC_RAMOS.pdf,PO 4700002047,,"VSTECS PHILS, INC.",
05-06947,101126,101127,101127,Pending,"VALDEZ, ADRIAN RAMOS",Deployed,April,2026,"Apr 10, 2026",Quality Assurance Lead,Technology Group,MacOS,CAB-3D," 2025 MacBook Air ","13-INCH MACBOOK AIR; APPLE M2 CHIP WITH 8 CORE CPU, 16GB RAM, 256GB SSD",SN-R0UYVD,"Nov 27, 2025","Nov 27, 2028","  44,000.00 ","2,200.00",ACCF_VALDEZ__ADRIAN_RAMOS.pdf,PO 4700002047,,"VSTECS PHILS, INC.",
05-06954,101127,101128,101128,Pending,"REYES, DENISE MERCADO",Deployed,April,2026,"Apr 10, 2026",Machine Learning Operations Specialist (LLM),Client Based Globe,MacOS,CAB-3D," 2025 MacBook Air ","13-INCH MACBOOK AIR; APPLE M2 CHIP WITH 8 CORE CPU, 16GB RAM, 256GB SSD",SN-DQEUMY,"Nov 27, 2025","Nov 27, 2028","  44,000.00 ","2,200.00",ACCF_REYES__DENISE_MERCADO.pdf,PO 4700002047,,"VSTECS PHILS, INC.",
05-03212,101128,101129,101129,Pending,"MIRANDA, VINCENT MENDOZA",Deployed,April,2026,"Apr 10, 2026",Solutions Architect,Client Based Globe,MacOS,CAB-3D," 2025 MacBook Air ","13-INCH MACBOOK AIR; APPLE M2 CHIP WITH 8 CORE CPU, 16GB RAM, 256GB SSD",SN-YNT12Z,"Nov 27, 2025","Nov 27, 2028","  44,000.00 ","2,200.00",ACCF_MIRANDA__VINCENT_MENDOZA.pdf,PO 4700002047,,"VSTECS PHILS, INC.",
05-01427,101129,101130,101130,Pending,"ESGUERRA, VINCENT CRUZ",Deployed,April,2026,"Apr 13, 2026",PROGRAM DIRECTOR FOR SPECIAL PROJECTS,NCS,MacOS,CAB-3D," 2025 MacBook Air ","13-INCH MACBOOK AIR; APPLE M2 CHIP WITH 8 CORE CPU, 16GB RAM, 256GB SSD",SN-HKEDKQ,"Nov 27, 2025","Nov 27, 2028","  44,000.00 ","2,200.00",ACCF_ESGUERRA__VINCENT_CRUZ.pdf,PO 4700002047,,"VSTECS PHILS, INC.",
05-03214,101130,101131,101131,Pending,"DAVID, RAFAEL BAUTISTA",Deployed,June,2026,"Jun 3, 2026",Sr. Software Engineer (Fullstack),Client Based Globe,MacOS,," 2025 MacBook Air ","13-INCH MACBOOK AIR; APPLE M2 CHIP WITH 8 CORE CPU, 16GB RAM, 256GB SSD",SN-C299B8,"Nov 27, 2025","Nov 27, 2028","  44,000.00 ","2,200.00",,PO 4700002047,,"VSTECS PHILS, INC.",
05-03214,101131,101132,101132,Pending,"SERRANO, PAULO MIGUEL FERNANDEZ",Deployed,June,2026,"Jun 10, 2026",Total Rewards Operations Lead,Human Resources,MacOS,," 2025 MacBook Air ","13-INCH MACBOOK AIR; APPLE M2 CHIP WITH 8 CORE CPU, 16GB RAM, 256GB SSD",SN-74XXEV,"Nov 27, 2025","Nov 27, 2028","  44,000.00 ","2,200.00",,PO 4700002047,,"VSTECS PHILS, INC.",
05-03214,101132,101133,101133,Pending,"RIVERA, JUAN CARLOS RAMOS",Deployed,May,2026,"May 29, 2026",Automation Engineer,Client Based Globe,MacOS,CAB-3D," 2025 MacBook Air ","13-INCH MACBOOK AIR; APPLE M2 CHIP WITH 8 CORE CPU, 16GB RAM, 256GB SSD",SN-FB9164,"Nov 27, 2025","Nov 27, 2028","  44,000.00 ","2,200.00",ACCF_RIVERA__JUAN_CARLOS_RAMOS.pdf,PO 4700002047,,"VSTECS PHILS, INC.",
05-03217,101133,101134,101134,Pending,"CASTRO, PATRICK OLIVER VILLANUEVA",Deployed,June,2026,"Jun 24, 2026",Workforce Manager,Talent Acquisition,MacOS,," 2025 MacBook Air ","13-INCH MACBOOK AIR; APPLE M2 CHIP WITH 8 CORE CPU, 16GB RAM, 256GB SSD",SN-B5TVYA,"Nov 27, 2025","Nov 27, 2028","  44,000.00 ","2,200.00",,PO 4700002047,,"VSTECS PHILS, INC.",
05-03216,101134,101135,101135,Pending,"EVANGELISTA, MONIQUE TORRES",Deployed,June,2026,"Jun 24, 2026",Test Manager,Delivery Group,MacOS,," 2025 MacBook Air ","13-INCH MACBOOK AIR; APPLE M2 CHIP WITH 8 CORE CPU, 16GB RAM, 256GB SSD",SN-CDQ9PH,"Nov 27, 2025","Nov 27, 2028","  44,000.00 ","2,200.00",,PO 4700002047,,"VSTECS PHILS, INC.",
05-09916,101135,101136,101136,08719045BEB5,"DAVID, ANGELO AQUINO",Deployed,April,2026,"Apr 20, 2026",Sr. Software Engineer,Technology Group,MacOS,,2026 MacBook Pro,"14-INCH MACBOOK PRO: APPLE M5 CHIP WITH 10 CORE CPU, 16GB RAM, 1TB SSD",SN-5NRNUF,"Apr 10, 2026","Apr 10, 2029","  93,750.00 ","4,687.50",,PO 4700002136,,"VSTECS PHILS, INC.",
05-02469,101136,101137,101137,08719094103A,"PADILLA, KENNETH BAUTISTA",Deployed,April,2026,"Apr 20, 2026",Software Engineer,Technology Group,MacOS,,2026 MacBook Pro,"14-INCH MACBOOK PRO: APPLE M5 CHIP WITH 10 CORE CPU, 16GB RAM, 1TB SSD",SN-Z2U5B5,"Apr 10, 2026","Apr 10, 2029","  93,750.00 ","4,687.50",,PO 4700002136,,"VSTECS PHILS, INC.",
05-02474,101137,101138,101138,087190765284,"FERNANDEZ, ERIKA FLORES",Deployed,April,2026,"Apr 20, 2026",Software Engineer,Technology Group,MacOS,,2026 MacBook Pro,"14-INCH MACBOOK PRO: APPLE M5 CHIP WITH 10 CORE CPU, 16GB RAM, 1TB SSD",SN-HHTBQ8,"Apr 10, 2026","Apr 10, 2029","  93,750.00 ","4,687.50",,PO 4700002136,,"VSTECS PHILS, INC.",
05-03102,101138,101139,101139,0871900E80B3,"FERNANDEZ, JOSHUA LOPEZ",Deployed,April,2026,"Apr 20, 2026",Software Engineer,Technology Group,MacOS,,2026 MacBook Pro,"14-INCH MACBOOK PRO: APPLE M5 CHIP WITH 10 CORE CPU, 16GB RAM, 1TB SSD",SN-NW80QM,"Apr 10, 2026","Apr 10, 2029","  93,750.00 ","4,687.50",,PO 4700002136,,"VSTECS PHILS, INC.",
05-09018,101139,101140,101140,087190468496,,Spare for Deploy_New,,,,,,MacOS,CAB 6E,2026 MacBook AIr,"13-INCH MACBOOK AIR; APPLE M5 CHIP WITH 10 CORE CPU, 16GB RAM, 512GB SSD",SN-WF2S9R,"May 4, 2026","May 4, 2029","  62,163.00 ","3,108.15",,PO 4700002143,,SENCOLINK TECHNOLOGIES INC.,
05-09018,101140,101141,101141,,,Spare for Deploy_New,,,,,,MacOS,CAB 6F,2026 MacBook AIr,"13-INCH MACBOOK AIR; APPLE M5 CHIP WITH 10 CORE CPU, 16GB RAM, 512GB SSD",SN-9UZP7N,"May 4, 2026","May 4, 2029","  62,163.00 ","3,108.15",,PO 4700002143,,SENCOLINK TECHNOLOGIES INC.,
05-09018,101141,101142,101142,,,Spare for Deploy_New,,,,,,MacOS,CAB 6C,2026 MacBook AIr,"13-INCH MACBOOK AIR; APPLE M5 CHIP WITH 10 CORE CPU, 16GB RAM, 512GB SSD",SN-BWDR8Z,"May 4, 2026","May 4, 2029","  62,163.00 ","3,108.15",,PO 4700002143,,SENCOLINK TECHNOLOGIES INC.,
05-09018,101142,101143,101143,,,Spare for Deploy_New,,,,,,MacOS,CAB 6C,2026 MacBook AIr,"13-INCH MACBOOK AIR; APPLE M5 CHIP WITH 10 CORE CPU, 16GB RAM, 512GB SSD",SN-XNWVSN,"May 4, 2026","May 4, 2029","  62,163.00 ","3,108.15",,PO 4700002143,,SENCOLINK TECHNOLOGIES INC.,
05-09018,101143,101144,101144,,,Spare for Deploy_New,,,,,,MacOS,CAB 6F,2026 MacBook AIr,"13-INCH MACBOOK AIR; APPLE M5 CHIP WITH 10 CORE CPU, 16GB RAM, 512GB SSD",SN-RZQ7Q1,"May 4, 2026","May 4, 2029","  62,163.00 ","3,108.15",,PO 4700002143,,SENCOLINK TECHNOLOGIES INC.,
05-09018,101144,101145,101145,,,Spare for Deploy_New,,,,,,MacOS,CAB 6F,2026 MacBook AIr,"13-INCH MACBOOK AIR; APPLE M5 CHIP WITH 10 CORE CPU, 16GB RAM, 512GB SSD",SN-CNLU8M,"May 4, 2026","May 4, 2029","  62,163.00 ","3,108.15",,PO 4700002143,,SENCOLINK TECHNOLOGIES INC.,
05-09018,101145,101146,101146,,,Spare for Deploy_New,,,,,,MacOS,CAB 6C,2026 MacBook AIr,"13-INCH MACBOOK AIR; APPLE M5 CHIP WITH 10 CORE CPU, 16GB RAM, 512GB SSD",SN-JE6LUH,"May 4, 2026","May 4, 2029","  62,163.00 ","3,108.15",,PO 4700002143,,SENCOLINK TECHNOLOGIES INC.,
05-09018,101146,101147,101147,,,Spare for Deploy_New,,,,,,MacOS,CAB 6C,2026 MacBook AIr,"13-INCH MACBOOK AIR; APPLE M5 CHIP WITH 10 CORE CPU, 16GB RAM, 512GB SSD",SN-3SV5WL,"May 4, 2026","May 4, 2029","  62,163.00 ","3,108.15",,PO 4700002143,,SENCOLINK TECHNOLOGIES INC.,
05-09018,101147,101148,101148,,,Spare for Deploy_New,,,,,,MacOS,CAB 6F,2026 MacBook AIr,"13-INCH MACBOOK AIR; APPLE M5 CHIP WITH 10 CORE CPU, 16GB RAM, 512GB SSD",SN-C4RQU4,"May 4, 2026","May 4, 2029","  62,163.00 ","3,108.15",,PO 4700002143,,SENCOLINK TECHNOLOGIES INC.,
05-09018,101148,101149,101149,,,Spare for Deploy_New,,,,,,MacOS,CAB 6C,2026 MacBook AIr,"13-INCH MACBOOK AIR; APPLE M5 CHIP WITH 10 CORE CPU, 16GB RAM, 512GB SSD",SN-LYNYB6,"May 4, 2026","May 4, 2029","  62,163.00 ","3,108.15",,PO 4700002143,,SENCOLINK TECHNOLOGIES INC.,
05-09018,101149,101150,101150,,,Spare for Deploy_New,,,,,,MacOS,CAB 6C,2026 MacBook AIr,"13-INCH MACBOOK AIR; APPLE M5 CHIP WITH 10 CORE CPU, 16GB RAM, 512GB SSD",SN-D1G37R,"May 4, 2026","May 4, 2029","  62,163.00 ","3,108.15",,PO 4700002143,,SENCOLINK TECHNOLOGIES INC.,
05-09018,101150,101151,101151,,,Spare for Deploy_New,,,,,,MacOS,CAB 6C,2026 MacBook AIr,"13-INCH MACBOOK AIR; APPLE M5 CHIP WITH 10 CORE CPU, 16GB RAM, 512GB SSD",SN-PF5JPX,"May 4, 2026","May 4, 2029","  62,163.00 ","3,108.15",,PO 4700002143,,SENCOLINK TECHNOLOGIES INC.,
05-09018,101151,101152,101152,,,Spare for Deploy_New,,,,,,MacOS,CAB 6C,2026 MacBook AIr,"13-INCH MACBOOK AIR; APPLE M5 CHIP WITH 10 CORE CPU, 16GB RAM, 512GB SSD",SN-UQKGNZ,"May 4, 2026","May 4, 2029","  62,163.00 ","3,108.15",,PO 4700002143,,SENCOLINK TECHNOLOGIES INC.,
05-09018,101152,101153,101153,,,Spare for Deploy_New,,,,,,MacOS,CAB 6C,2026 MacBook AIr,"13-INCH MACBOOK AIR; APPLE M5 CHIP WITH 10 CORE CPU, 16GB RAM, 512GB SSD",SN-V6H09Y,"May 4, 2026","May 4, 2029","  62,163.00 ","3,108.15",,PO 4700002143,,SENCOLINK TECHNOLOGIES INC.,
05-09018,101153,101154,101154,,,Spare for Deploy_New,,,,,,MacOS,CAB 6C,2026 MacBook AIr,"13-INCH MACBOOK AIR; APPLE M5 CHIP WITH 10 CORE CPU, 16GB RAM, 512GB SSD",SN-9H96YK,"May 4, 2026","May 4, 2029","  62,163.00 ","3,108.15",,PO 4700002143,,SENCOLINK TECHNOLOGIES INC.,
05-09018,101154,101155,101155,,,Spare for Deploy_New,,,,,,MacOS,CAB 6C,2026 MacBook AIr,"13-INCH MACBOOK AIR; APPLE M5 CHIP WITH 10 CORE CPU, 16GB RAM, 512GB SSD",SN-L7M43V,"May 4, 2026","May 4, 2029","  62,163.00 ","3,108.15",,PO 4700002143,,SENCOLINK TECHNOLOGIES INC.,
05-09018,101155,101156,101156,,,Spare for Deploy_New,,,,,,MacOS,CAB 6C,2026 MacBook AIr,"13-INCH MACBOOK AIR; APPLE M5 CHIP WITH 10 CORE CPU, 16GB RAM, 512GB SSD",SN-5WQFZ3,"May 4, 2026","May 4, 2029","  62,163.00 ","3,108.15",,PO 4700002143,,SENCOLINK TECHNOLOGIES INC.,
05-09018,101156,101157,101157,,,Spare for Deploy_New,,,,,,MacOS,CAB 6B,2026 MacBook AIr,"13-INCH MACBOOK AIR; APPLE M5 CHIP WITH 10 CORE CPU, 16GB RAM, 512GB SSD",SN-PJ8VH0,"May 4, 2026","May 4, 2029","  62,163.00 ","3,108.15",,PO 4700002143,,SENCOLINK TECHNOLOGIES INC.,
05-09018,101157,101158,101158,,,Spare for Deploy_New,,,,,,MacOS,CAB 6B,2026 MacBook AIr,"13-INCH MACBOOK AIR; APPLE M5 CHIP WITH 10 CORE CPU, 16GB RAM, 512GB SSD",SN-H0KZL4,"May 4, 2026","May 4, 2029","  62,163.00 ","3,108.15",,PO 4700002143,,SENCOLINK TECHNOLOGIES INC.,
05-09018,101158,101159,101159,,,Spare for Deploy_New,,,,,,MacOS,CAB 6B,2026 MacBook AIr,"13-INCH MACBOOK AIR; APPLE M5 CHIP WITH 10 CORE CPU, 16GB RAM, 512GB SSD",SN-LLS78S,"May 4, 2026","May 4, 2029","  62,163.00 ","3,108.15",,PO 4700002143,,SENCOLINK TECHNOLOGIES INC.,
05-09018,101159,101160,101160,,,Spare for Deploy_New,,,,,,MacOS,CAB 6B,2026 MacBook AIr,"13-INCH MACBOOK AIR; APPLE M5 CHIP WITH 10 CORE CPU, 16GB RAM, 512GB SSD",SN-35KXQJ,"May 4, 2026","May 4, 2029","  62,163.00 ","3,108.15",,PO 4700002143,,SENCOLINK TECHNOLOGIES INC.,
05-09018,101160,101161,101161,,,Spare for Deploy_New,,,,,,MacOS,CAB 6B,2026 MacBook AIr,"13-INCH MACBOOK AIR; APPLE M5 CHIP WITH 10 CORE CPU, 16GB RAM, 512GB SSD",SN-4TDBSX,"May 4, 2026","May 4, 2029","  62,163.00 ","3,108.15",,PO 4700002143,,SENCOLINK TECHNOLOGIES INC.,
05-09018,101161,101162,101162,,,Spare for Deploy_New,,,,,,MacOS,CAB 6B,2026 MacBook AIr,"13-INCH MACBOOK AIR; APPLE M5 CHIP WITH 10 CORE CPU, 16GB RAM, 512GB SSD",SN-85SK3A,"May 4, 2026","May 4, 2029","  62,163.00 ","3,108.15",,PO 4700002143,,SENCOLINK TECHNOLOGIES INC.,
05-09018,101162,101163,101163,,,Spare for Deploy_New,,,,,,MacOS,CAB 6B,2026 MacBook AIr,"13-INCH MACBOOK AIR; APPLE M5 CHIP WITH 10 CORE CPU, 16GB RAM, 512GB SSD",SN-UD1M19,"May 4, 2026","May 4, 2029","  62,163.00 ","3,108.15",,PO 4700002143,,SENCOLINK TECHNOLOGIES INC.,
05-09018,101163,101164,101164,,,Spare for Deploy_New,,,,,,MacOS,CAB 6B,2026 MacBook AIr,"13-INCH MACBOOK AIR; APPLE M5 CHIP WITH 10 CORE CPU, 16GB RAM, 512GB SSD",SN-XANECY,"May 4, 2026","May 4, 2029","  62,163.00 ","3,108.15",,PO 4700002143,,SENCOLINK TECHNOLOGIES INC.,
05-09018,101164,101165,101165,,,Spare for Deploy_New,,,,,,MacOS,CAB 6B,2026 MacBook AIr,"13-INCH MACBOOK AIR; APPLE M5 CHIP WITH 10 CORE CPU, 16GB RAM, 512GB SSD",SN-C52KB2,"May 4, 2026","May 4, 2029","  62,163.00 ","3,108.15",,PO 4700002143,,SENCOLINK TECHNOLOGIES INC.,
05-09018,101165,101166,101166,,,Spare for Deploy_New,,,,,,MacOS,CAB 6B,2026 MacBook AIr,"13-INCH MACBOOK AIR; APPLE M5 CHIP WITH 10 CORE CPU, 16GB RAM, 512GB SSD",SN-1R2HM8,"May 4, 2026","May 4, 2029","  62,163.00 ","3,108.15",,PO 4700002143,,SENCOLINK TECHNOLOGIES INC.,
05-09018,101166,101167,101167,,,Spare for Deploy_New,,,,,,MacOS,CAB 6B,2026 MacBook AIr,"13-INCH MACBOOK AIR; APPLE M5 CHIP WITH 10 CORE CPU, 16GB RAM, 512GB SSD",SN-B872HB,"May 4, 2026","May 4, 2029","  62,163.00 ","3,108.15",,PO 4700002143,,SENCOLINK TECHNOLOGIES INC.,
05-09018,101167,101168,101168,,,Spare for Deploy_New,,,,,,MacOS,CAB 6B,2026 MacBook AIr,"13-INCH MACBOOK AIR; APPLE M5 CHIP WITH 10 CORE CPU, 16GB RAM, 512GB SSD",SN-RBEZV2,"May 4, 2026","May 4, 2029","  62,163.00 ","3,108.15",,PO 4700002143,,SENCOLINK TECHNOLOGIES INC.,
05-09018,101168,101169,101169,,,Spare for Deploy_New,,,,,,MacOS,CAB 6B,2026 MacBook AIr,"13-INCH MACBOOK AIR; APPLE M5 CHIP WITH 10 CORE CPU, 16GB RAM, 512GB SSD",SN-5A94CY,"May 4, 2026","May 4, 2029","  62,163.00 ","3,108.15",,PO 4700002143,,SENCOLINK TECHNOLOGIES INC.,
05-02497,101169,101170,101170,,"CALDERON, PAULO MIGUEL CASTILLO",Deployed,May,2026,"May 19, 2026",Software Engineer,Technology Group,MacOS,,2026 MacBook Pro,"14-INCH MACBOOK PRO; APPLE M5 CHIP WITH 10 CORE CPU, 16GB RAM, 1TB SSD",SN-NRXQGD,"May 4, 2026","May 4, 2029","  94,643.00 ","4,732.15",,PO 4700002143,,SENCOLINK TECHNOLOGIES INC.,
05-06958,101170,101171,101171,087190B3646A,"AQUINO, KATHERINE ROSE VILLANUEVA",Deployed,July,2026,"Jul 10, 2026",Solutions Architect,Client Based New Biz,MacOS,CAB 6F,2026 MacBook Pro,"14-INCH MACBOOK PRO; APPLE M5 CHIP WITH 10 CORE CPU, 16GB RAM, 1TB SSD",SN-KSELHL,"May 4, 2026","May 4, 2029","  94,643.00 ","4,732.15",,PO 4700002143,,SENCOLINK TECHNOLOGIES INC.,
05-09018,101171,101172,101172,,,Spare for Deploy_New,,,,,,MacOS,CAB 6F,2026 MacBook Pro,"14-INCH MACBOOK PRO; APPLE M5 CHIP WITH 10 CORE CPU, 16GB RAM, 1TB SSD",SN-2KV5UD,"May 4, 2026","May 4, 2029","  94,643.00 ","4,732.15",,PO 4700002143,,SENCOLINK TECHNOLOGIES INC.,
05-09018,101172,101173,101173,,,Spare for Deploy_New,,,,,,MacOS,CAB 6F,2026 MacBook Pro,"14-INCH MACBOOK PRO; APPLE M5 CHIP WITH 10 CORE CPU, 16GB RAM, 1TB SSD",SN-ZHUYAS,"May 4, 2026","May 4, 2029","  94,643.00 ","4,732.15",,PO 4700002143,,SENCOLINK TECHNOLOGIES INC.,
05-09018,101173,101174,101174,,,Spare for Deploy_New,,,,,,MacOS,CAB 6F,2026 MacBook Pro,"14-INCH MACBOOK PRO; APPLE M5 CHIP WITH 10 CORE CPU, 16GB RAM, 1TB SSD",SN-LCNPKR,"May 4, 2026","May 4, 2029","  94,643.00 ","4,732.15",,PO 4700002143,,SENCOLINK TECHNOLOGIES INC.,
05-09018,101174,101175,101175,,,Spare for Deploy_New,,,,,,MacOS,CAB 6E,2026 MacBook Pro,"14-INCH MACBOOK PRO; APPLE M5 CHIP WITH 10 CORE CPU, 16GB RAM, 1TB SSD",SN-BPCK7V,"May 4, 2026","May 4, 2029","  94,643.00 ","4,732.15",,PO 4700002143,,SENCOLINK TECHNOLOGIES INC.,
05-09018,101175,101176,101176,,,Spare for Deploy_New,,,,,,MacOS,CAB 6E,2026 MacBook Pro,"14-INCH MACBOOK PRO; APPLE M5 CHIP WITH 10 CORE CPU, 16GB RAM, 1TB SSD",SN-L4GN41,"May 4, 2026","May 4, 2029","  94,643.00 ","4,732.15",,PO 4700002143,,SENCOLINK TECHNOLOGIES INC.,
05-09018,101176,101177,101177,,,Spare for Deploy_New,,,,,,MacOS,CAB 6E,2026 MacBook Pro,"14-INCH MACBOOK PRO; APPLE M5 CHIP WITH 10 CORE CPU, 16GB RAM, 1TB SSD",SN-MNP8NN,"May 4, 2026","May 4, 2029","  94,643.00 ","4,732.15",,PO 4700002143,,SENCOLINK TECHNOLOGIES INC.,
05-09018,101177,101178,101178,,,Spare for Deploy_New,,,,,,MacOS,CAB 6D,2026 MacBook Pro,"14-INCH MACBOOK PRO; APPLE M5 CHIP WITH 10 CORE CPU, 16GB RAM, 1TB SSD",SN-9LE41V,"May 4, 2026","May 4, 2029","  94,643.00 ","4,732.15",,PO 4700002143,,SENCOLINK TECHNOLOGIES INC.,
05-09018,101178,101179,101179,,,Spare for Deploy_New,,,,,,MacOS,CAB 6D,2026 MacBook Pro,"14-INCH MACBOOK PRO; APPLE M5 CHIP WITH 10 CORE CPU, 16GB RAM, 1TB SSD",SN-PLD2ZX,"May 4, 2026","May 4, 2029","  94,643.00 ","4,732.15",,PO 4700002143,,SENCOLINK TECHNOLOGIES INC.,
05-09018,101179,101180,101180,,,Spare for Deploy_New,,,,,,MacOS,CAB 6D,2026 MacBook Pro,"14-INCH MACBOOK PRO; APPLE M5 CHIP WITH 10 CORE CPU, 16GB RAM, 1TB SSD",SN-SDEJ3H,"May 4, 2026","May 4, 2029","  94,643.00 ","4,732.15",,PO 4700002143,,SENCOLINK TECHNOLOGIES INC.,
05-09018,101180,101181,101181,,,Spare for Deploy_New,,,,,,MacOS,CAB 6D,2026 MacBook Pro,"14-INCH MACBOOK PRO; APPLE M5 CHIP WITH 10 CORE CPU, 16GB RAM, 1TB SSD",SN-B3HVJ1,"May 4, 2026","May 4, 2029","  94,643.00 ","4,732.15",,PO 4700002143,,SENCOLINK TECHNOLOGIES INC.,
05-09018,101181,101182,101182,,,Spare for Deploy_New,,,,,,MacOS,CAB 6D,2026 MacBook Pro,"14-INCH MACBOOK PRO; APPLE M5 CHIP WITH 10 CORE CPU, 16GB RAM, 1TB SSD",SN-F3RHT4,"May 4, 2026","May 4, 2029","  94,643.00 ","4,732.15",,PO 4700002143,,SENCOLINK TECHNOLOGIES INC.,
05-09018,101182,101183,101183,,,Spare for Deploy_New,,,,,,MacOS,CAB 6D,2026 MacBook Pro,"14-INCH MACBOOK PRO; APPLE M5 CHIP WITH 10 CORE CPU, 16GB RAM, 1TB SSD",SN-DZVGWH,"May 4, 2026","May 4, 2029","  94,643.00 ","4,732.15",,PO 4700002143,,SENCOLINK TECHNOLOGIES INC.,
05-09018,101183,101184,101184,,,Spare for Deploy_New,,,,,,MacOS,CAB 6D,2026 MacBook Pro,"14-INCH MACBOOK PRO; APPLE M5 CHIP WITH 10 CORE CPU, 16GB RAM, 1TB SSD",SN-CBU7J9,"May 4, 2026","May 4, 2029","  94,643.00 ","4,732.15",,PO 4700002143,,SENCOLINK TECHNOLOGIES INC.,
05-09018,101184,101185,101185,,,Spare for Deploy_New,,,,,,MacOS,CAB 6D,2026 MacBook Pro,"14-INCH MACBOOK PRO; APPLE M5 CHIP WITH 10 CORE CPU, 16GB RAM, 1TB SSD",SN-1UTU42,"May 4, 2026","May 4, 2029","  94,643.00 ","4,732.15",,PO 4700002143,,SENCOLINK TECHNOLOGIES INC.,
05-09018,101185,101186,101186,,,Spare for Deploy_New,,,,,,MacOS,CAB 6D,2026 MacBook Pro,"14-INCH MACBOOK PRO; APPLE M5 CHIP WITH 10 CORE CPU, 16GB RAM, 1TB SSD",SN-KZ56EJ,"May 4, 2026","May 4, 2029","  94,643.00 ","4,732.15",,PO 4700002143,,SENCOLINK TECHNOLOGIES INC.,
05-09018,101186,101187,101187,,,Spare for Deploy_New,,,,,,MacOS,CAB 6E,2026 MacBook Pro,"14-INCH MACBOOK PRO; APPLE M5 CHIP WITH 10 CORE CPU, 16GB RAM, 1TB SSD",SN-8AARS0,"May 4, 2026","May 4, 2029","  94,643.00 ","4,732.15",,PO 4700002143,,SENCOLINK TECHNOLOGIES INC.,
05-09018,101187,101188,101188,,,Spare for Deploy_New,,,,,,MacOS,CAB 6E,2026 MacBook Pro,"14-INCH MACBOOK PRO; APPLE M5 CHIP WITH 10 CORE CPU, 16GB RAM, 1TB SSD",SN-AYAF58,"May 4, 2026","May 4, 2029","  94,643.00 ","4,732.15",,PO 4700002143,,SENCOLINK TECHNOLOGIES INC.,
05-09018,101188,101189,101189,,,Spare for Deploy_New,,,,,,MacOS,CAB 6E,2026 MacBook Pro,"14-INCH MACBOOK PRO; APPLE M5 CHIP WITH 10 CORE CPU, 16GB RAM, 1TB SSD",SN-DS7KT5,"May 4, 2026","May 4, 2029","  94,643.00 ","4,732.15",,PO 4700002143,,SENCOLINK TECHNOLOGIES INC.,
05-09018,101189,101190,101190,,,Spare for Deploy_New,,,,,,MacOS,CAB 6E,2026 MacBook Air,"13-INCH MACBOOK AIR; APPLE M4 CHIP WITH 10 CORE CPU, 16GB RAM, 256GB SSD",SN-KSZLQU,"May 12, 2026","May 12, 2029","  55,000.00 ","2,750.00",,PO 4700002144,,SENCOLINK TECHNOLOGIES INC.,
05-03212,101190,101191,101191,,"GUTIERREZ, NICOLE AQUINO",Deployed,June,2026,"Jun 15, 2026",DevOps Lead,Client Based Globe,MacOS,,2026 MacBook Pro,"14-INCH MACBOOK PRO; APPLE M5 CHIP WITH 10 CORE CPU, 16GB RAM, 1TB SSD",SN-MKPJKN,"Jun 4, 2026","Jun 4, 2029","  96,428.57 ","4,821.43",ACCF_GUTIERREZ__NICOLE_AQUINO.pdf,PO#4700002137,,VSTECS PHILS. INC.,
05-02361,101191,101192,101192,,"CABRERA, PAULO MIGUEL LOPEZ",Deployed,June,2026,"Jun 15, 2026",Software Engineer,Technology Group,MacOS,,2026 MacBook Pro,"14-INCH MACBOOK PRO; APPLE M5 CHIP WITH 10 CORE CPU, 16GB RAM, 1TB SSD",SN-7XKB0Q,"Jun 4, 2026","Jun 4, 2029","  96,428.57 ","4,821.43",,PO#4700002137,,VSTECS PHILS. INC.,
05-02313,101192,101193,101193,,"HERNANDEZ, FRANCIS AQUINO",Deployed,June,2026,"Jun 17, 2026",Software Engineer,Technology Group,MacOS,,2026 MacBook Pro,"14-INCH MACBOOK PRO; APPLE M5 CHIP WITH 10 CORE CPU, 16GB RAM, 1TB SSD",SN-F0Q0Y7,"Jun 4, 2026","Jun 4, 2029","  96,428.57 ","4,821.43",,PO#4700002137,,VSTECS PHILS. INC.,
05-03106,101193,101194,101194,,"CORPUZ, MONIQUE CASTILLO",Deployed,June,2026,"Jun 18, 2026",Quality Assurance Lead,Technology Group,MacOS,,2026 MacBook Pro,"14-INCH MACBOOK PRO; APPLE M5 CHIP WITH 10 CORE CPU, 16GB RAM, 1TB SSD",SN-HB9E4U,"Jun 4, 2026","Jun 4, 2029","  96,428.57 ","4,821.43",,PO#4700002137,,VSTECS PHILS. INC.,
05-06812,101194,101195,101195,,"MERCADO, BIANCA FLORES",Deployed,June,2026,"Jun 18, 2026",QA Lead,Technology Group,MacOS,,2026 MacBook Pro,"14-INCH MACBOOK PRO; APPLE M5 CHIP WITH 10 CORE CPU, 16GB RAM, 1TB SSD",SN-M4QM0W,"Jun 4, 2026","Jun 4, 2029","  96,428.57 ","4,821.43",,PO#4700002137,,VSTECS PHILS. INC.,
05-04853,101195,101196,101196,087190690C52,"EVANGELISTA, DANIEL JOSEPH RIVERA",Deployed,June,2026,"Jun 19, 2026",Capability Lead,Technology Group,MacOS,,2026 MacBook Pro,"14-INCH MACBOOK PRO; APPLE M5 CHIP WITH 10 CORE CPU, 16GB RAM, 1TB SSD",SN-BCDUE1,"Jun 4, 2026","Jun 4, 2029","  96,428.57 ","4,821.43",,PO#4700002137,,VSTECS PHILS. INC.,
05-09018,101196,101197,101197,,,Spare for Deploy_New,,,,,,MacOS,CAB 5F,2026 MacBook Pro,"14-INCH MACBOOK PRO; APPLE M5 CHIP WITH 10 CORE CPU, 16GB RAM, 1TB SSD",SN-ZZZEYY,"Jun 4, 2026","Jun 4, 2029","  96,428.57 ","4,821.43",,PO#4700002137,,VSTECS PHILS. INC.,
05-01612,101197,101198,101198,,"RAMOS, KATHERINE ROSE LOPEZ",Deployed,July,2026,"Jul 13, 2026",Capability Lead,Technology Group,MacOS,,2026 MacBook Pro,"14-INCH MACBOOK PRO; APPLE M5 CHIP WITH 10 CORE CPU, 16GB RAM, 1TB SSD",SN-5S876J,"Jun 4, 2026","Jun 4, 2029","  96,428.57 ","4,821.43",,PO#4700002137,,VSTECS PHILS. INC.,
05-09018,101198,101199,101199,,,Spare for Deploy_New,,,,,,MacOS,CAB 5F,2026 MacBook Pro,"14-INCH MACBOOK PRO; APPLE M5 CHIP WITH 10 CORE CPU, 16GB RAM, 1TB SSD",SN-MEW5VK,"Jun 4, 2026","Jun 4, 2029","  96,428.57 ","4,821.43",,PO#4700002137,,VSTECS PHILS. INC.,
05-01117,101199,101200,101200,,"ATIENZA, KEVIN DELA CRUZ",Deployed,June,2026,"Jun 16, 2026",Software Engineer,Technology Group,MacOS,,2026 MacBook Pro,"14-INCH MACBOOK PRO; APPLE M5 CHIP WITH 10 CORE CPU, 16GB RAM, 1TB SSD",SN-H25JQ3,"Jun 4, 2026","Jun 4, 2029","  96,428.57 ","4,821.43",,PO#4700002137,,VSTECS PHILS. INC.,
05-09018,101200,101201,101201,,,Spare for Deploy_New,,,,,,MacOS,CAB 5E,2026 MacBook Pro,"14-INCH MACBOOK PRO; APPLE M5 CHIP WITH 10 CORE CPU, 16GB RAM, 1TB SSD",SN-ME5AW7,"Jun 4, 2026","Jun 4, 2029","  96,428.57 ","4,821.43",,PO#4700002137,,VSTECS PHILS. INC.,
05-09018,101201,101202,101202,,,Spare for Deploy_New,,,,,,MacOS,CAB 5E,2026 MacBook Pro,"14-INCH MACBOOK PRO; APPLE M5 CHIP WITH 10 CORE CPU, 16GB RAM, 1TB SSD",SN-DKCYT7,"Jun 4, 2026","Jun 4, 2029","  96,428.57 ","4,821.43",,PO#4700002137,,VSTECS PHILS. INC.,
05-09018,101202,101203,101203,,,Spare for Deploy_New,,,,,,MacOS,CAB 5E,2026 MacBook Pro,"14-INCH MACBOOK PRO; APPLE M5 CHIP WITH 10 CORE CPU, 16GB RAM, 1TB SSD",SN-PHPJVA,"Jun 4, 2026","Jun 4, 2029","  96,428.57 ","4,821.43",,PO#4700002137,,VSTECS PHILS. INC.,
05-03145,101203,101204,101204,,"MALABANAN, NICOLE MENDOZA",Deployed,June,2026,"Jun 19, 2026",Application Support,Technology Group,MacOS,,2026 MacBook Air,"13-INCH MACBOOK AIR; APPLE M5 CHIP WITH 10 CORE CPU, 16GB RAM, 512GB SSD",SN-KPDPS6,"Jun 4, 2026","Jun 4, 2029",,0.00,,PO#4700002137,,VSTECS PHILS. INC.,
05-09018,101204,101205,101205,,,Spare for Deploy_New,,,,,,MacOS,CAB 5E,2026 MacBook Air,"13-INCH MACBOOK AIR; APPLE M5 CHIP WITH 10 CORE CPU, 16GB RAM, 512GB SSD",SN-JLWR8W,"Jun 4, 2026","Jun 4, 2029",,0.00,,PO#4700002137,,VSTECS PHILS. INC.,
05-03215,101205,101206,101206,0871901B9048,"MIRANDA, MARCO SANTOS",Deployed,July,2026,"Jul 10, 2026",Automation Engineer,Delivery Group,Windows,,LENOVO THINKPAD E14 i7,"LENOVO E14 GEN 7, INTEL CORE ULTRA 7, 16GB RAM, 1TB SSD",PF-30ZPLQ,"Jun 26, 2026","Jun 26, 2029","  74,107.14 ","3,705.36",,PO#4700002180,,SENCOLINK TECHNOLOGIES INC,
05-03215,101206,101207,101207,0871901DEA41,"MORALES, ERIKA FLORES",Deployed,July,2026,"Jul 10, 2026",Automation Engineer,Delivery Group,Windows,,LENOVO THINKPAD E14 i7,"LENOVO E14 GEN 7, INTEL CORE ULTRA 7, 16GB RAM, 1TB SSD",PF-TT0C12,"Jun 26, 2026","Jun 26, 2029","  74,107.14 ","3,705.36",,PO#4700002180,,SENCOLINK TECHNOLOGIES INC,
05-03217,101207,101208,101208,087190144061,"FRANCISCO, ANGELA MAE RIVERA",Deployed,July,2026,"Jul 7, 2026",Sr. Software Engineer (Full stack),Delivery Group,Windows,,LENOVO THINKPAD E14 i7,"LENOVO E14 GEN 7, INTEL CORE ULTRA 7, 16GB RAM, 1TB SSD",PF-1DK8US,"Jun 26, 2026","Jun 26, 2029","  74,107.14 ","3,705.36",,PO#4700002180,,SENCOLINK TECHNOLOGIES INC,
,101208,101209,101209,087190BB4677,,Spare for Deploy_New,,,,,,Windows,,LENOVO THINKPAD E14 i7,"LENOVO E14 GEN 7, INTEL CORE ULTRA 7, 16GB RAM, 1TB SSD",PF-G33Y0J,"Jun 26, 2026","Jun 26, 2029","  74,107.14 ","3,705.36",,PO#4700002180,,SENCOLINK TECHNOLOGIES INC,
,101209,101210,101210,08719089CF46,,Spare for Deploy_New,,,,,,Windows,,LENOVO THINKPAD E14 i7,"LENOVO E14 GEN 7, INTEL CORE ULTRA 7, 16GB RAM, 1TB SSD",PF-R7S6VC,"Jun 26, 2026","Jun 26, 2029","  74,107.14 ","3,705.36",,PO#4700002180,,SENCOLINK TECHNOLOGIES INC,
,101210,101211,101211,087190998592,,Spare for Deploy_New,,,,,,Windows,,LENOVO THINKPAD E14 i7,"LENOVO E14 GEN 7, INTEL CORE ULTRA 7, 16GB RAM, 1TB SSD",PF-ZJWTTK,"Jun 26, 2026","Jun 26, 2029","  74,107.14 ","3,705.36",,PO#4700002180,,SENCOLINK TECHNOLOGIES INC,
,101211,101212,101212,087190076BA0,,Spare for Deploy_New,,,,,,Windows,,LENOVO THINKPAD E14 i7,"LENOVO E14 GEN 7, INTEL CORE ULTRA 7, 16GB RAM, 1TB SSD",PF-0G6C70,"Jun 26, 2026","Jun 26, 2029","  74,107.14 ","3,705.36",,PO#4700002180,,SENCOLINK TECHNOLOGIES INC,
,101212,101213,101213,087190BF47CA,,Spare for Deploy_New,,,,,,Windows,,LENOVO THINKPAD E14 i7,"LENOVO E14 GEN 7, INTEL CORE ULTRA 7, 16GB RAM, 1TB SSD",PF-GM4S4E,"Jun 26, 2026","Jun 26, 2029","  74,107.14 ","3,705.36",,PO#4700002180,,SENCOLINK TECHNOLOGIES INC,
,101213,101214,101214,0871905F60A2,,Spare for Deploy_New,,,,,,Windows,,LENOVO THINKPAD E14 i7,"LENOVO E14 GEN 7, INTEL CORE ULTRA 7, 16GB RAM, 1TB SSD",PF-TXPU2X,"Jun 26, 2026","Jun 26, 2029","  74,107.14 ","3,705.36",,PO#4700002180,,SENCOLINK TECHNOLOGIES INC,
,101214,101215,101215,087190116958,,Spare for Deploy_New,,,,,,Windows,,LENOVO THINKPAD E14 i7,"LENOVO E14 GEN 7, INTEL CORE ULTRA 7, 16GB RAM, 1TB SSD",PF-7EJQXX,"Jun 26, 2026","Jun 26, 2029","  74,107.14 ","3,705.36",,PO#4700002180,,SENCOLINK TECHNOLOGIES INC,
,101215,101216,101216,087190BE61F1,,Spare for Deploy_New,,,,,,Windows,,LENOVO THINKPAD E14 i7,"LENOVO E14 GEN 7, INTEL CORE ULTRA 7, 16GB RAM, 1TB SSD",PF-BS5C29,"Jun 26, 2026","Jun 26, 2029","  74,107.14 ","3,705.36",,PO#4700002180,,SENCOLINK TECHNOLOGIES INC,
,101216,101217,101217,08719008226B,,Spare for Deploy_New,,,,,,Windows,,LENOVO THINKPAD E14 i7,"LENOVO E14 GEN 7, INTEL CORE ULTRA 7, 16GB RAM, 1TB SSD",PF-B11HN6,"Jun 26, 2026","Jun 26, 2029","  74,107.14 ","3,705.36",,PO#4700002180,,SENCOLINK TECHNOLOGIES INC,
,101217,101218,101218,087190C81514,,Spare for Deploy_New,,,,,,Windows,,LENOVO THINKPAD E14 i7,"LENOVO E14 GEN 7, INTEL CORE ULTRA 7, 16GB RAM, 1TB SSD",PF-065LFB,"Jun 26, 2026","Jun 26, 2029","  74,107.14 ","3,705.36",,PO#4700002180,,SENCOLINK TECHNOLOGIES INC,
,101218,101219,101219,0871900DA1FE,,Spare for Deploy_New,,,,,,Windows,,LENOVO THINKPAD E14 i7,"LENOVO E14 GEN 7, INTEL CORE ULTRA 7, 16GB RAM, 1TB SSD",PF-VKXWRF,"Jun 26, 2026","Jun 26, 2029","  74,107.14 ","3,705.36",,PO#4700002180,,SENCOLINK TECHNOLOGIES INC,
,101219,101220,101220,087190B984E3,,Spare for Deploy_New,,,,,,Windows,,LENOVO THINKPAD E14 i7,"LENOVO E14 GEN 7, INTEL CORE ULTRA 7, 16GB RAM, 1TB SSD",PF-KGRL05,"Jun 26, 2026","Jun 26, 2029","  74,107.14 ","3,705.36",,PO#4700002180,,SENCOLINK TECHNOLOGIES INC,
,101220,101221,101221,087190D28001,,Spare for Deploy_New,,,,,,Windows,,LENOVO THINKPAD E14 i7,"LENOVO E14 GEN 7, INTEL CORE ULTRA 7, 16GB RAM, 1TB SSD",PF-S1QUK5,"Jun 26, 2026","Jun 26, 2029","  74,107.14 ","3,705.36",,PO#4700002180,,SENCOLINK TECHNOLOGIES INC,
,101221,101222,101222,0871900A5769,,Spare for Deploy_New,,,,,,Windows,,LENOVO THINKPAD E14 i7,"LENOVO E14 GEN 7, INTEL CORE ULTRA 7, 16GB RAM, 1TB SSD",PF-GG71LG,"Jun 26, 2026","Jun 26, 2029","  74,107.14 ","3,705.36",,PO#4700002180,,SENCOLINK TECHNOLOGIES INC,
,101222,101223,101223,087190B5396E,,Spare for Deploy_New,,,,,,Windows,,LENOVO THINKPAD E14 i7,"LENOVO E14 GEN 7, INTEL CORE ULTRA 7, 16GB RAM, 1TB SSD",PF-K58BXK,"Jun 26, 2026","Jun 26, 2029","  74,107.14 ","3,705.36",,PO#4700002180,,SENCOLINK TECHNOLOGIES INC,
,101223,101224,101224,087190999A64,,Spare for Deploy_New,,,,,,Windows,,LENOVO THINKPAD E14 i7,"LENOVO E14 GEN 7, INTEL CORE ULTRA 7, 16GB RAM, 1TB SSD",PF-UEPC05,"Jun 26, 2026","Jun 26, 2029","  74,107.14 ","3,705.36",,PO#4700002180,,SENCOLINK TECHNOLOGIES INC,
,101224,101225,101225,0871901C3845,,Spare for Deploy_New,,,,,,Windows,,LENOVO THINKPAD E14 i7,"LENOVO E14 GEN 7, INTEL CORE ULTRA 7, 16GB RAM, 1TB SSD",PF-8FHE77,"Jun 26, 2026","Jun 26, 2029","  74,107.14 ","3,705.36",,PO#4700002180,,SENCOLINK TECHNOLOGIES INC,
,101225,101226,101226,087190274AC9,,Spare for Deploy_New,,,,,,MacOS,,2026 MacBook Air,"13-INCH MACBOOK AIR; APPLE M5 CHIP WITH 10 CORE CPU, 16GB RAM, 512GB SSD",SN-SQWXGT,"Jun 19, 2026","Jun 19, 2029","  71,500.00 ","3,575.00",,PO#4700002177,,SENCOLINK TECHNOLOGIES INC.,
,101226,101227,101227,08719097F17F,,Spare for Deploy_New,,,,,,MacOS,,2026 MacBook Air,"13-INCH MACBOOK AIR; APPLE M5 CHIP WITH 10 CORE CPU, 16GB RAM, 512GB SSD",SN-QX27DN,"Jun 19, 2026","Jun 19, 2029","  71,500.00 ","3,575.00",,PO#4700002177,,SENCOLINK TECHNOLOGIES INC.,
,101227,101228,101228,087190D8C7D4,,Spare for Deploy_New,,,,,,MacOS,,2026 MacBook Air,"13-INCH MACBOOK AIR; APPLE M5 CHIP WITH 10 CORE CPU, 16GB RAM, 512GB SSD",SN-DHDUYA,"Jun 19, 2026","Jun 19, 2029","  71,500.00 ","3,575.00",,PO#4700002177,,SENCOLINK TECHNOLOGIES INC.,